
> precheck
> node scripts/run-zero-cost-regression.mjs precheck


> check:report-provider-spend-protection
> node scripts/run-zero-cost-regression.mjs check:report-provider-spend-protection

PASS ordinary npm checks/builds: inherited zero-cost guard denies paid network even when parent requests live mode.

> check:cloudflare-function-import-compat
> node scripts/run-zero-cost-regression.mjs check:cloudflare-function-import-compat

✓ Cloudflare Pages Functions source deployability invariant passed.
  functions/**/*.{js,mjs,cjs} contains no prohibited JSON import attributes.
  Repository validation remains distinct from DEPLOYED and LIVE_VERIFIED truth.
✓ PHI OS Master Governance v1.1.0 frozen.
  Source-of-truth priority and conflict rules are closed.
  PDS mandatory principles and implementation gates are closed.
  Six customer stages match PDS-W1 and the shared Journey shell.
  Ten canonical domains have one traceable write-source owner.
  Six post-freeze change classes are closed; silent behaviour is prohibited.
âœ“ PDS-W0 current protected-path successor passed.
âœ“ Frozen PDS-W0 artifacts remain canonical-text exact across LF/CRLF checkout policy; the original WPR-B registry is unchanged.
âœ“ HPC2-PRE asset-resolver successor ec25872c is accepted from its exact commit/blob and freeze evidence.
âœ“ Four existing WPR resolver identities remain singular; baseline mutation and unregistered drift remain fail-closed.
✓ PDS-W1 experience contract frozen
  Six-stage journey: enter → describe → discover → understand → choose → continue
  Six page missions and primary actions validated
  Four information layers and view boundaries validated
  Runtime boundaries remain explicitly immutable
✓ PDS-W2 design variables unified
  Canonical tokens: assets/css/tokens.css
  Required token checks: 23
  Legacy aliases mapped: 19
  Runtime semantics and page markup unchanged
✓ PDS-W3 Current Core Component Contract and Global Shell aligned
  Canonical PDS primary navigation validated; Reality customer entry is /reality/.
  Mobile focus, Escape, outside-click and locale-close behavior validated
  Responsive contracts: 360px, 768px, 1440px
  Runtime, Runtime SDK, APIs and storage keys unchanged
✓ PDS-W4 Reality Journey Shell historical contract preserved; P1 canonical My Reality successor aligned
  Six-stage customer journey: enter → describe → discover → understand → choose → continue
  Loading, empty, error, blocked and handoff language validated
  Internal codes, data keys, source paths and technical fields remain outside the Shell
  Runtime, API, storage, persistence and lineage behavior unchanged
✓ M3C-W14 Reconstruction Experience contracts, fixture, revision, staleness, views and Reading Gate passed.
  Evidence View production fixture: 12 source evidence rows → 4 canonical cards.
✓ M3C-W13 Reading Experience contract passed.
  Production fixture: 4 canonical evidence → 4 prioritized items.
✓ M3C-W13 Reading visual alignment passed at 360, 768, and 1440 layout contracts.
  Customer/Evidence remain light; Technical uses an isolated dark token set.
✓ M3C-W15 Reality Reading Production Polish passed.
  Atlas Part 13, Reading maturity, three views, Figures 13A–13E and frozen Navigation handoff are aligned.
  Reading Engine, Rule Engine, Runtime Contract and API remain unchanged by W15.
✓ M3C-W12 Navigation Action Schema passed for Observation, Clarification, Verification and Financial Review.
✓ M3C-W12 Navigation Execution state machine passed; illegal skips are rejected.
✓ M3C-W12 Navigation Evidence Log and Observation progress passed; user logs are not upgraded to Observed Evidence.
✓ M3C-W12 Navigation Review Gate and versioned Review Handoff passed.
✓ M3C-W12 local Persistence, recovery and change-path lineage passed; cross-device recovery remains capability_not_available.
✓ M3C-W12 Final Polish passed: customer status and collapsed Technical Inspector are aligned.
  Public interactions remain client-only; Runtime, Reading, Navigation, Review, lineage, persistence and Evidence contracts remain unchanged.
✓ M4B-W2A Professional Workspace Foundation passed: consent-gated Workspace, minimal client index, Review Queue task state and source separation are contract-closed.
  UI, D1 persistence, uploads, reports, appointments, payment, automated Human Design calculation and regulated advice remain disabled.
✓ M4B-W2B Professional Workspace Views passed: Client List, consent-scoped Runtime View, immutable Professional Notes and deterministic Review Queue are aligned.
  The route remains read-only and empty without a prevalidated payload; API, browser Runtime storage, D1 persistence, real client data and professional actions remain disabled.
✓ M4B-W2C passed: immutable Reading Revision overlays, non-prescriptive Navigation Considerations and append-only Professional Follow-up Timeline are aligned.
  Runtime Reading, Navigation Contract, Runtime Timeline and Runtime Evidence remain unchanged; API, browser Runtime storage, D1 persistence and real client data remain disabled.
✓ M4B External Reader Framework passed: one bilingual Registry model, five pluggable Readers, shared source/birth/chart/interpretation/correspondence contracts and generic Workspace projection are aligned.
  Human Design: 14 bilingual PHI OS-native entries; missing translations 0; duplicate IDs/concepts 0. BaZi, Zi Wei, Gene Keys and Astrology remain empty infrastructure-only Registries.
  Runtime Reading, Runtime Evidence, Reading/Navigation Contracts, Runtime Memory, Customer Journey and Professional Review remain unchanged.
✓ M4B-W3D External Reader Intake passed: shared Human Design/Generic Reader intake, metadata-only chart preview and professional review handoff preserve Runtime boundaries.
✓ M4B-W4 Consent and Sharing passed: explicit resource scopes, duration, partial revocation, External Reader boundaries and payload-free access audit are aligned.
✓ M4B-W5 Professional Reports passed: original and additive financial templates, source-labelled sections, immutable versions, print/PDF layout and Runtime/Reader boundaries are aligned.
✓ M4B-W6 Appointment and Payment passed: original and additive financial services, bounded payment records, bilingual confirmation/reminders and readiness checks are aligned.
  No gateway charge, automatic email, card storage, Runtime mutation or External Reader interpretation is performed.
✓ M4B-W7 / WPR-D historical public-page authority preserved; P1 Personal Reality successor reconciliation passed.
  M4B internal service/reader identity and boundaries remain preserved; WPR-W13 controls public labels and WPR-W4 controls the canonical public route.
  Prices and checkout remain unpublished; External Readers remain interpretation-only and outside the main navigation.
✓ M4B-W8 External Reader Data and Privacy passed: classification, retention, file security, rights requests and explicit memory choices are aligned.
  No file storage, malware scanner, signed URL, export worker or deletion worker is falsely represented as active.
✓ M4B-W9 Contract Acceptance passed: schemas, boundaries, lineage, consent, Registries, Workspace, reports and bilingual parity are closed.
✓ M4B-W10 Release and Freeze passed: Development Acceptance is closed and Production remains Conditional Passed pending authorised payload acceptance.
✓ M4A Financial Reality Navigation passed: Intake, calculations, evidence lineage, Workspace, reports, appointments, bilingual public service and product-neutral boundaries are aligned.
✓ M4A-W2A Financial Workspace Operationalization passed: client filters, consent-scoped Financial Reality, separated Notes and Financial Review Queue are operational and bilingual.
✓ M4A-W2B Financial Revision and Navigation Operationalization passed: versioned revisions, recalculation impact, product-neutral recommendations and append-only financial follow-up are aligned.
✓ M4A-W2C Financial Intake and Calculation Completion passed: 13-section Intake, 16 traceable calculations and field-level evidence mappings are aligned.
✓ M4A-W4 Financial Reports passed: six report templates, ten bilingual source labels, dated financial lineage and consent-filtered PDF redaction are aligned.
✓ M4A-W5 Financial Appointment passed: 11 service types, isolated 13-point readiness, bilingual preparation and secure-upload-only confirmation are aligned.
✓ M4A-W6 Financial Public Pages passed: M4A service authority and boundary copy remain bilingual while the responsive CX-P1 Financial Reality surface consumes the one customer design system.
✓ PWS-W0 baseline and professional responsibility boundary frozen.
  Shared Journey, consent, assignment, data-layer and signing boundaries are explicit.
  Existing immutable migration 0004 is registered; no migration SQL changed.
✓ PWS-ENTRY-W0 payment-before-service boundary frozen.
✓ PWS-ENTRY-ACTIVATION-W2 Paid Journey activation boundary frozen.
  All nine gates are required; missing or unknown gates remain visible.
  Payment alone creates no assignment, responsibility, confirmed reading or signed deliverable.
✓ PWS-ENTRY-HANDOFF-W3 Professional handoff boundary frozen.
  Eight ordered gates precede accepted professional responsibility.
  RM5 Journey entitlement cannot become Professional entitlement.
✓ PWS-ENTRY-PUBLIC-W1 knowledge and free navigation boundary frozen.
  Nine public route families remain non-individual and non-coercive.
  Five prohibited behaviours are closed; service is not the only exit.
✓ PWS-ENTRY-W1 Professional authorisation and loader passed.
  Identity → eligibility → Assignment → Consent → purpose → scope.
  Denied access performs no read; audit records remain payload-free.
  Historical public-page hashes remain evidence only; current presentation bytes are owned by WPR/BFR/CPR/PDS.
✓ PWS-ENTRY-W2 Canonical Ownership v1 frozen.
  Formal objects: 28; write sources: 28.
  Every Legacy path is traceable and has a no-new-writes deprecation plan.
  No physical duplicate owner tree, Migration, page or Registry change.
✓ PWS-ENTRY-W3 implementation sequence and PWS-I1-T00 audit frozen.
  28 strictly ordered stages; duplicate programme labels have unique sequence keys.
  Registry 51, Runtime Contracts 20, Migrations 4; page behaviour unchanged.
✓ PWS-I1-T01 Canonical Glossary v1 frozen.
  35 canonical terms; 11 Legacy Alias decisions; ambiguous aliases require context.
  Registry 51, Runtime Contracts 20, Migrations 4; presentation unchanged.
✓ PWS-I1-T02 Canonical Identifier Contract v1 frozen.
  35 object IDs, 5 operation IDs and 11 Legacy field decisions validated.
  No generator, ID rewrite, Registry, Migration or presentation change.
✓ PWS-I1-T02 Canonical Object Registry and T03 Schema Version passed.
  35 objects × 11 required fields; schema version pws-v1 frozen.
  Compatibility, breaking change, Migration, Deprecation and Validation rules closed.
✓ PWS-I1-T04 Canonical States v1 frozen.
  20 closed state enums with explicit initial, terminal and transition rules.
  Free strings, implicit transitions and UI/API/AI/Provider-created states are prohibited.
✓ PWS-I1-T05 Operations and revised T06 Events passed.
  T05: 25 operations; one operation, one formal state change.
  T06: 24 payload-free past facts; 9 prior codes remain Legacy.
✓ PWS-I1-T07 Canonical Errors v1 frozen.
  18 closed families; 61 stable codes.
  Public errors exclude payloads, secrets, stacks and Provider output.
✓ PWS-I1-T08 Canonical Directory Blueprint v1 frozen.
  23 modules; 7 standard directories.
  Existing Runtime paths are preserved; later-phase ownership remains closed.
✓ PWS-I1 v1.0.0 Acceptance and Freeze passed.
  Glossary 35; Objects 35; State families 20; Operations 25; Events 24.
  Error families 18; Legacy Alias decisions recorded; Directory modules 23.
  Freeze: PWS-I1-v1.0.0-Frozen.
✓ PWS-I2-W0 Registry Baseline Audit passed.
  Registry 6 modules; Runtime Contracts/Schemas/Versions 20 each.
  Persistence 9 methods; D1 1 binding; W0 executable Migrations 4.
  Historical Static JSON baseline 114 + 1 authorised 7V architecture pointer + 1 Batch 0 visual freeze; Knowledge Registry 12 frozen + 1 authorised M3C successor reconciliation; registry index 51; historical unindexed excluding index 62.
  Multiple-source risks recorded; no Registry or Migration changed.
✓ PWS-I2-W1 Universal Registry Core passed.
  Schema, Version, Relationship, Restriction, Audit and Outbox stores verified.
  Internal Registry Query API and D1 migration 0005 verified.
✓ PWS-I2-W2 Professional Registry passed.
  Professional Type 2; frozen Professional Status 4.
  Jurisdiction, Organization and Verification Type registration verified.
  Universal Registry, Audit and Event Outbox reused; no Migration added.
✓ PWS-I2-W3 Capability and Credential Registry passed.
  Seven Capability Definitions and seven Credential Requirements registered.
  Credential evidence does not grant Capability or Signature Authority.
  W1 Universal Registry and W2 Verification Type reused; no Migration added.
✓ PWS-I2-W4 Method and Service Registry passed.
  Six Method Definitions registered; professional methods require W3 Capability.
  System methods preserve routing, Runtime, payment and responsibility boundaries.
  Service API requires Method, capability and contract mappings; legacy catalog is read-only.
  W1 Universal Registry and W3 Capability Registry reused; no Migration added.
✓ PWS-I2-W5 Product and Offer Registry passed.
  Six Product Types, Reality Journey Pass v1 and Book I registered.
  RM5 and RM89 are held canonically as MYR minor-unit Offers.
  Payment and Product alone create no Journey or Professional entitlement.
  W1 Universal Registry and W4 Reality Journey Method reused; no Migration added.
✓ PWS-I2-W6 Knowledge and Deliverable Type Registry passed.
  Seven Published Asset Types and five Deliverable Types registered.
  PKR Canonical Nodes/Questions and the five-volume Blueprint Registry remain unchanged.
  Type registration creates no content, Deliverable, Signature or responsibility.
  W1 Universal Registry reused; W5 path restored; no Migration added.
✓ PWS-I2-W7 Migration and Reconciliation passed.
  ServiceProduct and ServiceEntitlement resolve to canonical objects with Service references.
  18 Services, 7 Method aliases, 7 Capability aliases and 14 Report Types reconcile idempotently.
  Book I Product/Offer is canonical; unapproved Professional prices remain deferred.
  PKR remains Knowledge authority; no legacy deletion or D1 storage Migration added.
✓ STEP 2.11 KH-W3.5E Preface Canonical Consolidation passed.
  36 unique question identities = 13 canonical representatives + 23 supporting questions.
  All mappings are resolved, bidirectional, bilingual and non-duplicative.
  Four mechanism-based granularity rules are frozen.
✓ KH-W3.5F Canonical Extraction and Scaling Freeze passed.
  Domain → Theme → Node → Question → Alias is the frozen hierarchy.
  Part thresholds are 18 flexible review, 24 mandatory audit and 30 hard stop.
  Registry presence creates no production requirement; active articles remain capped at 8.
  State: KH-W3.5F-Frozen.
✓ KH-W4A Knowledge Runtime v2 Blueprint Registry and Loader passed.
  Five registered Blueprints project 16 Parts and 931 current Canonical Node identities.
  P5 resolves to BOOK-2; P8 resolves to BOOK-3; P10 resolves to BOOK-4; P13 resolves to BOOK-5.
  Legacy single-Book authority is retired; digest mismatch fails closed.
✓ KH-W4B/W4C Canonical Registry Authority and Universal Consumption passed.
  Book, Part, Canonical Node and Blueprint authorities are unique and fail closed.
  Current public runtime consumes the Blueprint Registry; legacy direct reads are allowlisted for later migration.
✓ PJA-W2F-C0 Book I Canonical Registry Population passed.
  13 existing Preface + 65 C0 identities = 78 Registry Nodes and 78 zh-Hans identities.
  Default/explicit dry-run, apply, second-apply no-op, conflict blocking and unresolved mapping fixtures passed.
  All 65 resolver calls are beyond NODE_NOT_FOUND; no Readiness, Article, Approval or Publication was created.
✓ PJA-W2F-C1 Book I Readiness Skeleton Population passed.
  78 Registry Nodes → 78 universal Skeleton records → 78 Index entries.
  Resolver returns Skeleton/blocking/missing for all Nodes; NODE_NOT_FOUND and READINESS_FILE_NOT_FOUND are closed for registered Nodes.
  Default dry-run, explicit dry-run, atomic apply, second-apply no-op, conflict and missing-file fixtures passed.
  No Thesis, Boundary, Claim, Source plan, Question treatment, Figure plan, Article, approval, publication or export was created.
✓ PWS-I2 v1.0.0 Acceptance and Freeze passed.
  W0–W7, KH-W3.5F and KH-W3.5G acceptance evidence is closed.
  71 Registry objects and 70 relationships reconcile from the frozen baseline.
  Core Runtime, PKR, price, payment, production and D1 boundaries remain closed.
  State: PWS-I2-v1.0.0-Frozen.
✓ PJA-W0 Cross-System Boundary and Dependency Freeze passed.
  PJA capabilities: read, render, route and link; write sources: 0.
  10 dependency groups and every top-level public page are mapped.
  No second Product, Entitlement or Provider Cost authority exists.
  Core Runtime, PKR, PWS-I2 and future PWS-I4–I9 boundaries are preserved.
  State: PJA-W0-v1.0.0-Frozen.
✓ PJA-W1 Blueprint-led Public Knowledge Ecosystem passed.
  3 frozen Canonical Nodes publish 3 Chinese articles and 3 required English localizations.
  5 Wave 1 Nodes remain publication-deferred; their Registry identities are supplied by PKR population, not PJA.
  Home, Hub, Articles, Book I, Thesis, Atlas and shared navigation use published-only projections.
  No case Provider, personal judgment, default service recommendation, Runtime write or Entitlement substitute exists.
  State: PJA-W1-v1.1.0-Blueprint-led.
✓ PJA-W2A Canonical Article Editorial Contract passed.
  PJA-W1 content and Registry hashes remain frozen: 13 Preface Nodes, 6 Preface Themes, 13 Registry files and 12 Registry schemas.
  Legacy paragraphs and 10 strict optional Block types remain compatible; text is escaped and visual/next-node references are published-only.
  Claim, source, review, lifecycle and AI authority boundaries are enforced without Runtime, Provider, Payment, Entitlement or D1 dependencies.
  KN-PREFACE-001 has no public Article asset, English asset, shell, Registry asset or publication state; governed production drafts remain isolated.
✓ PJA-W2B Structured Article Block Schema passed.
  Article v2.0.0 strictly allows 10 Block types; unknown, executable and external-image structures are rejected.
  Six PJA-W1 Article JSON assets remain valid and unmigrated; Article JSON remains the only production body authority.
  Section/Block sequencing, Canonical Node references, Asset references and next-node continuity pass schema plus semantic validation.
  KN-PREFACE-001 remains a test-only draft skeleton with no production Article, English localization, Asset registration, shell or publication.
✓ PJA-W2C Claim, Source and Editorial Review Governance passed.
  Claim, Source and Review remain separate strict governance objects; Article JSON remains the only production body authority.
  Source support, contrary evidence, version binding, human-only approval and blocking Finding rules pass valid and invalid fixtures.
  KN-PREFACE-001 remains fixture-only with no production Article, English Article, Asset registration, shell or publication.
  PJA-W1, PJA-W2A and PJA-W2B run before this validator and their frozen boundaries remain intact.
✓ PJA-W2D Article Renderer Expansion passed.
  Safe DOM rendering covers legacy Articles and all 10 allowlisted blocks.
  Public Projection strips review/Claim data and resolves only public Assets, Sources and Nodes.
  23 valid/invalid rendering fixtures pass semantic, security and accessibility checks.
  Frozen predecessor Articles remain unchanged; governed Book IV/V/VI successor releases are validated separately.
✓ PJA-W2E Canonical Article Production Tools passed.
  KN-PREFACE-001 exports a governed brief; KN-PREFACE-002 is blocked with CANONICAL_THESIS_NOT_READY.
  Directory/ZIP package security, Schema validation, cross-file checks and status authority boundaries are enforced.
  Import defaults to dry-run; explicit temporary-root apply is atomic and never overwrites an existing package.
  Registry, Blueprint, W2A–W2D contracts and Renderer remain byte-identical throughout this check.
✓ PJA-W2E-R1 Production Brief Contract Hardening passed.
  Sentinel values, boundary separation, source deduplication, figure sequencing, package states and Manifest contract are hardened.
  The generated package remains draft-only; final approval and publication states remain human-authority targets.
✓ PJA-W2F-A Universal Canonical Production Readiness passed.
  931 Canonical Node identities are registered; Readiness remains limited to the 13-Node Preface pilot.
  918 non-Preface identities have no Editorial Production Readiness record and remain production-deferred; universal fixtures cover P1–P14 and Books I–III.
  12 Preface Skeletons remain blocked and the human-frozen pilot is preserved.
  No Skeleton is production_ready; Thesis, boundary and human authority gates remain blocking.
  Scope, hierarchy, continuity, Supporting Question, duplication, future-pattern and batch-export behavior passed.
✓ KH-W4D Freeze Contract v2 passed.
✓ KH-W4E Part 5 Publication Ownership passed.
✓ Five per-book Blueprint digests are frozen under the W1D Human-approved successor projection.
✓ Historical Canonical Node codes and all production states remain preserved.
✓ KH-W4B.5 Book 2 Canonical source population remains preserved.
✓ KAU-R5 successor projection: P5 65 / P6 58 / P7 59 → BOOK-2; P8 47 / P9 39 → BOOK-3.
✓ All 266 predecessor identities remain preserved plus 2 human-authorized P7 additions; Production boundary remains closed.
✓ KH-W4B.5 R1 Blueprint Registry Authority Refresh passed for five-volume projection.
✓ BOOK-1..5 digest, contract, Part ownership and 931-node coverage are synchronized.
✓ Canonical Nodes and Production states remain unchanged.
✓ KH-W4B.5 historical BOOK-3 Canonical source population remains preserved.
✓ P10 77 / P11 64 / P12 46 = 187 identities now project through BOOK-4.
✓ W1D extends active BOOK-4 to 279 records while preserving all historical identities and Production states.

> check:kir-r2
> node scripts/run-zero-cost-regression.mjs check:kir-r2


> check:kir-r2:phase1
> node scripts/run-zero-cost-regression.mjs check:kir-r2:phase1

✓ KIR-R2 Phase 1 W0–W3 passed
  Book I–III admitted for KIR retrieval authority; Book IV/V remain excluded.
  Semantic Retrieval Profiles: 348/348 (65 + 180 + 103).

> check:kir-r2:phase2
> node scripts/run-zero-cost-regression.mjs check:kir-r2:phase2

✓ KIR-R2 Phase 2 W4–W16 machine acceptance passed.
  100-case benchmark: top5 recall 100%, direct answer 100%, source-supported 100%, wrong-route 0%.
  Book usage: 100%; top1 precision 99%.
  Historical W16 machine record remains PENDING by design; current human authority is carried by the later W16R/W16R2 successor acceptance.
✓ KIR-R2 Answer Intelligence Correction W3R/W6R–W16R machine gate passed.
  Published article bindings: 112 locale records / 56 nodes.
  W15R v2: 100 cases, article-content consumed 100%, semantic guard 100%, no-empty-rephrase 100%.
  Book III production content path remains KSAR private-R2 → KAP grounding → KIR; local private corpus execution is not claimed.
  Historical W16R correction record remains PENDING by design; final human acceptance is recorded only in the W16R2B successor lineage.

> check:kir-r2:w16r2
> node scripts/run-zero-cost-regression.mjs check:kir-r2:w16r2

✓ KIR-R2-W16R2A guard-remediation machine gate passed.
  W16R2 human acceptance evidence: 93/100 accepted, 0 critical failures.
  Guard false-negative classes are now covered by W16R2A fixtures.
  This W16R2A record remains a historical pre-admission gate; final production authority is evaluated by W16R2B.

> check:kir-r2:w16r2b
> node scripts/run-zero-cost-regression.mjs check:kir-r2:w16r2b

✓ KIR-R2-W16R2B final production admission passed.
  Effective successor human acceptance: 100/100; 0 critical failures; all seven remediations closed.
  Build is admitted; runtime remains explicitly gated by gateway + production-admitted environment flags.

> check:kh-w4b.5-book-4
> node scripts/run-zero-cost-regression.mjs check:kh-w4b.5-book-4

✓ KH-W4B.5 historical BOOK-4 Canonical source population remains preserved.
✓ P13 75 / P14 52 / P15 71 = 198 identities now project through BOOK-5.
✓ W1D extends active BOOK-5 to 302 records while preserving all historical identities and Production states.

> check:kau-complete
> node scripts/run-zero-cost-regression.mjs check:kau-complete


> check:kau
> node scripts/run-zero-cost-regression.mjs check:kau


> check:kau-w0-w8
> node scripts/run-zero-cost-regression.mjs check:kau-w0-w8

✓ KAU-W0～W8 Authoring Foundation passed.
✓ Existing manuscript, section, node and supporting-question authorities are reused instead of rebuilt.
✓ Extraction, matching, node proposals and section mappings remain proposal-only and human-governed.
✓ KAU cannot create Canonical Nodes, mutate Knowledge Authority, approve knowledge or publish articles.

> check:kau-w9-w14
> node scripts/run-zero-cost-regression.mjs check:kau-w9-w14

✓ KAU-W9 Node Coverage Analysis passed: all 716 frozen predecessor Nodes remain assessed without authority mutation.
✓ KAU-W10/W11 Drift and Change Impact passed: changes create proposals/revalidation obligations only.
✓ KAU-W12/W13 Human Editorial and Knowledge Governance handoff passed; no package auto-applies.
✓ KAU-W14 Production Readiness passed; KAU hands off to existing PJA and cannot create Article Candidates.
✓ Knowledge Authoring Runtime v1 (KAU-W0～W14) Full Freeze passed.
  The validation-only KAU v1 freeze is preserved inside the exact 718-node KAU-R5 Canonical successor.

> check:kau-extension
> node scripts/run-zero-cost-regression.mjs check:kau-extension


> check:kau-e0-all
> node scripts/run-zero-cost-regression.mjs check:kau-e0-all


> check:kau-e0
> node scripts/run-zero-cost-regression.mjs check:kau-e0

✓ KAU-E0 legacy supporting source governance passed.

> check:kau-e0-registration
> node scripts/run-zero-cost-regression.mjs check:kau-e0-registration

✓ KAU-E0 legacy Unified Language source registration passed.

> check:kau-e1
> node scripts/run-zero-cost-regression.mjs check:kau-e1

✓ KAU-E1 legacy reconciliation passed: 207 inventory entries and 185 preserved candidate matches; the historical 716-node boundary remains immutable.
  KAU-E1 predecessor evidence is preserved inside the exact 718-node KAU-R5 Canonical successor.

> check:kau-e1r-all
> node scripts/run-zero-cost-regression.mjs check:kau-e1r-all


> check:kau-e1r
> node scripts/run-zero-cost-regression.mjs check:kau-e1r

✓ KAU-E1R human review resolution runtime passed: 6 waves cover all 185 reviews exactly once; recommendations are advisory and no human/canonical decision is pre-accepted.

> check:kau-e1r-wave-a
> node scripts/run-zero-cost-regression.mjs check:kau-e1r-wave-a

✓ KAU-E1R Wave A: 21 explicit TL decisions recorded; 17 supporting relationships accepted, 4 deferred; no Canonical/Meaning/KPP mutation.

> check:kau-e1r-wave-b
> node scripts/run-zero-cost-regression.mjs check:kau-e1r-wave-b

✓ KAU-E1R Wave B: 38 explicit TL decisions recorded; 33 supporting relationships accepted, 5 deferred. Cumulative: 59/185 reviewed, 50 accepted, 9 deferred; no Canonical/Meaning/KPP mutation.

> check:kau-e1r-wave-c
> node scripts/run-zero-cost-regression.mjs check:kau-e1r-wave-c

✓ KAU-E1R Wave C: 40 explicit TL decisions recorded; 31 supporting relationships accepted, 9 deferred. Cumulative: 99/185 reviewed, 81 accepted, 18 deferred; no Canonical/Meaning/KPP mutation.

> check:kau-e1r-wave-d
> node scripts/run-zero-cost-regression.mjs check:kau-e1r-wave-d

✓ KAU-E1R Wave D: 27 explicit TL decisions recorded; 23 supporting relationships accepted, 4 deferred. Cumulative: 126/185 reviewed, 104 accepted, 22 deferred; no Canonical/Meaning/KPP mutation.

> check:kau-e1r-wave-e
> node scripts/run-zero-cost-regression.mjs check:kau-e1r-wave-e

✓ KAU-E1R Wave E: 28 explicit TL decisions recorded; 23 supporting relationships accepted, 5 deferred. Legacy no-learning-path claim is superseded at architecture level by ALR-W11. Cumulative: 154/185 reviewed, 127 accepted, 27 deferred; no Canonical/Meaning/ALR implementation/KPP mutation.

> check:kau-e1r-wave-f
> node scripts/run-zero-cost-regression.mjs check:kau-e1r-wave-f

✓ KAU-E1R Wave F: 31 explicit TL decisions recorded; 28 supporting relationships accepted, 3 deferred.
✓ KAU-E1R Human Review complete: 185/185 reviewed; 155 accepted supporting relationships; 30 deferred; 0 pending.
✓ Ready for KAU-E2 Extension Acceptance & Freeze; no Canonical/Meaning/Civilization/KPP mutation.

> check:kau-e2
> node scripts/run-zero-cost-regression.mjs check:kau-e2

✓ KAU-E2 Extension Acceptance & Freeze passed.
✓ 185/185 human reviews governed: 155 frozen accepted-supporting records, 30 frozen deferred records, 597 canonical-node reference edges.
✓ KPP-W23/W27 may consume only the frozen E2 handoff; raw legacy remains forbidden and no production decision is promoted.
✓ Canonical Knowledge, Meaning, Publication, KPP decision authority and KAU v1 base freeze remain unchanged.
  KAU-E2 predecessor evidence is preserved inside the exact 718-node KAU-R5 Canonical successor.

> check:kau-reconciliation
> node scripts/run-zero-cost-regression.mjs check:kau-reconciliation


> check:kau-r0
> node scripts/run-zero-cost-regression.mjs check:kau-r0

✓ KAU-R0 Five-Volume Baseline & Book/Part Authority Reconciliation passed.
  BOOK-1 P1–P4; BOOK-2 P5–P7; BOOK-3 P8–P9; BOOK-4 P10–P12; BOOK-5 P13–P15.
  KAU-R0 predecessor 716 identities and the exact 718-node KAU-R5 successor remain preserved as historical authorities.
  Active W1D Blueprint projection: 65 / 180 / 105 / 279 / 302 = 931.
  Production deployment remains blocked until frozen WPR receives a five-volume successor reconciliation.

> check:kau-r1
> node scripts/run-zero-cost-regression.mjs check:kau-r1

✓ KAU-R1 Completed Manuscript Registration passed.
  BOOK-1: PHI-OS-Book-I-v2.pdf | 402 pages | 122565526 bytes | sha256 7f7ed511...
  BOOK-2: PHI-OS-Book-2-v1.pdf | 386 pages | 105071786 bytes | sha256 1ae413db...
  Canonical Node mutation remains prohibited; KAU-R2 is mapping-decision only.

> check:kau-r1bc
> node scripts/run-zero-cost-regression.mjs check:kau-r1bc


> check:kau-r1b
> node scripts/run-zero-cost-regression.mjs check:kau-r1b

✓ KAU-R1B Full Manuscript Materialization passed.
  BOOK-1: 402/402 pages materialized; corpus sha256 37c581f4...
  BOOK-2: 386/386 pages materialized; corpus sha256 94a9c7d5...
  788 pages are source-derived, OCR-free, semantic-rewrite-free, and private-body only.

> check:kau-r1c
> node scripts/run-zero-cost-regression.mjs check:kau-r1c

✓ KAU-R1C Full Section Extraction & Integrity passed.
  BOOK-1: 274 logical section segments + 1 front-matter segment; exact 0-gap/0-overlap corpus coverage.
  BOOK-2: 172 logical section segments + 1 front-matter segment; exact 0-gap/0-overlap corpus coverage.
  NOTICE: BOOK-2 source PDF pages 100 and 101 are exact duplicates; both are preserved, but page 101 does not create a second logical section boundary.
  Human semantic review remains required before Canonical mapping acceptance.

> check:kau-r2
> node scripts/run-zero-cost-regression.mjs check:kau-r2

✓ KAU-R2 Existing Canonical Node Match candidate phase passed.
  448 materialized manuscript segments remain accounted for with candidate-only R2 decisions.
  245 existing P0-P7 Canonical Nodes remain accounted for in the R2 coverage ledger.
  P8-P15 upgraded outline architecture remains a non-manuscript semantic constraint: 621 outline chapters vs 471 existing nodes.
  KAU-R2 predecessor authority remains preserved inside the 718-node KAU-R5 successor; approved KSAR mappings recognized: 235.

> check:kau-r3
> node scripts/run-zero-cost-regression.mjs check:kau-r3


> check:kau-r3-acceptance
> node scripts/run-zero-cost-regression.mjs check:kau-r3-acceptance

✓ KAU-R3 Human Acceptance & Volume-I Freeze passed.
  All Volume-I reconciliation decisions are accepted.
  Domain III Coexistence correction is active as a provenance-preserving editorial projection.
  62 KSAR primary canonical bindings are approved; KAU-R4 may begin.
✓ KAU-R3 Volume I Human-Accepted Reconciliation passed.
  275/275 final Book-I materialized sections are human accepted.
  65/65 existing Volume-I Canonical Nodes retain accepted source coverage.
  62 primary Book-I section→node bindings are now APPROVED for KSAR; supporting-only sections remain source-native.
  Domain III Coexistence is human-confirmed through a governed editorial projection while raw source provenance remains unchanged.
  2 accepted Book-I Blueprint display-title revisions are applied by KAU-R5; predecessor identity is preserved.

> check:kau-r4
> node scripts/run-zero-cost-regression.mjs check:kau-r4


> check:kau-r4-acceptance
> node scripts/run-zero-cost-regression.mjs check:kau-r4-acceptance

✓ KAU-R4 Human Acceptance & Volume-II Freeze passed.
  173 Book-II source segments are human resolved; 171 existing primary mapping relations are approved.
  2 new nodes, 5 deprecations, 2 rehome targets, 7 scope revisions, 2 composite coverages and the page 100/101 duplicate disposition are accepted.
  Physical P10/P11 rehome remains deferred because target authority is outline-only.
✓ KAU-R4 Volume II Reconciliation passed.
  173/173 final Book-II materialized sections are semantically accounted for.
  Decisions: 159 EXACT_MATCH, 10 EXPANDED_MATCH, 2 SUPPORTING_ONLY, 2 NEW_NODE_REQUIRED.
  173/180 existing Volume-II Canonical Nodes have final-manuscript source coverage; 7 legacy planned nodes require human disposition.
  P6 final closure is a multi-node source for Exit / Shared Memory / Closure; no merge is forced.
  R4 human resolutions are applied by KAU-R5: 2 new P7 nodes admitted, 5 legacy nodes deprecated, 2 rehome targets accepted/deferred, and Book-II KSAR bindings activated.

> check:kau-r5
> node scripts/run-zero-cost-regression.mjs check:kau-r5

✓ KAU-R5 Canonical Registry / Metadata Delta passed.
  Canonical Authority successor: 716 → 718 nodes; all 716 predecessor nodeCodes remain preserved, with 2 human-authorized P7 additions.
  Applied: 7 Book-II scope/key revisions, 2 Book-I display-title revisions, 5 deprecations, and 2 accepted rehome-pending dispositions.
  KSAR: 62 Volume-I + 173 Volume-II approved mapping records are active; Book-II covers 171 unique manuscript sections canonically.
  KAU-R5 preserves its deferred rehome evidence; W1D separately applies P10/P11 publication ownership without granting Article/PJA/CAR/VAP production authority.

> check:kau-r6d
> node scripts/run-zero-cost-regression.mjs check:kau-r6d

✓ KAU-R6D Book III readability review passed: exact 397-page source and 411,937-character corpus are frozen.
✓ Review projection covers all 106 segments / 103 sections (P8 60, P9 43) without requiring private text in CI.
✓ The review workflow itself creates no human approval; successor human acceptance is checked by check:kau-r6d-human.

> check:kau-r6d-human
> node scripts/run-zero-cost-regression.mjs check:kau-r6d-human

✓ KAU-R6D human readability acceptance passed: 106/106 decisions accepted, including 103/103 manuscript sections.
✓ No corrected manuscript text, canonical-node authority or publication authority was created by readability approval.

> check:book-w1-outline
> node scripts/run-zero-cost-regression.mjs check:book-w1-outline


> check:book-w1a
> node scripts/run-zero-cost-regression.mjs check:book-w1a

✓ BOOK-W1A Five-Volume Registry Ownership passed.
  BOOK-1/Volume I through BOOK-5/Volume V are aligned; 15 numbered Parts have one current owner.
  P8-P15 Current Part Authority is exact; superseded titles remain legacy aliases only.
  W1A and KAU-R5 historical authorities remain preserved; the governed W1D successor now carries 931 records.
  W1E–W1G successor projection and freeze are active; W1A historical boundaries remain unchanged.
✓ BOOK-W1B Human-approved complete-source migration maps passed.
  TL-authorized source 44d03dbed8f69dcdefb3c7127353ce5bbbf8e19554037dd1a054c099156551fd yields 621 unique chapters after governed exact-repeat P13 normalization.
  Eight deterministic maps account for all 471 existing P8-P15 frozen Canonical Nodes and all 621 outline chapters.
  Review suggestions: 28 match, 7 rename, 263 move, 173 supersede, 122 split clusters, 146 merge clusters, 323 new candidates.
  W1B/W1C predecessor reviews remain Human approved; W1D–W1G successors are active and historical nodes.json remains byte-identical to KAU-R5.

> check:book-w1-blueprints
> node scripts/run-zero-cost-regression.mjs check:book-w1-blueprints

✓ BOOK-W1C Successor Blueprint Human Acceptance passed.
  4 Human-approved successor Blueprints cover BOOK-2 P5-P7, BOOK-3 P8-P9, BOOK-4 P10-P12 and BOOK-5 P13-P15.
  182 Book-II nodes trace to KAU-R5; all 471 P8-P15 nodes trace to exact W1B migration-map entries.
  All 323 W1C dispositions are resolved: 213 admission candidates, 66 accepted links and 44 preserved deferrals.
  W1C remains Human approved as the predecessor review set; W1D activated 213 admissions and W1E–W1G successors are frozen.

> check:book-w1-canonical
> node scripts/run-zero-cost-regression.mjs check:book-w1-canonical

✓ BOOK-W1D Human-approved Canonical Registry successor passed.
  718 existing identities remain accounted for; 192 promote + 21 lineage-bound supersede admissions are active.
  473 publication ownership records are applied, including KN-B2-P7-052 → P11 and KN-B2-P7-057 → P10.
  Successor authority contains 931 Canonical records with 0 silent deletion, mutation, duplicate or orphan entry.
  W1E–W1G successor public projection, compatibility reconciliation and freeze are independently active.

> check:book-w1-public-projection
> node scripts/run-zero-cost-regression.mjs check:book-w1-public-projection

COM-8V-STRIPE-R1A machine PASS: eight volumes, preserved Part/Node and purchased-work identities, QA RM109 price, explicit source/visual gaps. Human acceptance and real payment E2E NOT_RUN.
PASS financial inventory, existing FCR/HFP integration, customer projection, consent, estate unknowns and existing testamentary authority. Full production acceptance is not implied.
PASS FW-S1 contract/privacy policy; frozen v1 and security preserved. Production consumer cutover remains separate.
PASS OIDC custom/default issuer, signed token, PKCE, nonce/state, verified email, subject mapping, session revocation, CSRF and migration idempotence. Live Auth0 login not claimed.
PASS Pages publication boundary: 11027 files; no asset exceeds 25 MiB; provider runtime payloads excluded.
PASS encrypted drafts and private R2 adapter: exact bindings, owner isolation, CSRF, consent, version conflict, tamper/expiry denial, withdrawal, release revocation and PDF digest. Synthetic keys only; live environments not exercised.
PASS existing runtime artifact owner, real bilingual PDF rendering, metadata-only D1, opaque report APIs, ownership/release/consent/digest gates. Local evidence, not deployed Preview acceptance.

> check:bazi-t3
> node scripts/run-zero-cost-regression.mjs check:bazi-t3

{"profiles":12,"matrixChecks":216,"packs":176,"sourceRejections":18,"liveProviderInvoked":false}
{
  "built": true,
  "profileId": "BASELINE_NOW",
  "locales": {
    "en": {
      "version": "BAZI_S02_EDITORIAL_DEPTH_GATE_V1",
      "status": "PASS",
      "issues": [],
      "metrics": {
        "customerMeaningUnits": 324,
        "claimCount": 13
      }
    },
    "zh-Hans": {
      "version": "BAZI_S02_EDITORIAL_DEPTH_GATE_V1",
      "status": "PASS",
      "issues": [],
      "metrics": {
        "customerMeaningUnits": 695,
        "claimCount": 13
      }
    }
  },
  "providerInvoked": false,
  "humanAccepted": false,
  "production": false
}
{
  "reviewBuilt": true,
  "canonicalAcceptedSnapshots": 0,
  "sections": [
    {
      "locale": "en",
      "sectionKey": "S02_PERSONALITY",
      "status": "NOT_ATTACHED_TO_FROZEN_PUBLICATION",
      "reason": "OWNER_ACCEPTED_FROZEN_COPY",
      "snapshotDigest": null
    },
    {
      "locale": "en",
      "sectionKey": "S03_LIFE_STRUCTURE",
      "status": "NOT_ATTACHED_TO_FROZEN_PUBLICATION",
      "reason": "OWNER_ACCEPTED_FROZEN_COPY",
      "snapshotDigest": null
    },
    {
      "locale": "en",
      "sectionKey": "S04_CAREER",
      "status": "NOT_ATTACHED_TO_FROZEN_PUBLICATION",
      "reason": "OWNER_ACCEPTED_FROZEN_COPY",
      "snapshotDigest": null
    },
    {
      "locale": "en",
      "sectionKey": "S05_WEALTH",
      "status": "NOT_ATTACHED_TO_FROZEN_PUBLICATION",
      "reason": "OWNER_ACCEPTED_FROZEN_COPY",
      "snapshotDigest": null
    },
    {
      "locale": "en",
      "sectionKey": "S06_RELATIONSHIP",
      "status": "NOT_ATTACHED_TO_FROZEN_PUBLICATION",
      "reason": "OWNER_ACCEPTED_FROZEN_COPY",
      "snapshotDigest": null
    },
    {
      "locale": "en",
      "sectionKey": "S07_HEALTH",
      "status": "NOT_ATTACHED_TO_FROZEN_PUBLICATION",
      "reason": "OWNER_ACCEPTED_FROZEN_COPY",
      "snapshotDigest": null
    },
    {
      "locale": "en",
      "sectionKey": "S08_TIMING",
      "status": "NOT_ATTACHED_TO_FROZEN_PUBLICATION",
      "reason": "OWNER_ACCEPTED_FROZEN_COPY",
      "snapshotDigest": null
    },
    {
      "locale": "en",
      "sectionKey": "S09_GUIDANCE",
      "status": "NOT_ATTACHED_TO_FROZEN_PUBLICATION",
      "reason": "OWNER_ACCEPTED_FROZEN_COPY",
      "snapshotDigest": null
    },
    {
      "locale": "zh-Hans",
      "sectionKey": "S02_PERSONALITY",
      "status": "NOT_ATTACHED_TO_FROZEN_PUBLICATION",
      "reason": "OWNER_ACCEPTED_FROZEN_COPY",
      "snapshotDigest": null
    },
    {
      "locale": "zh-Hans",
      "sectionKey": "S03_LIFE_STRUCTURE",
      "status": "NOT_ATTACHED_TO_FROZEN_PUBLICATION",
      "reason": "OWNER_ACCEPTED_FROZEN_COPY",
      "snapshotDigest": null
    },
    {
      "locale": "zh-Hans",
      "sectionKey": "S04_CAREER",
      "status": "NOT_ATTACHED_TO_FROZEN_PUBLICATION",
      "reason": "OWNER_ACCEPTED_FROZEN_COPY",
      "snapshotDigest": null
    },
    {
      "locale": "zh-Hans",
      "sectionKey": "S05_WEALTH",
      "status": "NOT_ATTACHED_TO_FROZEN_PUBLICATION",
      "reason": "OWNER_ACCEPTED_FROZEN_COPY",
      "snapshotDigest": null
    },
    {
      "locale": "zh-Hans",
      "sectionKey": "S06_RELATIONSHIP",
      "status": "NOT_ATTACHED_TO_FROZEN_PUBLICATION",
      "reason": "OWNER_ACCEPTED_FROZEN_COPY",
      "snapshotDigest": null
    },
    {
      "locale": "zh-Hans",
      "sectionKey": "S07_HEALTH",
      "status": "NOT_ATTACHED_TO_FROZEN_PUBLICATION",
      "reason": "OWNER_ACCEPTED_FROZEN_COPY",
      "snapshotDigest": null
    },
    {
      "locale": "zh-Hans",
      "sectionKey": "S08_TIMING",
      "status": "NOT_ATTACHED_TO_FROZEN_PUBLICATION",
      "reason": "OWNER_ACCEPTED_FROZEN_COPY",
      "snapshotDigest": null
    },
    {
      "locale": "zh-Hans",
      "sectionKey": "S09_GUIDANCE",
      "status": "NOT_ATTACHED_TO_FROZEN_PUBLICATION",
      "reason": "OWNER_ACCEPTED_FROZEN_COPY",
      "snapshotDigest": null
    }
  ],
  "productionActivated": false
}
PASS S02 editorial depth: bilingual licensed Gold Standard, method synthesis, minimum explanatory depth, prompt-share and generic-safety rejection. No provider calls.
PASS: editorial leak, banned prose, completeness, per-block entailment verdict, repetition and temporal fail-closed regressions. Synthetic tests do not establish live acceptance.
{
  "regressions": "PASS",
  "productionAccepted": false,
  "remaining": [
    "liveProvider",
    "semantic",
    "editorial",
    "frozenSnapshots",
    "fallback",
    "nowPreserved",
    "bilingualParity",
    "browserPdf",
    "shadowMatrix",
    "REAL_PROVIDER_PROVENANCE",
    "COMPLETE_SHADOW_MATRIX",
    "BILINGUAL_RESPONSIVE_PDF_EVIDENCE",
    "HUMAN:en:S02_PERSONALITY",
    "HUMAN:en:S03_LIFE_STRUCTURE",
    "HUMAN:en:S04_CAREER",
    "HUMAN:en:S05_WEALTH",
    "HUMAN:en:S06_RELATIONSHIP",
    "HUMAN:en:S07_HEALTH",
    "HUMAN:en:S08_TIMING",
    "HUMAN:en:S09_GUIDANCE",
    "HUMAN:zh-Hans:S02_PERSONALITY",
    "HUMAN:zh-Hans:S03_LIFE_STRUCTURE",
    "HUMAN:zh-Hans:S04_CAREER",
    "HUMAN:zh-Hans:S05_WEALTH",
    "HUMAN:zh-Hans:S06_RELATIONSHIP",
    "HUMAN:zh-Hans:S07_HEALTH",
    "HUMAN:zh-Hans:S08_TIMING",
    "HUMAN:zh-Hans:S09_GUIDANCE"
  ]
}
PASS: Preview origin/environment/auth/CSRF/input limits, private result persistence, frozen reopen and global bounded generation. No live provider invoked.
PASS native licensed IR and semantic operator boundaries; Addendum F supersedes machine-only staging with per-section human editorial gates.
PASS F: immutable admitted meaning projection, deterministic brief/style/metrics, human-before-next-section, digest-bound QA snapshots and Production T3 closed. No provider calls.
PASS paid T3 V2 engineering: shadow evidence packs remain buildable from canonical interpretation; owner-accepted customer publication stays deterministic; old snapshots fail closed; Production remains OFF.

> check
> node scripts/run-zero-cost-regression.mjs check

BaZi Batch 4/5 PASS: P20–P26, M07/M08, explicit/partial/missing timing, unfilled Reality boundary, source prompts and lineage; previous three batches unchanged.
BaZi Batch 3 PASS: P16–P19, shared M06, three locales, source-selected leads and approved narratives, fail-closed contracts; Batch 1/2 HTML/styles/tokens unchanged.
BaZi Batch 2 PASS: P11–P15, three locales, source counts, open verdicts, fail-closed states; Batch 1 HTML/styles/tokens unchanged.
BaZi Batch 1: five source-bound Page IR pages; locales, no defaults, review gate and frozen styling verified.
Report design drift guard PASS: 6 references, 28 canonical tokens, 26 mappings, 17 negative IR cases + 5 CSS rejection cases. No dynamic pages accepted by this registration check.
Guided report successor contracts PASS: 30 prices; confirmation, language locks, routing, probes and 120 fail-closed assets. Human parity and actual asset availability are separate.

> check:bazi-visual-commerce
> node scripts/run-zero-cost-regression.mjs check:bazi-visual-commerce

Built six explicit synthetic review states; no entitlement written or activated.
PASS: free payload excludes specialist detail; forged client payment cannot unlock; existing owned purchase + language + expiry boundaries; Print Shell V2 body/section-master projection, registered motif fallbacks and category colours; Production release remains closed.
PASS: shared delivery mapping/access/routes; seven active method products; legacy Profile excluded; BaZi-only QA pilot; no global cutover; no new entitlement authority.
PASS: section order, registered/deployed family alignment, variable locale-safe totals, deterministic section composition, frozen intro, bilingual semantic parity, text budgets, temporal data, 13-asset registry and fallback chain.

> check:bazi-print-shell-v2
> node scripts/run-zero-cost-regression.mjs check:bazi-print-shell-v2

PASS BaZi Print Shell V2 migration contract: accepted copy digests unchanged, 38/38 pages, 10 masters, S07 right-side safe-zone, shared A4 shell bound.
{"component":"commerce","event":"CHECKOUT_CREATED","order_id":"ord_fefa066e01b84848ba54fa6ff41fc480","checkout_session_id":"cs_test_fixture9","product_id":"COM-REPORT-BUNDLE-2","amount_minor":6900,"currency":"MYR"}
{"component":"commerce","event":"STRIPE_EVENT_RECEIVED","stripe_event_id":"evt_fixture1"}
{"component":"commerce","event":"STRIPE_EVENT_RECEIVED","stripe_event_id":"evt_duplicate"}
{"component":"commerce","event":"ENTITLEMENT_GRANTED","order_id":"ord_fefa066e01b84848ba54fa6ff41fc480","product_id":"COM-REPORT-BUNDLE-2"}
{"component":"commerce","event":"PAYMENT_CONFIRMED","order_id":"ord_fefa066e01b84848ba54fa6ff41fc480","stripe_event_id":"evt_duplicate","product_id":"COM-REPORT-BUNDLE-2"}
{"component":"commerce","event":"STRIPE_EVENT_RECEIVED","stripe_event_id":"evt_duplicate"}
{"component":"commerce","event":"ENTITLEMENT_SKIPPED_DUPLICATE","stripe_event_id":"evt_duplicate"}
{"component":"commerce","event":"STRIPE_EVENT_RECEIVED","stripe_event_id":"evt_fixture2"}
{"component":"commerce","event":"ENTITLEMENT_SKIPPED_DUPLICATE","order_id":"ord_fefa066e01b84848ba54fa6ff41fc480","product_id":"COM-REPORT-BUNDLE-2"}
{"component":"commerce","event":"PAYMENT_CONFIRMED","order_id":"ord_fefa066e01b84848ba54fa6ff41fc480","stripe_event_id":"evt_fixture2","product_id":"COM-REPORT-BUNDLE-2"}
{"component":"commerce","event":"STRIPE_EVENT_RECEIVED","stripe_event_id":"evt_fixture3"}
{"component":"commerce","event":"ENTITLEMENT_SKIPPED_DUPLICATE","order_id":"ord_fefa066e01b84848ba54fa6ff41fc480","product_id":"COM-REPORT-BUNDLE-2"}
{"component":"commerce","event":"PAYMENT_CONFIRMED","order_id":"ord_fefa066e01b84848ba54fa6ff41fc480","stripe_event_id":"evt_fixture3","product_id":"COM-REPORT-BUNDLE-2"}
{"component":"commerce","event":"STRIPE_EVENT_RECEIVED","stripe_event_id":"evt_fixture4"}
{"component":"commerce","event":"STRIPE_EVENT_RECEIVED","stripe_event_id":"evt_received"}
{"component":"commerce","event":"ENTITLEMENT_SKIPPED_DUPLICATE","order_id":"ord_fefa066e01b84848ba54fa6ff41fc480","product_id":"COM-REPORT-BUNDLE-2"}
{"component":"commerce","event":"PAYMENT_CONFIRMED","order_id":"ord_fefa066e01b84848ba54fa6ff41fc480","stripe_event_id":"evt_received","product_id":"COM-REPORT-BUNDLE-2"}
{"component":"commerce","event":"CHECKOUT_CREATED","order_id":"ord_c676f6433eac429f81b276807d0b898e","checkout_session_id":"cs_test_fixture14","product_id":"COM-SERVICE-NATURAL-HEALER","amount_minor":10000,"currency":"MYR"}
{"component":"commerce","event":"STRIPE_EVENT_RECEIVED","stripe_event_id":"evt_fixture5"}
{"component":"commerce","event":"FULFILLMENT_CREATED","order_id":"ord_c676f6433eac429f81b276807d0b898e","product_id":"COM-SERVICE-NATURAL-HEALER"}
{"component":"commerce","event":"PAYMENT_CONFIRMED","order_id":"ord_c676f6433eac429f81b276807d0b898e","stripe_event_id":"evt_fixture5","product_id":"COM-SERVICE-NATURAL-HEALER"}
{"component":"commerce","event":"CHECKOUT_CREATED","order_id":"ord_a744b9f1413e4cec976354fb6706c377","checkout_session_id":"cs_test_fixture16","product_id":"COM-SERVICE-CASH-FLOW-GAME","amount_minor":10000,"currency":"MYR"}
{"component":"commerce","event":"STRIPE_EVENT_RECEIVED","stripe_event_id":"evt_fixture6"}
{"component":"commerce","event":"FULFILLMENT_CREATED","order_id":"ord_a744b9f1413e4cec976354fb6706c377","product_id":"COM-SERVICE-CASH-FLOW-GAME"}
{"component":"commerce","event":"PAYMENT_CONFIRMED","order_id":"ord_a744b9f1413e4cec976354fb6706c377","stripe_event_id":"evt_fixture6","product_id":"COM-SERVICE-CASH-FLOW-GAME"}
{"component":"commerce","event":"CHECKOUT_CREATED","order_id":"ord_1741426dffc6494a8f2aa4713767462a","checkout_session_id":"cs_test_fixture18","product_id":"COM-SERVICE-FINANCIAL-CONSULTATION","amount_minor":10000,"currency":"MYR"}
{"component":"commerce","event":"STRIPE_EVENT_RECEIVED","stripe_event_id":"evt_fixture7"}
{"component":"commerce","event":"FULFILLMENT_CREATED","order_id":"ord_1741426dffc6494a8f2aa4713767462a","product_id":"COM-SERVICE-FINANCIAL-CONSULTATION"}
{"component":"commerce","event":"PAYMENT_CONFIRMED","order_id":"ord_1741426dffc6494a8f2aa4713767462a","stripe_event_id":"evt_fixture7","product_id":"COM-SERVICE-FINANCIAL-CONSULTATION"}
{"component":"commerce","event":"CHECKOUT_CREATED","order_id":"ord_217df82b0a0747baa8c97b5147319e21","checkout_session_id":"cs_test_fixture20","product_id":"COM-SUBSCRIPTION-MONTHLY","amount_minor":1900,"currency":"MYR"}
{"component":"commerce","event":"STRIPE_EVENT_RECEIVED","stripe_event_id":"evt_fixture8"}
{"component":"commerce","event":"PAYMENT_CONFIRMED","order_id":"ord_217df82b0a0747baa8c97b5147319e21","stripe_event_id":"evt_fixture8","product_id":"COM-SUBSCRIPTION-MONTHLY"}
{"component":"commerce","event":"CHECKOUT_CREATED","order_id":"ord_c99698d62aeb4f9180cb75bec7c60e1d","checkout_session_id":"cs_test_fixture22","product_id":"COM-WILL-WRITING","amount_minor":2900,"currency":"MYR"}
{"component":"commerce","event":"STRIPE_EVENT_RECEIVED","stripe_event_id":"evt_fixture9"}
{"component":"commerce","event":"FULFILLMENT_CREATED","order_id":"ord_c99698d62aeb4f9180cb75bec7c60e1d","product_id":"COM-WILL-WRITING"}
{"component":"commerce","event":"PAYMENT_CONFIRMED","order_id":"ord_c99698d62aeb4f9180cb75bec7c60e1d","stripe_event_id":"evt_fixture9","product_id":"COM-WILL-WRITING"}
{"component":"commerce","event":"CHECKOUT_CREATED","order_id":"ord_79760546e4d448b4a84ee075e2b120cf","checkout_session_id":"cs_test_fixture24","product_id":"COM-REPORT-FINANCIAL-FULL","amount_minor":15900,"currency":"MYR"}
{"component":"commerce","event":"STRIPE_EVENT_RECEIVED","stripe_event_id":"evt_fixture10"}
{"component":"commerce","event":"FULFILLMENT_CREATED","order_id":"ord_79760546e4d448b4a84ee075e2b120cf","product_id":"COM-REPORT-FINANCIAL-FULL"}
{"component":"commerce","event":"PAYMENT_CONFIRMED","order_id":"ord_79760546e4d448b4a84ee075e2b120cf","stripe_event_id":"evt_fixture10","product_id":"COM-REPORT-FINANCIAL-FULL"}
{"component":"commerce","event":"CHECKOUT_CREATED","order_id":"ord_143c615a5d43475caa0a16e2cfd12784","checkout_session_id":"cs_test_fixture26","product_id":"COM-REPORT-ECR-FULL","amount_minor":3900,"currency":"MYR"}
{"component":"commerce","event":"STRIPE_EVENT_RECEIVED","stripe_event_id":"evt_fixture11"}
{"component":"commerce","event":"ENTITLEMENT_GRANTED","order_id":"ord_143c615a5d43475caa0a16e2cfd12784","product_id":"COM-REPORT-ECR-FULL"}
{"component":"commerce","event":"PAYMENT_CONFIRMED","order_id":"ord_143c615a5d43475caa0a16e2cfd12784","stripe_event_id":"evt_fixture11","product_id":"COM-REPORT-ECR-FULL"}
{"component":"commerce","event":"CHECKOUT_CREATED","order_id":"ord_7ecbdbe295644e40b8fba79e3ae68328","checkout_session_id":"cs_test_fixture28","product_id":"COM-REPORT-CROSS-FULL","amount_minor":29900,"currency":"MYR"}
{"component":"commerce","event":"STRIPE_EVENT_RECEIVED","stripe_event_id":"evt_fixture12"}
{"component":"commerce","event":"ENTITLEMENT_GRANTED","order_id":"ord_7ecbdbe295644e40b8fba79e3ae68328","product_id":"COM-REPORT-CROSS-FULL"}
{"component":"commerce","event":"PAYMENT_CONFIRMED","order_id":"ord_7ecbdbe295644e40b8fba79e3ae68328","stripe_event_id":"evt_fixture12","product_id":"COM-REPORT-CROSS-FULL"}
{"component":"commerce","event":"CHECKOUT_CREATED","order_id":"ord_b3cbc5ae284f44febe97238cc74f289c","checkout_session_id":"cs_test_fixture30","product_id":"COM-REPORT-HD-FULL","amount_minor":12900,"currency":"MYR"}
{"component":"commerce","event":"STRIPE_EVENT_RECEIVED","stripe_event_id":"evt_fixture13"}
{"component":"commerce","event":"ENTITLEMENT_GRANTED","order_id":"ord_b3cbc5ae284f44febe97238cc74f289c","product_id":"COM-REPORT-HD-FULL"}
{"component":"commerce","event":"PAYMENT_CONFIRMED","order_id":"ord_b3cbc5ae284f44febe97238cc74f289c","stripe_event_id":"evt_fixture13","product_id":"COM-REPORT-HD-FULL"}
{"component":"commerce","event":"CHECKOUT_CREATED","order_id":"ord_56c4342ff9b043beae078b47efe29c24","checkout_session_id":"cs_test_fixture33","product_id":"COM-REPORT-NUMEROLOGY-FULL","amount_minor":3900,"currency":"MYR"}
{"component":"commerce","event":"STRIPE_EVENT_RECEIVED","stripe_event_id":"evt_fixture14"}
{"component":"commerce","event":"ENTITLEMENT_GRANTED","order_id":"ord_56c4342ff9b043beae078b47efe29c24","product_id":"COM-REPORT-NUMEROLOGY-FULL"}
{"component":"commerce","event":"PAYMENT_CONFIRMED","order_id":"ord_56c4342ff9b043beae078b47efe29c24","stripe_event_id":"evt_fixture14","product_id":"COM-REPORT-NUMEROLOGY-FULL"}
{"component":"commerce","event":"CHECKOUT_CREATED","order_id":"ord_470458f776894b6db08e115b2b9b03ec","checkout_session_id":"cs_test_fixture35","product_id":"COM-REPORT-ASTROLOGY-FULL","amount_minor":3900,"currency":"MYR"}
{"component":"commerce","event":"STRIPE_EVENT_RECEIVED","stripe_event_id":"evt_fixture15"}
{"component":"commerce","event":"ENTITLEMENT_GRANTED","order_id":"ord_470458f776894b6db08e115b2b9b03ec","product_id":"COM-REPORT-ASTROLOGY-FULL"}
{"component":"commerce","event":"PAYMENT_CONFIRMED","order_id":"ord_470458f776894b6db08e115b2b9b03ec","stripe_event_id":"evt_fixture15","product_id":"COM-REPORT-ASTROLOGY-FULL"}
{"component":"commerce","event":"CHECKOUT_CREATED","order_id":"ord_4df05e5c3775400e898e6350664e4f9e","checkout_session_id":"cs_test_fixture37","product_id":"COM-REPORT-ZIWEI-FULL","amount_minor":3900,"currency":"MYR"}
{"component":"commerce","event":"STRIPE_EVENT_RECEIVED","stripe_event_id":"evt_fixture16"}
{"component":"commerce","event":"ENTITLEMENT_GRANTED","order_id":"ord_4df05e5c3775400e898e6350664e4f9e","product_id":"COM-REPORT-ZIWEI-FULL"}
{"component":"commerce","event":"PAYMENT_CONFIRMED","order_id":"ord_4df05e5c3775400e898e6350664e4f9e","stripe_event_id":"evt_fixture16","product_id":"COM-REPORT-ZIWEI-FULL"}
{"component":"commerce","event":"CHECKOUT_CREATED","order_id":"ord_006c9732174b4e27893c16e98046dcb5","checkout_session_id":"cs_test_fixture39","product_id":"COM-REPORT-BAZI-FULL","amount_minor":3900,"currency":"MYR"}
{"component":"commerce","event":"STRIPE_EVENT_RECEIVED","stripe_event_id":"evt_fixture17"}
{"component":"commerce","event":"ENTITLEMENT_GRANTED","order_id":"ord_006c9732174b4e27893c16e98046dcb5","product_id":"COM-REPORT-BAZI-FULL"}
{"component":"commerce","event":"PAYMENT_CONFIRMED","order_id":"ord_006c9732174b4e27893c16e98046dcb5","stripe_event_id":"evt_fixture17","product_id":"COM-REPORT-BAZI-FULL"}
{"component":"commerce","event":"CHECKOUT_CREATED","order_id":"ord_9a28f11ffd0c4d17a417309b64e977f2","checkout_session_id":"cs_test_fixture41","product_id":"COM-BOOK-07","amount_minor":5900,"currency":"MYR"}
{"component":"commerce","event":"STRIPE_EVENT_RECEIVED","stripe_event_id":"evt_fixture18"}
{"component":"commerce","event":"ENTITLEMENT_GRANTED","order_id":"ord_9a28f11ffd0c4d17a417309b64e977f2","product_id":"COM-BOOK-07"}
{"component":"commerce","event":"PAYMENT_CONFIRMED","order_id":"ord_9a28f11ffd0c4d17a417309b64e977f2","stripe_event_id":"evt_fixture18","product_id":"COM-BOOK-07"}
{"component":"commerce","event":"CHECKOUT_CREATED","order_id":"ord_2d599bf0394d4c3291b995e01316515a","checkout_session_id":"cs_test_fixture43","product_id":"COM-BOOK-06","amount_minor":5900,"currency":"MYR"}
{"component":"commerce","event":"STRIPE_EVENT_RECEIVED","stripe_event_id":"evt_fixture19"}
{"component":"commerce","event":"ENTITLEMENT_GRANTED","order_id":"ord_2d599bf0394d4c3291b995e01316515a","product_id":"COM-BOOK-06"}
{"component":"commerce","event":"PAYMENT_CONFIRMED","order_id":"ord_2d599bf0394d4c3291b995e01316515a","stripe_event_id":"evt_fixture19","product_id":"COM-BOOK-06"}
{"component":"commerce","event":"CHECKOUT_CREATED","order_id":"ord_0e705188407d4fb6beda9a7e735d81c2","checkout_session_id":"cs_test_fixture45","product_id":"COM-BOOK-05","amount_minor":10900,"currency":"MYR"}
{"component":"commerce","event":"STRIPE_EVENT_RECEIVED","stripe_event_id":"evt_fixture20"}
{"component":"commerce","event":"ENTITLEMENT_GRANTED","order_id":"ord_0e705188407d4fb6beda9a7e735d81c2","product_id":"COM-BOOK-05"}
{"component":"commerce","event":"PAYMENT_CONFIRMED","order_id":"ord_0e705188407d4fb6beda9a7e735d81c2","stripe_event_id":"evt_fixture20","product_id":"COM-BOOK-05"}
{"component":"commerce","event":"CHECKOUT_CREATED","order_id":"ord_1a1423158acf49db8534d38624fe52a3","checkout_session_id":"cs_test_fixture47","product_id":"COM-BOOK-04","amount_minor":8900,"currency":"MYR"}
{"component":"commerce","event":"STRIPE_EVENT_RECEIVED","stripe_event_id":"evt_fixture21"}
{"component":"commerce","event":"ENTITLEMENT_GRANTED","order_id":"ord_1a1423158acf49db8534d38624fe52a3","product_id":"COM-BOOK-04"}
{"component":"commerce","event":"PAYMENT_CONFIRMED","order_id":"ord_1a1423158acf49db8534d38624fe52a3","stripe_event_id":"evt_fixture21","product_id":"COM-BOOK-04"}
{"component":"commerce","event":"CHECKOUT_CREATED","order_id":"ord_a9297ddbf49948f7b262d8a31c1afd4e","checkout_session_id":"cs_test_fixture49","product_id":"COM-BOOK-03","amount_minor":8900,"currency":"MYR"}
{"component":"commerce","event":"STRIPE_EVENT_RECEIVED","stripe_event_id":"evt_fixture22"}
{"component":"commerce","event":"ENTITLEMENT_GRANTED","order_id":"ord_a9297ddbf49948f7b262d8a31c1afd4e","product_id":"COM-BOOK-03"}
{"component":"commerce","event":"PAYMENT_CONFIRMED","order_id":"ord_a9297ddbf49948f7b262d8a31c1afd4e","stripe_event_id":"evt_fixture22","product_id":"COM-BOOK-03"}
{"component":"commerce","event":"CHECKOUT_CREATED","order_id":"ord_227b9e13973b48a1a379d1cab2e0d416","checkout_session_id":"cs_test_fixture51","product_id":"COM-BOOK-02","amount_minor":8900,"currency":"MYR"}
{"component":"commerce","event":"STRIPE_EVENT_RECEIVED","stripe_event_id":"evt_fixture23"}
{"component":"commerce","event":"ENTITLEMENT_GRANTED","order_id":"ord_227b9e13973b48a1a379d1cab2e0d416","product_id":"COM-BOOK-02"}
{"component":"commerce","event":"PAYMENT_CONFIRMED","order_id":"ord_227b9e13973b48a1a379d1cab2e0d416","stripe_event_id":"evt_fixture23","product_id":"COM-BOOK-02"}
{"component":"commerce","event":"CHECKOUT_CREATED","order_id":"ord_d88cf778209a45be9983c45c6e5cbe2c","checkout_session_id":"cs_test_fixture53","product_id":"COM-BOOK-01","amount_minor":8900,"currency":"MYR"}
{"component":"commerce","event":"STRIPE_EVENT_RECEIVED","stripe_event_id":"evt_fixture24"}
{"component":"commerce","event":"ENTITLEMENT_GRANTED","order_id":"ord_d88cf778209a45be9983c45c6e5cbe2c","product_id":"COM-BOOK-01"}
{"component":"commerce","event":"PAYMENT_CONFIRMED","order_id":"ord_d88cf778209a45be9983c45c6e5cbe2c","stripe_event_id":"evt_fixture24","product_id":"COM-BOOK-01"}
{"component":"commerce","event":"CHECKOUT_CREATED","order_id":"ord_d66f426bcdf84cff869abfbe0663a223","checkout_session_id":"cs_test_fixture55","product_id":"COM-BOOK-CONFIGURATION","amount_minor":10900,"currency":"MYR"}
{"component":"commerce","event":"STRIPE_EVENT_RECEIVED","stripe_event_id":"evt_fixture25"}
{"component":"commerce","event":"ENTITLEMENT_GRANTED","order_id":"ord_d66f426bcdf84cff869abfbe0663a223","product_id":"COM-BOOK-CONFIGURATION"}
{"component":"commerce","event":"PAYMENT_CONFIRMED","order_id":"ord_d66f426bcdf84cff869abfbe0663a223","stripe_event_id":"evt_fixture25","product_id":"COM-BOOK-CONFIGURATION"}
{"component":"commerce","event":"STRIPE_EVENT_RECEIVED","stripe_event_id":"evt_fixture26"}
{"component":"commerce","event":"SUBSCRIPTION_UPDATED","order_id":"ord_217df82b0a0747baa8c97b5147319e21","stripe_event_id":"evt_fixture26","status":"active"}
{"component":"commerce","event":"STRIPE_EVENT_RECEIVED","stripe_event_id":"evt_fixture27"}
{"component":"commerce","event":"SUBSCRIPTION_UPDATED","order_id":"ord_217df82b0a0747baa8c97b5147319e21","stripe_event_id":"evt_fixture27","status":"active"}
{"component":"commerce","event":"STRIPE_EVENT_RECEIVED","stripe_event_id":"evt_fixture28"}
{"component":"commerce","event":"SUBSCRIPTION_UPDATED","order_id":"ord_217df82b0a0747baa8c97b5147319e21","stripe_event_id":"evt_fixture28","status":"past_due"}
{"component":"commerce","event":"STRIPE_EVENT_RECEIVED","stripe_event_id":"evt_fixture29"}
{"component":"commerce","event":"SUBSCRIPTION_UPDATED","order_id":"ord_217df82b0a0747baa8c97b5147319e21","stripe_event_id":"evt_fixture29","status":"unpaid"}
{"component":"commerce","event":"STRIPE_EVENT_RECEIVED","stripe_event_id":"evt_fixture30"}
{"component":"commerce","event":"SUBSCRIPTION_UPDATED","order_id":"ord_217df82b0a0747baa8c97b5147319e21","stripe_event_id":"evt_fixture30","status":"canceled"}
{"component":"commerce","event":"STRIPE_EVENT_RECEIVED","stripe_event_id":"evt_fixture31"}
{"component":"commerce","event":"REFUND_RECORDED","order_id":"ord_fefa066e01b84848ba54fa6ff41fc480","stripe_event_id":"evt_fixture31"}
{"component":"commerce","event":"STRIPE_EVENT_RECEIVED","stripe_event_id":"evt_fixture32"}
{"component":"commerce","event":"REFUND_RECORDED","order_id":"ord_fefa066e01b84848ba54fa6ff41fc480","stripe_event_id":"evt_fixture32"}
{"component":"commerce","event":"CHECKOUT_CREATED","order_id":"ord_9721661982294c559feffad8f8f4254c","checkout_session_id":"cs_test_fixture57","product_id":"COM-REPORT-BUNDLE-3","amount_minor":9900,"currency":"MYR"}
{"component":"commerce","event":"STRIPE_EVENT_RECEIVED","stripe_event_id":"evt_fixture33"}
{"component":"commerce","event":"CHECKOUT_CREATED","order_id":"ord_6bfdf3093495415c88154a320484354e","checkout_session_id":"cs_test_fixture60","product_id":"COM-REPORT-HD-FULL","amount_minor":12900,"currency":"MYR"}
{"component":"commerce","event":"STRIPE_EVENT_RECEIVED","stripe_event_id":"evt_retrydb"}
{"component":"commerce","event":"STRIPE_EVENT_RECEIVED","stripe_event_id":"evt_retrydb"}
{"component":"commerce","event":"ENTITLEMENT_GRANTED","order_id":"ord_6bfdf3093495415c88154a320484354e","product_id":"COM-REPORT-HD-FULL"}
{"component":"commerce","event":"PAYMENT_CONFIRMED","order_id":"ord_6bfdf3093495415c88154a320484354e","stripe_event_id":"evt_retrydb","product_id":"COM-REPORT-HD-FULL"}
{"component":"commerce","event":"CHECKOUT_CREATED","order_id":"ord_e4f653b24136442cada6d3ed48e76d08","checkout_session_id":"cs_test_fixture62","product_id":"COM-REPORT-ECR-FULL","amount_minor":3900,"currency":"MYR"}
{"component":"commerce","event":"STRIPE_EVENT_RECEIVED","stripe_event_id":"evt_fixture34"}
{"component":"commerce","event":"STRIPE_EVENT_RECEIVED","stripe_event_id":"evt_fixture35"}
{"component":"commerce","event":"PAYMENT_FAILED","order_id":"ord_e4f653b24136442cada6d3ed48e76d08","status":"PAYMENT_FAILED"}
{"component":"commerce","event":"STRIPE_EVENT_RECEIVED","stripe_event_id":"evt_fixture36"}
{"component":"commerce","event":"CHECKOUT_CREATED","order_id":"ord_0afed60e9a914670a0d63ea02123ab2f","checkout_session_id":"cs_test_fixture66","product_id":"COM-REPORT-BUNDLE-2","amount_minor":7900,"currency":"MYR"}
{"component":"commerce","event":"STRIPE_EVENT_RECEIVED","stripe_event_id":"evt_fixture37"}
{"component":"commerce","event":"ENTITLEMENT_GRANTED","order_id":"ord_0afed60e9a914670a0d63ea02123ab2f","product_id":"COM-REPORT-BUNDLE-2"}
{"component":"commerce","event":"PAYMENT_CONFIRMED","order_id":"ord_0afed60e9a914670a0d63ea02123ab2f","stripe_event_id":"evt_fixture37","product_id":"COM-REPORT-BUNDLE-2"}
{"component":"commerce","event":"CHECKOUT_CREATED","order_id":"ord_84c2fa9e56cc45439ebec3c6dcd27799","checkout_session_id":"cs_test_fixture68","product_id":"COM-REPORT-BUNDLE-3","amount_minor":10900,"currency":"MYR"}
{"component":"commerce","event":"STRIPE_EVENT_RECEIVED","stripe_event_id":"evt_fixture38"}
{"component":"commerce","event":"ENTITLEMENT_GRANTED","order_id":"ord_84c2fa9e56cc45439ebec3c6dcd27799","product_id":"COM-REPORT-BUNDLE-3"}
{"component":"commerce","event":"PAYMENT_CONFIRMED","order_id":"ord_84c2fa9e56cc45439ebec3c6dcd27799","stripe_event_id":"evt_fixture38","product_id":"COM-REPORT-BUNDLE-3"}
{"component":"commerce","event":"CHECKOUT_CREATED","order_id":"ord_732aab01305c4804bd956ff49c202346","checkout_session_id":"cs_test_fixture70","product_id":"COM-REPORT-BUNDLE-5PLUS","amount_minor":17900,"currency":"MYR"}
{"component":"commerce","event":"STRIPE_EVENT_RECEIVED","stripe_event_id":"evt_fixture39"}
{"component":"commerce","event":"ENTITLEMENT_GRANTED","order_id":"ord_732aab01305c4804bd956ff49c202346","product_id":"COM-REPORT-BUNDLE-5PLUS"}
{"component":"commerce","event":"PAYMENT_CONFIRMED","order_id":"ord_732aab01305c4804bd956ff49c202346","stripe_event_id":"evt_fixture39","product_id":"COM-REPORT-BUNDLE-5PLUS"}
{"component":"commerce","event":"CHECKOUT_CREATED","order_id":"ord_2ebfd056cfa94bea8b003e3585a987bc","checkout_session_id":"cs_test_fixture72","product_id":"COM-REPORT-HD-FULL","amount_minor":13900,"currency":"MYR"}
{"component":"commerce","event":"STRIPE_EVENT_RECEIVED","stripe_event_id":"evt_fixture40"}
{"component":"commerce","event":"CHECKOUT_CREATED","order_id":"ord_eae08415284646279545699b68d33f9b","checkout_session_id":"cs_test_fixture74","product_id":"COM-REPORT-BUNDLE-2","amount_minor":6900,"currency":"MYR"}
{"component":"commerce","event":"CHECKOUT_CREATED","order_id":"ord_ddc72d5441124c09ba1ae9f7988fea01","checkout_session_id":"cs_test_fixture76","product_id":"COM-REPORT-BUNDLE-2","amount_minor":7900,"currency":"MYR"}
{"component":"commerce","event":"CHECKOUT_CREATED","order_id":"ord_ebc996f3e95f4c2da2612e5d85a20927","checkout_session_id":"cs_test_fixture78","product_id":"COM-REPORT-BUNDLE-3","amount_minor":9900,"currency":"MYR"}
{"component":"commerce","event":"CHECKOUT_CREATED","order_id":"ord_e1326c47ac5d43c5b0adc6ae9c2bd23d","checkout_session_id":"cs_test_fixture80","product_id":"COM-REPORT-BUNDLE-3","amount_minor":10900,"currency":"MYR"}
{"component":"commerce","event":"CHECKOUT_CREATED","order_id":"ord_75eb22b682094781abe6f3bd24d7ae51","checkout_session_id":"cs_test_fixture82","product_id":"COM-REPORT-BUNDLE-5PLUS","amount_minor":15900,"currency":"MYR"}
{"component":"commerce","event":"CHECKOUT_CREATED","order_id":"ord_aa2915cfe2b44154a285d78893c06114","checkout_session_id":"cs_test_fixture84","product_id":"COM-REPORT-BUNDLE-5PLUS","amount_minor":17900,"currency":"MYR"}
COM-STRIPE-R1: 17 machine groups PASS (local fixtures; provider E2E NOT_RUN).
PHI OS project structure OK (29 required files).
PASS: Pages Preview isolation, unchanged production resources, one Book I source authority, MYR 89.00 and negative production-binding guards. Offline only.

> check:package-aliases
> node scripts/run-zero-cost-regression.mjs check:package-aliases

✓ Package checker alias registry passed: 171 historical W-stage aliases route through one runner; compatibility npm keys remain present.
✓ Public/canonical commands remain direct and in current-main order; parallel PPR/AST package-only deltas remain quarantined until their target gates pass.
✓ JSON Schema references, internal schema IDs, and Book 1 Manifest Schema checks passed.
PHI OS i18n OK (4590 aligned keys; HTML and JavaScript references verified).
Reading Evidence Boundary checks passed.
Reading de-duplication checks passed.
Reading → Navigation contract checks passed.
Reading customer language and progressive disclosure: passed
Navigation path generation rules: passed
Navigation customer view simplification: passed
Navigation state, restore, change, and Review gate: passed
✓ Professional Boundary Layer and Financial Domain v1 checks passed.
✓ Review Contract and Navigation → Review boundary checks passed.
✓ Runtime Memory Contract and Review → Memory boundary checks passed.
✓ Reality Continuity Contract and Memory → Continuity boundary checks passed.
Runtime Workspace and Transition Engine: passed; retired my-reality.html presentation is physically deleted and canonical /reality/ owns the customer workspace.
✓ Runtime Revision & New Entry Initialization
✓ Runtime Lineage & Timeline
Runtime Persistence & Recovery checks passed.
✓ Runtime Kernel, manager boundary, event bus, and guardrails checks passed.
✓ M1-W1 Runtime inventory, canonical paths, duplicate guard, and stage freeze checks passed.
✓ M1-W2 Runtime Contract Registry, schema freeze, handoffs, and guardrail matrix checks passed.
✓ M1 detailed inventory, Kernel, metadata, naming, deprecation, and test-matrix gaps are closed.
✓ M1 Runtime Engine Freeze Audit passed: Feature Complete, Contract Closed, Freeze Ready.
✓ M1-W4 Provider priority, interface, Router boundary, fallback, and failure fixtures checks passed.
✓ M1-W5 Entry, Reconstruction, Reading, Navigation, and Continuity bug closure checks passed.
✓ M1-W6 Full Journey Acceptance passed (12 language journeys × 3 viewports = 36 cases).
  Runtime v1 remains a release candidate until deployed visual acceptance is confirmed; Git tag not created.
✓ M1-W7 Runtime Freeze Audit gates are structurally valid.
  Release candidate 8baa0d1: Production deployed; 7 deployed acceptance gates pending.
✓ Book 1 G1–G16, removed Signature families, and Navigation evidence-unit alignment passed.
✓ M1-W7 Book 1 Figures 1A–5E conceptual boundaries, R2 asset ownership, Runtime representation, and handoff alignment passed.
✓ M2-W1 Contract, Schema, Version, Migration Registries, M1 parity, and startup validation passed.
✓ M2-W2 Persistence Contract, Router, Memory, Local, D1, and environment selection checks passed.
✓ M2-W3 Runtime D1 tables, JSON constraints, foreign keys, cascades, Driver alignment, and indexes passed.
✓ M2-W4 immutable migrations, history, checksums, ordering, runner, and schema drift checks passed.
✓ M2-W5 Session, Partial Write, Provider Failure, and Page Refresh Recovery checks passed.
✓ M2-W6 Runtime Event Types, Append Service, Timeline Reader, customer Projection, and Event Versioning checks passed.
✓ M2-W7 Parent–Child Runtime, Revision Chain, Edit/New Journey/Branch semantics, D1 Store, and Lineage Viewer Data checks passed.
✓ M2-W8 Runtime classification, privacy logging, deletion/export, Professional Access, and Research Consent Boundary checks passed.
✓ M2-W9 D1 integration passed: Migration → Persistence → Recovery → Timeline → Lineage → Privacy.
✓ M2-W9 Production Smoke structure is ready. Set PHIOS_SMOKE_BASE_URL after deployment for the live read-only run.
✓ M3A current public experience passed: canonical CX surfaces are present and retired presentation artifacts remain physically absent.
  Compatibility is redirect-only; current pages no longer depend on retired HTML, preview CSS or predecessor page controllers.
✓ M3B Knowledge Release passed: historical commerce authority is preserved and current Knowledge, Figures and Concepts surfaces are canonical.
  Stripe/R2 commerce is implemented and remains production-gated until external acceptance passes.
{"component":"commerce","event":"STRIPE_EVENT_RECEIVED","stripe_event_id":"evt_bookpaid1"}
{"component":"commerce","event":"STRIPE_EVENT_RECEIVED","stripe_event_id":"evt_bookpaid1"}
{"component":"commerce","event":"ENTITLEMENT_SKIPPED_DUPLICATE","stripe_event_id":"evt_bookpaid1"}
{"component":"commerce","event":"STRIPE_EVENT_RECEIVED","stripe_event_id":"evt_bookrefund1"}
✓ M3B-W4/W8 Book Access and Payment passed: frozen RM89 product, Stripe Checkout, verified idempotent webhook, D1 purchase and entitlement, watermarked R2 delivery, limited download tokens, receipt email and refund revocation.
✓ Journey Overview passed: Enter → Describe → Discover → Understand → Choose → Continue.
  Internal Runtime stages remain contract-preserving and are not presented as a second customer journey.
✓ M3C-W2 Journey Dashboard historical presentation is preserved as governance evidence; P1 browser-accepted canonical My Reality now owns the customer surface and retired HTML is physically deleted.
✓ M3C-W3 Entry Visual Alignment passed: Header, spacing, buttons, cards, typography, progress and errors.
  Runtime Entry v1, API, persistence, revision and Reconstruction handoff remain unchanged.
✓ M3C-W3.1 Guided Entry baseline passed: Reality Coordinate is bilingual, mobile-ready and evidence-bounded.
  Its historical optional opening is superseded by the required coordinate-first M3C-W3.2 interface; the Runtime boundary is unchanged.
✓ M3C-W3.2 Entry Recovery Consent passed: recovered Entry content stays hidden until explicit Resume.
  Reality Coordinate is now the required first question; text follows without changing Runtime or Professional contracts.
✓ M3C-W4 Reconstruction Visual Alignment passed: Edit answer, Evidence source, Confidence, Missing evidence, Continue and Return to Entry are customer-visible.
  The W4 projection boundary remains intact; W14 changes are limited to the registered additive Reconstruction Experience extension.
✓ M3C-W5 Reading Visual Alignment passed: Observed Reality, Runtime Pattern, Evidence, Interpretation and Reading Boundary are customer-visible.
  Reading API, evidence classes, pattern threshold, Navigation readiness, handoff, persistence and lineage remain frozen.
✓ M3C-W13 Reading visual alignment passed at 360, 768, and 1440 layout contracts.
  Customer/Evidence remain light; Technical uses an isolated dark token set.
✓ M3C-W6 Navigation Visual Alignment passed: Available Direction, Reason, Evidence, Constraint, First Action and Review Point are customer-visible.
  No path is auto-selected; Navigation API, state, selection, professional boundary, Review gate, persistence and lineage remain frozen.
✓ M3C-W7 Review passed: Review Summary, Change Since Reading, Action Result and Continue / Revise / Close are customer-visible.
  Review Contract, evidence class, Navigation source, Memory handoff and user-choice boundary remain frozen.
✓ M3C-W8 Memory historical customer presentation retired after P1 browser acceptance; runtime evidence remains and canonical My Reality now owns the customer surface.
✓ M3C-W9 Continuity historical customer presentation retired after P1 browser acceptance; runtime evidence remains and canonical My Reality now owns the customer surface.
✓ M3C-W10 Public Journey historical presentation is retired after P1 browser acceptance; canonical My Reality owns production while runtime authority/evidence remains intact.
✓ M3C-W10 Production Acceptance structure is ready. Set PHIOS_PUBLIC_JOURNEY_BASE_URL after deployment for the live read-only run.
✓ M4A-W1 Professional Service Definition passed: Runtime, Human Design, Financial and Integrated service families are structurally frozen.
  Prices, intake, sensitive uploads, calculations, Workspace, reports, checkout, regulated advice and D1 changes remain inactive.
  Next required gate: M4A-W3 Consent and Sharing, followed by M4A-W7 Professional Data and Privacy.
✓ M4A-W3 Consent and Sharing passed: explicit scope, duration, revocation, audit, Human Design, Financial Data and Joint Household consent are contract-closed.
  No wildcard or default grant; one adult cannot authorise another adult, and acknowledgement does not activate retention or regulated advice.
  Next required gate: M4A-W7 Professional Data and Privacy before W8 infrastructure or W2 Workspace.
✓ M4A-W7 Professional Data and Privacy passed: Human Design, Financial, Notes, Reports, Files, retention and data rights are governance-closed.
  Source documents remain outside Runtime Memory; public URLs, ordinary-email sensitive intake, indefinite retention and unverified deletion claims remain prohibited.
  Next required gate: M4A-W8 Financial Professional Infrastructure before M4A-W2 Workspace.
✓ M4A-W8 Financial Professional Infrastructure passed: 19-table schema, migration, evidence, formulas, assumptions, risks, authority and product-neutral boundaries are closed.
  Calculations and Risk Flags do not create recommendations; product-specific advice and automatic transactions remain disabled.
  Next required gate: M4A-W2 Professional Workspace and Financial Intake.

> check:ksar-r1-r8
> node scripts/run-zero-cost-regression.mjs check:ksar-r1-r8

✓ KSAR-R1～R8 Reconciliation passed.
  R1 actual-bytes corpus hashes and canonical books/ object keys are reconciled; remote GET evidence remains explicit pending state.
  R2-R4 human-accepted Volume I/II bindings plus KAU-R5 Canonical successor projection are active without putting manuscript bodies in public Git.
  R5-R6 unified hybrid retrieval plus deterministic grounded answer projection are active.
  R7 Knowledge Search, Free Explore and Library gateways route into Knowledge Access.
  R8 Human Review Gate is closed; production freeze remains correctly blocked only until reviewed-corpus remote R2 hash verification completes.

> check:ksar-r8-state
> node scripts/run-zero-cost-regression.mjs check:ksar-r8-state

✓ KSAR-R8 Production Acceptance & Successor Freeze passed.
  448/448 human-reviewed manuscript sections remain closed and active for governed Knowledge Access.
  Every active reviewed-corpus R2 object is remote-GET actual-bytes SHA256 verified.
  The immutable v1.0 freeze remains authoritative; its later status companion is optional and validated when present.
  Canonical Knowledge / Published Article authority boundaries remain unchanged; raw full-book delivery remains blocked.

> check:wpr-w1f-public-surface-export
> node scripts/run-zero-cost-regression.mjs check:wpr-w1f-public-surface-export

✓ WPR-W1F public-surface-data export reconciliation passed.

> check:kap
> node scripts/run-zero-cost-regression.mjs check:kap


> check:kap-reconciliation
> node scripts/run-zero-cost-regression.mjs check:kap-reconciliation

✓ KAP Phase 1 authority artifact reconciliation passed.

> check:kap-foundation
> node scripts/run-zero-cost-regression.mjs check:kap-foundation

✓ KAP-W0 Existing Runtime Capability Audit passed.
✓ KAP-W1 Knowledge / Answer / Publication / Reality Reading Authority Boundary passed.
✓ KAP-W2 QuestionScopedKnowledgeAnswer foundation contract passed.
✓ KAP-W3 Client Answer Level Registry passed.
✓ KAP Phase 1 W0-W3 Authority Foundation accepted and frozen.
  Knowledge / Answer / Publication / Reality Reading boundaries remain frozen; KAP-W0-W3 themselves create no MCD, AI, Guided Reading or client-surface authority.

> check:kap-grounding
> node scripts/run-zero-cost-regression.mjs check:kap-grounding

✓ KAP-W4 Question Intake passed.
✓ KAP-W5 Question Normalization passed.
✓ KAP-W6 Knowledge Retrieval reuse passed.
✓ KAP-W7 Canonical Node Matching passed.
✓ KAP-W8 Relationship Expansion passed.
✓ KAP-W9 Knowledge Grounding Bundle passed.
✓ KAP-W10 Coverage Evaluation passed.
✓ KAP Phase 2 W4-W10 Knowledge Grounding accepted and frozen.
  ASK_PHIOS now resolves Question → KSAR retrieval → governed node/relationship grounding → coverage; Answer Composition remains deferred to KAP-W11.

> check:kap-answer
> node scripts/run-zero-cost-regression.mjs check:kap-answer

✓ KAP-W11 Deterministic Answer First passed.
✓ KAP-W12 Answer Depth Profiles passed.
✓ KAP-W13 AI Assistance Eligibility passed.
✓ KAP-W14 AI Authority Boundary passed.
✓ KAP-W15 AI Cost Routing passed.
✓ KAP-W16 Answer Source Projection passed.
✓ KAP-W17 Unknown boundary current successor passed after P1 physical delete: Contextual Ask exposes limits while legacy Knowledge Search presentation is absent.
✓ KAP-W11-W17 current answer semantics passed with presentation fingerprint decoupled.
  knowledge-search HTML/CSS may evolve by semantic contract; CKA JS/API runtime fingerprints and authority boundaries remain fail-closed.

> check:kap-guided
> node scripts/run-zero-cost-regression.mjs check:kap-guided

✓ W18 passed.
✓ W18A passed.
✓ W18B passed.
✓ W18C passed.
✓ W18D passed.
✓ W19 passed.
✓ W20 passed.
✓ W21 passed.
✓ W22 passed.
✓ KAP-W18-W22 Guided Reading accepted: limited context, MCD-8 canonical projection handoff, deterministic recomposition and explicit stop conditions are active.

> check:kap-complexity
> node scripts/run-zero-cost-regression.mjs check:kap-complexity

✓ KAP-W23 passed.
✓ KAP-W24 passed.
✓ KAP-W25 passed.
✓ KAP-W23-W25 predecessor Complexity semantics preserved under KAP-W26 Reality Handoff successor; W24 remains the decisive Reality Model requirement test and W25 remains routing aid only.

> check:kap-handoff
> node scripts/run-zero-cost-regression.mjs check:kap-handoff

✓ KAP-W26 passed.
✓ KAP-W27 passed.
✓ KAP-W28 passed.
✓ KAP-W29 passed.
✓ KAP-W26-W29 Reality Journey handoff accepted: client-visible escalation reason, explicit consent, Reality Entry Seed reuse and provenance-separated Knowledge/Method handoff are active without creating a Canonical Case or Reality Model.

> check:pca
> node scripts/run-zero-cost-regression.mjs check:pca

✓ PCA-W0 PJA Boundary passed; PJA remains Publication Production Runtime, not Client Answer Generator.
✓ PCA-W1 CAR Boundary passed; CAR remains reusable Knowledge Asset Production, not a dynamic client Method renderer.
✓ PCA-W2 QuestionDemandSignal passed; only anonymous aggregated demand metrics are retained.
✓ PCA-W3 Demand Cluster passed; clusters aggregate demand without becoming Canonical Knowledge.
✓ PCA-W4 KPP Demand Input passed; Client Demand is advisory planning input and cannot silently mutate frozen KPP state.
✓ PCA-W5 Article Candidate passed; PCA proposes eligibility only and KPP retains ARTICLE production-role authority.
✓ PCA-W6 PJA Brief passed; only KPP-authorized ARTICLE handoff can form a demand-originated brief and Human Review remains mandatory.
✓ PCA-W7 CAR Visual Candidate passed; reusable visual demand enters CAR only through governed KPP asset-need handoff.
✓ PCA-W8 Production Feedback Loop passed; demand may inform planning but cannot mutate Canonical Truth or auto-publish.
✓ PCA-W0–W8 acceptance + freeze passed; production demand registries remain empty and PHASE 17 client-surface wiring remains separate.

> check:mcd
> node scripts/run-zero-cost-regression.mjs check:mcd


> check:mcd-1
> node scripts/run-zero-cost-regression.mjs check:mcd-1

✓ MCD-1 → MCD-5 Production Authority preservation successor passed.

> check:mcd-2
> node scripts/run-zero-cost-regression.mjs check:mcd-2

✓ MCD-2 AST+BZR physical adapter successor reconciliation passed.
  Historical adapter freeze is preserved; API lineage advances MCD-4 → MCD-5 → current AST/BZR Production adapter successor without second authority.

> check:mcd-3
> node scripts/run-zero-cost-regression.mjs check:mcd-3

✓ MCD-3 Single Canonical Birth Input passed.
  One CanonicalBirthInput now preserves Date / Time / Place / Coordinates / Historical Timezone as independent governed values; unknowns cannot be filled with synthetic defaults.
  AST / BZR / NUM requirements are capability-scoped; HDR requirements are fully registered but MPA BLOCKED remains prior to input readiness, so HDR Production invocation is still impossible.

> check:mcd-4
> node scripts/run-zero-cost-regression.mjs check:mcd-4

✓ MCD AST+BZR Production Adapter successor passed.
  AST executes governed Core 10 planetary calculation; Houses, Aspects and Nodes remain absent.
  BZR executes exact solar-term/true-solar Four Pillars; Luck Cycle reference Jie crosses one adjacent Gregorian year through the same Astronomy Engine authority when required.
  Unknown time creates no Hour Pillar and Luck Cycle still requires explicit calculation sex.
  Historical Core validation mode, MPA dispatch authority, HDR block, NUM path and Interpretation boundary remain preserved.
✓ MCD-4 current AST+BZR execution successor passed; historical MCD-4 runtime remains immutable.

> check:mcd-5
> node scripts/run-zero-cost-regression.mjs check:mcd-5

✓ MCD-5 Canonical Method Projection passed.
  Core Runtime schemas are isolated; NUM values are whitelisted into the stable client contract, AST/BZR unknowns remain explicit, and Interpretation stays excluded.
  HDR has a validation-only renderer contract but no Production client projection and no restricted vocabulary leakage.
✓ MCD AST+BZR Production Adapter successor passed.
  AST executes governed Core 10 planetary calculation; Houses, Aspects and Nodes remain absent.
  BZR executes exact solar-term/true-solar Four Pillars; Luck Cycle reference Jie crosses one adjacent Gregorian year through the same Astronomy Engine authority when required.
  Unknown time creates no Hour Pillar and Luck Cycle still requires explicit calculation sex.
  Historical Core validation mode, MPA dispatch authority, HDR block, NUM path and Interpretation boundary remain preserved.
✓ MCD-5 current AST+BZR Canonical Projection successor freeze passed.
  Historical MCD-5 projection bytes remain immutable; only the versioned API/current projection consumer advances to physical AST/BZR execution.

> check:mcd-6
> node scripts/run-zero-cost-regression.mjs check:mcd-6

✓ MCD-6 → MCD-7 Dynamic Renderer successor passed.
  Frozen MCD-6 renderer code is byte-preserved; MCD-7 consumes it without changing renderer authority, while the restricted renderer remains validation-only.

> check:mcd-7
> node scripts/run-zero-cost-regression.mjs check:mcd-7

✓ MCD-7 historical Personal Runtime contract preserved; P1 canonical Personal Reality successor aligned.
  Retired Personal Runtime presentation stays deleted while MCD-7 runtime/registry authority and canonical specialist successors remain intact.

> check:mcd-8
> node scripts/run-zero-cost-regression.mjs check:mcd-8

✓ MCD-8 current authority + presentation decoupling passed.
  Professional Workspace / External Reader presentation may evolve; MPA dispatch, Guided Reading handoff, renderer scope and restricted-method boundaries remain fail-closed.

> check:phase20
> node scripts/run-zero-cost-regression.mjs check:phase20

✓ PHASE 20 Unified Production Integration passed: 15/15 systems mapped through existing authorities and governed handoffs.
  HDR remains blocked; Academy live delivery, RJX human UX, PDS browser and WPR operational gates remain explicit.
  Repository integration is frozen without creating a global Production Freeze.

> check:phase21
> node scripts/run-zero-cost-regression.mjs check:phase21

✓ PHASE 21 Final Production Acceptance passed: 9 domains / 44 required facts are repository-evidence complete.
  Knowledge, Method, Input, Projection, Guided Reading, Reality Journey, PJA/CAR and AI boundaries passed.
  HDR history and validation are preserved while Production dispatch, Professional release and restricted public leakage remain blocked.
  External deployment and human-browser gates remain visible; no global Production Freeze was synthesized.

> check:px2
> node scripts/run-zero-cost-regression.mjs check:px2

✓ PX2 → Stage16 → CX-P1 current public IA successor passed.
  Current navigation is validated from the exported semantic CX_NAVIGATION authority, not whitespace-sensitive source formatting.
  PRE-R20 shared-file reconciliation passed: locale keeps safe dual-key persistence plus dynamic cross-perspective localization; Personal Reality keeps the parallel customer-surface hotfix.
  P1 browser acceptance is recorded and seven retired presentation files are physically deleted; Stage16 remains historical evidence only.

> check:iching-line-corpus-current
> node scripts/run-zero-cost-regression.mjs check:iching-line-corpus-current

✓ ICHI-W17/W18 canonical text successor passed: 64/64 hexagram texts and 384/384 unique line positions are source-bound.
✓ 384/384 changing-line Runtime cases selected the exact bound line; no model gap-fill, fate, reality-truth or professional authority was created.
  Content witness coverage is complete. Human interpretation review and live activation gates remain fail-closed.

> check:iching-current
> node scripts/run-zero-cost-regression.mjs check:iching-current

✓ I Ching current release authority passed: ICHING-1.0.1 is the single source authority for durable FULL_PRODUCTION.
  globalPublicExecution=true; guestPersistenceAllowed=true with explicit retention consent; initial promotion is exact-SHA, then release-scoped authority survives unrelated site commits.

> check:iching-release-freeze
> node scripts/run-zero-cost-regression.mjs check:iching-release-freeze

✓ ICHING-1.0.1 current release freeze successor passed.
  Calculation/corpus/backend artifacts remain SHA-exact; the requested ritual interaction has an explicit local successor, with sensory acceptance still pending; the I Ching customer surface may use the accepted CX canonical Ask route without reopening I Ching semantics.

> check:cx-r12r3b
> node scripts/run-zero-cost-regression.mjs check:cx-r12r3b

✓ CX-R12R3B W0–W60 shared Method Interpretation Layer passed.
  AST, NUM, BZR and ZWR remain independent calculation/projection perspectives and consume one shared composition, graph, validation and handoff successor.
  96 fixed human-review cases are prepared; HUMAN_REVIEWED, CUSTOMER_PUBLISHABLE, LIVE_BROWSER_ACCEPTED and FULL_PRODUCTION remain false without external evidence.

> check:cx-r12r4
> node scripts/run-zero-cost-regression.mjs check:cx-r12r4


> check:cx-r12r3b
> node scripts/run-zero-cost-regression.mjs check:cx-r12r3b

✓ CX-R12R3B W0–W60 shared Method Interpretation Layer passed.
  AST, NUM, BZR and ZWR remain independent calculation/projection perspectives and consume one shared composition, graph, validation and handoff successor.
  96 fixed human-review cases are prepared; HUMAN_REVIEWED, CUSTOMER_PUBLISHABLE, LIVE_BROWSER_ACCEPTED and FULL_PRODUCTION remain false without external evidence.
✓ CX-R12R4 W0–W9 Personal Reality Reading Experience passed.
  /perspectives/personal/ remains the sole customer authority; historical R12R4 intake and reading-contract boundaries now hand off to the frozen PPR-R3 specialist product host without requiring the retired static Reading Map mount.
✓ CX-R12R4 W10–W19 source completion passed.
  Historical R12R4 graph/structure/pattern/context/reality/source contracts and P2 assets remain source-accepted while the frozen PPR-R3 specialist host owns the current customer result surface; W18 historical browser/human claims remain unchanged.

> check:cx-r12r4a
> node scripts/run-zero-cost-regression.mjs check:cx-r12r4a

✓ CX-R12R4A Personal Reading Experience cutover and humanization passed.
  PASS2B humanization contracts remain valid, while the frozen PPR-R3 specialist product host now owns the live reading surface; historical Reading Map copy is no longer required as a static HTML mount.

> check:cx-r12r4b
> node scripts/run-zero-cost-regression.mjs check:cx-r12r4b


> check:cx-r12r4b:phase-a
> node scripts/run-zero-cost-regression.mjs check:cx-r12r4b:phase-a

✓ Zi Wei meaning runtime projection matches all four governed JSON authorities.
✓ Zi Wei runtime projection matches all three governed calculation and dispatch JSON authorities.
✓ CX-R12R4B Phase A 48-case replay campaign is deterministic.
✓ CX-R12R4B W00–W08 Phase A four-method live cutover passed.
  48/48 governed live replays reproduced calculation, resolved admitted composition, generated customer interpretation, preserved lineage, and kept internal states outside the primary customer model.
  Acceptance is ruleset admission, not a claim that any live customer projection received individual human review.

> check:cx-r12r4b:hdr-audit
> node scripts/run-zero-cost-regression.mjs check:cx-r12r4b:hdr-audit

✓ CX-R12R4B W09 HDR frozen audit baseline remains intact across 230 historical candidates.
  7 later matching successor candidate(s) are tolerated without rewriting the W09 census.
✓ CX-R12R4B W09 definitive Human Design repository audit passed.
  Existing calculation/projection must be reused; W10 public identity activation and W11 source authority remain fail-closed because rights, authorized mappings, production meaning, dispatch and customer publication are unresolved.

> check:cx-r12r4b:r1
> node scripts/run-zero-cost-regression.mjs check:cx-r12r4b:r1

✓ CX-R12R4B R1 W11R–W15R External Profile Authority + Upload Intake passed.
  Historical R1 keeps its six manual advanced fields; HD W11 admits customer-supplied Variable as an explicit successor without rewriting the R1 freeze.

> check:cx-r12r4b:r2
> node scripts/run-zero-cost-regression.mjs check:cx-r12r4b:r2

✓ CX-R12R4B R2 W16R–W21R External Profile extraction, confirmation, provenance and HDR shadow validation passed.
  Upload-derived fields remain unconfirmed candidates until customer confirmation; Cloudflare document conversion creates no meaning; HDR remains internal validation-only and cannot overwrite XPF.

> check:cx-r12r4b:r3r1
> node scripts/run-zero-cost-regression.mjs check:cx-r12r4b:r3r1

✓ ECR book-aligned core projection + CC12/M8/H64/A8 projections are deterministic and current.
✓ CX-R12R4B R3R1 Book I core theory / ECR ontology reconciliation passed.
  G16/Q16/R9/D12 reuse core Book I authority; M8/A8 use founder first-party PHI Mandala authority; H64 is derived environment-first from canonical I Ching structure; W31R calculation may proceed without A8 blocking.

> check:cx-r12r4b:r4
> node scripts/run-zero-cost-regression.mjs check:cx-r12r4b:r4


> check:ecr-r4-authority-drift
> node scripts/run-zero-cost-regression.mjs check:ecr-r4-authority-drift

{
  "pass": true,
  "sourceEntries": 81,
  "derivedH64": 64,
  "registryEntries": 145,
  "runtimeEntries": 145,
  "d11": "Embodiment",
  "h17": "The environment-priority configuration emphasizes flow in the surrounding field while the embodied response position emphasizes containment. This is an ECR structural convention, not an I Ching fortune claim.",
  "staleTokenHits": 0
}
PASS ECR R4 authority drift: source → registry → runtime aligned; no stale positionemphasizes artifact found.
✓ ECR R4 generated authorities are current.
  Atomic meanings: 145 (81 source + 64 derived H64).
✓ ECR R4 machine/review campaign is current.
  Machine 64/64; human review 48/48 accepted.
✓ CX-R12R4B R4 ECR calculation + meaning + human-review production closure passed.
  W31R deterministic projection and validator complete; W32R has 145 first-party atomic meanings; W33R machine is 64/64 and human review is 48/48 accepted, ready for R5 admission verification.

> check:cx-r12r4b:r5
> node scripts/run-zero-cost-regression.mjs check:cx-r12r4b:r5

✓ ECR R5 production admission is current.
  Machine 64/64; human 48/48; ECR composition rules admitted for customer publication.
✓ CX-R12R4B R5 W33R ECR machine / human / production admission passed.
  Machine 64/64; human review 48/48; ECR is customer-publishable through the shared admitted-composition runtime without promoting HDR or consuming XPF as calculation authority.

> check:cx-r12r4b:smr
> node scripts/run-zero-cost-regression.mjs check:cx-r12r4b:smr

✓ CX-R12R4B SMR-R2 W0 audit artifacts are current.
✓ CX-R12R4B SMR-R2 W0 failure audit passed: legacy 48 remains SUPERSEDED, not promoted.
✓ CX-R12R4B SMR-R2 W1 method production adapters passed for AST/BZR/ZWR/NUM/ECR.
✓ CX-R12R4B SMR-R2 W1 no-duplicate-method-runtime boundary passed.
✓ CX-R12R4B SMR-R2 W2 Customer Claim IR passed with accepted-authority lineage and fail-closed gaps.
✓ CX-R12R4B SMR-R2 W2 no-renderer-created-meaning boundary passed.
✓ CX-R12R4B SMR-R2 W3 customer priority resolver passed: deterministic authority/evidence/question scoring with explicit priority reasons.
✓ CX-R12R4B SMR-R2 W4 theme composition passed: five related claims collapse into one lineage-bound theme with tension/conditions preserved.
✓ CX-R12R4B SMR-R2 W5 semantic dedup passed across evidence, claim and narrative levels with one primary explanation per cluster.
✓ CX-R12R4B SMR-R2 W6 information-gain eligibility passed: empty sections suppress, conditional/timing sections require new governed information, technical detail stays appendix-only.
✓ CX-R12R4B SMR-R2 W7 contradiction preservation passed: support/tension/condition/counterbalance/open remain explicit and dedup cannot erase required contradiction.
✓ CX-R12R4B SMR-R2 W8 Customer Narrative IR passed: admitted-text-only narrative, preserved tension/conditions, deterministic dedup, structured why-this-reading and collapsed technical appendix.
✓ CX-R12R4B SMR-R2 W9 Reading IA passed: customer-order body, conditional section eligibility, three-level progressive disclosure and no method-object/technical takeover.
✓ CX-R12R4B SMR-R2 W10 layout passed: bounded first screen, single IA across web/mobile/print, collapsed technical detail, mobile safety and print break policy.
✓ CX-R12R4B SMR-R2 W11 competitive benchmark passed: six product references, 12 UX/coverage dimensions, no web meaning authority and conservative pre-render comparison states.
✓ ECR benchmark authority guard: D11 Earth / Embodiment.
✓ R2 AST benchmark current: BENCHMARK_GENERATED_UPSTREAM_GAPS_OPEN; PASS 7, PARTIAL 1, UPSTREAM_GAP 1.
✓ R2 BZR benchmark current: BENCHMARK_GENERATED_UPSTREAM_GAPS_OPEN; PASS 4, PARTIAL 5, UPSTREAM_GAP 2.
✓ R2 ZWR benchmark current: BENCHMARK_GENERATED_UPSTREAM_GAPS_OPEN; PASS 5, PARTIAL 4, UPSTREAM_GAP 1.
✓ R2 NUM benchmark current: BENCHMARK_GENERATED_UPSTREAM_GAPS_OPEN; PASS 6, PARTIAL 0, UPSTREAM_GAP 3.
✓ R2 ECR benchmark current: BENCHMARK_MACHINE_READY; PASS 8, PARTIAL 0, UPSTREAM_GAP 0.
✓ CX-R12R4B SMR-R2 W12-W16 five method benchmark pack is current; human acceptance remains 0/0/5 pending.
✓ R2-W17 founder benchmark human acceptance admitted: 5/5 accepted; W18 bulk diversity campaign allowed.
✓ R2-W18 structural diversity campaign passed: 40/40; native=40, priority=34, theme=21, support/tension=9, section=4.
✓ R2-W19 review pack integrity passed: original 20 cases preserved and human results are 20/20 accepted.
✓ R2-W19 product-integration human review passed 20/20.
✓ W20 canonical SMR production passed: W17 5/5 + W18 40/40 + W19 20/20; five methods use the canonical single-method-reading namespace and the v2 production schema.
✓ W20D legacy absence passed: canonical SMR only; 1 legacy implementation records deleted, 2 same-path runtime replaced, 47 immutable evidence records archived.
✓ CX-R12R4B canonical SMR W0–W20 + W20D aggregate passed.

> check:cross-final-production-admission
> node scripts/run-zero-cost-regression.mjs check:cross-final-production-admission

✓ R2-W21/W21A Cross input freeze passed: 5/5 CUSTOMER_PUBLISHABLE methods; XPF confirmed context optional; HDR internal-only; SMR prose backfeed rejected.
✓ R2-W22 Cross semantic foundation passed: 16 shared dimensions; 20/20 current CUSTOMER_PUBLISHABLE claims mapped; XPF context stays contextual; currentRealityRefs remain empty.
✓ R2-W23 Cross composition passed: 10 governed cross claims; support types {"COMMON":1,"COMPLEMENTARY":4,"TENSION":0,"CONTEXT_DEPENDENT":5,"OPEN":0}; every claim has >=2 distinct CUSTOMER_PUBLISHABLE method refs; no voting/percentage/proof language.
✓ R2-W21–W23 Cross-pre + semantic foundation + governed composition aggregate passed; customer Cross cutover remains closed.
✓ R2-W24 Cross machine campaign passed: 64/64; 8 canonical inputs × 8 method sets; reading digests 64/64 unique; unmapped claims 0.
✓ R2-W25 Cross human admission passed: 36/36 accepted, 0 rejected, 0 pending; explicit founder declaration recorded and machine acceptance cannot substitute for it.
✓ R2-W26 Cross final production gate passed: W24 64/64 machine + W25 36/36 human; 2–5 method production builder deterministic; customer combinedReading API + governed renderer cutover active; Current Reality remains separately gated.

> check:tarot-current
> node scripts/run-zero-cost-regression.mjs check:tarot-current

✓ TSCP-W8/W9 + question guidance passed: 8/8 human accepted; TAROT-1.1.0 FULL_PRODUCTION; deterministic focus guidance, broad-question narrowing and explainable spread recommendation are current.
✓ Tarot TAROT-1.1.0 current passed: 8/8 TSCP human acceptance, 8 governed spreads, question guidance/narrowing, no customer source disclosure, permanent FULL_PRODUCTION authority, and real 1/5/6/10-card manual executions passed.
✓ Tarot current v8 passed: TAROT-1.1.0 TSCP + guided customer questioning are current.

> check:tarot-r2-artwork
> node scripts/run-zero-cost-regression.mjs check:tarot-r2-artwork

✓ Tarot R2 artwork current passed: 78 RWS WebP cards + PHI OS card back use self-hosted R2 delivery, while Wikimedia/Commons provenance remains preserved and customer CSP no longer requires Wikimedia hotlinking.

> check:bazi-full-production
> node scripts/run-zero-cost-regression.mjs check:bazi-full-production


> check:bazi-fp-w0-w4
> node scripts/run-zero-cost-regression.mjs check:bazi-fp-w0-w4

✓ BAZI-FP-W0–W4 engineering foundation passed.
  W0 audit + BZR-R1 four-tier source strategy + W1 chart IR + W2 evidence-only seasonal/strength + W3 relations + W4 ten-god structural classification are deterministic.
  No predecessor freeze is rewritten, no second Canonical Method Projection is created, and production verdicts remain fail-closed until source claims receive human admission.

> check:bazi-fp-w5-w6
> node scripts/run-zero-cost-regression.mjs check:bazi-fp-w5-w6

✓ BZR-R1 Batch 001 source admission + BAZI-FP-W5/W6 foundation ruleset freeze passed.
  Human review: 12/12 ADMIT; admitted successor claims: 12/12 runtime-use allowed.
  W5: source-admitted rule evaluation is active; primary pattern remains fail-closed until detailed formation-condition authority is added.
  W6: three school-qualified rulesets are frozen; useful-god/tiaohou element auto-selection remains fail-closed until element-specific authority is added.

> check:bazi-fp-w7-bzr-r1-batch2
> node scripts/run-zero-cost-regression.mjs check:bazi-fp-w7-bzr-r1-batch2

✓ BAZI-FP-W7 + BZR-R1 Batch 002 checkpoint passed.
  W7: canonical Da Yun cycle facts -> BaZi structural IR, deterministic, no recalculation/current-cycle inference/interpretation.
  Batch 002: 20 detailed W5/W6 claims extracted; 0 admitted; four v2 candidate rulesets remain inactive pending human review.

> check:bazi-fp-w8-bzr-r1-batch2-admission
> node scripts/run-zero-cost-regression.mjs check:bazi-fp-w8-bzr-r1-batch2-admission

✓ BZR-R1 Batch 002 formal admission + BAZI-FP-W5/W6 v2 ruleset freeze + BAZI-FP-W8 passed.
  Batch 002: 20/20 human ADMIT -> 20/20 runtime-use allowed; historical extraction/candidate files remain unchanged.
  W5/W6: v2 detailed source-qualified rulesets are frozen; final pattern/useful-god/tiaohou verdicts remain prerequisite-gated and no universal table was invented.
  W8: governed Liu Nian annual fact × current Da Yun × natal structural interactions are deterministic; transition days fail closed and W9 findings/customer interpretation are not created.

> check:bazi-fp-w9-w10
> node scripts/run-zero-cost-regression.mjs check:bazi-fp-w9-w10

✓ BAZI-FP-W9/W10 structural findings + interpretation evidence graph passed.
  W9: 14 chart-level findings from W1-W8; pillar position is evidence, not a repeated finding type.
  W9: 3 pattern candidates remain candidates; 3 school-qualified W6 views remain separate/open; current Da Yun and Liu Nian activations are structural only.
  W10: 44 nodes / 44 edges; every finding has evidence + authority lineage and unknown boundaries remain visible.
  No customer interpretation, outcome scoring, cross-school merge, contradiction resolution, semantic deduplication or event prediction is created at W9/W10.

> check:bazi-fp-w11-w13
> node scripts/run-zero-cost-regression.mjs check:bazi-fp-w11-w13

✓ BAZI-FP-W11–W13 composition + contradiction + semantic dedup passed.
  W11: 14 W9 findings -> 7 composition units; pattern alternatives stay together and 3 schools stay separate.
  W12: 7 units classified without deletion; states {"QUALIFIED":1,"BOUNDED_BY_UNKNOWN":1,"SUPPORTED":1,"ALTERNATIVES_OPEN":1,"SCHOOL_VIEW_OPEN":3}; explicit synthetic counter-evidence is preserved as COUNTERBALANCED.
  W13: 7 semantic clusters / 7 primary render owners; exact duplicate and new-information derivative negative cases passed.
  No customer narrative, winner-by-majority school merge, hidden verdict, good/bad scoring or event prediction is created; W14 Reading IR is next.

> check:bazi-fp-w14-w16
> node scripts/run-zero-cost-regression.mjs check:bazi-fp-w14-w16

✓ BAZI-FP-W14–W16 authority preserved; P1 canonical Personal Reality BaZi successor aligned.
  W14: 7 deduplicated render owners, 5 visible unknowns, 4 pillar chart cells.
  W15: 6 narrative sections, 3 separate school views, 8 Luck Cycle entries.
  W16 historical frontend assets remain governed while the retired Personal Runtime host stays deleted and BaZi renders through the canonical specialist successor.

> check:bazi-fp-w17-w18
> node scripts/run-zero-cost-regression.mjs check:bazi-fp-w17-w18

✓ BAZI-FP-W17/W18 machine campaign + human review readiness passed.
  W17: 96/96 machine cases passed; 12 month branches, 10 Day Masters, 10 natal relation types, 15 temporal relation types.
  Diversity: 24 three-pillar, 72 four-pillar, 12 transition-day, 12 current-Luck-Cycle unavailable, 12 annual unavailable.
  W18: 24 diversity-selected cases are review-ready; human acceptance remains 0/24 with 24 pending.

> check:bazi-fp-w18-w19
> node scripts/run-zero-cost-regression.mjs check:bazi-fp-w18-w19

✓ BAZI-FP-W18 formal human admission + W19 full-production gate/freeze passed.
  W18: 24/24 human ACCEPT; 0 revision, 0 reject, 0 pending.
  W17 regression after W19 gate: 96/96 machine cases remain byte-stable at Reading/Report digest level.
  W19: BAZI-FP-v1.0.0 FULL_PRODUCTION_FROZEN; publication envelope is fail-closed and customer-publishable.

> check:bazi-fp-r2
> node scripts/run-zero-cost-regression.mjs check:bazi-fp-r2

PASS BAZI-FP-R2 final structural verdict: GEN-01 resolves three-harmony configuration, strength, primary pattern and school-qualified useful-god views.

> check:ziwei-full-production
> node scripts/run-zero-cost-regression.mjs check:ziwei-full-production


> check:ziwei-fp-w0-w4
> node scripts/run-zero-cost-regression.mjs check:ziwei-fp-w0-w4

✓ ZIWEI-FP-W0–W4 engineering foundation passed.
  W0 audit + W1 derived canonical chart + W2 component authority + W3 28-star engineering placement + W4 source-explicit star states are deterministic.
  Existing 20-star production projection, Human-frozen transformation table and ZWD dynamic authority remain unchanged.
  New eight-star and star-state rules remain production-blocked until source claims are human-admitted; UNSPECIFIED states are never guessed as PING.

> check:ziwei-source-admission
> node scripts/run-zero-cost-regression.mjs check:ziwei-source-admission

✓ ZIWEI Source-Claim Batch 001 human admission applied.
  29/29 claims ADMIT; W3/W4 source gates and W5/W6 engineering start gates are open.
  Historical extraction artifacts remain unchanged; customer publication remains closed.

> check:ziwei-fp-w5-w6
> node scripts/run-zero-cost-regression.mjs check:ziwei-fp-w5-w6

✓ ZIWEI-FP-W5/W6 deterministic engineering passed.
  W5: 4 natal + 4 Da Xian + 4 Liu Nian transformations composed without recalculation; palace-stem flying remains deferred.
  W6: 12 palace networks, 6 opposite pairs, 4 trine groups, 12 flank networks and 2 empty-main-star palace reference(s).
  Empty-palace borrowing is reference-only; W7/W8 pattern qualification and customer interpretation remain deferred.

> check:ziwei-fp-w7-w8
> node scripts/run-zero-cost-regression.mjs check:ziwei-fp-w7-w8

✓ ZIWEI-FP-W7/W8 engineering passed.
  W7: 28 stars; 25 same-palace pairs; 160 network-related pairs; 12 palace combination networks.
  W8: registry-driven matcher passed with 10 non-traditional structural candidates; 11 traditional pattern source claims remain fail-closed pending Human review.
  Pending pattern claims cannot execute; no outcome meaning, numeric strength, fortune conclusion or customer cutover was created.

> check:ziwei-fp-w8-admission
> node scripts/run-zero-cost-regression.mjs check:ziwei-fp-w8-admission

✓ ZIWEI-FP-W8 Human-admitted pattern registry passed.
  Batch 002: 11/11 ADMIT; active traditional rules: 11.
  Real calculated chart positively qualified: ZI_FU_TONG_GONG; no outcome text or customer meaning was created.

> check:ziwei-fp-w9-w10
> node scripts/run-zero-cost-regression.mjs check:ziwei-fp-w9-w10

✓ ZIWEI-FP-W9/W10 temporal integration passed.
  W9 Da Xian: 2-11, REVERSE, life branch HAI; 12 role overlays + 4 transformations.
  W10 Liu Nian: 2026 BING/WU, life branch WU; 12 role overlays + 4 transformations.
  Existing ZWD v2 authority was consumed without recalculation; no Liu Yue/Ri/Shi, event prediction, customer meaning or cutover was created.

> check:ziwei-fp-w11
> node scripts/run-zero-cost-regression.mjs check:ziwei-fp-w11

✓ ZIWEI-FP-W11 governed meaning registry passed.
  Active meaning primitives: 65 = 36 legacy + 1 Body emphasis + 8 star states + 5 relationships + 11 patterns + 4 temporal.
  Real W0-W10 fixture: 12 palace meanings, 28 calculated stars (20 standalone meanings available / 8 explicitly blocked), 28 state bindings, 3 current temporal meanings.
  Human-admitted pattern meaning resolved on real chart: 紫府同宫｜结构资格.
  W11 creates meaning primitives only: no W12 finding, support/challenge verdict, event/fortune prediction, professional judgment or customer cutover.

> check:ziwei-fp-w12-w16
> node scripts/run-zero-cost-regression.mjs check:ziwei-fp-w12-w16

✓ ZIWEI-FP-W12–W16 structural interpretation assembly passed.
  W12 findings: 36; 12 palace-core + 12 palace-network findings, 8 visible semantic unknowns, 0 findings with explicit counter-evidence.
  W13 graph: 143 nodes / 287 edges; every finding has evidence + meaning + authority lineage.
  W14 composition: 28 units; 12 duplicated palace semantic keys intentionally handed to W16.
  W15 resolution: 28 units; 1 counterbalanced, 6 bounded by visible unknowns; no strong/weak winner.
  W16 dedup: 28 candidates → 16 semantic clusters; 12 repeated full explanations suppressed, one primary owner per cluster.
  Customer narrative / fortune / event prediction / customer cutover remain closed; W17 Reading IR is next.

> check:ziwei-fp-w17
> node scripts/run-zero-cost-regression.mjs check:ziwei-fp-w17

✓ ZIWEI-FP-W17 Zi Wei Reading IR passed.
  16 deduplicated reading units across 6 sections; 12 context derivatives attached without second full explanations.
  Twelve-palace index: 12/12; visible semantic unknowns: 8; counterbalanced reading units: 1.
  Positive-pattern fixture carries ZI_FU_TONG_GONG from W8 qualification through W17 governed meaning/evidence lineage.
  W17 creates no customer narrative, good/bad score, strong/weak winner, fortune/event prediction, or customer cutover; W18 report composition is next.

> check:ziwei-fp-w18
> node scripts/run-zero-cost-regression.mjs check:ziwei-fp-w18

✓ ZIWEI-FP-W18 deterministic Customer Report Composition passed.
  12/12 palace blocks; 3 timing blocks; 8 visible meaning gaps; exact duplicate customer texts 0.
  Structural read-first focus spans 3 unique palaces; counterbalanced blocks 1; technical evidence remains collapsed by default.
  Positive-pattern fixture carries ZI_FU_TONG_GONG into customer copy as structural qualification only.
  W18 creates customer narrative but no new calculation, meaning, good/bad score, overall strong/weak winner, fortune/event prediction, Human acceptance, or customer cutover.

> check:ziwei-fp-w19
> node scripts/run-zero-cost-regression.mjs check:ziwei-fp-w19

✓ ZIWEI-FP-W19 12-Palace Interactive Chart Surface passed.
  12/12 palaces laid out on 4×4 branch grid; default selection LIFE.
  Focus-tagged palaces 7; open-boundary palaces 6; visible open-boundary items 8.
  W19 consumes only the W18 customer report, keeps one inspector owner per palace, preserves open boundaries, and leaves technical evidence collapsed by default.
  Human acceptance and customer cutover remain explicitly blocked until later works.

> check:ziwei-fp-w20
> node scripts/run-zero-cost-regression.mjs check:ziwei-fp-w20

✓ ZIWEI-FP-W20 Topic Reading passed.
  8 on-demand topics; all 12 palaces referenced across registry; 8 topics currently carry timing evidence.
  Career/wealth/relationship/family/health-wellbeing/travel/home-property/social-network readings reuse W18/W19 authority; no new meaning, advice, compatibility score, or event prediction.

> check:ziwei-fp-w21
> node scripts/run-zero-cost-regression.mjs check:ziwei-fp-w21

✓ ZIWEI-FP-W21 Machine Campaign passed: 96/96; 8/8 deterministic replay; all 12 Life/Body branches represented.

> check:ziwei-fp-w22
> node scripts/run-zero-cost-regression.mjs check:ziwei-fp-w22

✓ ZIWEI-FP-W22 Human admission passed: exact 24-case campaign, 24/24 ACCEPT, 0 pending.
  Human acceptance is recorded from the authorized reviewer declaration; machine results did not substitute for Human decisions.

> check:ziwei-fp-w23
> node scripts/run-zero-cost-regression.mjs check:ziwei-fp-w23

✓ ZIWEI-FP-W23 actual Production Cutover passed: PRODUCTION_CUTOVER_ALLOWED.
  Machine gate 96/96 PASS + Human gate 24/24 ACCEPT; productionAllowed/customerCutoverAllowed/runtimeUseAllowed/defaultCustomerCutover are all true.
  Eight extension-star standalone meaning gaps remain explicitly fail-closed; no fortune, event guarantee, good/bad score, medical claim, financial advice, compatibility score, or silent school merge was activated.

> check:ziwei-cx-r1-w0-w4
> node scripts/run-zero-cost-regression.mjs check:ziwei-cx-r1-w0-w4

✓ ZIWEI-CX-R1-W0–W4 Full Production customer binding passed.
  W0: d16d757 is the frozen Zi Wei FP semantic baseline; 343773f is the current descendant integration checkout; /perspectives/personal/ has one page owner.
  W1: one sourceCalculationIR -> the same canonical projection -> W3–W20 full-production chain; no second natal calculation.
  W2: Zi Wei consumes the shared customer target; date/time/place are customer-visible while IANA timezone/UTC offset remain confirmed hidden transport; birth-timezone fallback is forbidden.
  W3: current successor envelope is CUSTOMER_PUBLISHABLE from W23 96/96 machine + 24/24 Human, while historical W18/W19/W20 boundaries remain unchanged.
  W4: /api/customer-personal-reality returns report + 12-palace surface + 8 topics + current authority + source digests and makes Full Production the primary single-Zi-Wei product.
  Professional Zi Wei page IA/renderer is intentionally still W5+; W0–W4 bind the live governed payload rather than pretending the visual cutover is complete.

> check:ziwei-cx-r1-w15-w16
> node scripts/run-zero-cost-regression.mjs check:ziwei-cx-r1-w15-w16

✓ ZIWEI-CX-R1-W14 Real API + DOM 96-Case Machine Campaign passed.
  96/96 customer API routes; 1152 palace buttons; 768 topic tabs; 288 timing nodes; 0 legacy owners; 0 raw-code leaks.
  96/96 interaction exercises and 8/8 deterministic DOM replays passed.
  English JU_MEN（MIAO） live product-route regression is closed as Ju Men（Miao） while unknown raw identifiers remain fail-closed.
  Human visual and interaction acceptance remains pending for W15.
✓ ZIWEI-CX-R1-W14 Real API + DOM 96-Case Machine Campaign passed.
  96/96 customer API routes; 1152 palace buttons; 768 topic tabs; 288 timing nodes; 0 legacy owners; 0 raw-code leaks.
  96/96 interaction exercises and 8/8 deterministic DOM replays passed.
  English JU_MEN（MIAO） live product-route regression is closed as Ju Men（Miao） while unknown raw identifiers remain fail-closed.
  Human visual and interaction acceptance remains pending for W15.
✓ ZIWEI-CX-R1-W17 Final Actual Customer Surface Activation + printable product passed.
  W23 semantics, server facade, canonical customer API, W18/W19/W20 bindings, route ownership, legacy suppression, W14 96/96 and W15 12/12 are proven together.
  Current 402735e route replay: 96/96; palace buttons 1152; topic tabs 768; timing nodes 288; printable 96/96; deterministic replay 8/8.
  fullProductionVisibleToCustomer=true; print contract PHI-OS-ZIWEI-CX-R1-PRINT-PRODUCT-v1.0.0; current shared PPR baseline remains unmodified by W17.
✓ ZIWEI-CX-R1-W15 admission + W16 Actual Customer Surface Activation passed.
  W15: 12/12 human visual & interaction cases ACCEPT by authorized human declaration; machine substitution=false.
  W16: current 492ecdd baseline replay 96/96; 1152 palace buttons; 768 topic tabs; 288 timing nodes; activation marker 96/96; interaction 96/96; deterministic replay 8/8.
  Full Production is visibly customer-active on /perspectives/personal/ through PPR-R3 + the current Zi Wei specialist renderer; legacy fallback remains fail-closed.
  Shared Personal Reality/API/SMR files remain byte-frozen at the current baseline.

> check:ziwei-cx-r1-w17
> node scripts/run-zero-cost-regression.mjs check:ziwei-cx-r1-w17

✓ ZIWEI-CX-R1-W14 Real API + DOM 96-Case Machine Campaign passed.
  96/96 customer API routes; 1152 palace buttons; 768 topic tabs; 288 timing nodes; 0 legacy owners; 0 raw-code leaks.
  96/96 interaction exercises and 8/8 deterministic DOM replays passed.
  English JU_MEN（MIAO） live product-route regression is closed as Ju Men（Miao） while unknown raw identifiers remain fail-closed.
  Human visual and interaction acceptance remains pending for W15.
✓ ZIWEI-CX-R1-W17 Final Actual Customer Surface Activation + printable product passed.
  W23 semantics, server facade, canonical customer API, W18/W19/W20 bindings, route ownership, legacy suppression, W14 96/96 and W15 12/12 are proven together.
  Current 402735e route replay: 96/96; palace buttons 1152; topic tabs 768; timing nodes 288; printable 96/96; deterministic replay 8/8.
  fullProductionVisibleToCustomer=true; print contract PHI-OS-ZIWEI-CX-R1-PRINT-PRODUCT-v1.0.0; current shared PPR baseline remains unmodified by W17.

> check:ziwei-cx-r1-w17r
> node scripts/run-zero-cost-regression.mjs check:ziwei-cx-r1-w17r

✓ ZIWEI-CX-R1-W17R browser specialist delivery recovery passed.
  Static browser module closure: 7 JS modules / 9 import edges; 0 server-only Functions imports.
  Canonical API returns CUSTOMER_PUBLISHABLE ZWR with approved specialist renderer; specialist plan exposes 12 palaces, 8 topics and 3 timing nodes.
  The generic governed-visual placeholder is no longer the expected visible Zi Wei surface when the specialist module is reachable.

> check:ziwei-pro-r2
> node scripts/run-zero-cost-regression.mjs check:ziwei-pro-r2

✓ ZIWEI-PRO-R2 W2 admission + W8–W12 professional reading successor passed.
  W2: authorized Human declaration recorded as 8/8 ACCEPT; PRO-R2 activation is 28/28 stars, 252/252 professional cells and 336/336 star×palace pairs.
  W8: the existing 11 Human-admitted pattern rules are interpreted in whole-chart context without adding outcome promises.
  W9: governed whole-chart priority returns exactly five distinct customer priorities and retains counter-evidence.
  W10: 12/12 palaces expose professional interpretation units with purpose, composition, network, transformations, alternatives, timing and reality checks.
  W11: 8/8 topics contain actual professional reading sections instead of algorithm-coordinate summaries.
  W12: past 2 + current + future 3 annual structural navigation rows are calculated from the same natal projection; no future event forecast is created.
  This historical W2–W12 gate does not itself grant W13–W17; a valid successor state is accepted and verified by the following cutover gates.

> check:ziwei-content-depth-r3
> node scripts/run-zero-cost-regression.mjs check:ziwei-content-depth-r3

PASS Zi Wei Content Depth R3: section-specific narrative grammar, 33-page architecture preserved, old repeated boilerplate absent.

> check:ziwei-natural-composer-r4
> node scripts/run-zero-cost-regression.mjs check:ziwei-natural-composer-r4

node:internal/modules/run_main:107
    triggerUncaughtException(
    ^

AssertionError [ERR_ASSERTION]: The expression evaluated to a falsy value:

  assert(binding.includes("ziwei-professional-synthesis-r5-generation.js"))

    at file:///C:/phios/scripts/check-ziwei-natural-composer-r4.mjs:51:1
    at ModuleJob.run (node:internal/modules/esm/module_job:439:25)
    at async node:internal/modules/esm/loader:643:26
    at async asyncRunEntryPointWithESMLoader (node:internal/modules/run_main:101:5) {
  generatedMessage: true,
  code: 'ERR_ASSERTION',
  actual: false,
  expected: true,
  operator: '==',
  diff: 'simple'
}

Node.js v24.18.0
