"assetKey","r2ObjectPath","approvalSource","role","pagePosition","detailRoute","desktopRule","mobileRule","loadingStrategy","bindingStatus","disposition","resourceStatus","httpStatus","contentType","bytes","decodeResult","languageException"
"PHIOS-APP-ICON-v1.svg","images/branding/logo/PHIOS-APP-ICON-v1.svg","docs/assets/r2-public/r2-260-display-verification-queue-v1.json; content/registry/public-assets.json; content/customer-experience-rebuild/authority/customer-visual-asset-registry-v4.json","BRAND_IDENTITY","","","contextual","fluid; semantic center preserved","lazy or native component/state","WITHHELD_WITH_REASON","PHIOS-APP-ICON-v1.svg: no additional insertion in this recovery. images/branding/logo already has contextual consumers PHIOS-LOGO-GETPHIOS-COM-LOCKUP-v1.svg, PHIOS-LOGO-PRIMARY-HORIZONTAL-v1.svg, PHIOS-LOGO-PRIMARY-MONO-DARK-v1.svg; a new insertion would not serve the current page question. Historical approval retained.","NOT_RE_REQUESTED_THIS_TASK","","","","NOT_INDIVIDUALLY_DECODED_THIS_TASK","Shared approved original; localized HTML text/alt; brand/source names retained"
"PHIOS-FAVICON-v1.svg","images/branding/logo/PHIOS-FAVICON-v1.svg","docs/assets/r2-public/r2-260-display-verification-queue-v1.json; content/registry/public-assets.json; content/customer-experience-rebuild/authority/customer-visual-asset-registry-v4.json","BRAND_IDENTITY","","","contextual","fluid; semantic center preserved","lazy or native component/state","WITHHELD_WITH_REASON","PHIOS-FAVICON-v1.svg: no additional insertion in this recovery. images/branding/logo already has contextual consumers PHIOS-LOGO-GETPHIOS-COM-LOCKUP-v1.svg, PHIOS-LOGO-PRIMARY-HORIZONTAL-v1.svg, PHIOS-LOGO-PRIMARY-MONO-DARK-v1.svg; a new insertion would not serve the current page question. Historical approval retained.","NOT_RE_REQUESTED_THIS_TASK","","","","NOT_INDIVIDUALLY_DECODED_THIS_TASK","Shared approved original; localized HTML text/alt; brand/source names retained"
"PHIOS-LOGO-GETPHIOS-COM-LOCKUP-v1.svg","images/branding/logo/PHIOS-LOGO-GETPHIOS-COM-LOCKUP-v1.svg","docs/assets/r2-public/r2-260-display-verification-queue-v1.json; content/registry/public-assets.json; content/customer-experience-rebuild/authority/customer-visual-asset-registry-v4.json","BRAND_IDENTITY","/about/; /about/reality-navigation/; /academy/; /academy/lesson/; /academy-lesson.html; /academy.html; /account/; /about/founder/; /account-my-reality.html; /account.html; /ai-disclosure.html; /articles/ai-formation-from-civilizational-capability.html; /articles/body-becomes-layered-and-finite-reality-carrier.html; /articles/book3-article-001.html; /articles/book3-article-002.html; /articles/book3-article-003.html; /articles/book3-article-004.html; /articles/book3-article-005.html; /articles/book3-article-006.html; /articles/book3-article-007.html; /articles/book3-article-008.html; /articles/book3-article-009.html; /articles/book3-article-010.html; /articles/book3-article-011.html; /articles/book3-article-012.html; /articles/book3-article-013.html; /articles/book3-article-014.html; /articles/book3-article-015.html; /articles/book3-article-016.html; /articles/book3-article-017.html; /articles/book3-article-018.html; /articles/book3-article-019.html; /articles/book3-article-020.html; /articles/book3-article-021.html; /articles/book3-article-022.html; /articles/book3-article-023.html; /articles/book3-article-024.html; /articles/book3-article-025.html; /articles/book3-article-026.html; /articles/book3-article-027.html; /articles/book3-article-028.html; /articles/book3-article-029.html; /articles/book3-article-030.html; /articles/book3-article-031.html; /articles/book3-article-032.html; /articles/book3-article-033.html; /articles/book3-article-034.html; /articles/book3-article-035.html; /articles/book3-article-036.html; /articles/book3-article-037.html; /articles/book3-article-038.html; /articles/book3-article-039.html; /articles/book3-article-040.html; /articles/book3-article-041.html; /articles/book3-article-042.html; /articles/book3-article-043.html; /articles/book3-article-044.html; /articles/book3-article-045.html; /articles/book3-article-046.html; /articles/book3-article-047.html; /articles/book3-article-048.html; /articles/book4-article-001.html; /articles/book4-article-002.html; /articles/book4-article-003.html; /articles/book4-article-004.html; /articles/book4-article-005.html; /articles/book4-article-006.html; /articles/book4-article-007.html; /articles/book4-article-008.html; /articles/book4-article-009.html; /articles/book4-article-010.html; /articles/book4-article-011.html; /articles/book4-article-012.html; /articles/book4-article-013.html; /articles/book4-article-014.html; /articles/book4-article-015.html; /articles/book4-article-016.html; /articles/book4-article-017.html; /articles/book4-article-018.html; /articles/book4-article-019.html; /articles/book4-article-020.html; /articles/book4-article-021.html; /articles/book4-article-022.html; /articles/book4-article-023.html; /articles/book4-article-024.html; /articles/book4-article-025.html; /articles/book4-article-026.html; /articles/book4-article-027.html; /articles/book4-article-028.html; /articles/book4-article-029.html; /articles/book4-article-031.html; /articles/book4-article-030.html; /articles/book4-article-032.html; /articles/book4-article-033.html; /articles/book4-article-034.html; /articles/book4-article-035.html; /articles/book4-article-036.html; /articles/book4-article-037.html; /articles/book4-article-038.html; /articles/book4-article-039.html; /articles/book4-article-040.html; /articles/book4-article-041.html; /articles/book4-article-042.html; /articles/book4-article-043.html; /articles/book4-article-044.html; /articles/book4-article-045.html; /articles/book4-article-046.html; /articles/book4-article-047.html; /articles/book4-article-048.html; /articles/book4-article-049.html; /articles/book4-article-050.html; /articles/book4-article-051.html; /articles/book4-article-052.html; /articles/book4-article-053.html; /articles/book5-american-conquests.html; /articles/book5-black-death-and-reorganization.html; /articles/book5-bronze-age-networks.html; /articles/book5-byzantine-succession.html; /articles/book5-civilization-continuity.html; /articles/book5-civilizations-and-states.html; /articles/book5-civilization-scales.html; /articles/book5-classical-worlds.html; /articles/book5-colonial-order.html; /articles/book5-columbian-exchange.html; /articles/book5-comparing-civilizations.html; /articles/book5-complexity-beyond-unity.html; /articles/book5-continental-networks.html; /articles/book5-contingency-and-paths.html; /articles/book5-distance-language-memory.html; /articles/book5-early-civilization-paths.html; /articles/book5-energy-population-disease.html; /articles/book5-geography-water-food.html; /articles/book5-greek-world.html; /articles/book5-industrial-divergence.html; /articles/book5-industrial-organization.html; /articles/book5-industrial-threshold.html; /articles/book5-influence-beyond-territory.html; /articles/book5-iron-and-empires.html; /articles/book5-modern-states-and-empires.html; /articles/book5-mongol-connections.html; /articles/book5-multiple-modernities.html; /articles/book5-ocean-and-desert-networks.html; /articles/book5-oceanic-connections.html; /articles/book5-paths-of-reform.html; /articles/book5-qin-han-coordination.html; /articles/book5-religious-continuity.html; /articles/book5-religious-networks.html; /articles/book5-river-civilizations.html; /articles/book5-roman-expansion.html; /articles/book5-settlement-and-cities.html; /articles/book5-silver-and-global-connections.html; /articles/book5-song-china.html; /articles/book5-tang-and-abbasid.html; /articles/book5-sumerian-cities.html; /articles/book5-translation-and-knowledge.html; /articles/book5-unequal-modernities.html; /articles/book6-africa-latin-america-nonalignment.html; /articles/book6-borders-revolution-soviet-runtime.html; /articles/book6-carrier-migration-projection-thresholds.html; /articles/book6-connection-mobility-future-capacity.html; /articles/book6-decolonization-borders-india.html; /articles/book6-developmentalism-industrialization-outcomes.html; /articles/book6-environment-work-income.html; /articles/book6-expansion-future-atlas.html; /articles/book6-finance-multinationals-computers.html; /articles/book6-globalization-containerization-oil.html; /articles/book6-health-happiness-security.html; /articles/book6-housing-time-work-pressure.html; /articles/book6-internet-supply-chains-global-cities.html; /articles/book6-interwar-economy-crisis-mobilization.html; /articles/book6-japan-east-asia-cold-war.html; /articles/book6-migration-platforms-systemic-risk.html; /articles/book6-network-platform-ai-infrastructure.html; /articles/book6-south-asia-southeast-asia-middle-east.html; /articles/book6-soviet-bloc-and-china.html; /articles/book6-speed-cost-threshold.html; /articles/book6-stage-capacity-alignment-resilience.html; /articles/book6-succession-reform-revolution.html; /articles/book6-un-reconstruction-european-integration.html; /articles/book6-us-system-bretton-woods-dollar.html; /articles/book6-war-crisis-external-pressure.html; /articles/book6-what-is-reconfiguration.html; /articles/book6-world-war-one-and-empires.html; /articles/book6-world-war-two-genocide-nuclear-age.html; /articles/civilization-acceleration-ai-attention-time-productivity.html; /articles/civilization-network-infrastructure-attention-economy.html; /articles/collective-attention-algorithm-viral-runtime.html; /articles/collective-limits-fragmentation-collapse-reconfiguration-maintenance.html; /articles/collective-priority-scarcity-reward-incentive.html; /articles/collective-time-generation-memory-deadline-time-debt.html; /articles/consciousness-visibility-experience-and-self-model.html; /articles/continuous-consciousness-time-memory-and-simulation.html; /articles/culture-economic-runtime-value-storage-credit.html; /articles/decision-choice-and-internal-conflict.html; /articles/dependency-fixed-connections-and-shared-reality-ecology.html; /articles/direction-position-and-coordinates-form-navigation.html; /articles/emotion-adaptation-observation-and-compression.html; /articles/emotion-prediction-regulation-distortion-and-adaptation.html; /articles/experience-selection-stabilization-and-integration.html; /articles/expression-media-influence-and-drift.html; /articles/family-rhythm-emotion-and-reconfiguration.html; /articles/finance-future-debt-capital-narrative-speculation.html; /articles/from-fields-to-interfaces-how-structures-expand-into-synthetic-reality.html; /articles/from-foundational-questions-to-capabilities-and-runtime-drives.html; /articles/from-human-ai-co-projection-to-time-direction-and-reality-grammar.html; /articles/group-polarization-attention-belief-and-narrative.html; /articles/groups-communities-shared-identity-and-reinforced-reality.html; /articles/how-a-conscious-runtime-ends-and-where-ai-differs.html; /articles/how-coordinates-eight-motions-and-activation-windows-organize-change.html; /articles/how-experienced-worlds-are-projected-compressed-and-given-meaning.html; /articles/how-reality-enters-life-through-carriers-senses-and-cognitive-entry.html; /articles/how-shared-reality-forms-through-synchronization-and-connection.html; /articles/how-reality-moves-from-difference-to-navigable-structure.html; /articles/how-structure-position-and-shared-projection-create-different-realities.html; /articles/human-ai-collective-culture-value-coordination-saturation.html; /articles/how-the-body-converts-the-world-into-runtime-state-and-recovers-continuity.html; /articles/identity-feedback-correction-and-experience-update.html; /articles/infinite-reality-compresses-into-finite-problems.html; /articles/initial-state-triggers-embeds-coordinates-and-stabilizes.html; /articles/; /articles/inner-world-thought-and-expression.html; /articles/institution-information-media-platform-runtime.html; /articles/intention-identity-self-model-and-awareness.html; /articles/long-term-relationships-parenting-and-intergenerational-runtime.html; /articles/projection-bias-distortion-stability-and-renewal.html; /articles/projection-makes-reality-experiencable-as-world.html; /articles/relational-influence-suggestion-symbols-capture-and-recovery.html; /articles/resonance-interference-and-shared-runtime-centers.html; /articles/responsibility-commitment-agency-and-identity.html; /articles/runtime-cost-recovery-and-internal-connection-sustain-body.html; /articles/runtime-networks-form-state-feedback-reorganization-and-continuity.html; /articles/self-fragmentation-observation-and-reintegration.html; /articles/shared-reality-exit-memory-collective-field-and-belief.html; /articles/shared-reality-narrative-emotion-identity-value.html; /articles/shared-responsibility-cost-and-next-generation.html; /articles/shared-system-cost-conflict-and-boundaries.html; /articles/structure-forms-from-sustainable-relations.html; /articles/why-more-capability-does-not-guarantee-direction-or-stability.html; /articles/why-explanation-does-not-equal-understanding.html; /articles/why-navigation-begins-with-reality-position.html; /articles/why-reality-is-harder-to-understand-speed-cost-and-reality-grammar.html; /articles/why-phi-os-is-needed.html; /book-one.html; /books/; /books/reality-continuity/; /book-one-preview.html; /books/reality-expansion/; /books/reality-differentiation/; /books/reality-navigation/; /books/reality-observation/; /books/reality-formation/; /books/reality-reconfiguration/; /checkout.html; /contact.html; /digital-product-policy.html; /explore/how-it-works/; /books/reality-runtime/; /explore/; /explore/why-phios/; /explore/start/; /figure.html; /figures/; /free-observation.html; /knowledge/concepts/; /knowledge/ask/; /; /knowledge/; /membership.html; /payment-failure.html; /perspectives/iching/; /payment-success.html; /perspectives/iching/consult/; /perspectives/iching/run/; /perspectives/; /perspectives/phi-configuration/; /perspectives/relationship/; /perspectives/profile/; /perspectives/tarot/; /perspectives/personal/; /professional/appointments/; /privacy.html; /professional/authority/; /professional/external-readers/; /professional/reports/; /professional/; /professional/financial/; /professional-boundary.html; /professional/services/; /professional-appointments.html; /professional-reports.html; /read/book-one/; /reality/; /reality-entry.html; /reality-journey.html; /research/human-reading-systems/; /research/; /research/why-reality-navigation/; /search/; /services.html; /terms.html; /world/; /thesis.html","","contextual","fluid; semantic center preserved","lazy or native component/state","BOUND_AND_BROWSER_DECODED","Actual visible consumer; repeated shared logos and method icons retain functional roles","PASS","200","image/svg+xml","3216718","2172×724","Shared approved original; localized HTML text/alt; brand/source names retained"
"PHIOS-LOGO-MARK-FLAT-v1.svg","images/branding/logo/PHIOS-LOGO-MARK-FLAT-v1.svg","docs/assets/r2-public/r2-260-display-verification-queue-v1.json; content/web-production/registries/client-visual-asset-registry-v1.8.json","BRAND_IDENTITY","","","contextual","fluid; semantic center preserved","lazy or native component/state","WITHHELD_WITH_REASON","PHIOS-LOGO-MARK-FLAT-v1.svg: no additional insertion in this recovery. images/branding/logo already has contextual consumers PHIOS-LOGO-GETPHIOS-COM-LOCKUP-v1.svg, PHIOS-LOGO-PRIMARY-HORIZONTAL-v1.svg, PHIOS-LOGO-PRIMARY-MONO-DARK-v1.svg; a new insertion would not serve the current page question. Historical approval retained.","NOT_RE_REQUESTED_THIS_TASK","","","","NOT_INDIVIDUALLY_DECODED_THIS_TASK","Shared approved original; localized HTML text/alt; brand/source names retained"
"PHIOS-LOGO-MARK-MONO-DARK-v1.svg","images/branding/logo/PHIOS-LOGO-MARK-MONO-DARK-v1.svg","docs/assets/r2-public/r2-260-display-verification-queue-v1.json; content/registry/public-assets.json; content/customer-experience-rebuild/authority/customer-visual-asset-registry-v4.json","BRAND_IDENTITY","","","contextual","fluid; semantic center preserved","lazy or native component/state","WITHHELD_WITH_REASON","PHIOS-LOGO-MARK-MONO-DARK-v1.svg: no additional insertion in this recovery. images/branding/logo already has contextual consumers PHIOS-LOGO-GETPHIOS-COM-LOCKUP-v1.svg, PHIOS-LOGO-PRIMARY-HORIZONTAL-v1.svg, PHIOS-LOGO-PRIMARY-MONO-DARK-v1.svg; a new insertion would not serve the current page question. Historical approval retained.","NOT_RE_REQUESTED_THIS_TASK","","","","NOT_INDIVIDUALLY_DECODED_THIS_TASK","Shared approved original; localized HTML text/alt; brand/source names retained"
"PHIOS-LOGO-MARK-MONO-LIGHT-v1.svg","images/branding/logo/PHIOS-LOGO-MARK-MONO-LIGHT-v1.svg","docs/assets/r2-public/r2-260-display-verification-queue-v1.json; content/registry/public-assets.json; content/customer-experience-rebuild/authority/customer-visual-asset-registry-v4.json","BRAND_IDENTITY","","","contextual","fluid; semantic center preserved","lazy or native component/state","WITHHELD_WITH_REASON","PHIOS-LOGO-MARK-MONO-LIGHT-v1.svg: no additional insertion in this recovery. images/branding/logo already has contextual consumers PHIOS-LOGO-GETPHIOS-COM-LOCKUP-v1.svg, PHIOS-LOGO-PRIMARY-HORIZONTAL-v1.svg, PHIOS-LOGO-PRIMARY-MONO-DARK-v1.svg; a new insertion would not serve the current page question. Historical approval retained.","NOT_RE_REQUESTED_THIS_TASK","","","","NOT_INDIVIDUALLY_DECODED_THIS_TASK","Shared approved original; localized HTML text/alt; brand/source names retained"
"PHIOS-LOGO-MARK-v1.svg","images/branding/logo/PHIOS-LOGO-MARK-v1.svg","docs/assets/r2-public/r2-260-display-verification-queue-v1.json; content/registry/public-assets.json; content/customer-experience-rebuild/authority/customer-visual-asset-registry-v4.json","BRAND_IDENTITY","","","contextual","fluid; semantic center preserved","lazy or native component/state","WITHHELD_WITH_REASON","PHIOS-LOGO-MARK-v1.svg: no additional insertion in this recovery. images/branding/logo already has contextual consumers PHIOS-LOGO-GETPHIOS-COM-LOCKUP-v1.svg, PHIOS-LOGO-PRIMARY-HORIZONTAL-v1.svg, PHIOS-LOGO-PRIMARY-MONO-DARK-v1.svg; a new insertion would not serve the current page question. Historical approval retained.","NOT_RE_REQUESTED_THIS_TASK","","","","NOT_INDIVIDUALLY_DECODED_THIS_TASK","Shared approved original; localized HTML text/alt; brand/source names retained"
"PHIOS-LOGO-PRIMARY-HORIZONTAL-v1.svg","images/branding/logo/PHIOS-LOGO-PRIMARY-HORIZONTAL-v1.svg","docs/assets/r2-public/r2-260-display-verification-queue-v1.json; content/registry/public-assets.json; content/customer-experience-rebuild/authority/customer-visual-asset-registry-v4.json","BRAND_IDENTITY","/about/reality-navigation/; /about/founder/; /account-my-reality.html; /ai-disclosure.html; /articles/why-explanation-does-not-equal-understanding.html; /articles/why-navigation-begins-with-reality-position.html; /articles/why-phi-os-is-needed.html; /book-one.html; /books/reality-continuity/; /book-one-preview.html; /books/reality-expansion/; /books/reality-differentiation/; /books/reality-navigation/; /books/reality-observation/; /books/reality-formation/; /books/reality-reconfiguration/; /checkout.html; /contact.html; /digital-product-policy.html; /books/reality-runtime/; /external-reader-intake.html; /figure.html; /free-observation.html; /membership.html; /payment-failure.html; /payment-success.html; /privacy.html; /professional/external-readers/; /professional-data-privacy.html; /professional-consent-sharing.html; /read/book-one/; /professional-workspace.html; /reality-journey.html; /research/human-reading-systems/; /research/; /research/why-reality-navigation/; /terms.html; /world/; /thesis.html","","contextual","fluid; semantic center preserved","lazy or native component/state","BOUND_AND_BROWSER_DECODED","Actual visible consumer; repeated shared logos and method icons retain functional roles","PASS","200","image/svg+xml","2592245","2172×724","Shared approved original; localized HTML text/alt; brand/source names retained"
"PHIOS-LOGO-PRIMARY-MONO-DARK-v1.svg","images/branding/logo/PHIOS-LOGO-PRIMARY-MONO-DARK-v1.svg","docs/assets/r2-public/r2-260-display-verification-queue-v1.json; content/registry/public-assets.json; content/customer-experience-rebuild/authority/customer-visual-asset-registry-v4.json","BRAND_IDENTITY","/about/; /academy/; /academy/lesson/; /academy-lesson.html; /academy.html; /account/; /account.html; /articles/ai-formation-from-civilizational-capability.html; /articles/body-becomes-layered-and-finite-reality-carrier.html; /articles/book3-article-001.html; /articles/book3-article-002.html; /articles/book3-article-003.html; /articles/book3-article-004.html; /articles/book3-article-005.html; /articles/book3-article-006.html; /articles/book3-article-007.html; /articles/book3-article-008.html; /articles/book3-article-009.html; /articles/book3-article-010.html; /articles/book3-article-011.html; /articles/book3-article-012.html; /articles/book3-article-013.html; /articles/book3-article-014.html; /articles/book3-article-015.html; /articles/book3-article-016.html; /articles/book3-article-017.html; /articles/book3-article-018.html; /articles/book3-article-019.html; /articles/book3-article-020.html; /articles/book3-article-021.html; /articles/book3-article-022.html; /articles/book3-article-023.html; /articles/book3-article-024.html; /articles/book3-article-025.html; /articles/book3-article-026.html; /articles/book3-article-027.html; /articles/book3-article-028.html; /articles/book3-article-029.html; /articles/book3-article-030.html; /articles/book3-article-031.html; /articles/book3-article-032.html; /articles/book3-article-033.html; /articles/book3-article-034.html; /articles/book3-article-035.html; /articles/book3-article-036.html; /articles/book3-article-037.html; /articles/book3-article-038.html; /articles/book3-article-039.html; /articles/book3-article-040.html; /articles/book3-article-041.html; /articles/book3-article-042.html; /articles/book3-article-043.html; /articles/book3-article-044.html; /articles/book3-article-045.html; /articles/book3-article-046.html; /articles/book3-article-047.html; /articles/book3-article-048.html; /articles/book4-article-001.html; /articles/book4-article-002.html; /articles/book4-article-003.html; /articles/book4-article-004.html; /articles/book4-article-005.html; /articles/book4-article-006.html; /articles/book4-article-007.html; /articles/book4-article-008.html; /articles/book4-article-009.html; /articles/book4-article-010.html; /articles/book4-article-011.html; /articles/book4-article-012.html; /articles/book4-article-013.html; /articles/book4-article-014.html; /articles/book4-article-015.html; /articles/book4-article-016.html; /articles/book4-article-017.html; /articles/book4-article-018.html; /articles/book4-article-019.html; /articles/book4-article-020.html; /articles/book4-article-021.html; /articles/book4-article-022.html; /articles/book4-article-023.html; /articles/book4-article-024.html; /articles/book4-article-025.html; /articles/book4-article-026.html; /articles/book4-article-027.html; /articles/book4-article-028.html; /articles/book4-article-029.html; /articles/book4-article-031.html; /articles/book4-article-030.html; /articles/book4-article-032.html; /articles/book4-article-033.html; /articles/book4-article-034.html; /articles/book4-article-035.html; /articles/book4-article-036.html; /articles/book4-article-037.html; /articles/book4-article-038.html; /articles/book4-article-039.html; /articles/book4-article-040.html; /articles/book4-article-041.html; /articles/book4-article-042.html; /articles/book4-article-043.html; /articles/book4-article-044.html; /articles/book4-article-045.html; /articles/book4-article-046.html; /articles/book4-article-047.html; /articles/book4-article-048.html; /articles/book4-article-049.html; /articles/book4-article-050.html; /articles/book4-article-051.html; /articles/book4-article-052.html; /articles/book4-article-053.html; /articles/book5-american-conquests.html; /articles/book5-black-death-and-reorganization.html; /articles/book5-bronze-age-networks.html; /articles/book5-byzantine-succession.html; /articles/book5-civilization-continuity.html; /articles/book5-civilizations-and-states.html; /articles/book5-civilization-scales.html; /articles/book5-classical-worlds.html; /articles/book5-colonial-order.html; /articles/book5-columbian-exchange.html; /articles/book5-comparing-civilizations.html; /articles/book5-complexity-beyond-unity.html; /articles/book5-continental-networks.html; /articles/book5-contingency-and-paths.html; /articles/book5-distance-language-memory.html; /articles/book5-early-civilization-paths.html; /articles/book5-energy-population-disease.html; /articles/book5-geography-water-food.html; /articles/book5-greek-world.html; /articles/book5-industrial-divergence.html; /articles/book5-industrial-organization.html; /articles/book5-industrial-threshold.html; /articles/book5-influence-beyond-territory.html; /articles/book5-iron-and-empires.html; /articles/book5-modern-states-and-empires.html; /articles/book5-mongol-connections.html; /articles/book5-multiple-modernities.html; /articles/book5-ocean-and-desert-networks.html; /articles/book5-oceanic-connections.html; /articles/book5-paths-of-reform.html; /articles/book5-qin-han-coordination.html; /articles/book5-religious-continuity.html; /articles/book5-religious-networks.html; /articles/book5-river-civilizations.html; /articles/book5-roman-expansion.html; /articles/book5-settlement-and-cities.html; /articles/book5-silver-and-global-connections.html; /articles/book5-song-china.html; /articles/book5-tang-and-abbasid.html; /articles/book5-sumerian-cities.html; /articles/book5-translation-and-knowledge.html; /articles/book5-unequal-modernities.html; /articles/book6-africa-latin-america-nonalignment.html; /articles/book6-borders-revolution-soviet-runtime.html; /articles/book6-carrier-migration-projection-thresholds.html; /articles/book6-connection-mobility-future-capacity.html; /articles/book6-decolonization-borders-india.html; /articles/book6-developmentalism-industrialization-outcomes.html; /articles/book6-environment-work-income.html; /articles/book6-expansion-future-atlas.html; /articles/book6-finance-multinationals-computers.html; /articles/book6-globalization-containerization-oil.html; /articles/book6-health-happiness-security.html; /articles/book6-housing-time-work-pressure.html; /articles/book6-internet-supply-chains-global-cities.html; /articles/book6-interwar-economy-crisis-mobilization.html; /articles/book6-japan-east-asia-cold-war.html; /articles/book6-migration-platforms-systemic-risk.html; /articles/book6-network-platform-ai-infrastructure.html; /articles/book6-south-asia-southeast-asia-middle-east.html; /articles/book6-soviet-bloc-and-china.html; /articles/book6-speed-cost-threshold.html; /articles/book6-stage-capacity-alignment-resilience.html; /articles/book6-succession-reform-revolution.html; /articles/book6-un-reconstruction-european-integration.html; /articles/book6-us-system-bretton-woods-dollar.html; /articles/book6-war-crisis-external-pressure.html; /articles/book6-what-is-reconfiguration.html; /articles/book6-world-war-one-and-empires.html; /articles/book6-world-war-two-genocide-nuclear-age.html; /articles/civilization-acceleration-ai-attention-time-productivity.html; /articles/civilization-network-infrastructure-attention-economy.html; /articles/collective-attention-algorithm-viral-runtime.html; /articles/collective-limits-fragmentation-collapse-reconfiguration-maintenance.html; /articles/collective-priority-scarcity-reward-incentive.html; /articles/collective-time-generation-memory-deadline-time-debt.html; /articles/consciousness-visibility-experience-and-self-model.html; /articles/continuous-consciousness-time-memory-and-simulation.html; /articles/culture-economic-runtime-value-storage-credit.html; /articles/decision-choice-and-internal-conflict.html; /articles/dependency-fixed-connections-and-shared-reality-ecology.html; /articles/direction-position-and-coordinates-form-navigation.html; /articles/emotion-adaptation-observation-and-compression.html; /articles/emotion-prediction-regulation-distortion-and-adaptation.html; /articles/experience-selection-stabilization-and-integration.html; /articles/expression-media-influence-and-drift.html; /articles/family-rhythm-emotion-and-reconfiguration.html; /articles/finance-future-debt-capital-narrative-speculation.html; /articles/from-fields-to-interfaces-how-structures-expand-into-synthetic-reality.html; /articles/from-foundational-questions-to-capabilities-and-runtime-drives.html; /articles/from-human-ai-co-projection-to-time-direction-and-reality-grammar.html; /articles/group-polarization-attention-belief-and-narrative.html; /articles/groups-communities-shared-identity-and-reinforced-reality.html; /articles/how-a-conscious-runtime-ends-and-where-ai-differs.html; /articles/how-coordinates-eight-motions-and-activation-windows-organize-change.html; /articles/how-experienced-worlds-are-projected-compressed-and-given-meaning.html; /articles/how-reality-enters-life-through-carriers-senses-and-cognitive-entry.html; /articles/how-shared-reality-forms-through-synchronization-and-connection.html; /articles/how-reality-moves-from-difference-to-navigable-structure.html; /articles/how-structure-position-and-shared-projection-create-different-realities.html; /articles/human-ai-collective-culture-value-coordination-saturation.html; /articles/how-the-body-converts-the-world-into-runtime-state-and-recovers-continuity.html; /articles/identity-feedback-correction-and-experience-update.html; /articles/infinite-reality-compresses-into-finite-problems.html; /articles/initial-state-triggers-embeds-coordinates-and-stabilizes.html; /articles/; /articles/inner-world-thought-and-expression.html; /articles/institution-information-media-platform-runtime.html; /articles/intention-identity-self-model-and-awareness.html; /articles/long-term-relationships-parenting-and-intergenerational-runtime.html; /articles/projection-bias-distortion-stability-and-renewal.html; /articles/projection-makes-reality-experiencable-as-world.html; /articles/relational-influence-suggestion-symbols-capture-and-recovery.html; /articles/resonance-interference-and-shared-runtime-centers.html; /articles/responsibility-commitment-agency-and-identity.html; /articles/runtime-cost-recovery-and-internal-connection-sustain-body.html; /articles/runtime-networks-form-state-feedback-reorganization-and-continuity.html; /articles/self-fragmentation-observation-and-reintegration.html; /articles/shared-reality-exit-memory-collective-field-and-belief.html; /articles/shared-reality-narrative-emotion-identity-value.html; /articles/shared-responsibility-cost-and-next-generation.html; /articles/shared-system-cost-conflict-and-boundaries.html; /articles/structure-forms-from-sustainable-relations.html; /articles/why-more-capability-does-not-guarantee-direction-or-stability.html; /articles/why-reality-is-harder-to-understand-speed-cost-and-reality-grammar.html; /books/; /explore/how-it-works/; /explore/; /explore/why-phios/; /explore/start/; /figures/; /knowledge/concepts/; /knowledge/ask/; /; /knowledge/; /perspectives/iching/; /perspectives/iching/consult/; /perspectives/iching/run/; /perspectives/; /perspectives/phi-configuration/; /perspectives/relationship/; /perspectives/profile/; /perspectives/tarot/; /perspectives/personal/; /professional/appointments/; /professional/authority/; /professional/reports/; /professional/; /professional/financial/; /professional-boundary.html; /professional/services/; /professional-appointments.html; /professional-reports.html; /reality/; /reality-entry.html; /search/; /services.html","","contextual","fluid; semantic center preserved","lazy or native component/state","BOUND_AND_BROWSER_DECODED","Actual visible consumer; repeated shared logos and method icons retain functional roles","PASS","200","image/svg+xml","1147388","2172×724","Shared approved original; localized HTML text/alt; brand/source names retained"
"PHIOS-LOGO-PRIMARY-MONO-LIGHT-v1.svg","images/branding/logo/PHIOS-LOGO-PRIMARY-MONO-LIGHT-v1.svg","docs/assets/r2-public/r2-260-display-verification-queue-v1.json; content/registry/public-assets.json; content/customer-experience-rebuild/authority/customer-visual-asset-registry-v4.json","BRAND_IDENTITY","/knowledge/ask/; /reality-navigation.html; /reality-reading.html; /reality-reconstruction.html; /reality-review.html","","contextual","fluid; semantic center preserved","lazy or native component/state","BOUND_AND_BROWSER_DECODED","Actual visible consumer; repeated shared logos and method icons retain functional roles","PASS","200","image/svg+xml","1233157","2172×724","Shared approved original; localized HTML text/alt; brand/source names retained"
"PHIOS-LOGO-PRIMARY-STACKED-v1.svg","images/branding/logo/PHIOS-LOGO-PRIMARY-STACKED-v1.svg","docs/assets/r2-public/r2-260-display-verification-queue-v1.json; content/registry/public-assets.json; content/customer-experience-rebuild/authority/customer-visual-asset-registry-v4.json","BRAND_IDENTITY","","","contextual","fluid; semantic center preserved","lazy or native component/state","WITHHELD_WITH_REASON","PHIOS-LOGO-PRIMARY-STACKED-v1.svg: no additional insertion in this recovery. images/branding/logo already has contextual consumers PHIOS-LOGO-GETPHIOS-COM-LOCKUP-v1.svg, PHIOS-LOGO-PRIMARY-HORIZONTAL-v1.svg, PHIOS-LOGO-PRIMARY-MONO-DARK-v1.svg; a new insertion would not serve the current page question. Historical approval retained.","NOT_RE_REQUESTED_THIS_TASK","","","","NOT_INDIVIDUALLY_DECODED_THIS_TASK","Shared approved original; localized HTML text/alt; brand/source names retained"
"PHIOS-LOGO-REALITY-NAVIGATION-LOCKUP-v1.svg","images/branding/logo/PHIOS-LOGO-REALITY-NAVIGATION-LOCKUP-v1.svg","docs/assets/r2-public/r2-260-display-verification-queue-v1.json; content/registry/public-assets.json; content/customer-experience-rebuild/authority/customer-visual-asset-registry-v4.json","BRAND_IDENTITY","","","contextual","fluid; semantic center preserved","lazy or native component/state","WITHHELD_WITH_REASON","PHIOS-LOGO-REALITY-NAVIGATION-LOCKUP-v1.svg: no additional insertion in this recovery. images/branding/logo already has contextual consumers PHIOS-LOGO-GETPHIOS-COM-LOCKUP-v1.svg, PHIOS-LOGO-PRIMARY-HORIZONTAL-v1.svg, PHIOS-LOGO-PRIMARY-MONO-DARK-v1.svg; a new insertion would not serve the current page question. Historical approval retained.","NOT_RE_REQUESTED_THIS_TASK","","","","NOT_INDIVIDUALLY_DECODED_THIS_TASK","Shared approved original; localized HTML text/alt; brand/source names retained"
"PHIOS-LOGO-WORDMARK-v1.svg","images/branding/logo/PHIOS-LOGO-WORDMARK-v1.svg","docs/assets/r2-public/r2-260-display-verification-queue-v1.json; content/registry/public-assets.json; content/customer-experience-rebuild/authority/customer-visual-asset-registry-v4.json","BRAND_IDENTITY","","","contextual","fluid; semantic center preserved","lazy or native component/state","WITHHELD_WITH_REASON","PHIOS-LOGO-WORDMARK-v1.svg: no additional insertion in this recovery. images/branding/logo already has contextual consumers PHIOS-LOGO-GETPHIOS-COM-LOCKUP-v1.svg, PHIOS-LOGO-PRIMARY-HORIZONTAL-v1.svg, PHIOS-LOGO-PRIMARY-MONO-DARK-v1.svg; a new insertion would not serve the current page question. Historical approval retained.","NOT_RE_REQUESTED_THIS_TASK","","","","NOT_INDIVIDUALLY_DECODED_THIS_TASK","Shared approved original; localized HTML text/alt; brand/source names retained"
"PHIOS-FIGURE-CAPABILITY-PROGRESSION-v1.svg","images/figures/academy/PHIOS-FIGURE-CAPABILITY-PROGRESSION-v1.svg","docs/assets/r2-public/r2-260-display-verification-queue-v1.json; content/web-production/registries/client-visual-asset-registry-v1.8.json; content/registry/public-assets.json; content/customer-experience-rebuild/authority/customer-visual-asset-registry-v4.json","PRIMARY_FIGURE","","","820–1280px inline, full-resolution inspection","full width with full-resolution inspection","lazy or native component/state","WITHHELD_WITH_REASON","PHIOS-FIGURE-CAPABILITY-PROGRESSION-v1.svg: no additional insertion in this recovery. images/figures/academy already has contextual consumers in its dedicated workflow; a new insertion would not serve the current page question. Historical approval retained.","NOT_RE_REQUESTED_THIS_TASK","","","","NOT_INDIVIDUALLY_DECODED_THIS_TASK","Approved original diagram; localized HTML caption/alt and full-resolution inspection. Embedded text not re-authored or OCR-certified."
"PHIOS-FIGURE-EVIDENCE-INFERENCE-v1.svg","images/figures/academy/PHIOS-FIGURE-EVIDENCE-INFERENCE-v1.svg","docs/assets/r2-public/r2-260-display-verification-queue-v1.json; content/web-production/registries/client-visual-asset-registry-v1.8.json; content/registry/public-assets.json; content/customer-experience-rebuild/authority/customer-visual-asset-registry-v4.json","PRIMARY_FIGURE","","","820–1280px inline, full-resolution inspection","full width with full-resolution inspection","lazy or native component/state","WITHHELD_WITH_REASON","PHIOS-FIGURE-EVIDENCE-INFERENCE-v1.svg: no additional insertion in this recovery. images/figures/academy already has contextual consumers in its dedicated workflow; a new insertion would not serve the current page question. Historical approval retained.","NOT_RE_REQUESTED_THIS_TASK","","","","NOT_INDIVIDUALLY_DECODED_THIS_TASK","Approved original diagram; localized HTML caption/alt and full-resolution inspection. Embedded text not re-authored or OCR-certified."
"PHIOS-FIGURE-KNOWLEDGE-LESSON-PRACTICE-v1.svg","images/figures/academy/PHIOS-FIGURE-KNOWLEDGE-LESSON-PRACTICE-v1.svg","docs/assets/r2-public/r2-260-display-verification-queue-v1.json; content/web-production/registries/client-visual-asset-registry-v1.8.json; content/registry/public-assets.json; content/customer-experience-rebuild/authority/customer-visual-asset-registry-v4.json","PRIMARY_FIGURE","","","820–1280px inline, full-resolution inspection","full width with full-resolution inspection","lazy or native component/state","WITHHELD_WITH_REASON","PHIOS-FIGURE-KNOWLEDGE-LESSON-PRACTICE-v1.svg: no additional insertion in this recovery. images/figures/academy already has contextual consumers in its dedicated workflow; a new insertion would not serve the current page question. Historical approval retained.","NOT_RE_REQUESTED_THIS_TASK","","","","NOT_INDIVIDUALLY_DECODED_THIS_TASK","Approved original diagram; localized HTML caption/alt and full-resolution inspection. Embedded text not re-authored or OCR-certified."
"PHIOS-FIGURE-LEARNING-ARCHITECTURE-v1.svg","images/figures/academy/PHIOS-FIGURE-LEARNING-ARCHITECTURE-v1.svg","docs/assets/r2-public/r2-260-display-verification-queue-v1.json; content/web-production/registries/client-visual-asset-registry-v1.8.json; content/registry/public-assets.json; content/customer-experience-rebuild/authority/customer-visual-asset-registry-v4.json","PRIMARY_FIGURE","","","820–1280px inline, full-resolution inspection","full width with full-resolution inspection","lazy or native component/state","WITHHELD_WITH_REASON","PHIOS-FIGURE-LEARNING-ARCHITECTURE-v1.svg: no additional insertion in this recovery. images/figures/academy already has contextual consumers in its dedicated workflow; a new insertion would not serve the current page question. Historical approval retained.","NOT_RE_REQUESTED_THIS_TASK","","","","NOT_INDIVIDUALLY_DECODED_THIS_TASK","Approved original diagram; localized HTML caption/alt and full-resolution inspection. Embedded text not re-authored or OCR-certified."
"PHIOS-FIGURE-LEARNING-CONTINUITY-v1.svg","images/figures/academy/PHIOS-FIGURE-LEARNING-CONTINUITY-v1.svg","docs/assets/r2-public/r2-260-display-verification-queue-v1.json; content/web-production/registries/client-visual-asset-registry-v1.8.json; content/registry/public-assets.json; content/customer-experience-rebuild/authority/customer-visual-asset-registry-v4.json","PRIMARY_FIGURE","","","820–1280px inline, full-resolution inspection","full width with full-resolution inspection","lazy or native component/state","WITHHELD_WITH_REASON","PHIOS-FIGURE-LEARNING-CONTINUITY-v1.svg: no additional insertion in this recovery. images/figures/academy already has contextual consumers in its dedicated workflow; a new insertion would not serve the current page question. Historical approval retained.","NOT_RE_REQUESTED_THIS_TASK","","","","NOT_INDIVIDUALLY_DECODED_THIS_TASK","Approved original diagram; localized HTML caption/alt and full-resolution inspection. Embedded text not re-authored or OCR-certified."
"PHIOS-FIGURE-ACCOUNT-REALITY-STRUCTURE-v1.svg","images/figures/account/PHIOS-FIGURE-ACCOUNT-REALITY-STRUCTURE-v1.svg","docs/assets/r2-public/r2-260-display-verification-queue-v1.json; content/web-production/registries/client-visual-asset-registry-v1.8.json; content/registry/public-assets.json; content/customer-experience-rebuild/authority/customer-visual-asset-registry-v4.json","PRIMARY_FIGURE","","","820–1280px inline, full-resolution inspection","full width with full-resolution inspection","lazy or native component/state","WITHHELD_WITH_REASON","PHIOS-FIGURE-ACCOUNT-REALITY-STRUCTURE-v1.svg: no additional insertion in this recovery. images/figures/account already has contextual consumers in its dedicated workflow; a new insertion would not serve the current page question. Historical approval retained.","NOT_RE_REQUESTED_THIS_TASK","","","","NOT_INDIVIDUALLY_DECODED_THIS_TASK","Approved original diagram; localized HTML caption/alt and full-resolution inspection. Embedded text not re-authored or OCR-certified."
"PHIOS-FIGURE-ASSETS-LIABILITIES-STRUCTURE-v1.svg","images/figures/financial/PHIOS-FIGURE-ASSETS-LIABILITIES-STRUCTURE-v1.svg","docs/assets/r2-public/r2-260-display-verification-queue-v1.json; content/web-production/registries/client-visual-asset-registry-v1.8.json; content/registry/public-assets.json; content/customer-experience-rebuild/authority/customer-visual-asset-registry-v4.json","PRIMARY_FIGURE","","","820–1280px inline, full-resolution inspection","full width with full-resolution inspection","lazy or native component/state","WITHHELD_WITH_REASON","PHIOS-FIGURE-ASSETS-LIABILITIES-STRUCTURE-v1.svg: no additional insertion in this recovery. images/figures/financial already has contextual consumers PHIOS-FIGURE-FINANCIAL-REALITY-SYSTEM-MAP-v2.webp, PHIOS-FIGURE-INCOME-EXPENSE-FLOW-v2.webp, PHIOS-FIGURE-ASSETS-LIABILITIES-STRUCTURE-v2.webp; a new insertion would not serve the current page question. Historical approval retained.","NOT_RE_REQUESTED_THIS_TASK","","","","NOT_INDIVIDUALLY_DECODED_THIS_TASK","Approved original diagram; localized HTML caption/alt and full-resolution inspection. Embedded text not re-authored or OCR-certified."
"PHIOS-FIGURE-CASHFLOW-RUNTIME-v1.svg","images/figures/financial/PHIOS-FIGURE-CASHFLOW-RUNTIME-v1.svg","docs/assets/r2-public/r2-260-display-verification-queue-v1.json; content/web-production/registries/client-visual-asset-registry-v1.8.json; content/registry/public-assets.json; content/customer-experience-rebuild/authority/customer-visual-asset-registry-v4.json","PRIMARY_FIGURE","","","820–1280px inline, full-resolution inspection","full width with full-resolution inspection","lazy or native component/state","WITHHELD_WITH_REASON","PHIOS-FIGURE-CASHFLOW-RUNTIME-v1.svg: no additional insertion in this recovery. images/figures/financial already has contextual consumers PHIOS-FIGURE-FINANCIAL-REALITY-SYSTEM-MAP-v2.webp, PHIOS-FIGURE-INCOME-EXPENSE-FLOW-v2.webp, PHIOS-FIGURE-ASSETS-LIABILITIES-STRUCTURE-v2.webp; a new insertion would not serve the current page question. Historical approval retained.","NOT_RE_REQUESTED_THIS_TASK","","","","NOT_INDIVIDUALLY_DECODED_THIS_TASK","Approved original diagram; localized HTML caption/alt and full-resolution inspection. Embedded text not re-authored or OCR-certified."
"PHIOS-FIGURE-EVIDENCE-DECISION-BOUNDARY-v1.svg","images/figures/financial/PHIOS-FIGURE-EVIDENCE-DECISION-BOUNDARY-v1.svg","docs/assets/r2-public/r2-260-display-verification-queue-v1.json; content/web-production/registries/client-visual-asset-registry-v1.8.json; content/registry/public-assets.json; content/customer-experience-rebuild/authority/customer-visual-asset-registry-v4.json","PRIMARY_FIGURE","","","820–1280px inline, full-resolution inspection","full width with full-resolution inspection","lazy or native component/state","WITHHELD_WITH_REASON","PHIOS-FIGURE-EVIDENCE-DECISION-BOUNDARY-v1.svg: no additional insertion in this recovery. images/figures/financial already has contextual consumers PHIOS-FIGURE-FINANCIAL-REALITY-SYSTEM-MAP-v2.webp, PHIOS-FIGURE-INCOME-EXPENSE-FLOW-v2.webp, PHIOS-FIGURE-ASSETS-LIABILITIES-STRUCTURE-v2.webp; a new insertion would not serve the current page question. Historical approval retained.","NOT_RE_REQUESTED_THIS_TASK","","","","NOT_INDIVIDUALLY_DECODED_THIS_TASK","Approved original diagram; localized HTML caption/alt and full-resolution inspection. Embedded text not re-authored or OCR-certified."
"PHIOS-FIGURE-FINANCIAL-CONTINUITY-v1.svg","images/figures/financial/PHIOS-FIGURE-FINANCIAL-CONTINUITY-v1.svg","docs/assets/r2-public/r2-260-display-verification-queue-v1.json; content/web-production/registries/client-visual-asset-registry-v1.8.json; content/registry/public-assets.json; content/customer-experience-rebuild/authority/customer-visual-asset-registry-v4.json","PRIMARY_FIGURE","","","820–1280px inline, full-resolution inspection","full width with full-resolution inspection","lazy or native component/state","WITHHELD_WITH_REASON","PHIOS-FIGURE-FINANCIAL-CONTINUITY-v1.svg: no additional insertion in this recovery. images/figures/financial already has contextual consumers PHIOS-FIGURE-FINANCIAL-REALITY-SYSTEM-MAP-v2.webp, PHIOS-FIGURE-INCOME-EXPENSE-FLOW-v2.webp, PHIOS-FIGURE-ASSETS-LIABILITIES-STRUCTURE-v2.webp; a new insertion would not serve the current page question. Historical approval retained.","NOT_RE_REQUESTED_THIS_TASK","","","","NOT_INDIVIDUALLY_DECODED_THIS_TASK","Approved original diagram; localized HTML caption/alt and full-resolution inspection. Embedded text not re-authored or OCR-certified."
"PHIOS-FIGURE-FINANCIAL-DECISION-FLOW-v1.svg","images/figures/financial/PHIOS-FIGURE-FINANCIAL-DECISION-FLOW-v1.svg","docs/assets/r2-public/r2-260-display-verification-queue-v1.json; content/web-production/registries/client-visual-asset-registry-v1.8.json; content/registry/public-assets.json; content/customer-experience-rebuild/authority/customer-visual-asset-registry-v4.json","PRIMARY_FIGURE","","","820–1280px inline, full-resolution inspection","full width with full-resolution inspection","lazy or native component/state","WITHHELD_WITH_REASON","PHIOS-FIGURE-FINANCIAL-DECISION-FLOW-v1.svg: no additional insertion in this recovery. images/figures/financial already has contextual consumers PHIOS-FIGURE-FINANCIAL-REALITY-SYSTEM-MAP-v2.webp, PHIOS-FIGURE-INCOME-EXPENSE-FLOW-v2.webp, PHIOS-FIGURE-ASSETS-LIABILITIES-STRUCTURE-v2.webp; a new insertion would not serve the current page question. Historical approval retained.","NOT_RE_REQUESTED_THIS_TASK","","","","NOT_INDIVIDUALLY_DECODED_THIS_TASK","Approved original diagram; localized HTML caption/alt and full-resolution inspection. Embedded text not re-authored or OCR-certified."
"PHIOS-FIGURE-FINANCIAL-REALITY-SYSTEM-MAP-v1.svg","images/figures/financial/PHIOS-FIGURE-FINANCIAL-REALITY-SYSTEM-MAP-v1.svg","docs/assets/r2-public/r2-260-display-verification-queue-v1.json; content/web-production/registries/client-visual-asset-registry-v1.8.json; content/registry/public-assets.json; content/customer-experience-rebuild/authority/customer-visual-asset-registry-v4.json","PRIMARY_FIGURE","","","820–1280px inline, full-resolution inspection","full width with full-resolution inspection","lazy or native component/state","WITHHELD_WITH_REASON","PHIOS-FIGURE-FINANCIAL-REALITY-SYSTEM-MAP-v1.svg: no additional insertion in this recovery. images/figures/financial already has contextual consumers PHIOS-FIGURE-FINANCIAL-REALITY-SYSTEM-MAP-v2.webp, PHIOS-FIGURE-INCOME-EXPENSE-FLOW-v2.webp, PHIOS-FIGURE-ASSETS-LIABILITIES-STRUCTURE-v2.webp; a new insertion would not serve the current page question. Historical approval retained.","NOT_RE_REQUESTED_THIS_TASK","","","","NOT_INDIVIDUALLY_DECODED_THIS_TASK","Approved original diagram; localized HTML caption/alt and full-resolution inspection. Embedded text not re-authored or OCR-certified."
"PHIOS-FIGURE-INCOME-EXPENSE-FLOW-v1.svg","images/figures/financial/PHIOS-FIGURE-INCOME-EXPENSE-FLOW-v1.svg","docs/assets/r2-public/r2-260-display-verification-queue-v1.json; content/web-production/registries/client-visual-asset-registry-v1.8.json; content/registry/public-assets.json; content/customer-experience-rebuild/authority/customer-visual-asset-registry-v4.json","PRIMARY_FIGURE","","","820–1280px inline, full-resolution inspection","full width with full-resolution inspection","lazy or native component/state","WITHHELD_WITH_REASON","PHIOS-FIGURE-INCOME-EXPENSE-FLOW-v1.svg: no additional insertion in this recovery. images/figures/financial already has contextual consumers PHIOS-FIGURE-FINANCIAL-REALITY-SYSTEM-MAP-v2.webp, PHIOS-FIGURE-INCOME-EXPENSE-FLOW-v2.webp, PHIOS-FIGURE-ASSETS-LIABILITIES-STRUCTURE-v2.webp; a new insertion would not serve the current page question. Historical approval retained.","NOT_RE_REQUESTED_THIS_TASK","","","","NOT_INDIVIDUALLY_DECODED_THIS_TASK","Approved original diagram; localized HTML caption/alt and full-resolution inspection. Embedded text not re-authored or OCR-certified."
"PHIOS-FIGURE-RISK-CONSTRAINT-MAP-v1.svg","images/figures/financial/PHIOS-FIGURE-RISK-CONSTRAINT-MAP-v1.svg","docs/assets/r2-public/r2-260-display-verification-queue-v1.json; content/web-production/registries/client-visual-asset-registry-v1.8.json; content/registry/public-assets.json; content/customer-experience-rebuild/authority/customer-visual-asset-registry-v4.json","PRIMARY_FIGURE","","","820–1280px inline, full-resolution inspection","full width with full-resolution inspection","lazy or native component/state","WITHHELD_WITH_REASON","PHIOS-FIGURE-RISK-CONSTRAINT-MAP-v1.svg: no additional insertion in this recovery. images/figures/financial already has contextual consumers PHIOS-FIGURE-FINANCIAL-REALITY-SYSTEM-MAP-v2.webp, PHIOS-FIGURE-INCOME-EXPENSE-FLOW-v2.webp, PHIOS-FIGURE-ASSETS-LIABILITIES-STRUCTURE-v2.webp; a new insertion would not serve the current page question. Historical approval retained.","NOT_RE_REQUESTED_THIS_TASK","","","","NOT_INDIVIDUALLY_DECODED_THIS_TASK","Approved original diagram; localized HTML caption/alt and full-resolution inspection. Embedded text not re-authored or OCR-certified."
"PHIOS-FIGURE-CONTINUITY-LOOP-v1.svg","images/figures/global/PHIOS-FIGURE-CONTINUITY-LOOP-v1.svg","docs/assets/r2-public/r2-260-display-verification-queue-v1.json; content/web-production/registries/client-visual-asset-registry-v1.8.json; content/registry/public-assets.json; content/customer-experience-rebuild/authority/customer-visual-asset-registry-v4.json","PRIMARY_FIGURE","","","820–1280px inline, full-resolution inspection","full width with full-resolution inspection","lazy or native component/state","WITHHELD_WITH_REASON","PHIOS-FIGURE-CONTINUITY-LOOP-v1.svg: no additional insertion in this recovery. images/figures/global already has contextual consumers in its dedicated workflow; a new insertion would not serve the current page question. Historical approval retained.","NOT_RE_REQUESTED_THIS_TASK","","","","NOT_INDIVIDUALLY_DECODED_THIS_TASK","Approved original diagram; localized HTML caption/alt and full-resolution inspection. Embedded text not re-authored or OCR-certified."
"PHIOS-FIGURE-CROSS-VOLUME-READING-PATH-v1.svg","images/figures/global/PHIOS-FIGURE-CROSS-VOLUME-READING-PATH-v1.svg","docs/assets/r2-public/r2-260-display-verification-queue-v1.json; content/web-production/registries/client-visual-asset-registry-v1.8.json; content/registry/public-assets.json; content/customer-experience-rebuild/authority/customer-visual-asset-registry-v4.json","PRIMARY_FIGURE","","","820–1280px inline, full-resolution inspection","full width with full-resolution inspection","lazy or native component/state","WITHDRAWN_OR_REPLACED","User explicitly requested removal from pages on 2026-10-10; historical identity retained, no active consumer.","NOT_RE_REQUESTED_THIS_TASK","","","","NOT_INDIVIDUALLY_DECODED_THIS_TASK","Approved original diagram; localized HTML caption/alt and full-resolution inspection. Embedded text not re-authored or OCR-certified."
"PHIOS-FIGURE-CURRENT-REALITY-MAP-v1.svg","images/figures/global/PHIOS-FIGURE-CURRENT-REALITY-MAP-v1.svg","docs/assets/r2-public/r2-260-display-verification-queue-v1.json; content/web-production/registries/client-visual-asset-registry-v1.8.json; content/registry/public-assets.json; content/customer-experience-rebuild/authority/customer-visual-asset-registry-v4.json","PRIMARY_FIGURE","","","820–1280px inline, full-resolution inspection","full width with full-resolution inspection","lazy or native component/state","WITHHELD_WITH_REASON","PHIOS-FIGURE-CURRENT-REALITY-MAP-v1.svg: no additional insertion in this recovery. images/figures/global already has contextual consumers in its dedicated workflow; a new insertion would not serve the current page question. Historical approval retained.","NOT_RE_REQUESTED_THIS_TASK","","","","NOT_INDIVIDUALLY_DECODED_THIS_TASK","Approved original diagram; localized HTML caption/alt and full-resolution inspection. Embedded text not re-authored or OCR-certified."
"PHIOS-FIGURE-FINANCIAL-REALITY-SYSTEM-v1.svg","images/figures/global/PHIOS-FIGURE-FINANCIAL-REALITY-SYSTEM-v1.svg","docs/assets/r2-public/r2-260-display-verification-queue-v1.json; content/web-production/registries/client-visual-asset-registry-v1.8.json; content/registry/public-assets.json; content/customer-experience-rebuild/authority/customer-visual-asset-registry-v4.json","PRIMARY_FIGURE","","","820–1280px inline, full-resolution inspection","full width with full-resolution inspection","lazy or native component/state","WITHHELD_WITH_REASON","PHIOS-FIGURE-FINANCIAL-REALITY-SYSTEM-v1.svg: no additional insertion in this recovery. images/figures/global already has contextual consumers in its dedicated workflow; a new insertion would not serve the current page question. Historical approval retained.","NOT_RE_REQUESTED_THIS_TASK","","","","NOT_INDIVIDUALLY_DECODED_THIS_TASK","Approved original diagram; localized HTML caption/alt and full-resolution inspection. Embedded text not re-authored or OCR-certified."
"PHIOS-FIGURE-KNOWLEDGE-DISCOVERY-MODEL-v1.svg","images/figures/global/PHIOS-FIGURE-KNOWLEDGE-DISCOVERY-MODEL-v1.svg","docs/assets/r2-public/r2-260-display-verification-queue-v1.json; content/web-production/registries/client-visual-asset-registry-v1.8.json; content/registry/public-assets.json; content/customer-experience-rebuild/authority/customer-visual-asset-registry-v4.json","PRIMARY_FIGURE","","","820–1280px inline, full-resolution inspection","full width with full-resolution inspection","lazy or native component/state","WITHDRAWN_OR_REPLACED","User explicitly requested removal from pages on 2026-10-10; historical identity retained, no active consumer.","NOT_RE_REQUESTED_THIS_TASK","","","","NOT_INDIVIDUALLY_DECODED_THIS_TASK","Approved original diagram; localized HTML caption/alt and full-resolution inspection. Embedded text not re-authored or OCR-certified."
"PHIOS-FIGURE-KNOWLEDGE-NODE-ARTICLE-FIGURE-v1.svg","images/figures/global/PHIOS-FIGURE-KNOWLEDGE-NODE-ARTICLE-FIGURE-v1.svg","docs/assets/r2-public/r2-260-display-verification-queue-v1.json; content/web-production/registries/client-visual-asset-registry-v1.8.json; content/registry/public-assets.json; content/customer-experience-rebuild/authority/customer-visual-asset-registry-v4.json","PRIMARY_FIGURE","","","820–1280px inline, full-resolution inspection","full width with full-resolution inspection","lazy or native component/state","WITHDRAWN_OR_REPLACED","User explicitly requested removal from pages on 2026-10-10; historical identity retained, no active consumer.","NOT_RE_REQUESTED_THIS_TASK","","","","NOT_INDIVIDUALLY_DECODED_THIS_TASK","Approved original diagram; localized HTML caption/alt and full-resolution inspection. Embedded text not re-authored or OCR-certified."
"PHIOS-FIGURE-MANY-LENSES-FRAGMENTATION-v1.svg","images/figures/global/PHIOS-FIGURE-MANY-LENSES-FRAGMENTATION-v1.svg","docs/assets/r2-public/r2-260-display-verification-queue-v1.json; content/web-production/registries/client-visual-asset-registry-v1.8.json; content/registry/public-assets.json; content/customer-experience-rebuild/authority/customer-visual-asset-registry-v4.json","PRIMARY_FIGURE","","","820–1280px inline, full-resolution inspection","full width with full-resolution inspection","lazy or native component/state","WITHHELD_WITH_REASON","PHIOS-FIGURE-MANY-LENSES-FRAGMENTATION-v1.svg: no additional insertion in this recovery. images/figures/global already has contextual consumers in its dedicated workflow; a new insertion would not serve the current page question. Historical approval retained.","NOT_RE_REQUESTED_THIS_TASK","","","","NOT_INDIVIDUALLY_DECODED_THIS_TASK","Approved original diagram; localized HTML caption/alt and full-resolution inspection. Embedded text not re-authored or OCR-certified."
"PHIOS-FIGURE-P1-P15-ARCHITECTURE-v1.svg","images/figures/global/PHIOS-FIGURE-P1-P15-ARCHITECTURE-v1.svg","docs/assets/r2-public/r2-260-display-verification-queue-v1.json; content/web-production/registries/client-visual-asset-registry-v1.8.json; content/registry/public-assets.json; content/customer-experience-rebuild/authority/customer-visual-asset-registry-v4.json","PRIMARY_FIGURE","","","820–1280px inline, full-resolution inspection","full width with full-resolution inspection","lazy or native component/state","WITHDRAWN_OR_REPLACED","User explicitly requested removal from pages on 2026-10-10; historical identity retained, no active consumer.","NOT_RE_REQUESTED_THIS_TASK","","","","NOT_INDIVIDUALLY_DECODED_THIS_TASK","Approved original diagram; localized HTML caption/alt and full-resolution inspection. Embedded text not re-authored or OCR-certified."
"PHIOS-FIGURE-PERSONAL-REALITY-FLOW-v1.svg","images/figures/global/PHIOS-FIGURE-PERSONAL-REALITY-FLOW-v1.svg","docs/assets/r2-public/r2-260-display-verification-queue-v1.json; content/web-production/registries/client-visual-asset-registry-v1.8.json; content/registry/public-assets.json; content/customer-experience-rebuild/authority/customer-visual-asset-registry-v4.json","PRIMARY_FIGURE","","","820–1280px inline, full-resolution inspection","full width with full-resolution inspection","lazy or native component/state","WITHHELD_WITH_REASON","PHIOS-FIGURE-PERSONAL-REALITY-FLOW-v1.svg: no additional insertion in this recovery. images/figures/global already has contextual consumers in its dedicated workflow; a new insertion would not serve the current page question. Historical approval retained.","NOT_RE_REQUESTED_THIS_TASK","","","","NOT_INDIVIDUALLY_DECODED_THIS_TASK","Approved original diagram; localized HTML caption/alt and full-resolution inspection. Embedded text not re-authored or OCR-certified."
"PHIOS-FIGURE-PHIOS-RUNTIME-CYCLE-v1.svg","images/figures/global/PHIOS-FIGURE-PHIOS-RUNTIME-CYCLE-v1.svg","docs/assets/r2-public/r2-260-display-verification-queue-v1.json; content/web-production/registries/client-visual-asset-registry-v1.8.json; content/registry/public-assets.json; content/customer-experience-rebuild/authority/customer-visual-asset-registry-v4.json","PRIMARY_FIGURE","","","820–1280px inline, full-resolution inspection","full width with full-resolution inspection","lazy or native component/state","WITHHELD_WITH_REASON","PHIOS-FIGURE-PHIOS-RUNTIME-CYCLE-v1.svg: no additional insertion in this recovery. images/figures/global already has contextual consumers in its dedicated workflow; a new insertion would not serve the current page question. Historical approval retained.","NOT_RE_REQUESTED_THIS_TASK","","","","NOT_INDIVIDUALLY_DECODED_THIS_TASK","Approved original diagram; localized HTML caption/alt and full-resolution inspection. Embedded text not re-authored or OCR-certified."
"PHIOS-FIGURE-PROFESSIONAL-GUIDANCE-v1.svg","images/figures/global/PHIOS-FIGURE-PROFESSIONAL-GUIDANCE-v1.svg","docs/assets/r2-public/r2-260-display-verification-queue-v1.json; content/web-production/registries/client-visual-asset-registry-v1.8.json; content/registry/public-assets.json; content/customer-experience-rebuild/authority/customer-visual-asset-registry-v4.json","PRIMARY_FIGURE","","","820–1280px inline, full-resolution inspection","full width with full-resolution inspection","lazy or native component/state","WITHHELD_WITH_REASON","PHIOS-FIGURE-PROFESSIONAL-GUIDANCE-v1.svg: no additional insertion in this recovery. images/figures/global already has contextual consumers in its dedicated workflow; a new insertion would not serve the current page question. Historical approval retained.","NOT_RE_REQUESTED_THIS_TASK","","","","NOT_INDIVIDUALLY_DECODED_THIS_TASK","Approved original diagram; localized HTML caption/alt and full-resolution inspection. Embedded text not re-authored or OCR-certified."
"PHIOS-FIGURE-READING-EVIDENCE-NAVIGATION-v1.svg","images/figures/global/PHIOS-FIGURE-READING-EVIDENCE-NAVIGATION-v1.svg","docs/assets/r2-public/r2-260-display-verification-queue-v1.json; content/web-production/registries/client-visual-asset-registry-v1.8.json; content/registry/public-assets.json; content/customer-experience-rebuild/authority/customer-visual-asset-registry-v4.json","PRIMARY_FIGURE","","","820–1280px inline, full-resolution inspection","full width with full-resolution inspection","lazy or native component/state","WITHHELD_WITH_REASON","PHIOS-FIGURE-READING-EVIDENCE-NAVIGATION-v1.svg: no additional insertion in this recovery. images/figures/global already has contextual consumers in its dedicated workflow; a new insertion would not serve the current page question. Historical approval retained.","NOT_RE_REQUESTED_THIS_TASK","","","","NOT_INDIVIDUALLY_DECODED_THIS_TASK","Approved original diagram; localized HTML caption/alt and full-resolution inspection. Embedded text not re-authored or OCR-certified."
"PHIOS-FIGURE-REALITY-JOURNEY-OVERVIEW-v1.svg","images/figures/global/PHIOS-FIGURE-REALITY-JOURNEY-OVERVIEW-v1.svg","docs/assets/r2-public/r2-260-display-verification-queue-v1.json; content/web-production/registries/client-visual-asset-registry-v1.8.json; content/registry/public-assets.json; content/customer-experience-rebuild/authority/customer-visual-asset-registry-v4.json","PRIMARY_FIGURE","","","820–1280px inline, full-resolution inspection","full width with full-resolution inspection","lazy or native component/state","WITHHELD_WITH_REASON","PHIOS-FIGURE-REALITY-JOURNEY-OVERVIEW-v1.svg: no additional insertion in this recovery. images/figures/global already has contextual consumers in its dedicated workflow; a new insertion would not serve the current page question. Historical approval retained.","NOT_RE_REQUESTED_THIS_TASK","","","","NOT_INDIVIDUALLY_DECODED_THIS_TASK","Approved original diagram; localized HTML caption/alt and full-resolution inspection. Embedded text not re-authored or OCR-certified."
"PHIOS-FIGURE-ACTION-DIRECTION-v1.svg","images/figures/journey/PHIOS-FIGURE-ACTION-DIRECTION-v1.svg","docs/assets/r2-public/r2-260-display-verification-queue-v1.json; content/web-production/registries/client-visual-asset-registry-v1.8.json; content/registry/public-assets.json; content/customer-experience-rebuild/authority/customer-visual-asset-registry-v4.json","PRIMARY_FIGURE","","","820–1280px inline, full-resolution inspection","full width with full-resolution inspection","lazy or native component/state","WITHHELD_WITH_REASON","PHIOS-FIGURE-ACTION-DIRECTION-v1.svg: no additional insertion in this recovery. images/figures/journey already has contextual consumers in its dedicated workflow; a new insertion would not serve the current page question. Historical approval retained.","NOT_RE_REQUESTED_THIS_TASK","","","","NOT_INDIVIDUALLY_DECODED_THIS_TASK","Approved original diagram; localized HTML caption/alt and full-resolution inspection. Embedded text not re-authored or OCR-certified."
"PHIOS-FIGURE-EVIDENCE-FORMATION-v1.svg","images/figures/journey/PHIOS-FIGURE-EVIDENCE-FORMATION-v1.svg","docs/assets/r2-public/r2-260-display-verification-queue-v1.json; content/web-production/registries/client-visual-asset-registry-v1.8.json; content/registry/public-assets.json; content/customer-experience-rebuild/authority/customer-visual-asset-registry-v4.json","PRIMARY_FIGURE","","","820–1280px inline, full-resolution inspection","full width with full-resolution inspection","lazy or native component/state","WITHHELD_WITH_REASON","PHIOS-FIGURE-EVIDENCE-FORMATION-v1.svg: no additional insertion in this recovery. images/figures/journey already has contextual consumers in its dedicated workflow; a new insertion would not serve the current page question. Historical approval retained.","NOT_RE_REQUESTED_THIS_TASK","","","","NOT_INDIVIDUALLY_DECODED_THIS_TASK","Approved original diagram; localized HTML caption/alt and full-resolution inspection. Embedded text not re-authored or OCR-certified."
"PHIOS-FIGURE-FEEDBACK-CONTINUITY-v1.svg","images/figures/journey/PHIOS-FIGURE-FEEDBACK-CONTINUITY-v1.svg","docs/assets/r2-public/r2-260-display-verification-queue-v1.json; content/web-production/registries/client-visual-asset-registry-v1.8.json; content/registry/public-assets.json; content/customer-experience-rebuild/authority/customer-visual-asset-registry-v4.json","PRIMARY_FIGURE","","","820–1280px inline, full-resolution inspection","full width with full-resolution inspection","lazy or native component/state","WITHHELD_WITH_REASON","PHIOS-FIGURE-FEEDBACK-CONTINUITY-v1.svg: no additional insertion in this recovery. images/figures/journey already has contextual consumers in its dedicated workflow; a new insertion would not serve the current page question. Historical approval retained.","NOT_RE_REQUESTED_THIS_TASK","","","","NOT_INDIVIDUALLY_DECODED_THIS_TASK","Approved original diagram; localized HTML caption/alt and full-resolution inspection. Embedded text not re-authored or OCR-certified."
"PHIOS-FIGURE-KNOWN-UNKNOWN-BOUNDARY-v1.svg","images/figures/journey/PHIOS-FIGURE-KNOWN-UNKNOWN-BOUNDARY-v1.svg","docs/assets/r2-public/r2-260-display-verification-queue-v1.json; content/web-production/registries/client-visual-asset-registry-v1.8.json; content/registry/public-assets.json; content/customer-experience-rebuild/authority/customer-visual-asset-registry-v4.json","PRIMARY_FIGURE","","","820–1280px inline, full-resolution inspection","full width with full-resolution inspection","lazy or native component/state","WITHHELD_WITH_REASON","PHIOS-FIGURE-KNOWN-UNKNOWN-BOUNDARY-v1.svg: no additional insertion in this recovery. images/figures/journey already has contextual consumers in its dedicated workflow; a new insertion would not serve the current page question. Historical approval retained.","NOT_RE_REQUESTED_THIS_TASK","","","","NOT_INDIVIDUALLY_DECODED_THIS_TASK","Approved original diagram; localized HTML caption/alt and full-resolution inspection. Embedded text not re-authored or OCR-certified."
"PHIOS-FIGURE-REALITY-ENTRY-v1.svg","images/figures/journey/PHIOS-FIGURE-REALITY-ENTRY-v1.svg","docs/assets/r2-public/r2-260-display-verification-queue-v1.json; content/web-production/registries/client-visual-asset-registry-v1.8.json; content/registry/public-assets.json; content/customer-experience-rebuild/authority/customer-visual-asset-registry-v4.json","PRIMARY_FIGURE","","","820–1280px inline, full-resolution inspection","full width with full-resolution inspection","lazy or native component/state","WITHHELD_WITH_REASON","PHIOS-FIGURE-REALITY-ENTRY-v1.svg: no additional insertion in this recovery. images/figures/journey already has contextual consumers in its dedicated workflow; a new insertion would not serve the current page question. Historical approval retained.","NOT_RE_REQUESTED_THIS_TASK","","","","NOT_INDIVIDUALLY_DECODED_THIS_TASK","Approved original diagram; localized HTML caption/alt and full-resolution inspection. Embedded text not re-authored or OCR-certified."
"PHIOS-FIGURE-REALITY-JOURNEY-FULL-MAP-v1.svg","images/figures/journey/PHIOS-FIGURE-REALITY-JOURNEY-FULL-MAP-v1.svg","docs/assets/r2-public/r2-260-display-verification-queue-v1.json; content/web-production/registries/client-visual-asset-registry-v1.8.json; content/registry/public-assets.json; content/customer-experience-rebuild/authority/customer-visual-asset-registry-v4.json","PRIMARY_FIGURE","","","820–1280px inline, full-resolution inspection","full width with full-resolution inspection","lazy or native component/state","WITHDRAWN_OR_REPLACED","Legacy optional Journey overview SVG returned 404 text/html. Withdrawn from its PXR storyFigures owner in recovery R1; Journey tasks, controls and evidence are preserved.","NOT_RE_REQUESTED_THIS_TASK","","","","NOT_INDIVIDUALLY_DECODED_THIS_TASK","Approved original diagram; localized HTML caption/alt and full-resolution inspection. Embedded text not re-authored or OCR-certified."
"PHIOS-FIGURE-REALITY-NAVIGATION-v1.svg","images/figures/journey/PHIOS-FIGURE-REALITY-NAVIGATION-v1.svg","docs/assets/r2-public/r2-260-display-verification-queue-v1.json; content/web-production/registries/client-visual-asset-registry-v1.8.json; content/registry/public-assets.json; content/customer-experience-rebuild/authority/customer-visual-asset-registry-v4.json","PRIMARY_FIGURE","","","820–1280px inline, full-resolution inspection","full width with full-resolution inspection","lazy or native component/state","WITHHELD_WITH_REASON","PHIOS-FIGURE-REALITY-NAVIGATION-v1.svg: no additional insertion in this recovery. images/figures/journey already has contextual consumers in its dedicated workflow; a new insertion would not serve the current page question. Historical approval retained.","NOT_RE_REQUESTED_THIS_TASK","","","","NOT_INDIVIDUALLY_DECODED_THIS_TASK","Approved original diagram; localized HTML caption/alt and full-resolution inspection. Embedded text not re-authored or OCR-certified."
"PHIOS-FIGURE-REALITY-READING-MAP-v1.svg","images/figures/journey/PHIOS-FIGURE-REALITY-READING-MAP-v1.svg","docs/assets/r2-public/r2-260-display-verification-queue-v1.json; content/web-production/registries/client-visual-asset-registry-v1.8.json; content/registry/public-assets.json; content/customer-experience-rebuild/authority/customer-visual-asset-registry-v4.json","PRIMARY_FIGURE","","","820–1280px inline, full-resolution inspection","full width with full-resolution inspection","lazy or native component/state","WITHHELD_WITH_REASON","PHIOS-FIGURE-REALITY-READING-MAP-v1.svg: no additional insertion in this recovery. images/figures/journey already has contextual consumers in its dedicated workflow; a new insertion would not serve the current page question. Historical approval retained.","NOT_RE_REQUESTED_THIS_TASK","","","","NOT_INDIVIDUALLY_DECODED_THIS_TASK","Approved original diagram; localized HTML caption/alt and full-resolution inspection. Embedded text not re-authored or OCR-certified."
"PHIOS-FIGURE-REALITY-RECONSTRUCTION-v1.svg","images/figures/journey/PHIOS-FIGURE-REALITY-RECONSTRUCTION-v1.svg","docs/assets/r2-public/r2-260-display-verification-queue-v1.json; content/web-production/registries/client-visual-asset-registry-v1.8.json; content/registry/public-assets.json; content/customer-experience-rebuild/authority/customer-visual-asset-registry-v4.json","PRIMARY_FIGURE","","","820–1280px inline, full-resolution inspection","full width with full-resolution inspection","lazy or native component/state","WITHHELD_WITH_REASON","PHIOS-FIGURE-REALITY-RECONSTRUCTION-v1.svg: no additional insertion in this recovery. images/figures/journey already has contextual consumers in its dedicated workflow; a new insertion would not serve the current page question. Historical approval retained.","NOT_RE_REQUESTED_THIS_TASK","","","","NOT_INDIVIDUALLY_DECODED_THIS_TASK","Approved original diagram; localized HTML caption/alt and full-resolution inspection. Embedded text not re-authored or OCR-certified."
"PHIOS-FIGURE-REALITY-REVIEW-v1.svg","images/figures/journey/PHIOS-FIGURE-REALITY-REVIEW-v1.svg","docs/assets/r2-public/r2-260-display-verification-queue-v1.json; content/web-production/registries/client-visual-asset-registry-v1.8.json; content/registry/public-assets.json; content/customer-experience-rebuild/authority/customer-visual-asset-registry-v4.json","PRIMARY_FIGURE","","","820–1280px inline, full-resolution inspection","full width with full-resolution inspection","lazy or native component/state","WITHHELD_WITH_REASON","PHIOS-FIGURE-REALITY-REVIEW-v1.svg: no additional insertion in this recovery. images/figures/journey already has contextual consumers in its dedicated workflow; a new insertion would not serve the current page question. Historical approval retained.","NOT_RE_REQUESTED_THIS_TASK","","","","NOT_INDIVIDUALLY_DECODED_THIS_TASK","Approved original diagram; localized HTML caption/alt and full-resolution inspection. Embedded text not re-authored or OCR-certified."
"PHIOS-FIGURE-BIRTH-INPUT-ARCHITECTURE-v1.svg","images/figures/personal/PHIOS-FIGURE-BIRTH-INPUT-ARCHITECTURE-v1.svg","docs/assets/r2-public/r2-260-display-verification-queue-v1.json; content/web-production/registries/client-visual-asset-registry-v1.8.json; content/registry/public-assets.json; content/customer-experience-rebuild/authority/customer-visual-asset-registry-v4.json","PRIMARY_FIGURE","","","820–1280px inline, full-resolution inspection","full width with full-resolution inspection","lazy or native component/state","WITHHELD_WITH_REASON","PHIOS-FIGURE-BIRTH-INPUT-ARCHITECTURE-v1.svg: no additional insertion in this recovery. images/figures/personal already has contextual consumers in its dedicated workflow; a new insertion would not serve the current page question. Historical approval retained.","NOT_RE_REQUESTED_THIS_TASK","","","","NOT_INDIVIDUALLY_DECODED_THIS_TASK","Approved original diagram; localized HTML caption/alt and full-resolution inspection. Embedded text not re-authored or OCR-certified."
"PHIOS-FIGURE-CALCULATION-PROJECTION-v1.svg","images/figures/personal/PHIOS-FIGURE-CALCULATION-PROJECTION-v1.svg","docs/assets/r2-public/r2-260-display-verification-queue-v1.json; content/web-production/registries/client-visual-asset-registry-v1.8.json; content/registry/public-assets.json; content/customer-experience-rebuild/authority/customer-visual-asset-registry-v4.json","PRIMARY_FIGURE","","","820–1280px inline, full-resolution inspection","full width with full-resolution inspection","lazy or native component/state","WITHHELD_WITH_REASON","PHIOS-FIGURE-CALCULATION-PROJECTION-v1.svg: no additional insertion in this recovery. images/figures/personal already has contextual consumers in its dedicated workflow; a new insertion would not serve the current page question. Historical approval retained.","NOT_RE_REQUESTED_THIS_TASK","","","","NOT_INDIVIDUALLY_DECODED_THIS_TASK","Approved original diagram; localized HTML caption/alt and full-resolution inspection. Embedded text not re-authored or OCR-certified."
"PHIOS-FIGURE-INPUT-METHOD-CALCULATION-v1.svg","images/figures/personal/PHIOS-FIGURE-INPUT-METHOD-CALCULATION-v1.svg","docs/assets/r2-public/r2-260-display-verification-queue-v1.json; content/web-production/registries/client-visual-asset-registry-v1.8.json; content/registry/public-assets.json; content/customer-experience-rebuild/authority/customer-visual-asset-registry-v4.json","PRIMARY_FIGURE","","","820–1280px inline, full-resolution inspection","full width with full-resolution inspection","lazy or native component/state","WITHHELD_WITH_REASON","PHIOS-FIGURE-INPUT-METHOD-CALCULATION-v1.svg: no additional insertion in this recovery. images/figures/personal already has contextual consumers in its dedicated workflow; a new insertion would not serve the current page question. Historical approval retained.","NOT_RE_REQUESTED_THIS_TASK","","","","NOT_INDIVIDUALLY_DECODED_THIS_TASK","Approved original diagram; localized HTML caption/alt and full-resolution inspection. Embedded text not re-authored or OCR-certified."
"PHIOS-FIGURE-KNOWN-UNKNOWN-INTERPRETATION-v1.svg","images/figures/personal/PHIOS-FIGURE-KNOWN-UNKNOWN-INTERPRETATION-v1.svg","docs/assets/r2-public/r2-260-display-verification-queue-v1.json; content/web-production/registries/client-visual-asset-registry-v1.8.json; content/registry/public-assets.json; content/customer-experience-rebuild/authority/customer-visual-asset-registry-v4.json","PRIMARY_FIGURE","","","820–1280px inline, full-resolution inspection","full width with full-resolution inspection","lazy or native component/state","WITHHELD_WITH_REASON","PHIOS-FIGURE-KNOWN-UNKNOWN-INTERPRETATION-v1.svg: no additional insertion in this recovery. images/figures/personal already has contextual consumers in its dedicated workflow; a new insertion would not serve the current page question. Historical approval retained.","NOT_RE_REQUESTED_THIS_TASK","","","","NOT_INDIVIDUALLY_DECODED_THIS_TASK","Approved original diagram; localized HTML caption/alt and full-resolution inspection. Embedded text not re-authored or OCR-certified."
"PHIOS-FIGURE-PERSONAL-CONTINUITY-v1.svg","images/figures/personal/PHIOS-FIGURE-PERSONAL-CONTINUITY-v1.svg","docs/assets/r2-public/r2-260-display-verification-queue-v1.json; content/web-production/registries/client-visual-asset-registry-v1.8.json; content/registry/public-assets.json; content/customer-experience-rebuild/authority/customer-visual-asset-registry-v4.json","PRIMARY_FIGURE","","","820–1280px inline, full-resolution inspection","full width with full-resolution inspection","lazy or native component/state","WITHHELD_WITH_REASON","PHIOS-FIGURE-PERSONAL-CONTINUITY-v1.svg: no additional insertion in this recovery. images/figures/personal already has contextual consumers in its dedicated workflow; a new insertion would not serve the current page question. Historical approval retained.","NOT_RE_REQUESTED_THIS_TASK","","","","NOT_INDIVIDUALLY_DECODED_THIS_TASK","Approved original diagram; localized HTML caption/alt and full-resolution inspection. Embedded text not re-authored or OCR-certified."
"PHIOS-FIGURE-PERSONAL-REALITY-MAP-v1.svg","images/figures/personal/PHIOS-FIGURE-PERSONAL-REALITY-MAP-v1.svg","docs/assets/r2-public/r2-260-display-verification-queue-v1.json; content/web-production/registries/client-visual-asset-registry-v1.8.json; content/registry/public-assets.json; content/customer-experience-rebuild/authority/customer-visual-asset-registry-v4.json","PRIMARY_FIGURE","","","820–1280px inline, full-resolution inspection","full width with full-resolution inspection","lazy or native component/state","WITHHELD_WITH_REASON","PHIOS-FIGURE-PERSONAL-REALITY-MAP-v1.svg: no additional insertion in this recovery. images/figures/personal already has contextual consumers in its dedicated workflow; a new insertion would not serve the current page question. Historical approval retained.","NOT_RE_REQUESTED_THIS_TASK","","","","NOT_INDIVIDUALLY_DECODED_THIS_TASK","Approved original diagram; localized HTML caption/alt and full-resolution inspection. Embedded text not re-authored or OCR-certified."
"PHIOS-FIGURE-SAVED-REALITY-JOURNEY-STATE-v1.svg","images/figures/personal/PHIOS-FIGURE-SAVED-REALITY-JOURNEY-STATE-v1.svg","docs/assets/r2-public/r2-260-display-verification-queue-v1.json; content/web-production/registries/client-visual-asset-registry-v1.8.json; content/registry/public-assets.json; content/customer-experience-rebuild/authority/customer-visual-asset-registry-v4.json","PRIMARY_FIGURE","","","820–1280px inline, full-resolution inspection","full width with full-resolution inspection","lazy or native component/state","WITHHELD_WITH_REASON","PHIOS-FIGURE-SAVED-REALITY-JOURNEY-STATE-v1.svg: no additional insertion in this recovery. images/figures/personal already has contextual consumers in its dedicated workflow; a new insertion would not serve the current page question. Historical approval retained.","NOT_RE_REQUESTED_THIS_TASK","","","","NOT_INDIVIDUALLY_DECODED_THIS_TASK","Approved original diagram; localized HTML caption/alt and full-resolution inspection. Embedded text not re-authored or OCR-certified."
"PHIOS-FIGURE-APPROVAL-FLOW-v1.svg","images/figures/professional/PHIOS-FIGURE-APPROVAL-FLOW-v1.svg","docs/assets/r2-public/r2-260-display-verification-queue-v1.json; content/web-production/registries/client-visual-asset-registry-v1.8.json; content/registry/public-assets.json; content/customer-experience-rebuild/authority/customer-visual-asset-registry-v4.json","PRIMARY_FIGURE","","","820–1280px inline, full-resolution inspection","full width with full-resolution inspection","lazy or native component/state","WITHHELD_WITH_REASON","PHIOS-FIGURE-APPROVAL-FLOW-v1.svg: no additional insertion in this recovery. images/figures/professional already has contextual consumers in its dedicated workflow; a new insertion would not serve the current page question. Historical approval retained.","NOT_RE_REQUESTED_THIS_TASK","","","","NOT_INDIVIDUALLY_DECODED_THIS_TASK","Approved original diagram; localized HTML caption/alt and full-resolution inspection. Embedded text not re-authored or OCR-certified."
"PHIOS-FIGURE-CONSENT-SHARING-v1.svg","images/figures/professional/PHIOS-FIGURE-CONSENT-SHARING-v1.svg","docs/assets/r2-public/r2-260-display-verification-queue-v1.json; content/web-production/registries/client-visual-asset-registry-v1.8.json; content/registry/public-assets.json; content/customer-experience-rebuild/authority/customer-visual-asset-registry-v4.json","PRIMARY_FIGURE","","","820–1280px inline, full-resolution inspection","full width with full-resolution inspection","lazy or native component/state","WITHHELD_WITH_REASON","PHIOS-FIGURE-CONSENT-SHARING-v1.svg: no additional insertion in this recovery. images/figures/professional already has contextual consumers in its dedicated workflow; a new insertion would not serve the current page question. Historical approval retained.","NOT_RE_REQUESTED_THIS_TASK","","","","NOT_INDIVIDUALLY_DECODED_THIS_TASK","Approved original diagram; localized HTML caption/alt and full-resolution inspection. Embedded text not re-authored or OCR-certified."
"PHIOS-FIGURE-EVIDENCE-INTERPRETATION-v1.svg","images/figures/professional/PHIOS-FIGURE-EVIDENCE-INTERPRETATION-v1.svg","docs/assets/r2-public/r2-260-display-verification-queue-v1.json; content/web-production/registries/client-visual-asset-registry-v1.8.json; content/registry/public-assets.json; content/customer-experience-rebuild/authority/customer-visual-asset-registry-v4.json","PRIMARY_FIGURE","","","820–1280px inline, full-resolution inspection","full width with full-resolution inspection","lazy or native component/state","WITHHELD_WITH_REASON","PHIOS-FIGURE-EVIDENCE-INTERPRETATION-v1.svg: no additional insertion in this recovery. images/figures/professional already has contextual consumers in its dedicated workflow; a new insertion would not serve the current page question. Historical approval retained.","NOT_RE_REQUESTED_THIS_TASK","","","","NOT_INDIVIDUALLY_DECODED_THIS_TASK","Approved original diagram; localized HTML caption/alt and full-resolution inspection. Embedded text not re-authored or OCR-certified."
"PHIOS-FIGURE-OUTCOME-REVIEW-v1.svg","images/figures/professional/PHIOS-FIGURE-OUTCOME-REVIEW-v1.svg","docs/assets/r2-public/r2-260-display-verification-queue-v1.json; content/web-production/registries/client-visual-asset-registry-v1.8.json; content/registry/public-assets.json; content/customer-experience-rebuild/authority/customer-visual-asset-registry-v4.json","PRIMARY_FIGURE","","","820–1280px inline, full-resolution inspection","full width with full-resolution inspection","lazy or native component/state","WITHHELD_WITH_REASON","PHIOS-FIGURE-OUTCOME-REVIEW-v1.svg: no additional insertion in this recovery. images/figures/professional already has contextual consumers in its dedicated workflow; a new insertion would not serve the current page question. Historical approval retained.","NOT_RE_REQUESTED_THIS_TASK","","","","NOT_INDIVIDUALLY_DECODED_THIS_TASK","Approved original diagram; localized HTML caption/alt and full-resolution inspection. Embedded text not re-authored or OCR-certified."
"PHIOS-FIGURE-PRIVACY-DATA-BOUNDARY-v1.svg","images/figures/professional/PHIOS-FIGURE-PRIVACY-DATA-BOUNDARY-v1.svg","docs/assets/r2-public/r2-260-display-verification-queue-v1.json; content/web-production/registries/client-visual-asset-registry-v1.8.json; content/registry/public-assets.json; content/customer-experience-rebuild/authority/customer-visual-asset-registry-v4.json","PRIMARY_FIGURE","","","820–1280px inline, full-resolution inspection","full width with full-resolution inspection","lazy or native component/state","WITHHELD_WITH_REASON","PHIOS-FIGURE-PRIVACY-DATA-BOUNDARY-v1.svg: no additional insertion in this recovery. images/figures/professional already has contextual consumers in its dedicated workflow; a new insertion would not serve the current page question. Historical approval retained.","NOT_RE_REQUESTED_THIS_TASK","","","","NOT_INDIVIDUALLY_DECODED_THIS_TASK","Approved original diagram; localized HTML caption/alt and full-resolution inspection. Embedded text not re-authored or OCR-certified."
"PHIOS-FIGURE-PROFESSIONAL-ACTION-v1.svg","images/figures/professional/PHIOS-FIGURE-PROFESSIONAL-ACTION-v1.svg","docs/assets/r2-public/r2-260-display-verification-queue-v1.json; content/web-production/registries/client-visual-asset-registry-v1.8.json; content/registry/public-assets.json; content/customer-experience-rebuild/authority/customer-visual-asset-registry-v4.json","PRIMARY_FIGURE","","","820–1280px inline, full-resolution inspection","full width with full-resolution inspection","lazy or native component/state","WITHHELD_WITH_REASON","PHIOS-FIGURE-PROFESSIONAL-ACTION-v1.svg: no additional insertion in this recovery. images/figures/professional already has contextual consumers in its dedicated workflow; a new insertion would not serve the current page question. Historical approval retained.","NOT_RE_REQUESTED_THIS_TASK","","","","NOT_INDIVIDUALLY_DECODED_THIS_TASK","Approved original diagram; localized HTML caption/alt and full-resolution inspection. Embedded text not re-authored or OCR-certified."
"PHIOS-FIGURE-PROFESSIONAL-GUIDANCE-FULL-FLOW-v1.svg","images/figures/professional/PHIOS-FIGURE-PROFESSIONAL-GUIDANCE-FULL-FLOW-v1.svg","docs/assets/r2-public/r2-260-display-verification-queue-v1.json; content/web-production/registries/client-visual-asset-registry-v1.8.json; content/registry/public-assets.json; content/customer-experience-rebuild/authority/customer-visual-asset-registry-v4.json","PRIMARY_FIGURE","","","820–1280px inline, full-resolution inspection","full width with full-resolution inspection","lazy or native component/state","WITHHELD_WITH_REASON","PHIOS-FIGURE-PROFESSIONAL-GUIDANCE-FULL-FLOW-v1.svg: no additional insertion in this recovery. images/figures/professional already has contextual consumers in its dedicated workflow; a new insertion would not serve the current page question. Historical approval retained.","NOT_RE_REQUESTED_THIS_TASK","","","","NOT_INDIVIDUALLY_DECODED_THIS_TASK","Approved original diagram; localized HTML caption/alt and full-resolution inspection. Embedded text not re-authored or OCR-certified."
"PHIOS-FIGURE-PROFESSIONAL-JUDGMENT-BOUNDARY-v1.svg","images/figures/professional/PHIOS-FIGURE-PROFESSIONAL-JUDGMENT-BOUNDARY-v1.svg","docs/assets/r2-public/r2-260-display-verification-queue-v1.json; content/web-production/registries/client-visual-asset-registry-v1.8.json; content/registry/public-assets.json; content/customer-experience-rebuild/authority/customer-visual-asset-registry-v4.json","PRIMARY_FIGURE","","","820–1280px inline, full-resolution inspection","full width with full-resolution inspection","lazy or native component/state","WITHHELD_WITH_REASON","PHIOS-FIGURE-PROFESSIONAL-JUDGMENT-BOUNDARY-v1.svg: no additional insertion in this recovery. images/figures/professional already has contextual consumers in its dedicated workflow; a new insertion would not serve the current page question. Historical approval retained.","NOT_RE_REQUESTED_THIS_TASK","","","","NOT_INDIVIDUALLY_DECODED_THIS_TASK","Approved original diagram; localized HTML caption/alt and full-resolution inspection. Embedded text not re-authored or OCR-certified."
"PHIOS-FIGURE-PROVENANCE-LINEAGE-v1.svg","images/figures/professional/PHIOS-FIGURE-PROVENANCE-LINEAGE-v1.svg","docs/assets/r2-public/r2-260-display-verification-queue-v1.json; content/web-production/registries/client-visual-asset-registry-v1.8.json; content/registry/public-assets.json; content/customer-experience-rebuild/authority/customer-visual-asset-registry-v4.json","PRIMARY_FIGURE","","","820–1280px inline, full-resolution inspection","full width with full-resolution inspection","lazy or native component/state","WITHHELD_WITH_REASON","PHIOS-FIGURE-PROVENANCE-LINEAGE-v1.svg: no additional insertion in this recovery. images/figures/professional already has contextual consumers in its dedicated workflow; a new insertion would not serve the current page question. Historical approval retained.","NOT_RE_REQUESTED_THIS_TASK","","","","NOT_INDIVIDUALLY_DECODED_THIS_TASK","Approved original diagram; localized HTML caption/alt and full-resolution inspection. Embedded text not re-authored or OCR-certified."
"PHIOS-FIGURE-UNCERTAINTY-BOUNDARY-v1.svg","images/figures/professional/PHIOS-FIGURE-UNCERTAINTY-BOUNDARY-v1.svg","docs/assets/r2-public/r2-260-display-verification-queue-v1.json; content/web-production/registries/client-visual-asset-registry-v1.8.json; content/registry/public-assets.json; content/customer-experience-rebuild/authority/customer-visual-asset-registry-v4.json","PRIMARY_FIGURE","","","820–1280px inline, full-resolution inspection","full width with full-resolution inspection","lazy or native component/state","WITHHELD_WITH_REASON","PHIOS-FIGURE-UNCERTAINTY-BOUNDARY-v1.svg: no additional insertion in this recovery. images/figures/professional already has contextual consumers in its dedicated workflow; a new insertion would not serve the current page question. Historical approval retained.","NOT_RE_REQUESTED_THIS_TASK","","","","NOT_INDIVIDUALLY_DECODED_THIS_TASK","Approved original diagram; localized HTML caption/alt and full-resolution inspection. Embedded text not re-authored or OCR-certified."
"from-intelligence-to-reality-navigation-v1.webp","images/figures/thesis/from-intelligence-to-reality-navigation-v1.webp","docs/assets/r2-public/r2-260-display-verification-queue-v1.json; content/web-production/registries/client-visual-asset-registry-v1.8.json","ILLUSTRATION","","","contextual","fluid; semantic center preserved","lazy or native component/state","WITHHELD_WITH_REASON","from-intelligence-to-reality-navigation-v1.webp: no additional insertion in this recovery. images/figures/thesis already has contextual consumers in its dedicated workflow; a new insertion would not serve the current page question. Historical approval retained.","NOT_RE_REQUESTED_THIS_TASK","","","","NOT_INDIVIDUALLY_DECODED_THIS_TASK","Shared approved original; localized HTML text/alt; brand/source names retained"
"phios-runtime-architecture-v1.webp","images/figures/thesis/phios-runtime-architecture-v1.webp","docs/assets/r2-public/r2-260-display-verification-queue-v1.json; content/web-production/registries/client-visual-asset-registry-v1.8.json","ILLUSTRATION","","","contextual","fluid; semantic center preserved","lazy or native component/state","WITHHELD_WITH_REASON","phios-runtime-architecture-v1.webp: no additional insertion in this recovery. images/figures/thesis already has contextual consumers in its dedicated workflow; a new insertion would not serve the current page question. Historical approval retained.","NOT_RE_REQUESTED_THIS_TASK","","","","NOT_INDIVIDUALLY_DECODED_THIS_TASK","Shared approved original; localized HTML text/alt; brand/source names retained"
"reality-ecosystem-v1.webp","images/figures/thesis/reality-ecosystem-v1.webp","docs/assets/r2-public/r2-260-display-verification-queue-v1.json; content/web-production/registries/client-visual-asset-registry-v1.8.json","ILLUSTRATION","","","contextual","fluid; semantic center preserved","lazy or native component/state","WITHHELD_WITH_REASON","reality-ecosystem-v1.webp: no additional insertion in this recovery. images/figures/thesis already has contextual consumers in its dedicated workflow; a new insertion would not serve the current page question. Historical approval retained.","NOT_RE_REQUESTED_THIS_TASK","","","","NOT_INDIVIDUALLY_DECODED_THIS_TASK","Shared approved original; localized HTML text/alt; brand/source names retained"
"reality-navigation-economy-v1.webp","images/figures/thesis/reality-navigation-economy-v1.webp","docs/assets/r2-public/r2-260-display-verification-queue-v1.json; content/web-production/registries/client-visual-asset-registry-v1.8.json","ILLUSTRATION","","","contextual","fluid; semantic center preserved","lazy or native component/state","WITHHELD_WITH_REASON","reality-navigation-economy-v1.webp: no additional insertion in this recovery. images/figures/thesis already has contextual consumers in its dedicated workflow; a new insertion would not serve the current page question. Historical approval retained.","NOT_RE_REQUESTED_THIS_TASK","","","","NOT_INDIVIDUALLY_DECODED_THIS_TASK","Shared approved original; localized HTML text/alt; brand/source names retained"
"reality-navigation-infrastructure-v1.webp","images/figures/thesis/reality-navigation-infrastructure-v1.webp","docs/assets/r2-public/r2-260-display-verification-queue-v1.json; content/web-production/registries/client-visual-asset-registry-v1.8.json","ILLUSTRATION","","","contextual","fluid; semantic center preserved","lazy or native component/state","WITHHELD_WITH_REASON","reality-navigation-infrastructure-v1.webp: no additional insertion in this recovery. images/figures/thesis already has contextual consumers in its dedicated workflow; a new insertion would not serve the current page question. Historical approval retained.","NOT_RE_REQUESTED_THIS_TASK","","","","NOT_INDIVIDUALLY_DECODED_THIS_TASK","Shared approved original; localized HTML text/alt; brand/source names retained"
"reality-navigation-thesis-overview-en-v1.webp","images/figures/thesis/reality-navigation-thesis-overview-en-v1.webp","docs/assets/r2-public/r2-260-display-verification-queue-v1.json; content/web-production/registries/client-visual-asset-registry-v1.8.json","ILLUSTRATION","","","contextual","fluid; semantic center preserved","lazy or native component/state","WITHHELD_WITH_REASON","reality-navigation-thesis-overview-en-v1.webp: no additional insertion in this recovery. images/figures/thesis already has contextual consumers in its dedicated workflow; a new insertion would not serve the current page question. Historical approval retained.","NOT_RE_REQUESTED_THIS_TASK","","","","NOT_INDIVIDUALLY_DECODED_THIS_TASK","Shared approved original; localized HTML text/alt; brand/source names retained"
"reality-navigation-thesis-overview-zh-hans-v1.webp","images/figures/thesis/reality-navigation-thesis-overview-zh-hans-v1.webp","docs/assets/r2-public/r2-260-display-verification-queue-v1.json; content/web-production/registries/client-visual-asset-registry-v1.8.json","ILLUSTRATION","","","contextual","fluid; semantic center preserved","lazy or native component/state","WITHHELD_WITH_REASON","reality-navigation-thesis-overview-zh-hans-v1.webp: no additional insertion in this recovery. images/figures/thesis already has contextual consumers in its dedicated workflow; a new insertion would not serve the current page question. Historical approval retained.","NOT_RE_REQUESTED_THIS_TASK","","","","NOT_INDIVIDUALLY_DECODED_THIS_TASK","Shared approved original; localized HTML text/alt; brand/source names retained"
"PHIOS-HERO-ACADEMY-v1.webp","images/hero/PHIOS-HERO-ACADEMY-v1.webp","docs/assets/r2-public/r2-260-display-verification-queue-v1.json; content/web-production/registries/client-visual-asset-registry-v1.8.json; content/registry/public-assets.json; content/customer-experience-rebuild/authority/customer-visual-asset-registry-v4.json","HERO","/academy/; /academy.html","","viewport editorial field","fluid; semantic center preserved","eager / fetchpriority","BOUND_AND_BROWSER_DECODED","Actual visible consumer; repeated shared logos and method icons retain functional roles","PASS","200","image/webp","814276","2560×1440","Shared approved original; localized HTML text/alt; brand/source names retained"
"PHIOS-HERO-ACCOUNT-CONTINUITY-v1.webp","images/hero/PHIOS-HERO-ACCOUNT-CONTINUITY-v1.webp","docs/assets/r2-public/r2-260-display-verification-queue-v1.json; content/web-production/registries/client-visual-asset-registry-v1.8.json; content/registry/public-assets.json; content/customer-experience-rebuild/authority/customer-visual-asset-registry-v4.json","HERO","/account/; /account.html; /ai-disclosure.html; /digital-product-policy.html; /privacy.html; /terms.html","","viewport editorial field","fluid; semantic center preserved","eager / fetchpriority","BOUND_AND_BROWSER_DECODED","Actual visible consumer; repeated shared logos and method icons retain functional roles","PASS","200","image/webp","610584","2560×1440","Shared approved original; localized HTML text/alt; brand/source names retained"
"PHIOS-HERO-DIGITAL-BOOK-ACCESS-v1.webp","images/hero/PHIOS-HERO-DIGITAL-BOOK-ACCESS-v1.webp","docs/assets/r2-public/r2-260-display-verification-queue-v1.json; content/web-production/registries/client-visual-asset-registry-v1.8.json; content/registry/public-assets.json; content/customer-experience-rebuild/authority/customer-visual-asset-registry-v4.json","HERO","/book-one-preview.html; /checkout.html; /payment-success.html","","viewport editorial field","fluid; semantic center preserved","eager / fetchpriority","BOUND_AND_BROWSER_DECODED","Actual visible consumer; repeated shared logos and method icons retain functional roles","PASS","200","image/webp","643444","2560×1440","Shared approved original; localized HTML text/alt; brand/source names retained"
"PHIOS-HERO-FINANCIAL-REALITY-v1.webp","images/hero/PHIOS-HERO-FINANCIAL-REALITY-v1.webp","docs/assets/r2-public/r2-260-display-verification-queue-v1.json; content/web-production/registries/client-visual-asset-registry-v1.8.json; content/registry/public-assets.json; content/customer-experience-rebuild/authority/customer-visual-asset-registry-v4.json","HERO","/explore/start/; /; /professional/financial/","","viewport editorial field","fluid; semantic center preserved","eager / fetchpriority","BOUND_AND_BROWSER_DECODED","Actual visible consumer; repeated shared logos and method icons retain functional roles","PASS","200","image/webp","471846","2560×1440","Shared approved original; localized HTML text/alt; brand/source names retained"
"PHIOS-HERO-PERSONAL-REALITY-v1.webp","images/hero/PHIOS-HERO-PERSONAL-REALITY-v1.webp","docs/assets/r2-public/r2-260-display-verification-queue-v1.json; content/web-production/registries/client-visual-asset-registry-v1.8.json; content/registry/public-assets.json; content/customer-experience-rebuild/authority/customer-visual-asset-registry-v4.json","HERO","/account-my-reality.html; /explore/start/; /; /perspectives/personal/; /reality/; /reality-entry.html","","viewport editorial field","fluid; semantic center preserved","eager / fetchpriority","BOUND_AND_BROWSER_DECODED","Actual visible consumer; repeated shared logos and method icons retain functional roles","PASS","200","image/webp","507632","2560×1440","Shared approved original; localized HTML text/alt; brand/source names retained"
"PHIOS-HERO-REALITY-CONTINUITY-v1.webp","images/hero/PHIOS-HERO-REALITY-CONTINUITY-v1.webp","docs/assets/r2-public/r2-260-display-verification-queue-v1.json; content/web-production/registries/client-visual-asset-registry-v1.8.json; content/registry/public-assets.json; content/customer-experience-rebuild/authority/customer-visual-asset-registry-v4.json","HERO","/reality-review.html","","viewport editorial field","fluid; semantic center preserved","eager / fetchpriority","BOUND_AND_BROWSER_DECODED","Actual visible consumer; repeated shared logos and method icons retain functional roles","PASS","200","image/webp","364436","1672×941","Shared approved original; localized HTML text/alt; brand/source names retained"
"PHIOS-HERO-REALITY-ENTRY-v1.webp","images/hero/PHIOS-HERO-REALITY-ENTRY-v1.webp","docs/assets/r2-public/r2-260-display-verification-queue-v1.json; content/web-production/registries/client-visual-asset-registry-v1.8.json; content/registry/public-assets.json; content/customer-experience-rebuild/authority/customer-visual-asset-registry-v4.json","HERO","/free-observation.html","","viewport editorial field","fluid; semantic center preserved","eager / fetchpriority","BOUND_AND_BROWSER_DECODED","Actual visible consumer; repeated shared logos and method icons retain functional roles","PASS","200","image/webp","229270","1672×941","Shared approved original; localized HTML text/alt; brand/source names retained"
"PHIOS-HERO-REALITY-JOURNEY-v1.webp","images/hero/PHIOS-HERO-REALITY-JOURNEY-v1.webp","docs/assets/r2-public/r2-260-display-verification-queue-v1.json; content/web-production/registries/client-visual-asset-registry-v1.8.json; content/registry/public-assets.json; content/customer-experience-rebuild/authority/customer-visual-asset-registry-v4.json","HERO","/reality-journey.html","","viewport editorial field","fluid; semantic center preserved","eager / fetchpriority","BOUND_AND_BROWSER_DECODED","Actual visible consumer; repeated shared logos and method icons retain functional roles","PASS","200","image/webp","1036454","2560×1440","Shared approved original; localized HTML text/alt; brand/source names retained"
"PHIOS-HERO-REALITY-NAVIGATION-STAGE-v1.webp","images/hero/PHIOS-HERO-REALITY-NAVIGATION-STAGE-v1.webp","docs/assets/r2-public/r2-260-display-verification-queue-v1.json; content/web-production/registries/client-visual-asset-registry-v1.8.json; content/registry/public-assets.json; content/customer-experience-rebuild/authority/customer-visual-asset-registry-v4.json","HERO","/reality-navigation.html","","viewport editorial field","fluid; semantic center preserved","eager / fetchpriority","BOUND_AND_BROWSER_DECODED","Actual visible consumer; repeated shared logos and method icons retain functional roles","PASS","200","image/webp","288140","1536×1024","Shared approved original; localized HTML text/alt; brand/source names retained"
"PHIOS-HERO-REALITY-READING-v1.webp","images/hero/PHIOS-HERO-REALITY-READING-v1.webp","docs/assets/r2-public/r2-260-display-verification-queue-v1.json; content/web-production/registries/client-visual-asset-registry-v1.8.json; content/registry/public-assets.json; content/customer-experience-rebuild/authority/customer-visual-asset-registry-v4.json","HERO","/reality-reading.html","","viewport editorial field","fluid; semantic center preserved","eager / fetchpriority","BOUND_AND_BROWSER_DECODED","Actual visible consumer; repeated shared logos and method icons retain functional roles","PASS","200","image/webp","315168","1672×941","Shared approved original; localized HTML text/alt; brand/source names retained"
"PHIOS-HERO-REALITY-RECONSTRUCTION-v1.webp","images/hero/PHIOS-HERO-REALITY-RECONSTRUCTION-v1.webp","docs/assets/r2-public/r2-260-display-verification-queue-v1.json; content/web-production/registries/client-visual-asset-registry-v1.8.json; content/registry/public-assets.json; content/customer-experience-rebuild/authority/customer-visual-asset-registry-v4.json","HERO","/reality-reconstruction.html","","viewport editorial field","fluid; semantic center preserved","eager / fetchpriority","BOUND_AND_BROWSER_DECODED","Actual visible consumer; repeated shared logos and method icons retain functional roles","PASS","200","image/webp","293768","1672×941","Shared approved original; localized HTML text/alt; brand/source names retained"
"PHIOS-HERO-SERVICES-v1.webp","images/hero/PHIOS-HERO-SERVICES-v1.webp","docs/assets/r2-public/r2-260-display-verification-queue-v1.json; content/web-production/registries/client-visual-asset-registry-v1.8.json; content/registry/public-assets.json; content/customer-experience-rebuild/authority/customer-visual-asset-registry-v4.json","HERO","/external-reader-intake.html","","viewport editorial field","fluid; semantic center preserved","eager / fetchpriority","BOUND_AND_BROWSER_DECODED","Actual visible consumer; repeated shared logos and method icons retain functional roles","PASS","200","image/webp","482494","2560×1440","Shared approved original; localized HTML text/alt; brand/source names retained"
"PHIOS-ICON-ASSESSMENT-v1.svg","images/icons/academy/PHIOS-ICON-ASSESSMENT-v1.svg","docs/assets/r2-public/r2-260-display-verification-queue-v1.json; content/web-production/registries/client-visual-asset-registry-v1.8.json; content/registry/public-assets.json; content/customer-experience-rebuild/authority/customer-visual-asset-registry-v4.json","ICON","","","contextual","fluid; semantic center preserved","lazy or native component/state","WITHHELD_WITH_REASON","PHIOS-ICON-ASSESSMENT-v1.svg: no additional insertion in this recovery. images/icons/academy already has contextual consumers in its dedicated workflow; a new insertion would not serve the current page question. Historical approval retained.","NOT_RE_REQUESTED_THIS_TASK","","","","NOT_INDIVIDUALLY_DECODED_THIS_TASK","Shared approved original; localized HTML text/alt; brand/source names retained"
"PHIOS-ICON-CAPABILITY-v1.svg","images/icons/academy/PHIOS-ICON-CAPABILITY-v1.svg","docs/assets/r2-public/r2-260-display-verification-queue-v1.json; content/web-production/registries/client-visual-asset-registry-v1.8.json; content/registry/public-assets.json; content/customer-experience-rebuild/authority/customer-visual-asset-registry-v4.json","ICON","","","contextual","fluid; semantic center preserved","lazy or native component/state","WITHHELD_WITH_REASON","PHIOS-ICON-CAPABILITY-v1.svg: no additional insertion in this recovery. images/icons/academy already has contextual consumers in its dedicated workflow; a new insertion would not serve the current page question. Historical approval retained.","NOT_RE_REQUESTED_THIS_TASK","","","","NOT_INDIVIDUALLY_DECODED_THIS_TASK","Shared approved original; localized HTML text/alt; brand/source names retained"
"PHIOS-ICON-LEARNING-REVIEW-v1.svg","images/icons/academy/PHIOS-ICON-LEARNING-REVIEW-v1.svg","docs/assets/r2-public/r2-260-display-verification-queue-v1.json; content/web-production/registries/client-visual-asset-registry-v1.8.json; content/registry/public-assets.json; content/customer-experience-rebuild/authority/customer-visual-asset-registry-v4.json","ICON","","","contextual","fluid; semantic center preserved","lazy or native component/state","WITHHELD_WITH_REASON","PHIOS-ICON-LEARNING-REVIEW-v1.svg: no additional insertion in this recovery. images/icons/academy already has contextual consumers in its dedicated workflow; a new insertion would not serve the current page question. Historical approval retained.","NOT_RE_REQUESTED_THIS_TASK","","","","NOT_INDIVIDUALLY_DECODED_THIS_TASK","Shared approved original; localized HTML text/alt; brand/source names retained"
"PHIOS-ICON-LESSON-v1.svg","images/icons/academy/PHIOS-ICON-LESSON-v1.svg","docs/assets/r2-public/r2-260-display-verification-queue-v1.json; content/web-production/registries/client-visual-asset-registry-v1.8.json; content/registry/public-assets.json; content/customer-experience-rebuild/authority/customer-visual-asset-registry-v4.json","ICON","","","contextual","fluid; semantic center preserved","lazy or native component/state","WITHHELD_WITH_REASON","PHIOS-ICON-LESSON-v1.svg: no additional insertion in this recovery. images/icons/academy already has contextual consumers in its dedicated workflow; a new insertion would not serve the current page question. Historical approval retained.","NOT_RE_REQUESTED_THIS_TASK","","","","NOT_INDIVIDUALLY_DECODED_THIS_TASK","Shared approved original; localized HTML text/alt; brand/source names retained"
"PHIOS-ICON-PRACTICE-v1.svg","images/icons/academy/PHIOS-ICON-PRACTICE-v1.svg","docs/assets/r2-public/r2-260-display-verification-queue-v1.json; content/web-production/registries/client-visual-asset-registry-v1.8.json; content/registry/public-assets.json; content/customer-experience-rebuild/authority/customer-visual-asset-registry-v4.json","ICON","","","contextual","fluid; semantic center preserved","lazy or native component/state","WITHHELD_WITH_REASON","PHIOS-ICON-PRACTICE-v1.svg: no additional insertion in this recovery. images/icons/academy already has contextual consumers in its dedicated workflow; a new insertion would not serve the current page question. Historical approval retained.","NOT_RE_REQUESTED_THIS_TASK","","","","NOT_INDIVIDUALLY_DECODED_THIS_TASK","Shared approved original; localized HTML text/alt; brand/source names retained"
"PHIOS-ICON-PROGRESS-v1.svg","images/icons/academy/PHIOS-ICON-PROGRESS-v1.svg","docs/assets/r2-public/r2-260-display-verification-queue-v1.json; content/web-production/registries/client-visual-asset-registry-v1.8.json; content/registry/public-assets.json; content/customer-experience-rebuild/authority/customer-visual-asset-registry-v4.json","ICON","","","contextual","fluid; semantic center preserved","lazy or native component/state","WITHHELD_WITH_REASON","PHIOS-ICON-PROGRESS-v1.svg: no additional insertion in this recovery. images/icons/academy already has contextual consumers in its dedicated workflow; a new insertion would not serve the current page question. Historical approval retained.","NOT_RE_REQUESTED_THIS_TASK","","","","NOT_INDIVIDUALLY_DECODED_THIS_TASK","Shared approved original; localized HTML text/alt; brand/source names retained"
"PHIOS-ICON-APPOINTMENT-v1.svg","images/icons/account/PHIOS-ICON-APPOINTMENT-v1.svg","docs/assets/r2-public/r2-260-display-verification-queue-v1.json; content/web-production/registries/client-visual-asset-registry-v1.8.json; content/registry/public-assets.json; content/customer-experience-rebuild/authority/customer-visual-asset-registry-v4.json","ICON","","","contextual","fluid; semantic center preserved","lazy or native component/state","WITHHELD_WITH_REASON","PHIOS-ICON-APPOINTMENT-v1.svg: no additional insertion in this recovery. images/icons/account already has contextual consumers PHIOS-ICON-PRIVACY-v1.svg; a new insertion would not serve the current page question. Historical approval retained.","NOT_RE_REQUESTED_THIS_TASK","","","","NOT_INDIVIDUALLY_DECODED_THIS_TASK","Shared approved original; localized HTML text/alt; brand/source names retained"
"PHIOS-ICON-BOOK-ACCESS-v1.svg","images/icons/account/PHIOS-ICON-BOOK-ACCESS-v1.svg","docs/assets/r2-public/r2-260-display-verification-queue-v1.json; content/web-production/registries/client-visual-asset-registry-v1.8.json; content/registry/public-assets.json; content/customer-experience-rebuild/authority/customer-visual-asset-registry-v4.json","ICON","","","contextual","fluid; semantic center preserved","lazy or native component/state","WITHHELD_WITH_REASON","PHIOS-ICON-BOOK-ACCESS-v1.svg: no additional insertion in this recovery. images/icons/account already has contextual consumers PHIOS-ICON-PRIVACY-v1.svg; a new insertion would not serve the current page question. Historical approval retained.","NOT_RE_REQUESTED_THIS_TASK","","","","NOT_INDIVIDUALLY_DECODED_THIS_TASK","Shared approved original; localized HTML text/alt; brand/source names retained"
"PHIOS-ICON-DOWNLOAD-v1.svg","images/icons/account/PHIOS-ICON-DOWNLOAD-v1.svg","docs/assets/r2-public/r2-260-display-verification-queue-v1.json; content/web-production/registries/client-visual-asset-registry-v1.8.json; content/registry/public-assets.json; content/customer-experience-rebuild/authority/customer-visual-asset-registry-v4.json","ICON","","","contextual","fluid; semantic center preserved","lazy or native component/state","WITHHELD_WITH_REASON","PHIOS-ICON-DOWNLOAD-v1.svg: no additional insertion in this recovery. images/icons/account already has contextual consumers PHIOS-ICON-PRIVACY-v1.svg; a new insertion would not serve the current page question. Historical approval retained.","NOT_RE_REQUESTED_THIS_TASK","","","","NOT_INDIVIDUALLY_DECODED_THIS_TASK","Shared approved original; localized HTML text/alt; brand/source names retained"
"PHIOS-ICON-MEMBERSHIP-v1.svg","images/icons/account/PHIOS-ICON-MEMBERSHIP-v1.svg","docs/assets/r2-public/r2-260-display-verification-queue-v1.json; content/web-production/registries/client-visual-asset-registry-v1.8.json; content/registry/public-assets.json; content/customer-experience-rebuild/authority/customer-visual-asset-registry-v4.json","ICON","","","contextual","fluid; semantic center preserved","lazy or native component/state","WITHHELD_WITH_REASON","PHIOS-ICON-MEMBERSHIP-v1.svg: no additional insertion in this recovery. images/icons/account already has contextual consumers PHIOS-ICON-PRIVACY-v1.svg; a new insertion would not serve the current page question. Historical approval retained.","NOT_RE_REQUESTED_THIS_TASK","","","","NOT_INDIVIDUALLY_DECODED_THIS_TASK","Shared approved original; localized HTML text/alt; brand/source names retained"
"PHIOS-ICON-PAYMENT-FAILURE-v1.svg","images/icons/account/PHIOS-ICON-PAYMENT-FAILURE-v1.svg","docs/assets/r2-public/r2-260-display-verification-queue-v1.json; content/web-production/registries/client-visual-asset-registry-v1.8.json; content/registry/public-assets.json; content/customer-experience-rebuild/authority/customer-visual-asset-registry-v4.json","ICON","","","contextual","fluid; semantic center preserved","lazy or native component/state","WITHHELD_WITH_REASON","PHIOS-ICON-PAYMENT-FAILURE-v1.svg: no additional insertion in this recovery. images/icons/account already has contextual consumers PHIOS-ICON-PRIVACY-v1.svg; a new insertion would not serve the current page question. Historical approval retained.","NOT_RE_REQUESTED_THIS_TASK","","","","NOT_INDIVIDUALLY_DECODED_THIS_TASK","Shared approved original; localized HTML text/alt; brand/source names retained"
"PHIOS-ICON-PAYMENT-SUCCESS-v1.svg","images/icons/account/PHIOS-ICON-PAYMENT-SUCCESS-v1.svg","docs/assets/r2-public/r2-260-display-verification-queue-v1.json; content/web-production/registries/client-visual-asset-registry-v1.8.json; content/registry/public-assets.json; content/customer-experience-rebuild/authority/customer-visual-asset-registry-v4.json","ICON","","","contextual","fluid; semantic center preserved","lazy or native component/state","WITHHELD_WITH_REASON","PHIOS-ICON-PAYMENT-SUCCESS-v1.svg: no additional insertion in this recovery. images/icons/account already has contextual consumers PHIOS-ICON-PRIVACY-v1.svg; a new insertion would not serve the current page question. Historical approval retained.","NOT_RE_REQUESTED_THIS_TASK","","","","NOT_INDIVIDUALLY_DECODED_THIS_TASK","Shared approved original; localized HTML text/alt; brand/source names retained"
"PHIOS-ICON-PAYMENT-v1.svg","images/icons/account/PHIOS-ICON-PAYMENT-v1.svg","docs/assets/r2-public/r2-260-display-verification-queue-v1.json; content/web-production/registries/client-visual-asset-registry-v1.8.json; content/registry/public-assets.json; content/customer-experience-rebuild/authority/customer-visual-asset-registry-v4.json","ICON","","","contextual","fluid; semantic center preserved","lazy or native component/state","WITHHELD_WITH_REASON","PHIOS-ICON-PAYMENT-v1.svg: no additional insertion in this recovery. images/icons/account already has contextual consumers PHIOS-ICON-PRIVACY-v1.svg; a new insertion would not serve the current page question. Historical approval retained.","NOT_RE_REQUESTED_THIS_TASK","","","","NOT_INDIVIDUALLY_DECODED_THIS_TASK","Shared approved original; localized HTML text/alt; brand/source names retained"
"PHIOS-ICON-PRIVACY-v1.svg","images/icons/account/PHIOS-ICON-PRIVACY-v1.svg","docs/assets/r2-public/r2-260-display-verification-queue-v1.json; content/web-production/registries/client-visual-asset-registry-v1.8.json; content/registry/public-assets.json; content/customer-experience-rebuild/authority/customer-visual-asset-registry-v4.json","ICON","/professional-data-privacy.html","","contextual","fluid; semantic center preserved","lazy or native component/state","BOUND_AND_BROWSER_DECODED","Actual visible consumer; repeated shared logos and method icons retain functional roles","PASS","200","image/svg+xml","6072","1254×1254","Shared approved original; localized HTML text/alt; brand/source names retained"
"PHIOS-ICON-READING-PROGRESS-v1.svg","images/icons/account/PHIOS-ICON-READING-PROGRESS-v1.svg","docs/assets/r2-public/r2-260-display-verification-queue-v1.json; content/web-production/registries/client-visual-asset-registry-v1.8.json; content/registry/public-assets.json; content/customer-experience-rebuild/authority/customer-visual-asset-registry-v4.json","ICON","","","contextual","fluid; semantic center preserved","lazy or native component/state","WITHHELD_WITH_REASON","PHIOS-ICON-READING-PROGRESS-v1.svg: no additional insertion in this recovery. images/icons/account already has contextual consumers PHIOS-ICON-PRIVACY-v1.svg; a new insertion would not serve the current page question. Historical approval retained.","NOT_RE_REQUESTED_THIS_TASK","","","","NOT_INDIVIDUALLY_DECODED_THIS_TASK","Shared approved original; localized HTML text/alt; brand/source names retained"
"PHIOS-ICON-SAVED-JOURNEY-v1.svg","images/icons/account/PHIOS-ICON-SAVED-JOURNEY-v1.svg","docs/assets/r2-public/r2-260-display-verification-queue-v1.json; content/web-production/registries/client-visual-asset-registry-v1.8.json; content/registry/public-assets.json; content/customer-experience-rebuild/authority/customer-visual-asset-registry-v4.json","ICON","","","contextual","fluid; semantic center preserved","lazy or native component/state","WITHHELD_WITH_REASON","PHIOS-ICON-SAVED-JOURNEY-v1.svg: no additional insertion in this recovery. images/icons/account already has contextual consumers PHIOS-ICON-PRIVACY-v1.svg; a new insertion would not serve the current page question. Historical approval retained.","NOT_RE_REQUESTED_THIS_TASK","","","","NOT_INDIVIDUALLY_DECODED_THIS_TASK","Shared approved original; localized HTML text/alt; brand/source names retained"
"PHIOS-ICON-ACADEMY-v1.svg","images/icons/global/PHIOS-ICON-ACADEMY-v1.svg","docs/assets/r2-public/r2-260-display-verification-queue-v1.json; content/web-production/registries/client-visual-asset-registry-v1.8.json; content/registry/public-assets.json; content/customer-experience-rebuild/authority/customer-visual-asset-registry-v4.json","ICON","","","contextual","fluid; semantic center preserved","lazy or native component/state","WITHHELD_WITH_REASON","PHIOS-ICON-ACADEMY-v1.svg: no additional insertion in this recovery. images/icons/global already has contextual consumers PHIOS-ICON-CONTINUITY-v1.svg, PHIOS-ICON-EVIDENCE-v1.svg, PHIOS-ICON-HOME-v1.svg; a new insertion would not serve the current page question. Historical approval retained.","NOT_RE_REQUESTED_THIS_TASK","","","","NOT_INDIVIDUALLY_DECODED_THIS_TASK","Shared approved original; localized HTML text/alt; brand/source names retained"
"PHIOS-ICON-ACCOUNT-v1.svg","images/icons/global/PHIOS-ICON-ACCOUNT-v1.svg","docs/assets/r2-public/r2-260-display-verification-queue-v1.json; content/web-production/registries/client-visual-asset-registry-v1.8.json; content/registry/public-assets.json; content/customer-experience-rebuild/authority/customer-visual-asset-registry-v4.json","ICON","","","contextual","fluid; semantic center preserved","lazy or native component/state","WITHHELD_WITH_REASON","PHIOS-ICON-ACCOUNT-v1.svg: no additional insertion in this recovery. images/icons/global already has contextual consumers PHIOS-ICON-CONTINUITY-v1.svg, PHIOS-ICON-EVIDENCE-v1.svg, PHIOS-ICON-HOME-v1.svg; a new insertion would not serve the current page question. Historical approval retained.","NOT_RE_REQUESTED_THIS_TASK","","","","NOT_INDIVIDUALLY_DECODED_THIS_TASK","Shared approved original; localized HTML text/alt; brand/source names retained"
"PHIOS-ICON-ARTICLE-v1.svg","images/icons/global/PHIOS-ICON-ARTICLE-v1.svg","docs/assets/r2-public/r2-260-display-verification-queue-v1.json; content/web-production/registries/client-visual-asset-registry-v1.8.json; content/registry/public-assets.json; content/customer-experience-rebuild/authority/customer-visual-asset-registry-v4.json","ICON","","","contextual","fluid; semantic center preserved","lazy or native component/state","WITHHELD_WITH_REASON","PHIOS-ICON-ARTICLE-v1.svg: no additional insertion in this recovery. images/icons/global already has contextual consumers PHIOS-ICON-CONTINUITY-v1.svg, PHIOS-ICON-EVIDENCE-v1.svg, PHIOS-ICON-HOME-v1.svg; a new insertion would not serve the current page question. Historical approval retained.","NOT_RE_REQUESTED_THIS_TASK","","","","NOT_INDIVIDUALLY_DECODED_THIS_TASK","Shared approved original; localized HTML text/alt; brand/source names retained"
"PHIOS-ICON-CONTINUITY-v1.svg","images/icons/global/PHIOS-ICON-CONTINUITY-v1.svg","docs/assets/r2-public/r2-260-display-verification-queue-v1.json; content/web-production/registries/client-visual-asset-registry-v1.8.json; content/registry/public-assets.json; content/customer-experience-rebuild/authority/customer-visual-asset-registry-v4.json","ICON","/reality-review.html","","contextual","fluid; semantic center preserved","lazy or native component/state","BOUND_AND_BROWSER_DECODED","Actual visible consumer; repeated shared logos and method icons retain functional roles","PASS","200","image/svg+xml","9118","1254×1254","Shared approved original; localized HTML text/alt; brand/source names retained"
"PHIOS-ICON-EVIDENCE-v1.svg","images/icons/global/PHIOS-ICON-EVIDENCE-v1.svg","docs/assets/r2-public/r2-260-display-verification-queue-v1.json; content/web-production/registries/client-visual-asset-registry-v1.8.json; content/registry/public-assets.json; content/customer-experience-rebuild/authority/customer-visual-asset-registry-v4.json","ICON","/professional-workspace.html; /reality-reading.html","","contextual","fluid; semantic center preserved","lazy or native component/state","BOUND_AND_BROWSER_DECODED","Actual visible consumer; repeated shared logos and method icons retain functional roles","PASS","200","image/svg+xml","20996","1254×1254","Shared approved original; localized HTML text/alt; brand/source names retained"
"PHIOS-ICON-FIGURE-v1.svg","images/icons/global/PHIOS-ICON-FIGURE-v1.svg","docs/assets/r2-public/r2-260-display-verification-queue-v1.json; content/web-production/registries/client-visual-asset-registry-v1.8.json; content/registry/public-assets.json; content/customer-experience-rebuild/authority/customer-visual-asset-registry-v4.json","PRIMARY_FIGURE","","","820–1280px inline, full-resolution inspection","full width with full-resolution inspection","lazy or native component/state","WITHHELD_WITH_REASON","PHIOS-ICON-FIGURE-v1.svg: no additional insertion in this recovery. images/icons/global already has contextual consumers PHIOS-ICON-CONTINUITY-v1.svg, PHIOS-ICON-EVIDENCE-v1.svg, PHIOS-ICON-HOME-v1.svg; a new insertion would not serve the current page question. Historical approval retained.","NOT_RE_REQUESTED_THIS_TASK","","","","NOT_INDIVIDUALLY_DECODED_THIS_TASK","Approved original diagram; localized HTML caption/alt and full-resolution inspection. Embedded text not re-authored or OCR-certified."
"PHIOS-ICON-FINANCIAL-REALITY-v1.svg","images/icons/global/PHIOS-ICON-FINANCIAL-REALITY-v1.svg","docs/assets/r2-public/r2-260-display-verification-queue-v1.json; content/web-production/registries/client-visual-asset-registry-v1.8.json; content/registry/public-assets.json; content/customer-experience-rebuild/authority/customer-visual-asset-registry-v4.json","ICON","","","contextual","fluid; semantic center preserved","lazy or native component/state","WITHHELD_WITH_REASON","PHIOS-ICON-FINANCIAL-REALITY-v1.svg: no additional insertion in this recovery. images/icons/global already has contextual consumers PHIOS-ICON-CONTINUITY-v1.svg, PHIOS-ICON-EVIDENCE-v1.svg, PHIOS-ICON-HOME-v1.svg; a new insertion would not serve the current page question. Historical approval retained.","NOT_RE_REQUESTED_THIS_TASK","","","","NOT_INDIVIDUALLY_DECODED_THIS_TASK","Shared approved original; localized HTML text/alt; brand/source names retained"
"PHIOS-ICON-HOME-v1.svg","images/icons/global/PHIOS-ICON-HOME-v1.svg","docs/assets/r2-public/r2-260-display-verification-queue-v1.json; content/web-production/registries/client-visual-asset-registry-v1.8.json; content/registry/public-assets.json; content/customer-experience-rebuild/authority/customer-visual-asset-registry-v4.json","ICON","/about/","","contextual","fluid; semantic center preserved","lazy or native component/state","BOUND_AND_BROWSER_DECODED","Actual visible consumer; repeated shared logos and method icons retain functional roles","PASS","200","image/svg+xml","12243","1254×1254","Shared approved original; localized HTML text/alt; brand/source names retained"
"PHIOS-ICON-KNOWLEDGE-v1.svg","images/icons/global/PHIOS-ICON-KNOWLEDGE-v1.svg","docs/assets/r2-public/r2-260-display-verification-queue-v1.json; content/web-production/registries/client-visual-asset-registry-v1.8.json; content/registry/public-assets.json; content/customer-experience-rebuild/authority/customer-visual-asset-registry-v4.json","ICON","/explore/how-it-works/; /explore/; /explore/why-phios/","","contextual","fluid; semantic center preserved","lazy or native component/state","BOUND_AND_BROWSER_DECODED","Actual visible consumer; repeated shared logos and method icons retain functional roles","PASS","200","image/svg+xml","29888","1254×1254","Shared approved original; localized HTML text/alt; brand/source names retained"
"PHIOS-ICON-LIBRARY-v1.svg","images/icons/global/PHIOS-ICON-LIBRARY-v1.svg","docs/assets/r2-public/r2-260-display-verification-queue-v1.json; content/web-production/registries/client-visual-asset-registry-v1.8.json; content/registry/public-assets.json; content/customer-experience-rebuild/authority/customer-visual-asset-registry-v4.json","ICON","","","contextual","fluid; semantic center preserved","lazy or native component/state","WITHHELD_WITH_REASON","PHIOS-ICON-LIBRARY-v1.svg: no additional insertion in this recovery. images/icons/global already has contextual consumers PHIOS-ICON-CONTINUITY-v1.svg, PHIOS-ICON-EVIDENCE-v1.svg, PHIOS-ICON-HOME-v1.svg; a new insertion would not serve the current page question. Historical approval retained.","NOT_RE_REQUESTED_THIS_TASK","","","","NOT_INDIVIDUALLY_DECODED_THIS_TASK","Shared approved original; localized HTML text/alt; brand/source names retained"
"PHIOS-ICON-NAVIGATION-v1.svg","images/icons/global/PHIOS-ICON-NAVIGATION-v1.svg","docs/assets/r2-public/r2-260-display-verification-queue-v1.json; content/web-production/registries/client-visual-asset-registry-v1.8.json; content/registry/public-assets.json; content/customer-experience-rebuild/authority/customer-visual-asset-registry-v4.json","ICON","/reality-navigation.html","","contextual","fluid; semantic center preserved","lazy or native component/state","BOUND_AND_BROWSER_DECODED","Actual visible consumer; repeated shared logos and method icons retain functional roles","PASS","200","image/svg+xml","8957","1254×1254","Shared approved original; localized HTML text/alt; brand/source names retained"
"PHIOS-ICON-PERSONAL-REALITY-v1.svg","images/icons/global/PHIOS-ICON-PERSONAL-REALITY-v1.svg","docs/assets/r2-public/r2-260-display-verification-queue-v1.json; content/web-production/registries/client-visual-asset-registry-v1.8.json; content/registry/public-assets.json; content/customer-experience-rebuild/authority/customer-visual-asset-registry-v4.json","ICON","/perspectives/personal/","","contextual","fluid; semantic center preserved","lazy or native component/state","BOUND_AND_BROWSER_DECODED","Actual visible consumer; repeated shared logos and method icons retain functional roles","PASS","200","image/svg+xml","10633","1254×1254","Shared approved original; localized HTML text/alt; brand/source names retained"
"PHIOS-ICON-PROFESSIONAL-v1.svg","images/icons/global/PHIOS-ICON-PROFESSIONAL-v1.svg","docs/assets/r2-public/r2-260-display-verification-queue-v1.json; content/web-production/registries/client-visual-asset-registry-v1.8.json; content/registry/public-assets.json; content/customer-experience-rebuild/authority/customer-visual-asset-registry-v4.json","ICON","/external-reader-intake.html; /professional-consent-sharing.html; /professional-workspace.html","","contextual","fluid; semantic center preserved","lazy or native component/state","BOUND_AND_BROWSER_DECODED","Actual visible consumer; repeated shared logos and method icons retain functional roles","PASS","200","image/svg+xml","7905","1254×1254","Shared approved original; localized HTML text/alt; brand/source names retained"
"PHIOS-ICON-READING-v1.svg","images/icons/global/PHIOS-ICON-READING-v1.svg","docs/assets/r2-public/r2-260-display-verification-queue-v1.json; content/web-production/registries/client-visual-asset-registry-v1.8.json; content/registry/public-assets.json; content/customer-experience-rebuild/authority/customer-visual-asset-registry-v4.json","ICON","/reality-reading.html","","contextual","fluid; semantic center preserved","lazy or native component/state","BOUND_AND_BROWSER_DECODED","Actual visible consumer; repeated shared logos and method icons retain functional roles","PASS","200","image/svg+xml","8695","1254×1254","Shared approved original; localized HTML text/alt; brand/source names retained"
"PHIOS-ICON-REALITY-JOURNEY-v1.svg","images/icons/global/PHIOS-ICON-REALITY-JOURNEY-v1.svg","docs/assets/r2-public/r2-260-display-verification-queue-v1.json; content/web-production/registries/client-visual-asset-registry-v1.8.json; content/registry/public-assets.json; content/customer-experience-rebuild/authority/customer-visual-asset-registry-v4.json","ICON","","","contextual","fluid; semantic center preserved","lazy or native component/state","WITHHELD_WITH_REASON","PHIOS-ICON-REALITY-JOURNEY-v1.svg: no additional insertion in this recovery. images/icons/global already has contextual consumers PHIOS-ICON-CONTINUITY-v1.svg, PHIOS-ICON-EVIDENCE-v1.svg, PHIOS-ICON-HOME-v1.svg; a new insertion would not serve the current page question. Historical approval retained.","NOT_RE_REQUESTED_THIS_TASK","","","","NOT_INDIVIDUALLY_DECODED_THIS_TASK","Shared approved original; localized HTML text/alt; brand/source names retained"
"PHIOS-ICON-REPORT-v1.svg","images/icons/global/PHIOS-ICON-REPORT-v1.svg","docs/assets/r2-public/r2-260-display-verification-queue-v1.json; content/web-production/registries/client-visual-asset-registry-v1.8.json; content/registry/public-assets.json; content/customer-experience-rebuild/authority/customer-visual-asset-registry-v4.json","ICON","","","contextual","fluid; semantic center preserved","lazy or native component/state","WITHHELD_WITH_REASON","PHIOS-ICON-REPORT-v1.svg: no additional insertion in this recovery. images/icons/global already has contextual consumers PHIOS-ICON-CONTINUITY-v1.svg, PHIOS-ICON-EVIDENCE-v1.svg, PHIOS-ICON-HOME-v1.svg; a new insertion would not serve the current page question. Historical approval retained.","NOT_RE_REQUESTED_THIS_TASK","","","","NOT_INDIVIDUALLY_DECODED_THIS_TASK","Shared approved original; localized HTML text/alt; brand/source names retained"
"PHIOS-ICON-SEARCH-v1.svg","images/icons/global/PHIOS-ICON-SEARCH-v1.svg","docs/assets/r2-public/r2-260-display-verification-queue-v1.json; content/web-production/registries/client-visual-asset-registry-v1.8.json; content/registry/public-assets.json; content/customer-experience-rebuild/authority/customer-visual-asset-registry-v4.json","ICON","","","contextual","fluid; semantic center preserved","lazy or native component/state","WITHHELD_WITH_REASON","PHIOS-ICON-SEARCH-v1.svg: no additional insertion in this recovery. images/icons/global already has contextual consumers PHIOS-ICON-CONTINUITY-v1.svg, PHIOS-ICON-EVIDENCE-v1.svg, PHIOS-ICON-HOME-v1.svg; a new insertion would not serve the current page question. Historical approval retained.","NOT_RE_REQUESTED_THIS_TASK","","","","NOT_INDIVIDUALLY_DECODED_THIS_TASK","Shared approved original; localized HTML text/alt; brand/source names retained"
"PHIOS-ICON-ACT-v1.svg","images/icons/journey/PHIOS-ICON-ACT-v1.svg","docs/assets/r2-public/r2-260-display-verification-queue-v1.json; content/web-production/registries/client-visual-asset-registry-v1.8.json; content/registry/public-assets.json; content/customer-experience-rebuild/authority/customer-visual-asset-registry-v4.json","ICON","/reality-navigation.html","","contextual","fluid; semantic center preserved","lazy or native component/state","BOUND_AND_BROWSER_DECODED","Actual visible consumer; repeated shared logos and method icons retain functional roles","PASS","200","image/svg+xml","10796","1254×1254","Shared approved original; localized HTML text/alt; brand/source names retained"
"PHIOS-ICON-CONTINUE-v1.svg","images/icons/journey/PHIOS-ICON-CONTINUE-v1.svg","docs/assets/r2-public/r2-260-display-verification-queue-v1.json; content/web-production/registries/client-visual-asset-registry-v1.8.json; content/registry/public-assets.json; content/customer-experience-rebuild/authority/customer-visual-asset-registry-v4.json","ICON","/reality-review.html","","contextual","fluid; semantic center preserved","lazy or native component/state","BOUND_AND_BROWSER_DECODED","Actual visible consumer; repeated shared logos and method icons retain functional roles","PASS","200","image/svg+xml","3027","1254×1254","Shared approved original; localized HTML text/alt; brand/source names retained"
"PHIOS-ICON-ENTER-v1.svg","images/icons/journey/PHIOS-ICON-ENTER-v1.svg","docs/assets/r2-public/r2-260-display-verification-queue-v1.json; content/web-production/registries/client-visual-asset-registry-v1.8.json; content/registry/public-assets.json; content/customer-experience-rebuild/authority/customer-visual-asset-registry-v4.json","ICON","","","contextual","fluid; semantic center preserved","lazy or native component/state","WITHHELD_WITH_REASON","PHIOS-ICON-ENTER-v1.svg: no additional insertion in this recovery. images/icons/journey already has contextual consumers PHIOS-ICON-ACT-v1.svg, PHIOS-ICON-CONTINUE-v1.svg, PHIOS-ICON-NAVIGATE-v1.svg; a new insertion would not serve the current page question. Historical approval retained.","NOT_RE_REQUESTED_THIS_TASK","","","","NOT_INDIVIDUALLY_DECODED_THIS_TASK","Shared approved original; localized HTML text/alt; brand/source names retained"
"PHIOS-ICON-NAVIGATE-v1.svg","images/icons/journey/PHIOS-ICON-NAVIGATE-v1.svg","docs/assets/r2-public/r2-260-display-verification-queue-v1.json; content/web-production/registries/client-visual-asset-registry-v1.8.json; content/registry/public-assets.json; content/customer-experience-rebuild/authority/customer-visual-asset-registry-v4.json","ICON","/reality-navigation.html","","contextual","fluid; semantic center preserved","lazy or native component/state","BOUND_AND_BROWSER_DECODED","Actual visible consumer; repeated shared logos and method icons retain functional roles","PASS","200","image/svg+xml","8380","1254×1254","Shared approved original; localized HTML text/alt; brand/source names retained"
"PHIOS-ICON-OBSERVE-v1.svg","images/icons/journey/PHIOS-ICON-OBSERVE-v1.svg","docs/assets/r2-public/r2-260-display-verification-queue-v1.json; content/web-production/registries/client-visual-asset-registry-v1.8.json; content/registry/public-assets.json; content/customer-experience-rebuild/authority/customer-visual-asset-registry-v4.json","ICON","","","contextual","fluid; semantic center preserved","lazy or native component/state","WITHHELD_WITH_REASON","PHIOS-ICON-OBSERVE-v1.svg: no additional insertion in this recovery. images/icons/journey already has contextual consumers PHIOS-ICON-ACT-v1.svg, PHIOS-ICON-CONTINUE-v1.svg, PHIOS-ICON-NAVIGATE-v1.svg; a new insertion would not serve the current page question. Historical approval retained.","NOT_RE_REQUESTED_THIS_TASK","","","","NOT_INDIVIDUALLY_DECODED_THIS_TASK","Shared approved original; localized HTML text/alt; brand/source names retained"
"PHIOS-ICON-READ-v1.svg","images/icons/journey/PHIOS-ICON-READ-v1.svg","docs/assets/r2-public/r2-260-display-verification-queue-v1.json; content/web-production/registries/client-visual-asset-registry-v1.8.json; content/registry/public-assets.json; content/customer-experience-rebuild/authority/customer-visual-asset-registry-v4.json","ICON","/reality-reading.html","","contextual","fluid; semantic center preserved","lazy or native component/state","BOUND_AND_BROWSER_DECODED","Actual visible consumer; repeated shared logos and method icons retain functional roles","PASS","200","image/svg+xml","9927","1254×1254","Shared approved original; localized HTML text/alt; brand/source names retained"
"PHIOS-ICON-RECONSTRUCT-v1.svg","images/icons/journey/PHIOS-ICON-RECONSTRUCT-v1.svg","docs/assets/r2-public/r2-260-display-verification-queue-v1.json; content/web-production/registries/client-visual-asset-registry-v1.8.json; content/registry/public-assets.json; content/customer-experience-rebuild/authority/customer-visual-asset-registry-v4.json","ICON","/reality-reconstruction.html","","contextual","fluid; semantic center preserved","lazy or native component/state","BOUND_AND_BROWSER_DECODED","Actual visible consumer; repeated shared logos and method icons retain functional roles","PASS","200","image/svg+xml","6928","1254×1254","Shared approved original; localized HTML text/alt; brand/source names retained"
"PHIOS-ICON-REVIEW-v1.svg","images/icons/journey/PHIOS-ICON-REVIEW-v1.svg","docs/assets/r2-public/r2-260-display-verification-queue-v1.json; content/web-production/registries/client-visual-asset-registry-v1.8.json; content/registry/public-assets.json; content/customer-experience-rebuild/authority/customer-visual-asset-registry-v4.json","ICON","/reality-review.html","","contextual","fluid; semantic center preserved","lazy or native component/state","BOUND_AND_BROWSER_DECODED","Actual visible consumer; repeated shared logos and method icons retain functional roles","PASS","200","image/svg+xml","9802","1254×1254","Shared approved original; localized HTML text/alt; brand/source names retained"
"PHIOS-ICON-STATUS-AVAILABLE-v1.svg","images/icons/status/PHIOS-ICON-STATUS-AVAILABLE-v1.svg","docs/assets/r2-public/r2-260-display-verification-queue-v1.json; content/web-production/registries/client-visual-asset-registry-v1.8.json","ICON","","","contextual","fluid; semantic center preserved","lazy or native component/state","WITHHELD_WITH_REASON","PHIOS-ICON-STATUS-AVAILABLE-v1.svg: no additional insertion in this recovery. images/icons/status already has contextual consumers in its dedicated workflow; a new insertion would not serve the current page question. Historical approval retained.","NOT_RE_REQUESTED_THIS_TASK","","","","NOT_INDIVIDUALLY_DECODED_THIS_TASK","Shared approved original; localized HTML text/alt; brand/source names retained"
"PHIOS-ICON-STATUS-PARTIAL-v1.svg","images/icons/status/PHIOS-ICON-STATUS-PARTIAL-v1.svg","docs/assets/r2-public/r2-260-display-verification-queue-v1.json; content/web-production/registries/client-visual-asset-registry-v1.8.json","ICON","","","contextual","fluid; semantic center preserved","lazy or native component/state","WITHHELD_WITH_REASON","PHIOS-ICON-STATUS-PARTIAL-v1.svg: no additional insertion in this recovery. images/icons/status already has contextual consumers in its dedicated workflow; a new insertion would not serve the current page question. Historical approval retained.","NOT_RE_REQUESTED_THIS_TASK","","","","NOT_INDIVIDUALLY_DECODED_THIS_TASK","Shared approved original; localized HTML text/alt; brand/source names retained"
"PHIOS-ICON-STATUS-SEPARATE-v1.svg","images/icons/status/PHIOS-ICON-STATUS-SEPARATE-v1.svg","docs/assets/r2-public/r2-260-display-verification-queue-v1.json; content/web-production/registries/client-visual-asset-registry-v1.8.json","ICON","","","contextual","fluid; semantic center preserved","lazy or native component/state","WITHHELD_WITH_REASON","PHIOS-ICON-STATUS-SEPARATE-v1.svg: no additional insertion in this recovery. images/icons/status already has contextual consumers in its dedicated workflow; a new insertion would not serve the current page question. Historical approval retained.","NOT_RE_REQUESTED_THIS_TASK","","","","NOT_INDIVIDUALLY_DECODED_THIS_TASK","Shared approved original; localized HTML text/alt; brand/source names retained"
"PHIOS-ICON-STATUS-TEMPORARY-v1.svg","images/icons/status/PHIOS-ICON-STATUS-TEMPORARY-v1.svg","docs/assets/r2-public/r2-260-display-verification-queue-v1.json; content/web-production/registries/client-visual-asset-registry-v1.8.json","ICON","","","contextual","fluid; semantic center preserved","lazy or native component/state","WITHHELD_WITH_REASON","PHIOS-ICON-STATUS-TEMPORARY-v1.svg: no additional insertion in this recovery. images/icons/status already has contextual consumers in its dedicated workflow; a new insertion would not serve the current page question. Historical approval retained.","NOT_RE_REQUESTED_THIS_TASK","","","","NOT_INDIVIDUALLY_DECODED_THIS_TASK","Shared approved original; localized HTML text/alt; brand/source names retained"
"PHIOS-ICON-STATUS-UNAVAILABLE-v1.svg","images/icons/status/PHIOS-ICON-STATUS-UNAVAILABLE-v1.svg","docs/assets/r2-public/r2-260-display-verification-queue-v1.json; content/web-production/registries/client-visual-asset-registry-v1.8.json","ICON","","","contextual","fluid; semantic center preserved","lazy or native component/state","WITHHELD_WITH_REASON","PHIOS-ICON-STATUS-UNAVAILABLE-v1.svg: no additional insertion in this recovery. images/icons/status already has contextual consumers in its dedicated workflow; a new insertion would not serve the current page question. Historical approval retained.","NOT_RE_REQUESTED_THIS_TASK","","","","NOT_INDIVIDUALLY_DECODED_THIS_TASK","Shared approved original; localized HTML text/alt; brand/source names retained"
"PHIOS-ILLUSTRATION-LIBRARY-KNOWLEDGE-LANDSCAPE-v1.webp","images/illustrations/PHIOS-ILLUSTRATION-LIBRARY-KNOWLEDGE-LANDSCAPE-v1.webp","docs/assets/r2-public/r2-260-display-verification-queue-v1.json; content/web-production/registries/client-visual-asset-registry-v1.8.json; content/customer-experience-rebuild/authority/customer-visual-asset-registry-v4.json","ILLUSTRATION","/knowledge/concepts/; /knowledge/; /research/","","contextual","fluid; semantic center preserved","lazy or native component/state","BOUND_AND_BROWSER_DECODED","Actual visible consumer; repeated shared logos and method icons retain functional roles","PASS","200","image/webp","621078","1672×941","Shared approved original; localized HTML text/alt; brand/source names retained"
"phi-card-c01-forming-v1.webp","images/phi-cards/phi-card-c01-forming-v1.webp","docs/assets/r2-public/r2-260-display-verification-queue-v1.json","ILLUSTRATION","","","contextual","fluid; semantic center preserved","lazy or native component/state","WITHHELD_WITH_REASON","phi-card-c01-forming-v1.webp: no additional insertion in this recovery. images/phi-cards already has contextual consumers in its dedicated workflow; a new insertion would not serve the current page question. Historical approval retained.","NOT_RE_REQUESTED_THIS_TASK","","","","NOT_INDIVIDUALLY_DECODED_THIS_TASK","Shared approved original; localized HTML text/alt; brand/source names retained"
"phi-card-c02-focus-v1.webp","images/phi-cards/phi-card-c02-focus-v1.webp","docs/assets/r2-public/r2-260-display-verification-queue-v1.json","ILLUSTRATION","","","contextual","fluid; semantic center preserved","lazy or native component/state","WITHHELD_WITH_REASON","phi-card-c02-focus-v1.webp: no additional insertion in this recovery. images/phi-cards already has contextual consumers in its dedicated workflow; a new insertion would not serve the current page question. Historical approval retained.","NOT_RE_REQUESTED_THIS_TASK","","","","NOT_INDIVIDUALLY_DECODED_THIS_TASK","Shared approved original; localized HTML text/alt; brand/source names retained"
"phi-card-c03-grounding-v1.webp","images/phi-cards/phi-card-c03-grounding-v1.webp","docs/assets/r2-public/r2-260-display-verification-queue-v1.json","ILLUSTRATION","","","contextual","fluid; semantic center preserved","lazy or native component/state","WITHHELD_WITH_REASON","phi-card-c03-grounding-v1.webp: no additional insertion in this recovery. images/phi-cards already has contextual consumers in its dedicated workflow; a new insertion would not serve the current page question. Historical approval retained.","NOT_RE_REQUESTED_THIS_TASK","","","","NOT_INDIVIDUALLY_DECODED_THIS_TASK","Shared approved original; localized HTML text/alt; brand/source names retained"
"phi-card-c04-integration-v1.webp","images/phi-cards/phi-card-c04-integration-v1.webp","docs/assets/r2-public/r2-260-display-verification-queue-v1.json","ILLUSTRATION","","","contextual","fluid; semantic center preserved","lazy or native component/state","WITHHELD_WITH_REASON","phi-card-c04-integration-v1.webp: no additional insertion in this recovery. images/phi-cards already has contextual consumers in its dedicated workflow; a new insertion would not serve the current page question. Historical approval retained.","NOT_RE_REQUESTED_THIS_TASK","","","","NOT_INDIVIDUALLY_DECODED_THIS_TASK","Shared approved original; localized HTML text/alt; brand/source names retained"
"phi-card-c05-expansion-v1.webp","images/phi-cards/phi-card-c05-expansion-v1.webp","docs/assets/r2-public/r2-260-display-verification-queue-v1.json","ILLUSTRATION","","","contextual","fluid; semantic center preserved","lazy or native component/state","WITHHELD_WITH_REASON","phi-card-c05-expansion-v1.webp: no additional insertion in this recovery. images/phi-cards already has contextual consumers in its dedicated workflow; a new insertion would not serve the current page question. Historical approval retained.","NOT_RE_REQUESTED_THIS_TASK","","","","NOT_INDIVIDUALLY_DECODED_THIS_TASK","Shared approved original; localized HTML text/alt; brand/source names retained"
"phi-card-c06-reconfiguration-v1.webp","images/phi-cards/phi-card-c06-reconfiguration-v1.webp","docs/assets/r2-public/r2-260-display-verification-queue-v1.json","ILLUSTRATION","","","contextual","fluid; semantic center preserved","lazy or native component/state","WITHHELD_WITH_REASON","phi-card-c06-reconfiguration-v1.webp: no additional insertion in this recovery. images/phi-cards already has contextual consumers in its dedicated workflow; a new insertion would not serve the current page question. Historical approval retained.","NOT_RE_REQUESTED_THIS_TASK","","","","NOT_INDIVIDUALLY_DECODED_THIS_TASK","Shared approved original; localized HTML text/alt; brand/source names retained"
"phi-card-c07-deepening-v1.webp","images/phi-cards/phi-card-c07-deepening-v1.webp","docs/assets/r2-public/r2-260-display-verification-queue-v1.json","ILLUSTRATION","","","contextual","fluid; semantic center preserved","lazy or native component/state","WITHHELD_WITH_REASON","phi-card-c07-deepening-v1.webp: no additional insertion in this recovery. images/phi-cards already has contextual consumers in its dedicated workflow; a new insertion would not serve the current page question. Historical approval retained.","NOT_RE_REQUESTED_THIS_TASK","","","","NOT_INDIVIDUALLY_DECODED_THIS_TASK","Shared approved original; localized HTML text/alt; brand/source names retained"
"phi-card-c08-orientation-v1.webp","images/phi-cards/phi-card-c08-orientation-v1.webp","docs/assets/r2-public/r2-260-display-verification-queue-v1.json","ILLUSTRATION","","","contextual","fluid; semantic center preserved","lazy or native component/state","WITHHELD_WITH_REASON","phi-card-c08-orientation-v1.webp: no additional insertion in this recovery. images/phi-cards already has contextual consumers in its dedicated workflow; a new insertion would not serve the current page question. Historical approval retained.","NOT_RE_REQUESTED_THIS_TASK","","","","NOT_INDIVIDUALLY_DECODED_THIS_TASK","Shared approved original; localized HTML text/alt; brand/source names retained"
"phi-card-d01-seeking-v1.webp","images/phi-cards/phi-card-d01-seeking-v1.webp","docs/assets/r2-public/r2-260-display-verification-queue-v1.json","ILLUSTRATION","","","contextual","fluid; semantic center preserved","lazy or native component/state","WITHHELD_WITH_REASON","phi-card-d01-seeking-v1.webp: no additional insertion in this recovery. images/phi-cards already has contextual consumers in its dedicated workflow; a new insertion would not serve the current page question. Historical approval retained.","NOT_RE_REQUESTED_THIS_TASK","","","","NOT_INDIVIDUALLY_DECODED_THIS_TASK","Shared approved original; localized HTML text/alt; brand/source names retained"
"phi-card-d02-response-v1.webp","images/phi-cards/phi-card-d02-response-v1.webp","docs/assets/r2-public/r2-260-display-verification-queue-v1.json","ILLUSTRATION","","","contextual","fluid; semantic center preserved","lazy or native component/state","WITHHELD_WITH_REASON","phi-card-d02-response-v1.webp: no additional insertion in this recovery. images/phi-cards already has contextual consumers in its dedicated workflow; a new insertion would not serve the current page question. Historical approval retained.","NOT_RE_REQUESTED_THIS_TASK","","","","NOT_INDIVIDUALLY_DECODED_THIS_TASK","Shared approved original; localized HTML text/alt; brand/source names retained"
"phi-card-d03-advance-v1.webp","images/phi-cards/phi-card-d03-advance-v1.webp","docs/assets/r2-public/r2-260-display-verification-queue-v1.json","ILLUSTRATION","","","contextual","fluid; semantic center preserved","lazy or native component/state","WITHHELD_WITH_REASON","phi-card-d03-advance-v1.webp: no additional insertion in this recovery. images/phi-cards already has contextual consumers in its dedicated workflow; a new insertion would not serve the current page question. Historical approval retained.","NOT_RE_REQUESTED_THIS_TASK","","","","NOT_INDIVIDUALLY_DECODED_THIS_TASK","Shared approved original; localized HTML text/alt; brand/source names retained"
"phi-card-d04-correction-v1.webp","images/phi-cards/phi-card-d04-correction-v1.webp","docs/assets/r2-public/r2-260-display-verification-queue-v1.json","ILLUSTRATION","","","contextual","fluid; semantic center preserved","lazy or native component/state","WITHHELD_WITH_REASON","phi-card-d04-correction-v1.webp: no additional insertion in this recovery. images/phi-cards already has contextual consumers in its dedicated workflow; a new insertion would not serve the current page question. Historical approval retained.","NOT_RE_REQUESTED_THIS_TASK","","","","NOT_INDIVIDUALLY_DECODED_THIS_TASK","Shared approved original; localized HTML text/alt; brand/source names retained"
"phi-card-d05-completion-v1.webp","images/phi-cards/phi-card-d05-completion-v1.webp","docs/assets/r2-public/r2-260-display-verification-queue-v1.json","ILLUSTRATION","","","contextual","fluid; semantic center preserved","lazy or native component/state","WITHHELD_WITH_REASON","phi-card-d05-completion-v1.webp: no additional insertion in this recovery. images/phi-cards already has contextual consumers in its dedicated workflow; a new insertion would not serve the current page question. Historical approval retained.","NOT_RE_REQUESTED_THIS_TASK","","","","NOT_INDIVIDUALLY_DECODED_THIS_TASK","Shared approved original; localized HTML text/alt; brand/source names retained"
"phi-card-d06-breakthrough-v1.webp","images/phi-cards/phi-card-d06-breakthrough-v1.webp","docs/assets/r2-public/r2-260-display-verification-queue-v1.json","ILLUSTRATION","","","contextual","fluid; semantic center preserved","lazy or native component/state","WITHHELD_WITH_REASON","phi-card-d06-breakthrough-v1.webp: no additional insertion in this recovery. images/phi-cards already has contextual consumers in its dedicated workflow; a new insertion would not serve the current page question. Historical approval retained.","NOT_RE_REQUESTED_THIS_TASK","","","","NOT_INDIVIDUALLY_DECODED_THIS_TASK","Shared approved original; localized HTML text/alt; brand/source names retained"
"phi-card-d07-stewardship-v1.webp","images/phi-cards/phi-card-d07-stewardship-v1.webp","docs/assets/r2-public/r2-260-display-verification-queue-v1.json","ILLUSTRATION","","","contextual","fluid; semantic center preserved","lazy or native component/state","WITHHELD_WITH_REASON","phi-card-d07-stewardship-v1.webp: no additional insertion in this recovery. images/phi-cards already has contextual consumers in its dedicated workflow; a new insertion would not serve the current page question. Historical approval retained.","NOT_RE_REQUESTED_THIS_TASK","","","","NOT_INDIVIDUALLY_DECODED_THIS_TASK","Shared approved original; localized HTML text/alt; brand/source names retained"
"phi-card-d08-calling-v1.webp","images/phi-cards/phi-card-d08-calling-v1.webp","docs/assets/r2-public/r2-260-display-verification-queue-v1.json","ILLUSTRATION","","","contextual","fluid; semantic center preserved","lazy or native component/state","WITHHELD_WITH_REASON","phi-card-d08-calling-v1.webp: no additional insertion in this recovery. images/phi-cards already has contextual consumers in its dedicated workflow; a new insertion would not serve the current page question. Historical approval retained.","NOT_RE_REQUESTED_THIS_TASK","","","","NOT_INDIVIDUALLY_DECODED_THIS_TASK","Shared approved original; localized HTML text/alt; brand/source names retained"
"phi-card-f01-container-v1.webp","images/phi-cards/phi-card-f01-container-v1.webp","docs/assets/r2-public/r2-260-display-verification-queue-v1.json","ILLUSTRATION","","","contextual","fluid; semantic center preserved","lazy or native component/state","WITHHELD_WITH_REASON","phi-card-f01-container-v1.webp: no additional insertion in this recovery. images/phi-cards already has contextual consumers in its dedicated workflow; a new insertion would not serve the current page question. Historical approval retained.","NOT_RE_REQUESTED_THIS_TASK","","","","NOT_INDIVIDUALLY_DECODED_THIS_TASK","Shared approved original; localized HTML text/alt; brand/source names retained"
"phi-card-f02-boundary-v1.webp","images/phi-cards/phi-card-f02-boundary-v1.webp","docs/assets/r2-public/r2-260-display-verification-queue-v1.json","ILLUSTRATION","","","contextual","fluid; semantic center preserved","lazy or native component/state","WITHHELD_WITH_REASON","phi-card-f02-boundary-v1.webp: no additional insertion in this recovery. images/phi-cards already has contextual consumers in its dedicated workflow; a new insertion would not serve the current page question. Historical approval retained.","NOT_RE_REQUESTED_THIS_TASK","","","","NOT_INDIVIDUALLY_DECODED_THIS_TASK","Shared approved original; localized HTML text/alt; brand/source names retained"
"phi-card-f03-collaboration-v1.webp","images/phi-cards/phi-card-f03-collaboration-v1.webp","docs/assets/r2-public/r2-260-display-verification-queue-v1.json","ILLUSTRATION","","","contextual","fluid; semantic center preserved","lazy or native component/state","WITHHELD_WITH_REASON","phi-card-f03-collaboration-v1.webp: no additional insertion in this recovery. images/phi-cards already has contextual consumers in its dedicated workflow; a new insertion would not serve the current page question. Historical approval retained.","NOT_RE_REQUESTED_THIS_TASK","","","","NOT_INDIVIDUALLY_DECODED_THIS_TASK","Shared approved original; localized HTML text/alt; brand/source names retained"
"phi-card-f04-exchange-v1.webp","images/phi-cards/phi-card-f04-exchange-v1.webp","docs/assets/r2-public/r2-260-display-verification-queue-v1.json","ILLUSTRATION","","","contextual","fluid; semantic center preserved","lazy or native component/state","WITHHELD_WITH_REASON","phi-card-f04-exchange-v1.webp: no additional insertion in this recovery. images/phi-cards already has contextual consumers in its dedicated workflow; a new insertion would not serve the current page question. Historical approval retained.","NOT_RE_REQUESTED_THIS_TASK","","","","NOT_INDIVIDUALLY_DECODED_THIS_TASK","Shared approved original; localized HTML text/alt; brand/source names retained"
"phi-card-f05-rhythm-v1.webp","images/phi-cards/phi-card-f05-rhythm-v1.webp","docs/assets/r2-public/r2-260-display-verification-queue-v1.json","ILLUSTRATION","","","contextual","fluid; semantic center preserved","lazy or native component/state","WITHHELD_WITH_REASON","phi-card-f05-rhythm-v1.webp: no additional insertion in this recovery. images/phi-cards already has contextual consumers in its dedicated workflow; a new insertion would not serve the current page question. Historical approval retained.","NOT_RE_REQUESTED_THIS_TASK","","","","NOT_INDIVIDUALLY_DECODED_THIS_TASK","Shared approved original; localized HTML text/alt; brand/source names retained"
"phi-card-f06-space-v1.webp","images/phi-cards/phi-card-f06-space-v1.webp","docs/assets/r2-public/r2-260-display-verification-queue-v1.json","ILLUSTRATION","","","contextual","fluid; semantic center preserved","lazy or native component/state","WITHHELD_WITH_REASON","phi-card-f06-space-v1.webp: no additional insertion in this recovery. images/phi-cards already has contextual consumers in its dedicated workflow; a new insertion would not serve the current page question. Historical approval retained.","NOT_RE_REQUESTED_THIS_TASK","","","","NOT_INDIVIDUALLY_DECODED_THIS_TASK","Shared approved original; localized HTML text/alt; brand/source names retained"
"phi-card-f07-calibration-v1.webp","images/phi-cards/phi-card-f07-calibration-v1.webp","docs/assets/r2-public/r2-260-display-verification-queue-v1.json","ILLUSTRATION","","","contextual","fluid; semantic center preserved","lazy or native component/state","WITHHELD_WITH_REASON","phi-card-f07-calibration-v1.webp: no additional insertion in this recovery. images/phi-cards already has contextual consumers in its dedicated workflow; a new insertion would not serve the current page question. Historical approval retained.","NOT_RE_REQUESTED_THIS_TASK","","","","NOT_INDIVIDUALLY_DECODED_THIS_TASK","Shared approved original; localized HTML text/alt; brand/source names retained"
"phi-card-f08-support-v1.webp","images/phi-cards/phi-card-f08-support-v1.webp","docs/assets/r2-public/r2-260-display-verification-queue-v1.json","ILLUSTRATION","","","contextual","fluid; semantic center preserved","lazy or native component/state","WITHHELD_WITH_REASON","phi-card-f08-support-v1.webp: no additional insertion in this recovery. images/phi-cards already has contextual consumers in its dedicated workflow; a new insertion would not serve the current page question. Historical approval retained.","NOT_RE_REQUESTED_THIS_TASK","","","","NOT_INDIVIDUALLY_DECODED_THIS_TASK","Shared approved original; localized HTML text/alt; brand/source names retained"
"phi-card-g01-organize-v1.webp","images/phi-cards/phi-card-g01-organize-v1.webp","docs/assets/r2-public/r2-260-display-verification-queue-v1.json","ILLUSTRATION","","","contextual","fluid; semantic center preserved","lazy or native component/state","WITHHELD_WITH_REASON","phi-card-g01-organize-v1.webp: no additional insertion in this recovery. images/phi-cards already has contextual consumers in its dedicated workflow; a new insertion would not serve the current page question. Historical approval retained.","NOT_RE_REQUESTED_THIS_TASK","","","","NOT_INDIVIDUALLY_DECODED_THIS_TASK","Shared approved original; localized HTML text/alt; brand/source names retained"
"phi-card-g02-discern-v1.webp","images/phi-cards/phi-card-g02-discern-v1.webp","docs/assets/r2-public/r2-260-display-verification-queue-v1.json","ILLUSTRATION","","","contextual","fluid; semantic center preserved","lazy or native component/state","WITHHELD_WITH_REASON","phi-card-g02-discern-v1.webp: no additional insertion in this recovery. images/phi-cards already has contextual consumers in its dedicated workflow; a new insertion would not serve the current page question. Historical approval retained.","NOT_RE_REQUESTED_THIS_TASK","","","","NOT_INDIVIDUALLY_DECODED_THIS_TASK","Shared approved original; localized HTML text/alt; brand/source names retained"
"phi-card-g03-connect-v1.webp","images/phi-cards/phi-card-g03-connect-v1.webp","docs/assets/r2-public/r2-260-display-verification-queue-v1.json","ILLUSTRATION","","","contextual","fluid; semantic center preserved","lazy or native component/state","WITHHELD_WITH_REASON","phi-card-g03-connect-v1.webp: no additional insertion in this recovery. images/phi-cards already has contextual consumers in its dedicated workflow; a new insertion would not serve the current page question. Historical approval retained.","NOT_RE_REQUESTED_THIS_TASK","","","","NOT_INDIVIDUALLY_DECODED_THIS_TASK","Shared approved original; localized HTML text/alt; brand/source names retained"
"phi-card-g04-express-v1.webp","images/phi-cards/phi-card-g04-express-v1.webp","docs/assets/r2-public/r2-260-display-verification-queue-v1.json","ILLUSTRATION","","","contextual","fluid; semantic center preserved","lazy or native component/state","WITHHELD_WITH_REASON","phi-card-g04-express-v1.webp: no additional insertion in this recovery. images/phi-cards already has contextual consumers in its dedicated workflow; a new insertion would not serve the current page question. Historical approval retained.","NOT_RE_REQUESTED_THIS_TASK","","","","NOT_INDIVIDUALLY_DECODED_THIS_TASK","Shared approved original; localized HTML text/alt; brand/source names retained"
"phi-card-g05-hold-v1.webp","images/phi-cards/phi-card-g05-hold-v1.webp","docs/assets/r2-public/r2-260-display-verification-queue-v1.json","ILLUSTRATION","","","contextual","fluid; semantic center preserved","lazy or native component/state","WITHHELD_WITH_REASON","phi-card-g05-hold-v1.webp: no additional insertion in this recovery. images/phi-cards already has contextual consumers in its dedicated workflow; a new insertion would not serve the current page question. Historical approval retained.","NOT_RE_REQUESTED_THIS_TASK","","","","NOT_INDIVIDUALLY_DECODED_THIS_TASK","Shared approved original; localized HTML text/alt; brand/source names retained"
"phi-card-g06-build-v1.webp","images/phi-cards/phi-card-g06-build-v1.webp","docs/assets/r2-public/r2-260-display-verification-queue-v1.json","ILLUSTRATION","","","contextual","fluid; semantic center preserved","lazy or native component/state","WITHHELD_WITH_REASON","phi-card-g06-build-v1.webp: no additional insertion in this recovery. images/phi-cards already has contextual consumers in its dedicated workflow; a new insertion would not serve the current page question. Historical approval retained.","NOT_RE_REQUESTED_THIS_TASK","","","","NOT_INDIVIDUALLY_DECODED_THIS_TASK","Shared approved original; localized HTML text/alt; brand/source names retained"
"phi-card-g07-adapt-v1.webp","images/phi-cards/phi-card-g07-adapt-v1.webp","docs/assets/r2-public/r2-260-display-verification-queue-v1.json","ILLUSTRATION","","","contextual","fluid; semantic center preserved","lazy or native component/state","WITHHELD_WITH_REASON","phi-card-g07-adapt-v1.webp: no additional insertion in this recovery. images/phi-cards already has contextual consumers in its dedicated workflow; a new insertion would not serve the current page question. Historical approval retained.","NOT_RE_REQUESTED_THIS_TASK","","","","NOT_INDIVIDUALLY_DECODED_THIS_TASK","Shared approved original; localized HTML text/alt; brand/source names retained"
"phi-card-g08-transform-v1.webp","images/phi-cards/phi-card-g08-transform-v1.webp","docs/assets/r2-public/r2-260-display-verification-queue-v1.json","ILLUSTRATION","","","contextual","fluid; semantic center preserved","lazy or native component/state","WITHHELD_WITH_REASON","phi-card-g08-transform-v1.webp: no additional insertion in this recovery. images/phi-cards already has contextual consumers in its dedicated workflow; a new insertion would not serve the current page question. Historical approval retained.","NOT_RE_REQUESTED_THIS_TASK","","","","NOT_INDIVIDUALLY_DECODED_THIS_TASK","Shared approved original; localized HTML text/alt; brand/source names retained"
"phi-card-p01-opening-v1.webp","images/phi-cards/phi-card-p01-opening-v1.webp","docs/assets/r2-public/r2-260-display-verification-queue-v1.json","ILLUSTRATION","","","contextual","fluid; semantic center preserved","lazy or native component/state","WITHHELD_WITH_REASON","phi-card-p01-opening-v1.webp: no additional insertion in this recovery. images/phi-cards already has contextual consumers in its dedicated workflow; a new insertion would not serve the current page question. Historical approval retained.","NOT_RE_REQUESTED_THIS_TASK","","","","NOT_INDIVIDUALLY_DECODED_THIS_TASK","Shared approved original; localized HTML text/alt; brand/source names retained"
"phi-card-p02-activating-v1.webp","images/phi-cards/phi-card-p02-activating-v1.webp","docs/assets/r2-public/r2-260-display-verification-queue-v1.json","ILLUSTRATION","","","contextual","fluid; semantic center preserved","lazy or native component/state","WITHHELD_WITH_REASON","phi-card-p02-activating-v1.webp: no additional insertion in this recovery. images/phi-cards already has contextual consumers in its dedicated workflow; a new insertion would not serve the current page question. Historical approval retained.","NOT_RE_REQUESTED_THIS_TASK","","","","NOT_INDIVIDUALLY_DECODED_THIS_TASK","Shared approved original; localized HTML text/alt; brand/source names retained"
"phi-card-p03-gaining-weight-v1.webp","images/phi-cards/phi-card-p03-gaining-weight-v1.webp","docs/assets/r2-public/r2-260-display-verification-queue-v1.json","ILLUSTRATION","","","contextual","fluid; semantic center preserved","lazy or native component/state","WITHHELD_WITH_REASON","phi-card-p03-gaining-weight-v1.webp: no additional insertion in this recovery. images/phi-cards already has contextual consumers in its dedicated workflow; a new insertion would not serve the current page question. Historical approval retained.","NOT_RE_REQUESTED_THIS_TASK","","","","NOT_INDIVIDUALLY_DECODED_THIS_TASK","Shared approved original; localized HTML text/alt; brand/source names retained"
"phi-card-p04-amplifying-v1.webp","images/phi-cards/phi-card-p04-amplifying-v1.webp","docs/assets/r2-public/r2-260-display-verification-queue-v1.json","ILLUSTRATION","","","contextual","fluid; semantic center preserved","lazy or native component/state","WITHHELD_WITH_REASON","phi-card-p04-amplifying-v1.webp: no additional insertion in this recovery. images/phi-cards already has contextual consumers in its dedicated workflow; a new insertion would not serve the current page question. Historical approval retained.","NOT_RE_REQUESTED_THIS_TASK","","","","NOT_INDIVIDUALLY_DECODED_THIS_TASK","Shared approved original; localized HTML text/alt; brand/source names retained"
"phi-card-p05-alignment-v1.webp","images/phi-cards/phi-card-p05-alignment-v1.webp","docs/assets/r2-public/r2-260-display-verification-queue-v1.json","ILLUSTRATION","","","contextual","fluid; semantic center preserved","lazy or native component/state","WITHHELD_WITH_REASON","phi-card-p05-alignment-v1.webp: no additional insertion in this recovery. images/phi-cards already has contextual consumers in its dedicated workflow; a new insertion would not serve the current page question. Historical approval retained.","NOT_RE_REQUESTED_THIS_TASK","","","","NOT_INDIVIDUALLY_DECODED_THIS_TASK","Shared approved original; localized HTML text/alt; brand/source names retained"
"phi-card-p06-overamplification-v1.webp","images/phi-cards/phi-card-p06-overamplification-v1.webp","docs/assets/r2-public/r2-260-display-verification-queue-v1.json","ILLUSTRATION","","","contextual","fluid; semantic center preserved","lazy or native component/state","WITHHELD_WITH_REASON","phi-card-p06-overamplification-v1.webp: no additional insertion in this recovery. images/phi-cards already has contextual consumers in its dedicated workflow; a new insertion would not serve the current page question. Historical approval retained.","NOT_RE_REQUESTED_THIS_TASK","","","","NOT_INDIVIDUALLY_DECODED_THIS_TASK","Shared approved original; localized HTML text/alt; brand/source names retained"
"phi-card-p07-decay-v1.webp","images/phi-cards/phi-card-p07-decay-v1.webp","docs/assets/r2-public/r2-260-display-verification-queue-v1.json","ILLUSTRATION","","","contextual","fluid; semantic center preserved","lazy or native component/state","WITHHELD_WITH_REASON","phi-card-p07-decay-v1.webp: no additional insertion in this recovery. images/phi-cards already has contextual consumers in its dedicated workflow; a new insertion would not serve the current page question. Historical approval retained.","NOT_RE_REQUESTED_THIS_TASK","","","","NOT_INDIVIDUALLY_DECODED_THIS_TASK","Shared approved original; localized HTML text/alt; brand/source names retained"
"phi-card-p08-closure-v1.webp","images/phi-cards/phi-card-p08-closure-v1.webp","docs/assets/r2-public/r2-260-display-verification-queue-v1.json","ILLUSTRATION","","","contextual","fluid; semantic center preserved","lazy or native component/state","WITHHELD_WITH_REASON","phi-card-p08-closure-v1.webp: no additional insertion in this recovery. images/phi-cards already has contextual consumers in its dedicated workflow; a new insertion would not serve the current page question. Historical approval retained.","NOT_RE_REQUESTED_THIS_TASK","","","","NOT_INDIVIDUALLY_DECODED_THIS_TASK","Shared approved original; localized HTML text/alt; brand/source names retained"
"phi-card-t01-overload-v1.webp","images/phi-cards/phi-card-t01-overload-v1.webp","docs/assets/r2-public/r2-260-display-verification-queue-v1.json","ILLUSTRATION","","","contextual","fluid; semantic center preserved","lazy or native component/state","WITHHELD_WITH_REASON","phi-card-t01-overload-v1.webp: no additional insertion in this recovery. images/phi-cards already has contextual consumers in its dedicated workflow; a new insertion would not serve the current page question. Historical approval retained.","NOT_RE_REQUESTED_THIS_TASK","","","","NOT_INDIVIDUALLY_DECODED_THIS_TASK","Shared approved original; localized HTML text/alt; brand/source names retained"
"phi-card-t02-pull-v1.webp","images/phi-cards/phi-card-t02-pull-v1.webp","docs/assets/r2-public/r2-260-display-verification-queue-v1.json","ILLUSTRATION","","","contextual","fluid; semantic center preserved","lazy or native component/state","WITHHELD_WITH_REASON","phi-card-t02-pull-v1.webp: no additional insertion in this recovery. images/phi-cards already has contextual consumers in its dedicated workflow; a new insertion would not serve the current page question. Historical approval retained.","NOT_RE_REQUESTED_THIS_TASK","","","","NOT_INDIVIDUALLY_DECODED_THIS_TASK","Shared approved original; localized HTML text/alt; brand/source names retained"
"phi-card-t03-stall-v1.webp","images/phi-cards/phi-card-t03-stall-v1.webp","docs/assets/r2-public/r2-260-display-verification-queue-v1.json","ILLUSTRATION","","","contextual","fluid; semantic center preserved","lazy or native component/state","WITHHELD_WITH_REASON","phi-card-t03-stall-v1.webp: no additional insertion in this recovery. images/phi-cards already has contextual consumers in its dedicated workflow; a new insertion would not serve the current page question. Historical approval retained.","NOT_RE_REQUESTED_THIS_TASK","","","","NOT_INDIVIDUALLY_DECODED_THIS_TASK","Shared approved original; localized HTML text/alt; brand/source names retained"
"phi-card-t04-dispersion-v1.webp","images/phi-cards/phi-card-t04-dispersion-v1.webp","docs/assets/r2-public/r2-260-display-verification-queue-v1.json","ILLUSTRATION","","","contextual","fluid; semantic center preserved","lazy or native component/state","WITHHELD_WITH_REASON","phi-card-t04-dispersion-v1.webp: no additional insertion in this recovery. images/phi-cards already has contextual consumers in its dedicated workflow; a new insertion would not serve the current page question. Historical approval retained.","NOT_RE_REQUESTED_THIS_TASK","","","","NOT_INDIVIDUALLY_DECODED_THIS_TASK","Shared approved original; localized HTML text/alt; brand/source names retained"
"phi-card-t05-compression-v1.webp","images/phi-cards/phi-card-t05-compression-v1.webp","docs/assets/r2-public/r2-260-display-verification-queue-v1.json","ILLUSTRATION","","","contextual","fluid; semantic center preserved","lazy or native component/state","WITHHELD_WITH_REASON","phi-card-t05-compression-v1.webp: no additional insertion in this recovery. images/phi-cards already has contextual consumers in its dedicated workflow; a new insertion would not serve the current page question. Historical approval retained.","NOT_RE_REQUESTED_THIS_TASK","","","","NOT_INDIVIDUALLY_DECODED_THIS_TASK","Shared approved original; localized HTML text/alt; brand/source names retained"
"phi-card-t06-loop-v1.webp","images/phi-cards/phi-card-t06-loop-v1.webp","docs/assets/r2-public/r2-260-display-verification-queue-v1.json","ILLUSTRATION","","","contextual","fluid; semantic center preserved","lazy or native component/state","WITHHELD_WITH_REASON","phi-card-t06-loop-v1.webp: no additional insertion in this recovery. images/phi-cards already has contextual consumers in its dedicated workflow; a new insertion would not serve the current page question. Historical approval retained.","NOT_RE_REQUESTED_THIS_TASK","","","","NOT_INDIVIDUALLY_DECODED_THIS_TASK","Shared approved original; localized HTML text/alt; brand/source names retained"
"phi-card-t07-withdrawal-v1.webp","images/phi-cards/phi-card-t07-withdrawal-v1.webp","docs/assets/r2-public/r2-260-display-verification-queue-v1.json","ILLUSTRATION","","","contextual","fluid; semantic center preserved","lazy or native component/state","WITHHELD_WITH_REASON","phi-card-t07-withdrawal-v1.webp: no additional insertion in this recovery. images/phi-cards already has contextual consumers in its dedicated workflow; a new insertion would not serve the current page question. Historical approval retained.","NOT_RE_REQUESTED_THIS_TASK","","","","NOT_INDIVIDUALLY_DECODED_THIS_TASK","Shared approved original; localized HTML text/alt; brand/source names retained"
"phi-card-t08-drain-v1.webp","images/phi-cards/phi-card-t08-drain-v1.webp","docs/assets/r2-public/r2-260-display-verification-queue-v1.json","ILLUSTRATION","","","contextual","fluid; semantic center preserved","lazy or native component/state","WITHHELD_WITH_REASON","phi-card-t08-drain-v1.webp: no additional insertion in this recovery. images/phi-cards already has contextual consumers in its dedicated workflow; a new insertion would not serve the current page question. Historical approval retained.","NOT_RE_REQUESTED_THIS_TASK","","","","NOT_INDIVIDUALLY_DECODED_THIS_TASK","Shared approved original; localized HTML text/alt; brand/source names retained"
"PHIOS-TAROT-CARD-BACK-v1.webp","images/tarot/PHIOS-TAROT-CARD-BACK-v1.webp","docs/assets/r2-public/r2-260-display-verification-queue-v1.json","ILLUSTRATION","","","contextual","fluid; semantic center preserved","lazy or native component/state","WITHHELD_WITH_REASON","PHIOS-TAROT-CARD-BACK-v1.webp: no additional insertion in this recovery. images/tarot already has contextual consumers in its dedicated workflow; a new insertion would not serve the current page question. Historical approval retained.","NOT_RE_REQUESTED_THIS_TASK","","","","NOT_INDIVIDUALLY_DECODED_THIS_TASK","Shared approved original; localized HTML text/alt; brand/source names retained"
"rws-1909-cups-01-ace.webp","images/tarot/rws-1909-cups-01-ace.webp","docs/assets/r2-public/r2-260-display-verification-queue-v1.json","ILLUSTRATION","","","contextual","fluid; semantic center preserved","lazy or native component/state","WITHHELD_WITH_REASON","rws-1909-cups-01-ace.webp: no additional insertion in this recovery. images/tarot already has contextual consumers in its dedicated workflow; a new insertion would not serve the current page question. Historical approval retained.","NOT_RE_REQUESTED_THIS_TASK","","","","NOT_INDIVIDUALLY_DECODED_THIS_TASK","Shared approved original; localized HTML text/alt; brand/source names retained"
"rws-1909-cups-02-two.webp","images/tarot/rws-1909-cups-02-two.webp","docs/assets/r2-public/r2-260-display-verification-queue-v1.json","ILLUSTRATION","","","contextual","fluid; semantic center preserved","lazy or native component/state","WITHHELD_WITH_REASON","rws-1909-cups-02-two.webp: no additional insertion in this recovery. images/tarot already has contextual consumers in its dedicated workflow; a new insertion would not serve the current page question. Historical approval retained.","NOT_RE_REQUESTED_THIS_TASK","","","","NOT_INDIVIDUALLY_DECODED_THIS_TASK","Shared approved original; localized HTML text/alt; brand/source names retained"
"rws-1909-cups-03-three.webp","images/tarot/rws-1909-cups-03-three.webp","docs/assets/r2-public/r2-260-display-verification-queue-v1.json","ILLUSTRATION","","","contextual","fluid; semantic center preserved","lazy or native component/state","WITHHELD_WITH_REASON","rws-1909-cups-03-three.webp: no additional insertion in this recovery. images/tarot already has contextual consumers in its dedicated workflow; a new insertion would not serve the current page question. Historical approval retained.","NOT_RE_REQUESTED_THIS_TASK","","","","NOT_INDIVIDUALLY_DECODED_THIS_TASK","Shared approved original; localized HTML text/alt; brand/source names retained"
"rws-1909-cups-04-four.webp","images/tarot/rws-1909-cups-04-four.webp","docs/assets/r2-public/r2-260-display-verification-queue-v1.json","ILLUSTRATION","","","contextual","fluid; semantic center preserved","lazy or native component/state","WITHHELD_WITH_REASON","rws-1909-cups-04-four.webp: no additional insertion in this recovery. images/tarot already has contextual consumers in its dedicated workflow; a new insertion would not serve the current page question. Historical approval retained.","NOT_RE_REQUESTED_THIS_TASK","","","","NOT_INDIVIDUALLY_DECODED_THIS_TASK","Shared approved original; localized HTML text/alt; brand/source names retained"
"rws-1909-cups-05-five.webp","images/tarot/rws-1909-cups-05-five.webp","docs/assets/r2-public/r2-260-display-verification-queue-v1.json","ILLUSTRATION","","","contextual","fluid; semantic center preserved","lazy or native component/state","WITHHELD_WITH_REASON","rws-1909-cups-05-five.webp: no additional insertion in this recovery. images/tarot already has contextual consumers in its dedicated workflow; a new insertion would not serve the current page question. Historical approval retained.","NOT_RE_REQUESTED_THIS_TASK","","","","NOT_INDIVIDUALLY_DECODED_THIS_TASK","Shared approved original; localized HTML text/alt; brand/source names retained"
"rws-1909-cups-06-six.webp","images/tarot/rws-1909-cups-06-six.webp","docs/assets/r2-public/r2-260-display-verification-queue-v1.json","ILLUSTRATION","","","contextual","fluid; semantic center preserved","lazy or native component/state","WITHHELD_WITH_REASON","rws-1909-cups-06-six.webp: no additional insertion in this recovery. images/tarot already has contextual consumers in its dedicated workflow; a new insertion would not serve the current page question. Historical approval retained.","NOT_RE_REQUESTED_THIS_TASK","","","","NOT_INDIVIDUALLY_DECODED_THIS_TASK","Shared approved original; localized HTML text/alt; brand/source names retained"
"rws-1909-cups-07-seven.webp","images/tarot/rws-1909-cups-07-seven.webp","docs/assets/r2-public/r2-260-display-verification-queue-v1.json","ILLUSTRATION","","","contextual","fluid; semantic center preserved","lazy or native component/state","WITHHELD_WITH_REASON","rws-1909-cups-07-seven.webp: no additional insertion in this recovery. images/tarot already has contextual consumers in its dedicated workflow; a new insertion would not serve the current page question. Historical approval retained.","NOT_RE_REQUESTED_THIS_TASK","","","","NOT_INDIVIDUALLY_DECODED_THIS_TASK","Shared approved original; localized HTML text/alt; brand/source names retained"
"rws-1909-cups-08-eight.webp","images/tarot/rws-1909-cups-08-eight.webp","docs/assets/r2-public/r2-260-display-verification-queue-v1.json","ILLUSTRATION","","","contextual","fluid; semantic center preserved","lazy or native component/state","WITHHELD_WITH_REASON","rws-1909-cups-08-eight.webp: no additional insertion in this recovery. images/tarot already has contextual consumers in its dedicated workflow; a new insertion would not serve the current page question. Historical approval retained.","NOT_RE_REQUESTED_THIS_TASK","","","","NOT_INDIVIDUALLY_DECODED_THIS_TASK","Shared approved original; localized HTML text/alt; brand/source names retained"
"rws-1909-cups-09-nine.webp","images/tarot/rws-1909-cups-09-nine.webp","docs/assets/r2-public/r2-260-display-verification-queue-v1.json","ILLUSTRATION","","","contextual","fluid; semantic center preserved","lazy or native component/state","WITHHELD_WITH_REASON","rws-1909-cups-09-nine.webp: no additional insertion in this recovery. images/tarot already has contextual consumers in its dedicated workflow; a new insertion would not serve the current page question. Historical approval retained.","NOT_RE_REQUESTED_THIS_TASK","","","","NOT_INDIVIDUALLY_DECODED_THIS_TASK","Shared approved original; localized HTML text/alt; brand/source names retained"
"rws-1909-cups-10-ten.webp","images/tarot/rws-1909-cups-10-ten.webp","docs/assets/r2-public/r2-260-display-verification-queue-v1.json","ILLUSTRATION","","","contextual","fluid; semantic center preserved","lazy or native component/state","WITHHELD_WITH_REASON","rws-1909-cups-10-ten.webp: no additional insertion in this recovery. images/tarot already has contextual consumers in its dedicated workflow; a new insertion would not serve the current page question. Historical approval retained.","NOT_RE_REQUESTED_THIS_TASK","","","","NOT_INDIVIDUALLY_DECODED_THIS_TASK","Shared approved original; localized HTML text/alt; brand/source names retained"
"rws-1909-cups-11-page.webp","images/tarot/rws-1909-cups-11-page.webp","docs/assets/r2-public/r2-260-display-verification-queue-v1.json","ILLUSTRATION","","","contextual","fluid; semantic center preserved","lazy or native component/state","WITHHELD_WITH_REASON","rws-1909-cups-11-page.webp: no additional insertion in this recovery. images/tarot already has contextual consumers in its dedicated workflow; a new insertion would not serve the current page question. Historical approval retained.","NOT_RE_REQUESTED_THIS_TASK","","","","NOT_INDIVIDUALLY_DECODED_THIS_TASK","Shared approved original; localized HTML text/alt; brand/source names retained"
"rws-1909-cups-12-knight.webp","images/tarot/rws-1909-cups-12-knight.webp","docs/assets/r2-public/r2-260-display-verification-queue-v1.json","ILLUSTRATION","","","contextual","fluid; semantic center preserved","lazy or native component/state","WITHHELD_WITH_REASON","rws-1909-cups-12-knight.webp: no additional insertion in this recovery. images/tarot already has contextual consumers in its dedicated workflow; a new insertion would not serve the current page question. Historical approval retained.","NOT_RE_REQUESTED_THIS_TASK","","","","NOT_INDIVIDUALLY_DECODED_THIS_TASK","Shared approved original; localized HTML text/alt; brand/source names retained"
"rws-1909-cups-13-queen.webp","images/tarot/rws-1909-cups-13-queen.webp","docs/assets/r2-public/r2-260-display-verification-queue-v1.json","ILLUSTRATION","","","contextual","fluid; semantic center preserved","lazy or native component/state","WITHHELD_WITH_REASON","rws-1909-cups-13-queen.webp: no additional insertion in this recovery. images/tarot already has contextual consumers in its dedicated workflow; a new insertion would not serve the current page question. Historical approval retained.","NOT_RE_REQUESTED_THIS_TASK","","","","NOT_INDIVIDUALLY_DECODED_THIS_TASK","Shared approved original; localized HTML text/alt; brand/source names retained"
"rws-1909-cups-14-king.webp","images/tarot/rws-1909-cups-14-king.webp","docs/assets/r2-public/r2-260-display-verification-queue-v1.json","ILLUSTRATION","","","contextual","fluid; semantic center preserved","lazy or native component/state","WITHHELD_WITH_REASON","rws-1909-cups-14-king.webp: no additional insertion in this recovery. images/tarot already has contextual consumers in its dedicated workflow; a new insertion would not serve the current page question. Historical approval retained.","NOT_RE_REQUESTED_THIS_TASK","","","","NOT_INDIVIDUALLY_DECODED_THIS_TASK","Shared approved original; localized HTML text/alt; brand/source names retained"
"rws-1909-major-00-fool.webp","images/tarot/rws-1909-major-00-fool.webp","docs/assets/r2-public/r2-260-display-verification-queue-v1.json","ILLUSTRATION","","","contextual","fluid; semantic center preserved","lazy or native component/state","WITHHELD_WITH_REASON","rws-1909-major-00-fool.webp: no additional insertion in this recovery. images/tarot already has contextual consumers in its dedicated workflow; a new insertion would not serve the current page question. Historical approval retained.","NOT_RE_REQUESTED_THIS_TASK","","","","NOT_INDIVIDUALLY_DECODED_THIS_TASK","Shared approved original; localized HTML text/alt; brand/source names retained"
"rws-1909-major-01-magician.webp","images/tarot/rws-1909-major-01-magician.webp","docs/assets/r2-public/r2-260-display-verification-queue-v1.json","ILLUSTRATION","","","contextual","fluid; semantic center preserved","lazy or native component/state","WITHHELD_WITH_REASON","rws-1909-major-01-magician.webp: no additional insertion in this recovery. images/tarot already has contextual consumers in its dedicated workflow; a new insertion would not serve the current page question. Historical approval retained.","NOT_RE_REQUESTED_THIS_TASK","","","","NOT_INDIVIDUALLY_DECODED_THIS_TASK","Shared approved original; localized HTML text/alt; brand/source names retained"
"rws-1909-major-02-high-priestess.webp","images/tarot/rws-1909-major-02-high-priestess.webp","docs/assets/r2-public/r2-260-display-verification-queue-v1.json","ILLUSTRATION","","","contextual","fluid; semantic center preserved","lazy or native component/state","WITHHELD_WITH_REASON","rws-1909-major-02-high-priestess.webp: no additional insertion in this recovery. images/tarot already has contextual consumers in its dedicated workflow; a new insertion would not serve the current page question. Historical approval retained.","NOT_RE_REQUESTED_THIS_TASK","","","","NOT_INDIVIDUALLY_DECODED_THIS_TASK","Shared approved original; localized HTML text/alt; brand/source names retained"
"rws-1909-major-03-empress.webp","images/tarot/rws-1909-major-03-empress.webp","docs/assets/r2-public/r2-260-display-verification-queue-v1.json","ILLUSTRATION","","","contextual","fluid; semantic center preserved","lazy or native component/state","WITHHELD_WITH_REASON","rws-1909-major-03-empress.webp: no additional insertion in this recovery. images/tarot already has contextual consumers in its dedicated workflow; a new insertion would not serve the current page question. Historical approval retained.","NOT_RE_REQUESTED_THIS_TASK","","","","NOT_INDIVIDUALLY_DECODED_THIS_TASK","Shared approved original; localized HTML text/alt; brand/source names retained"
"rws-1909-major-04-emperor.webp","images/tarot/rws-1909-major-04-emperor.webp","docs/assets/r2-public/r2-260-display-verification-queue-v1.json","ILLUSTRATION","","","contextual","fluid; semantic center preserved","lazy or native component/state","WITHHELD_WITH_REASON","rws-1909-major-04-emperor.webp: no additional insertion in this recovery. images/tarot already has contextual consumers in its dedicated workflow; a new insertion would not serve the current page question. Historical approval retained.","NOT_RE_REQUESTED_THIS_TASK","","","","NOT_INDIVIDUALLY_DECODED_THIS_TASK","Shared approved original; localized HTML text/alt; brand/source names retained"
"rws-1909-major-05-hierophant.webp","images/tarot/rws-1909-major-05-hierophant.webp","docs/assets/r2-public/r2-260-display-verification-queue-v1.json","ILLUSTRATION","","","contextual","fluid; semantic center preserved","lazy or native component/state","WITHHELD_WITH_REASON","rws-1909-major-05-hierophant.webp: no additional insertion in this recovery. images/tarot already has contextual consumers in its dedicated workflow; a new insertion would not serve the current page question. Historical approval retained.","NOT_RE_REQUESTED_THIS_TASK","","","","NOT_INDIVIDUALLY_DECODED_THIS_TASK","Shared approved original; localized HTML text/alt; brand/source names retained"
"rws-1909-major-06-lovers.webp","images/tarot/rws-1909-major-06-lovers.webp","docs/assets/r2-public/r2-260-display-verification-queue-v1.json","ILLUSTRATION","","","contextual","fluid; semantic center preserved","lazy or native component/state","WITHHELD_WITH_REASON","rws-1909-major-06-lovers.webp: no additional insertion in this recovery. images/tarot already has contextual consumers in its dedicated workflow; a new insertion would not serve the current page question. Historical approval retained.","NOT_RE_REQUESTED_THIS_TASK","","","","NOT_INDIVIDUALLY_DECODED_THIS_TASK","Shared approved original; localized HTML text/alt; brand/source names retained"
"rws-1909-major-07-chariot.webp","images/tarot/rws-1909-major-07-chariot.webp","docs/assets/r2-public/r2-260-display-verification-queue-v1.json","ILLUSTRATION","","","contextual","fluid; semantic center preserved","lazy or native component/state","WITHHELD_WITH_REASON","rws-1909-major-07-chariot.webp: no additional insertion in this recovery. images/tarot already has contextual consumers in its dedicated workflow; a new insertion would not serve the current page question. Historical approval retained.","NOT_RE_REQUESTED_THIS_TASK","","","","NOT_INDIVIDUALLY_DECODED_THIS_TASK","Shared approved original; localized HTML text/alt; brand/source names retained"
"rws-1909-major-08-strength.webp","images/tarot/rws-1909-major-08-strength.webp","docs/assets/r2-public/r2-260-display-verification-queue-v1.json","ILLUSTRATION","","","contextual","fluid; semantic center preserved","lazy or native component/state","WITHHELD_WITH_REASON","rws-1909-major-08-strength.webp: no additional insertion in this recovery. images/tarot already has contextual consumers in its dedicated workflow; a new insertion would not serve the current page question. Historical approval retained.","NOT_RE_REQUESTED_THIS_TASK","","","","NOT_INDIVIDUALLY_DECODED_THIS_TASK","Shared approved original; localized HTML text/alt; brand/source names retained"
"rws-1909-major-09-hermit.webp","images/tarot/rws-1909-major-09-hermit.webp","docs/assets/r2-public/r2-260-display-verification-queue-v1.json","ILLUSTRATION","","","contextual","fluid; semantic center preserved","lazy or native component/state","WITHHELD_WITH_REASON","rws-1909-major-09-hermit.webp: no additional insertion in this recovery. images/tarot already has contextual consumers in its dedicated workflow; a new insertion would not serve the current page question. Historical approval retained.","NOT_RE_REQUESTED_THIS_TASK","","","","NOT_INDIVIDUALLY_DECODED_THIS_TASK","Shared approved original; localized HTML text/alt; brand/source names retained"
"rws-1909-major-10-wheel-of-fortune.webp","images/tarot/rws-1909-major-10-wheel-of-fortune.webp","docs/assets/r2-public/r2-260-display-verification-queue-v1.json","ILLUSTRATION","","","contextual","fluid; semantic center preserved","lazy or native component/state","WITHHELD_WITH_REASON","rws-1909-major-10-wheel-of-fortune.webp: no additional insertion in this recovery. images/tarot already has contextual consumers in its dedicated workflow; a new insertion would not serve the current page question. Historical approval retained.","NOT_RE_REQUESTED_THIS_TASK","","","","NOT_INDIVIDUALLY_DECODED_THIS_TASK","Shared approved original; localized HTML text/alt; brand/source names retained"
"rws-1909-major-11-justice.webp","images/tarot/rws-1909-major-11-justice.webp","docs/assets/r2-public/r2-260-display-verification-queue-v1.json","ILLUSTRATION","","","contextual","fluid; semantic center preserved","lazy or native component/state","WITHHELD_WITH_REASON","rws-1909-major-11-justice.webp: no additional insertion in this recovery. images/tarot already has contextual consumers in its dedicated workflow; a new insertion would not serve the current page question. Historical approval retained.","NOT_RE_REQUESTED_THIS_TASK","","","","NOT_INDIVIDUALLY_DECODED_THIS_TASK","Shared approved original; localized HTML text/alt; brand/source names retained"
"rws-1909-major-12-hanged-man.webp","images/tarot/rws-1909-major-12-hanged-man.webp","docs/assets/r2-public/r2-260-display-verification-queue-v1.json","ILLUSTRATION","","","contextual","fluid; semantic center preserved","lazy or native component/state","WITHHELD_WITH_REASON","rws-1909-major-12-hanged-man.webp: no additional insertion in this recovery. images/tarot already has contextual consumers in its dedicated workflow; a new insertion would not serve the current page question. Historical approval retained.","NOT_RE_REQUESTED_THIS_TASK","","","","NOT_INDIVIDUALLY_DECODED_THIS_TASK","Shared approved original; localized HTML text/alt; brand/source names retained"
"rws-1909-major-13-death.webp","images/tarot/rws-1909-major-13-death.webp","docs/assets/r2-public/r2-260-display-verification-queue-v1.json","ILLUSTRATION","","","contextual","fluid; semantic center preserved","lazy or native component/state","WITHHELD_WITH_REASON","rws-1909-major-13-death.webp: no additional insertion in this recovery. images/tarot already has contextual consumers in its dedicated workflow; a new insertion would not serve the current page question. Historical approval retained.","NOT_RE_REQUESTED_THIS_TASK","","","","NOT_INDIVIDUALLY_DECODED_THIS_TASK","Shared approved original; localized HTML text/alt; brand/source names retained"
"rws-1909-major-14-temperance.webp","images/tarot/rws-1909-major-14-temperance.webp","docs/assets/r2-public/r2-260-display-verification-queue-v1.json","ILLUSTRATION","","","contextual","fluid; semantic center preserved","lazy or native component/state","WITHHELD_WITH_REASON","rws-1909-major-14-temperance.webp: no additional insertion in this recovery. images/tarot already has contextual consumers in its dedicated workflow; a new insertion would not serve the current page question. Historical approval retained.","NOT_RE_REQUESTED_THIS_TASK","","","","NOT_INDIVIDUALLY_DECODED_THIS_TASK","Shared approved original; localized HTML text/alt; brand/source names retained"
"rws-1909-major-15-devil.webp","images/tarot/rws-1909-major-15-devil.webp","docs/assets/r2-public/r2-260-display-verification-queue-v1.json","ILLUSTRATION","","","contextual","fluid; semantic center preserved","lazy or native component/state","WITHHELD_WITH_REASON","rws-1909-major-15-devil.webp: no additional insertion in this recovery. images/tarot already has contextual consumers in its dedicated workflow; a new insertion would not serve the current page question. Historical approval retained.","NOT_RE_REQUESTED_THIS_TASK","","","","NOT_INDIVIDUALLY_DECODED_THIS_TASK","Shared approved original; localized HTML text/alt; brand/source names retained"
"rws-1909-major-16-tower.webp","images/tarot/rws-1909-major-16-tower.webp","docs/assets/r2-public/r2-260-display-verification-queue-v1.json","ILLUSTRATION","","","contextual","fluid; semantic center preserved","lazy or native component/state","WITHHELD_WITH_REASON","rws-1909-major-16-tower.webp: no additional insertion in this recovery. images/tarot already has contextual consumers in its dedicated workflow; a new insertion would not serve the current page question. Historical approval retained.","NOT_RE_REQUESTED_THIS_TASK","","","","NOT_INDIVIDUALLY_DECODED_THIS_TASK","Shared approved original; localized HTML text/alt; brand/source names retained"
"rws-1909-major-17-star.webp","images/tarot/rws-1909-major-17-star.webp","docs/assets/r2-public/r2-260-display-verification-queue-v1.json","ILLUSTRATION","","","contextual","fluid; semantic center preserved","lazy or native component/state","WITHHELD_WITH_REASON","rws-1909-major-17-star.webp: no additional insertion in this recovery. images/tarot already has contextual consumers in its dedicated workflow; a new insertion would not serve the current page question. Historical approval retained.","NOT_RE_REQUESTED_THIS_TASK","","","","NOT_INDIVIDUALLY_DECODED_THIS_TASK","Shared approved original; localized HTML text/alt; brand/source names retained"
"rws-1909-major-18-moon.webp","images/tarot/rws-1909-major-18-moon.webp","docs/assets/r2-public/r2-260-display-verification-queue-v1.json","ILLUSTRATION","","","contextual","fluid; semantic center preserved","lazy or native component/state","WITHHELD_WITH_REASON","rws-1909-major-18-moon.webp: no additional insertion in this recovery. images/tarot already has contextual consumers in its dedicated workflow; a new insertion would not serve the current page question. Historical approval retained.","NOT_RE_REQUESTED_THIS_TASK","","","","NOT_INDIVIDUALLY_DECODED_THIS_TASK","Shared approved original; localized HTML text/alt; brand/source names retained"
"rws-1909-major-19-sun.webp","images/tarot/rws-1909-major-19-sun.webp","docs/assets/r2-public/r2-260-display-verification-queue-v1.json","ILLUSTRATION","","","contextual","fluid; semantic center preserved","lazy or native component/state","WITHHELD_WITH_REASON","rws-1909-major-19-sun.webp: no additional insertion in this recovery. images/tarot already has contextual consumers in its dedicated workflow; a new insertion would not serve the current page question. Historical approval retained.","NOT_RE_REQUESTED_THIS_TASK","","","","NOT_INDIVIDUALLY_DECODED_THIS_TASK","Shared approved original; localized HTML text/alt; brand/source names retained"
"rws-1909-major-20-judgement.webp","images/tarot/rws-1909-major-20-judgement.webp","docs/assets/r2-public/r2-260-display-verification-queue-v1.json","ILLUSTRATION","","","contextual","fluid; semantic center preserved","lazy or native component/state","WITHHELD_WITH_REASON","rws-1909-major-20-judgement.webp: no additional insertion in this recovery. images/tarot already has contextual consumers in its dedicated workflow; a new insertion would not serve the current page question. Historical approval retained.","NOT_RE_REQUESTED_THIS_TASK","","","","NOT_INDIVIDUALLY_DECODED_THIS_TASK","Shared approved original; localized HTML text/alt; brand/source names retained"
"rws-1909-major-21-world.webp","images/tarot/rws-1909-major-21-world.webp","docs/assets/r2-public/r2-260-display-verification-queue-v1.json","ILLUSTRATION","","","contextual","fluid; semantic center preserved","lazy or native component/state","WITHHELD_WITH_REASON","rws-1909-major-21-world.webp: no additional insertion in this recovery. images/tarot already has contextual consumers in its dedicated workflow; a new insertion would not serve the current page question. Historical approval retained.","NOT_RE_REQUESTED_THIS_TASK","","","","NOT_INDIVIDUALLY_DECODED_THIS_TASK","Shared approved original; localized HTML text/alt; brand/source names retained"
"rws-1909-pentacles-01-ace.webp","images/tarot/rws-1909-pentacles-01-ace.webp","docs/assets/r2-public/r2-260-display-verification-queue-v1.json","ILLUSTRATION","","","contextual","fluid; semantic center preserved","lazy or native component/state","WITHHELD_WITH_REASON","rws-1909-pentacles-01-ace.webp: no additional insertion in this recovery. images/tarot already has contextual consumers in its dedicated workflow; a new insertion would not serve the current page question. Historical approval retained.","NOT_RE_REQUESTED_THIS_TASK","","","","NOT_INDIVIDUALLY_DECODED_THIS_TASK","Shared approved original; localized HTML text/alt; brand/source names retained"
"rws-1909-pentacles-02-two.webp","images/tarot/rws-1909-pentacles-02-two.webp","docs/assets/r2-public/r2-260-display-verification-queue-v1.json","ILLUSTRATION","","","contextual","fluid; semantic center preserved","lazy or native component/state","WITHHELD_WITH_REASON","rws-1909-pentacles-02-two.webp: no additional insertion in this recovery. images/tarot already has contextual consumers in its dedicated workflow; a new insertion would not serve the current page question. Historical approval retained.","NOT_RE_REQUESTED_THIS_TASK","","","","NOT_INDIVIDUALLY_DECODED_THIS_TASK","Shared approved original; localized HTML text/alt; brand/source names retained"
"rws-1909-pentacles-03-three.webp","images/tarot/rws-1909-pentacles-03-three.webp","docs/assets/r2-public/r2-260-display-verification-queue-v1.json","ILLUSTRATION","","","contextual","fluid; semantic center preserved","lazy or native component/state","WITHHELD_WITH_REASON","rws-1909-pentacles-03-three.webp: no additional insertion in this recovery. images/tarot already has contextual consumers in its dedicated workflow; a new insertion would not serve the current page question. Historical approval retained.","NOT_RE_REQUESTED_THIS_TASK","","","","NOT_INDIVIDUALLY_DECODED_THIS_TASK","Shared approved original; localized HTML text/alt; brand/source names retained"
"rws-1909-pentacles-04-four.webp","images/tarot/rws-1909-pentacles-04-four.webp","docs/assets/r2-public/r2-260-display-verification-queue-v1.json","ILLUSTRATION","","","contextual","fluid; semantic center preserved","lazy or native component/state","WITHHELD_WITH_REASON","rws-1909-pentacles-04-four.webp: no additional insertion in this recovery. images/tarot already has contextual consumers in its dedicated workflow; a new insertion would not serve the current page question. Historical approval retained.","NOT_RE_REQUESTED_THIS_TASK","","","","NOT_INDIVIDUALLY_DECODED_THIS_TASK","Shared approved original; localized HTML text/alt; brand/source names retained"
"rws-1909-pentacles-05-five.webp","images/tarot/rws-1909-pentacles-05-five.webp","docs/assets/r2-public/r2-260-display-verification-queue-v1.json","ILLUSTRATION","","","contextual","fluid; semantic center preserved","lazy or native component/state","WITHHELD_WITH_REASON","rws-1909-pentacles-05-five.webp: no additional insertion in this recovery. images/tarot already has contextual consumers in its dedicated workflow; a new insertion would not serve the current page question. Historical approval retained.","NOT_RE_REQUESTED_THIS_TASK","","","","NOT_INDIVIDUALLY_DECODED_THIS_TASK","Shared approved original; localized HTML text/alt; brand/source names retained"
"rws-1909-pentacles-06-six.webp","images/tarot/rws-1909-pentacles-06-six.webp","docs/assets/r2-public/r2-260-display-verification-queue-v1.json","ILLUSTRATION","","","contextual","fluid; semantic center preserved","lazy or native component/state","WITHHELD_WITH_REASON","rws-1909-pentacles-06-six.webp: no additional insertion in this recovery. images/tarot already has contextual consumers in its dedicated workflow; a new insertion would not serve the current page question. Historical approval retained.","NOT_RE_REQUESTED_THIS_TASK","","","","NOT_INDIVIDUALLY_DECODED_THIS_TASK","Shared approved original; localized HTML text/alt; brand/source names retained"
"rws-1909-pentacles-07-seven.webp","images/tarot/rws-1909-pentacles-07-seven.webp","docs/assets/r2-public/r2-260-display-verification-queue-v1.json","ILLUSTRATION","","","contextual","fluid; semantic center preserved","lazy or native component/state","WITHHELD_WITH_REASON","rws-1909-pentacles-07-seven.webp: no additional insertion in this recovery. images/tarot already has contextual consumers in its dedicated workflow; a new insertion would not serve the current page question. Historical approval retained.","NOT_RE_REQUESTED_THIS_TASK","","","","NOT_INDIVIDUALLY_DECODED_THIS_TASK","Shared approved original; localized HTML text/alt; brand/source names retained"
"rws-1909-pentacles-08-eight.webp","images/tarot/rws-1909-pentacles-08-eight.webp","docs/assets/r2-public/r2-260-display-verification-queue-v1.json","ILLUSTRATION","","","contextual","fluid; semantic center preserved","lazy or native component/state","WITHHELD_WITH_REASON","rws-1909-pentacles-08-eight.webp: no additional insertion in this recovery. images/tarot already has contextual consumers in its dedicated workflow; a new insertion would not serve the current page question. Historical approval retained.","NOT_RE_REQUESTED_THIS_TASK","","","","NOT_INDIVIDUALLY_DECODED_THIS_TASK","Shared approved original; localized HTML text/alt; brand/source names retained"
"rws-1909-pentacles-09-nine.webp","images/tarot/rws-1909-pentacles-09-nine.webp","docs/assets/r2-public/r2-260-display-verification-queue-v1.json","ILLUSTRATION","","","contextual","fluid; semantic center preserved","lazy or native component/state","WITHHELD_WITH_REASON","rws-1909-pentacles-09-nine.webp: no additional insertion in this recovery. images/tarot already has contextual consumers in its dedicated workflow; a new insertion would not serve the current page question. Historical approval retained.","NOT_RE_REQUESTED_THIS_TASK","","","","NOT_INDIVIDUALLY_DECODED_THIS_TASK","Shared approved original; localized HTML text/alt; brand/source names retained"
"rws-1909-pentacles-10-ten.webp","images/tarot/rws-1909-pentacles-10-ten.webp","docs/assets/r2-public/r2-260-display-verification-queue-v1.json","ILLUSTRATION","","","contextual","fluid; semantic center preserved","lazy or native component/state","WITHHELD_WITH_REASON","rws-1909-pentacles-10-ten.webp: no additional insertion in this recovery. images/tarot already has contextual consumers in its dedicated workflow; a new insertion would not serve the current page question. Historical approval retained.","NOT_RE_REQUESTED_THIS_TASK","","","","NOT_INDIVIDUALLY_DECODED_THIS_TASK","Shared approved original; localized HTML text/alt; brand/source names retained"
"rws-1909-pentacles-11-page.webp","images/tarot/rws-1909-pentacles-11-page.webp","docs/assets/r2-public/r2-260-display-verification-queue-v1.json","ILLUSTRATION","","","contextual","fluid; semantic center preserved","lazy or native component/state","WITHHELD_WITH_REASON","rws-1909-pentacles-11-page.webp: no additional insertion in this recovery. images/tarot already has contextual consumers in its dedicated workflow; a new insertion would not serve the current page question. Historical approval retained.","NOT_RE_REQUESTED_THIS_TASK","","","","NOT_INDIVIDUALLY_DECODED_THIS_TASK","Shared approved original; localized HTML text/alt; brand/source names retained"
"rws-1909-pentacles-12-knight.webp","images/tarot/rws-1909-pentacles-12-knight.webp","docs/assets/r2-public/r2-260-display-verification-queue-v1.json","ILLUSTRATION","","","contextual","fluid; semantic center preserved","lazy or native component/state","WITHHELD_WITH_REASON","rws-1909-pentacles-12-knight.webp: no additional insertion in this recovery. images/tarot already has contextual consumers in its dedicated workflow; a new insertion would not serve the current page question. Historical approval retained.","NOT_RE_REQUESTED_THIS_TASK","","","","NOT_INDIVIDUALLY_DECODED_THIS_TASK","Shared approved original; localized HTML text/alt; brand/source names retained"
"rws-1909-pentacles-13-queen.webp","images/tarot/rws-1909-pentacles-13-queen.webp","docs/assets/r2-public/r2-260-display-verification-queue-v1.json","ILLUSTRATION","","","contextual","fluid; semantic center preserved","lazy or native component/state","WITHHELD_WITH_REASON","rws-1909-pentacles-13-queen.webp: no additional insertion in this recovery. images/tarot already has contextual consumers in its dedicated workflow; a new insertion would not serve the current page question. Historical approval retained.","NOT_RE_REQUESTED_THIS_TASK","","","","NOT_INDIVIDUALLY_DECODED_THIS_TASK","Shared approved original; localized HTML text/alt; brand/source names retained"
"rws-1909-pentacles-14-king.webp","images/tarot/rws-1909-pentacles-14-king.webp","docs/assets/r2-public/r2-260-display-verification-queue-v1.json","ILLUSTRATION","","","contextual","fluid; semantic center preserved","lazy or native component/state","WITHHELD_WITH_REASON","rws-1909-pentacles-14-king.webp: no additional insertion in this recovery. images/tarot already has contextual consumers in its dedicated workflow; a new insertion would not serve the current page question. Historical approval retained.","NOT_RE_REQUESTED_THIS_TASK","","","","NOT_INDIVIDUALLY_DECODED_THIS_TASK","Shared approved original; localized HTML text/alt; brand/source names retained"
"rws-1909-swords-01-ace.webp","images/tarot/rws-1909-swords-01-ace.webp","docs/assets/r2-public/r2-260-display-verification-queue-v1.json","ILLUSTRATION","","","contextual","fluid; semantic center preserved","lazy or native component/state","WITHHELD_WITH_REASON","rws-1909-swords-01-ace.webp: no additional insertion in this recovery. images/tarot already has contextual consumers in its dedicated workflow; a new insertion would not serve the current page question. Historical approval retained.","NOT_RE_REQUESTED_THIS_TASK","","","","NOT_INDIVIDUALLY_DECODED_THIS_TASK","Shared approved original; localized HTML text/alt; brand/source names retained"
"rws-1909-swords-02-two.webp","images/tarot/rws-1909-swords-02-two.webp","docs/assets/r2-public/r2-260-display-verification-queue-v1.json","ILLUSTRATION","","","contextual","fluid; semantic center preserved","lazy or native component/state","WITHHELD_WITH_REASON","rws-1909-swords-02-two.webp: no additional insertion in this recovery. images/tarot already has contextual consumers in its dedicated workflow; a new insertion would not serve the current page question. Historical approval retained.","NOT_RE_REQUESTED_THIS_TASK","","","","NOT_INDIVIDUALLY_DECODED_THIS_TASK","Shared approved original; localized HTML text/alt; brand/source names retained"
"rws-1909-swords-03-three.webp","images/tarot/rws-1909-swords-03-three.webp","docs/assets/r2-public/r2-260-display-verification-queue-v1.json","ILLUSTRATION","","","contextual","fluid; semantic center preserved","lazy or native component/state","WITHHELD_WITH_REASON","rws-1909-swords-03-three.webp: no additional insertion in this recovery. images/tarot already has contextual consumers in its dedicated workflow; a new insertion would not serve the current page question. Historical approval retained.","NOT_RE_REQUESTED_THIS_TASK","","","","NOT_INDIVIDUALLY_DECODED_THIS_TASK","Shared approved original; localized HTML text/alt; brand/source names retained"
"rws-1909-swords-04-four.webp","images/tarot/rws-1909-swords-04-four.webp","docs/assets/r2-public/r2-260-display-verification-queue-v1.json","ILLUSTRATION","","","contextual","fluid; semantic center preserved","lazy or native component/state","WITHHELD_WITH_REASON","rws-1909-swords-04-four.webp: no additional insertion in this recovery. images/tarot already has contextual consumers in its dedicated workflow; a new insertion would not serve the current page question. Historical approval retained.","NOT_RE_REQUESTED_THIS_TASK","","","","NOT_INDIVIDUALLY_DECODED_THIS_TASK","Shared approved original; localized HTML text/alt; brand/source names retained"
"rws-1909-swords-05-five.webp","images/tarot/rws-1909-swords-05-five.webp","docs/assets/r2-public/r2-260-display-verification-queue-v1.json","ILLUSTRATION","","","contextual","fluid; semantic center preserved","lazy or native component/state","WITHHELD_WITH_REASON","rws-1909-swords-05-five.webp: no additional insertion in this recovery. images/tarot already has contextual consumers in its dedicated workflow; a new insertion would not serve the current page question. Historical approval retained.","NOT_RE_REQUESTED_THIS_TASK","","","","NOT_INDIVIDUALLY_DECODED_THIS_TASK","Shared approved original; localized HTML text/alt; brand/source names retained"
"rws-1909-swords-06-six.webp","images/tarot/rws-1909-swords-06-six.webp","docs/assets/r2-public/r2-260-display-verification-queue-v1.json","ILLUSTRATION","","","contextual","fluid; semantic center preserved","lazy or native component/state","WITHHELD_WITH_REASON","rws-1909-swords-06-six.webp: no additional insertion in this recovery. images/tarot already has contextual consumers in its dedicated workflow; a new insertion would not serve the current page question. Historical approval retained.","NOT_RE_REQUESTED_THIS_TASK","","","","NOT_INDIVIDUALLY_DECODED_THIS_TASK","Shared approved original; localized HTML text/alt; brand/source names retained"
"rws-1909-swords-07-seven.webp","images/tarot/rws-1909-swords-07-seven.webp","docs/assets/r2-public/r2-260-display-verification-queue-v1.json","ILLUSTRATION","","","contextual","fluid; semantic center preserved","lazy or native component/state","WITHHELD_WITH_REASON","rws-1909-swords-07-seven.webp: no additional insertion in this recovery. images/tarot already has contextual consumers in its dedicated workflow; a new insertion would not serve the current page question. Historical approval retained.","NOT_RE_REQUESTED_THIS_TASK","","","","NOT_INDIVIDUALLY_DECODED_THIS_TASK","Shared approved original; localized HTML text/alt; brand/source names retained"
"rws-1909-swords-08-eight.webp","images/tarot/rws-1909-swords-08-eight.webp","docs/assets/r2-public/r2-260-display-verification-queue-v1.json","ILLUSTRATION","","","contextual","fluid; semantic center preserved","lazy or native component/state","WITHHELD_WITH_REASON","rws-1909-swords-08-eight.webp: no additional insertion in this recovery. images/tarot already has contextual consumers in its dedicated workflow; a new insertion would not serve the current page question. Historical approval retained.","NOT_RE_REQUESTED_THIS_TASK","","","","NOT_INDIVIDUALLY_DECODED_THIS_TASK","Shared approved original; localized HTML text/alt; brand/source names retained"
"rws-1909-swords-09-nine.webp","images/tarot/rws-1909-swords-09-nine.webp","docs/assets/r2-public/r2-260-display-verification-queue-v1.json","ILLUSTRATION","","","contextual","fluid; semantic center preserved","lazy or native component/state","WITHHELD_WITH_REASON","rws-1909-swords-09-nine.webp: no additional insertion in this recovery. images/tarot already has contextual consumers in its dedicated workflow; a new insertion would not serve the current page question. Historical approval retained.","NOT_RE_REQUESTED_THIS_TASK","","","","NOT_INDIVIDUALLY_DECODED_THIS_TASK","Shared approved original; localized HTML text/alt; brand/source names retained"
"rws-1909-swords-10-ten.webp","images/tarot/rws-1909-swords-10-ten.webp","docs/assets/r2-public/r2-260-display-verification-queue-v1.json","ILLUSTRATION","","","contextual","fluid; semantic center preserved","lazy or native component/state","WITHHELD_WITH_REASON","rws-1909-swords-10-ten.webp: no additional insertion in this recovery. images/tarot already has contextual consumers in its dedicated workflow; a new insertion would not serve the current page question. Historical approval retained.","NOT_RE_REQUESTED_THIS_TASK","","","","NOT_INDIVIDUALLY_DECODED_THIS_TASK","Shared approved original; localized HTML text/alt; brand/source names retained"
"rws-1909-swords-11-page.webp","images/tarot/rws-1909-swords-11-page.webp","docs/assets/r2-public/r2-260-display-verification-queue-v1.json","ILLUSTRATION","","","contextual","fluid; semantic center preserved","lazy or native component/state","WITHHELD_WITH_REASON","rws-1909-swords-11-page.webp: no additional insertion in this recovery. images/tarot already has contextual consumers in its dedicated workflow; a new insertion would not serve the current page question. Historical approval retained.","NOT_RE_REQUESTED_THIS_TASK","","","","NOT_INDIVIDUALLY_DECODED_THIS_TASK","Shared approved original; localized HTML text/alt; brand/source names retained"
"rws-1909-swords-12-knight.webp","images/tarot/rws-1909-swords-12-knight.webp","docs/assets/r2-public/r2-260-display-verification-queue-v1.json","ILLUSTRATION","","","contextual","fluid; semantic center preserved","lazy or native component/state","WITHHELD_WITH_REASON","rws-1909-swords-12-knight.webp: no additional insertion in this recovery. images/tarot already has contextual consumers in its dedicated workflow; a new insertion would not serve the current page question. Historical approval retained.","NOT_RE_REQUESTED_THIS_TASK","","","","NOT_INDIVIDUALLY_DECODED_THIS_TASK","Shared approved original; localized HTML text/alt; brand/source names retained"
"rws-1909-swords-13-queen.webp","images/tarot/rws-1909-swords-13-queen.webp","docs/assets/r2-public/r2-260-display-verification-queue-v1.json","ILLUSTRATION","","","contextual","fluid; semantic center preserved","lazy or native component/state","WITHHELD_WITH_REASON","rws-1909-swords-13-queen.webp: no additional insertion in this recovery. images/tarot already has contextual consumers in its dedicated workflow; a new insertion would not serve the current page question. Historical approval retained.","NOT_RE_REQUESTED_THIS_TASK","","","","NOT_INDIVIDUALLY_DECODED_THIS_TASK","Shared approved original; localized HTML text/alt; brand/source names retained"
"rws-1909-swords-14-king.webp","images/tarot/rws-1909-swords-14-king.webp","docs/assets/r2-public/r2-260-display-verification-queue-v1.json","ILLUSTRATION","","","contextual","fluid; semantic center preserved","lazy or native component/state","WITHHELD_WITH_REASON","rws-1909-swords-14-king.webp: no additional insertion in this recovery. images/tarot already has contextual consumers in its dedicated workflow; a new insertion would not serve the current page question. Historical approval retained.","NOT_RE_REQUESTED_THIS_TASK","","","","NOT_INDIVIDUALLY_DECODED_THIS_TASK","Shared approved original; localized HTML text/alt; brand/source names retained"
"rws-1909-wands-01-ace.webp","images/tarot/rws-1909-wands-01-ace.webp","docs/assets/r2-public/r2-260-display-verification-queue-v1.json","ILLUSTRATION","","","contextual","fluid; semantic center preserved","lazy or native component/state","WITHHELD_WITH_REASON","rws-1909-wands-01-ace.webp: no additional insertion in this recovery. images/tarot already has contextual consumers in its dedicated workflow; a new insertion would not serve the current page question. Historical approval retained.","NOT_RE_REQUESTED_THIS_TASK","","","","NOT_INDIVIDUALLY_DECODED_THIS_TASK","Shared approved original; localized HTML text/alt; brand/source names retained"
"rws-1909-wands-02-two.webp","images/tarot/rws-1909-wands-02-two.webp","docs/assets/r2-public/r2-260-display-verification-queue-v1.json","ILLUSTRATION","","","contextual","fluid; semantic center preserved","lazy or native component/state","WITHHELD_WITH_REASON","rws-1909-wands-02-two.webp: no additional insertion in this recovery. images/tarot already has contextual consumers in its dedicated workflow; a new insertion would not serve the current page question. Historical approval retained.","NOT_RE_REQUESTED_THIS_TASK","","","","NOT_INDIVIDUALLY_DECODED_THIS_TASK","Shared approved original; localized HTML text/alt; brand/source names retained"
"rws-1909-wands-03-three.webp","images/tarot/rws-1909-wands-03-three.webp","docs/assets/r2-public/r2-260-display-verification-queue-v1.json","ILLUSTRATION","","","contextual","fluid; semantic center preserved","lazy or native component/state","WITHHELD_WITH_REASON","rws-1909-wands-03-three.webp: no additional insertion in this recovery. images/tarot already has contextual consumers in its dedicated workflow; a new insertion would not serve the current page question. Historical approval retained.","NOT_RE_REQUESTED_THIS_TASK","","","","NOT_INDIVIDUALLY_DECODED_THIS_TASK","Shared approved original; localized HTML text/alt; brand/source names retained"
"rws-1909-wands-04-four.webp","images/tarot/rws-1909-wands-04-four.webp","docs/assets/r2-public/r2-260-display-verification-queue-v1.json","ILLUSTRATION","","","contextual","fluid; semantic center preserved","lazy or native component/state","WITHHELD_WITH_REASON","rws-1909-wands-04-four.webp: no additional insertion in this recovery. images/tarot already has contextual consumers in its dedicated workflow; a new insertion would not serve the current page question. Historical approval retained.","NOT_RE_REQUESTED_THIS_TASK","","","","NOT_INDIVIDUALLY_DECODED_THIS_TASK","Shared approved original; localized HTML text/alt; brand/source names retained"
"rws-1909-wands-05-five.webp","images/tarot/rws-1909-wands-05-five.webp","docs/assets/r2-public/r2-260-display-verification-queue-v1.json","ILLUSTRATION","","","contextual","fluid; semantic center preserved","lazy or native component/state","WITHHELD_WITH_REASON","rws-1909-wands-05-five.webp: no additional insertion in this recovery. images/tarot already has contextual consumers in its dedicated workflow; a new insertion would not serve the current page question. Historical approval retained.","NOT_RE_REQUESTED_THIS_TASK","","","","NOT_INDIVIDUALLY_DECODED_THIS_TASK","Shared approved original; localized HTML text/alt; brand/source names retained"
"rws-1909-wands-06-six.webp","images/tarot/rws-1909-wands-06-six.webp","docs/assets/r2-public/r2-260-display-verification-queue-v1.json","ILLUSTRATION","","","contextual","fluid; semantic center preserved","lazy or native component/state","WITHHELD_WITH_REASON","rws-1909-wands-06-six.webp: no additional insertion in this recovery. images/tarot already has contextual consumers in its dedicated workflow; a new insertion would not serve the current page question. Historical approval retained.","NOT_RE_REQUESTED_THIS_TASK","","","","NOT_INDIVIDUALLY_DECODED_THIS_TASK","Shared approved original; localized HTML text/alt; brand/source names retained"
"rws-1909-wands-07-seven.webp","images/tarot/rws-1909-wands-07-seven.webp","docs/assets/r2-public/r2-260-display-verification-queue-v1.json","ILLUSTRATION","","","contextual","fluid; semantic center preserved","lazy or native component/state","WITHHELD_WITH_REASON","rws-1909-wands-07-seven.webp: no additional insertion in this recovery. images/tarot already has contextual consumers in its dedicated workflow; a new insertion would not serve the current page question. Historical approval retained.","NOT_RE_REQUESTED_THIS_TASK","","","","NOT_INDIVIDUALLY_DECODED_THIS_TASK","Shared approved original; localized HTML text/alt; brand/source names retained"
"rws-1909-wands-08-eight.webp","images/tarot/rws-1909-wands-08-eight.webp","docs/assets/r2-public/r2-260-display-verification-queue-v1.json","ILLUSTRATION","","","contextual","fluid; semantic center preserved","lazy or native component/state","WITHHELD_WITH_REASON","rws-1909-wands-08-eight.webp: no additional insertion in this recovery. images/tarot already has contextual consumers in its dedicated workflow; a new insertion would not serve the current page question. Historical approval retained.","NOT_RE_REQUESTED_THIS_TASK","","","","NOT_INDIVIDUALLY_DECODED_THIS_TASK","Shared approved original; localized HTML text/alt; brand/source names retained"
"rws-1909-wands-09-nine.webp","images/tarot/rws-1909-wands-09-nine.webp","docs/assets/r2-public/r2-260-display-verification-queue-v1.json","ILLUSTRATION","","","contextual","fluid; semantic center preserved","lazy or native component/state","WITHHELD_WITH_REASON","rws-1909-wands-09-nine.webp: no additional insertion in this recovery. images/tarot already has contextual consumers in its dedicated workflow; a new insertion would not serve the current page question. Historical approval retained.","NOT_RE_REQUESTED_THIS_TASK","","","","NOT_INDIVIDUALLY_DECODED_THIS_TASK","Shared approved original; localized HTML text/alt; brand/source names retained"
"rws-1909-wands-10-ten.webp","images/tarot/rws-1909-wands-10-ten.webp","docs/assets/r2-public/r2-260-display-verification-queue-v1.json","ILLUSTRATION","","","contextual","fluid; semantic center preserved","lazy or native component/state","WITHHELD_WITH_REASON","rws-1909-wands-10-ten.webp: no additional insertion in this recovery. images/tarot already has contextual consumers in its dedicated workflow; a new insertion would not serve the current page question. Historical approval retained.","NOT_RE_REQUESTED_THIS_TASK","","","","NOT_INDIVIDUALLY_DECODED_THIS_TASK","Shared approved original; localized HTML text/alt; brand/source names retained"
"rws-1909-wands-11-page.webp","images/tarot/rws-1909-wands-11-page.webp","docs/assets/r2-public/r2-260-display-verification-queue-v1.json","ILLUSTRATION","","","contextual","fluid; semantic center preserved","lazy or native component/state","WITHHELD_WITH_REASON","rws-1909-wands-11-page.webp: no additional insertion in this recovery. images/tarot already has contextual consumers in its dedicated workflow; a new insertion would not serve the current page question. Historical approval retained.","NOT_RE_REQUESTED_THIS_TASK","","","","NOT_INDIVIDUALLY_DECODED_THIS_TASK","Shared approved original; localized HTML text/alt; brand/source names retained"
"rws-1909-wands-12-knight.webp","images/tarot/rws-1909-wands-12-knight.webp","docs/assets/r2-public/r2-260-display-verification-queue-v1.json","ILLUSTRATION","","","contextual","fluid; semantic center preserved","lazy or native component/state","WITHHELD_WITH_REASON","rws-1909-wands-12-knight.webp: no additional insertion in this recovery. images/tarot already has contextual consumers in its dedicated workflow; a new insertion would not serve the current page question. Historical approval retained.","NOT_RE_REQUESTED_THIS_TASK","","","","NOT_INDIVIDUALLY_DECODED_THIS_TASK","Shared approved original; localized HTML text/alt; brand/source names retained"
"rws-1909-wands-13-queen.webp","images/tarot/rws-1909-wands-13-queen.webp","docs/assets/r2-public/r2-260-display-verification-queue-v1.json","ILLUSTRATION","","","contextual","fluid; semantic center preserved","lazy or native component/state","WITHHELD_WITH_REASON","rws-1909-wands-13-queen.webp: no additional insertion in this recovery. images/tarot already has contextual consumers in its dedicated workflow; a new insertion would not serve the current page question. Historical approval retained.","NOT_RE_REQUESTED_THIS_TASK","","","","NOT_INDIVIDUALLY_DECODED_THIS_TASK","Shared approved original; localized HTML text/alt; brand/source names retained"
"rws-1909-wands-14-king.webp","images/tarot/rws-1909-wands-14-king.webp","docs/assets/r2-public/r2-260-display-verification-queue-v1.json","ILLUSTRATION","","","contextual","fluid; semantic center preserved","lazy or native component/state","WITHHELD_WITH_REASON","rws-1909-wands-14-king.webp: no additional insertion in this recovery. images/tarot already has contextual consumers in its dedicated workflow; a new insertion would not serve the current page question. Historical approval retained.","NOT_RE_REQUESTED_THIS_TASK","","","","NOT_INDIVIDUALLY_DECODED_THIS_TASK","Shared approved original; localized HTML text/alt; brand/source names retained"
"PHIOS-HERO-REALITY-NAVIGATION-v1.webp","images/hero/PHIOS-HERO-REALITY-NAVIGATION-v1.webp","content/web-production/registries/client-visual-asset-registry-v1.8.json; content/registry/public-assets.json; content/customer-experience-rebuild/authority/customer-visual-asset-registry-v4.json","HERO","/about/; /about/reality-navigation/; /explore/start/; /; /thesis.html","","viewport editorial field","fluid; semantic center preserved","eager / fetchpriority","BOUND_AND_BROWSER_DECODED","Actual visible consumer; repeated shared logos and method icons retain functional roles","PASS","200","image/webp","519788","2560×1440","Shared approved original; localized HTML text/alt; brand/source names retained"
"PHIOS-HERO-KNOWLEDGE-LIBRARY-v1.webp","images/hero/PHIOS-HERO-KNOWLEDGE-LIBRARY-v1.webp","content/web-production/registries/client-visual-asset-registry-v1.8.json; content/registry/public-assets.json; content/customer-experience-rebuild/authority/customer-visual-asset-registry-v4.json","HERO","/explore/how-it-works/; /explore/; /explore/why-phios/; /knowledge/","","viewport editorial field","fluid; semantic center preserved","eager / fetchpriority","BOUND_AND_BROWSER_DECODED","Actual visible consumer; repeated shared logos and method icons retain functional roles","PASS","200","image/webp","824280","2560×1440","Shared approved original; localized HTML text/alt; brand/source names retained"
"PHIOS-HERO-FIVE-VOLUME-SYSTEM-v1.webp","images/hero/PHIOS-HERO-FIVE-VOLUME-SYSTEM-v1.webp","content/web-production/registries/client-visual-asset-registry-v1.8.json; content/registry/public-assets.json; content/customer-experience-rebuild/authority/customer-visual-asset-registry-v4.json","HERO","","","viewport editorial field","fluid; semantic center preserved","eager / fetchpriority","WITHHELD_WITH_REASON","PHIOS-HERO-FIVE-VOLUME-SYSTEM-v1.webp: no additional insertion in this recovery. images/hero already has contextual consumers PHIOS-HERO-ACADEMY-v1.webp, PHIOS-HERO-ACCOUNT-CONTINUITY-v1.webp, PHIOS-HERO-DIGITAL-BOOK-ACCESS-v1.webp; a new insertion would not serve the current page question. Historical approval retained.","NOT_RE_REQUESTED_THIS_TASK","","","","NOT_INDIVIDUALLY_DECODED_THIS_TASK","Shared approved original; localized HTML text/alt; brand/source names retained"
"PHIOS-HERO-KNOWLEDGE-READING-v1.webp","images/hero/PHIOS-HERO-KNOWLEDGE-READING-v1.webp","content/web-production/registries/client-visual-asset-registry-v1.8.json; content/registry/public-assets.json; content/customer-experience-rebuild/authority/customer-visual-asset-registry-v4.json","HERO","/articles/; /articles/why-explanation-does-not-equal-understanding.html; /articles/why-navigation-begins-with-reality-position.html; /articles/why-phi-os-is-needed.html","","viewport editorial field","fluid; semantic center preserved","eager / fetchpriority","BOUND_AND_BROWSER_DECODED","Actual visible consumer; repeated shared logos and method icons retain functional roles","PASS","200","image/webp","993464","2560×1440","Shared approved original; localized HTML text/alt; brand/source names retained"
"PHIOS-HERO-VISUAL-KNOWLEDGE-v1.webp","images/hero/PHIOS-HERO-VISUAL-KNOWLEDGE-v1.webp","content/web-production/registries/client-visual-asset-registry-v1.8.json; content/registry/public-assets.json; content/customer-experience-rebuild/authority/customer-visual-asset-registry-v4.json","HERO","/figure.html; /figures/; /research/human-reading-systems/","","viewport editorial field","fluid; semantic center preserved","eager / fetchpriority","BOUND_AND_BROWSER_DECODED","Actual visible consumer; repeated shared logos and method icons retain functional roles","PASS","200","image/webp","724916","2560×1440","Shared approved original; localized HTML text/alt; brand/source names retained"
"PHIOS-HERO-PROFESSIONAL-v1.webp","images/hero/PHIOS-HERO-PROFESSIONAL-v1.webp","content/web-production/registries/client-visual-asset-registry-v1.8.json; content/registry/public-assets.json; content/customer-experience-rebuild/authority/customer-visual-asset-registry-v4.json","HERO","/professional/external-readers/; /professional/; /professional/services/; /professional-data-privacy.html; /professional-consent-sharing.html; /professional-workspace.html; /services.html","","viewport editorial field","fluid; semantic center preserved","eager / fetchpriority","BOUND_AND_BROWSER_DECODED","Actual visible consumer; repeated shared logos and method icons retain functional roles","PASS","200","image/webp","689606","2560×1440","Shared approved original; localized HTML text/alt; brand/source names retained"
"PHIOS-HERO-BOOK-1-REALITY-FORMATION-v1.webp","images/hero/books/PHIOS-HERO-BOOK-1-REALITY-FORMATION-v1.webp","content/web-production/registries/client-visual-asset-registry-v1.8.json; content/registry/public-assets.json; content/web-production/registries/wpr-eight-volume-r2-public-assets-v1.json; content/customer-experience-rebuild/authority/customer-visual-asset-registry-v4.json; content/web-production/registries/wpr-eight-volume-r2-public-assets-v1.json","HERO","/book-one.html; /books/; /books/reality-formation/","","viewport editorial field","fluid; semantic center preserved","eager / fetchpriority","BOUND_AND_BROWSER_DECODED","Actual visible consumer; repeated shared logos and method icons retain functional roles","PASS","200","image/webp","916384","2560×1440","Shared approved original; localized HTML text/alt; brand/source names retained"
"PHIOS-HERO-BOOK-2-REALITY-RUNTIME-v1.webp","images/hero/books/PHIOS-HERO-BOOK-2-REALITY-RUNTIME-v1.webp","content/web-production/registries/client-visual-asset-registry-v1.8.json; content/registry/public-assets.json; content/web-production/registries/wpr-eight-volume-r2-public-assets-v1.json; content/customer-experience-rebuild/authority/customer-visual-asset-registry-v4.json; content/web-production/registries/wpr-eight-volume-r2-public-assets-v1.json","HERO","/books/; /books/reality-runtime/","","viewport editorial field","fluid; semantic center preserved","eager / fetchpriority","BOUND_AND_BROWSER_DECODED","Actual visible consumer; repeated shared logos and method icons retain functional roles","PASS","200","image/webp","827312","2560×1440","Shared approved original; localized HTML text/alt; brand/source names retained"
"PHIOS-HERO-BOOK-3-REALITY-CONTINUITY-v1.webp","images/hero/books/PHIOS-HERO-BOOK-3-REALITY-CONTINUITY-v1.webp","content/web-production/registries/client-visual-asset-registry-v1.8.json; content/registry/public-assets.json; content/web-production/registries/wpr-eight-volume-r2-public-assets-v1.json; content/web-production/registries/wpr-eight-volume-r2-public-assets-v1.json","HERO","/books/; /books/reality-continuity/","","viewport editorial field","fluid; semantic center preserved","eager / fetchpriority","BOUND_AND_BROWSER_DECODED","Actual visible consumer; repeated shared logos and method icons retain functional roles","PASS","200","image/webp","1212552","2560×1440","Shared approved original; localized HTML text/alt; brand/source names retained"
"PHIOS-HERO-BOOK-4-REALITY-CIVILIZATION-v1.webp","images/hero/books/PHIOS-HERO-BOOK-4-REALITY-CIVILIZATION-v1.webp","content/web-production/registries/client-visual-asset-registry-v1.8.json; content/registry/public-assets.json","HERO","","","viewport editorial field","fluid; semantic center preserved","eager / fetchpriority","WITHHELD_WITH_REASON","PHIOS-HERO-BOOK-4-REALITY-CIVILIZATION-v1.webp: no additional insertion in this recovery. images/hero/books already has contextual consumers PHIOS-HERO-BOOK-1-REALITY-FORMATION-v1.webp, PHIOS-HERO-BOOK-2-REALITY-RUNTIME-v1.webp, PHIOS-HERO-BOOK-3-REALITY-CONTINUITY-v1.webp; a new insertion would not serve the current page question. Historical approval retained.","NOT_RE_REQUESTED_THIS_TASK","","","","NOT_INDIVIDUALLY_DECODED_THIS_TASK","Shared approved original; localized HTML text/alt; brand/source names retained"
"PHIOS-HERO-BOOK-5-REALITY-NAVIGATION-v1.webp","images/hero/books/PHIOS-HERO-BOOK-5-REALITY-NAVIGATION-v1.webp","content/web-production/registries/client-visual-asset-registry-v1.8.json; content/registry/public-assets.json","HERO","","","viewport editorial field","fluid; semantic center preserved","eager / fetchpriority","WITHHELD_WITH_REASON","PHIOS-HERO-BOOK-5-REALITY-NAVIGATION-v1.webp: no additional insertion in this recovery. images/hero/books already has contextual consumers PHIOS-HERO-BOOK-1-REALITY-FORMATION-v1.webp, PHIOS-HERO-BOOK-2-REALITY-RUNTIME-v1.webp, PHIOS-HERO-BOOK-3-REALITY-CONTINUITY-v1.webp; a new insertion would not serve the current page question. Historical approval retained.","NOT_RE_REQUESTED_THIS_TASK","","","","NOT_INDIVIDUALLY_DECODED_THIS_TASK","Shared approved original; localized HTML text/alt; brand/source names retained"
"PHIOS-FIGURE-FIVE-VOLUME-ARCHITECTURE-v1.svg","images/figures/global/PHIOS-FIGURE-FIVE-VOLUME-ARCHITECTURE-v1.svg","content/web-production/registries/client-visual-asset-registry-v1.8.json; content/registry/public-assets.json; content/customer-experience-rebuild/authority/customer-visual-asset-registry-v4.json","PRIMARY_FIGURE","","","820–1280px inline, full-resolution inspection","full width with full-resolution inspection","lazy or native component/state","WITHHELD_WITH_REASON","PHIOS-FIGURE-FIVE-VOLUME-ARCHITECTURE-v1.svg: no additional insertion in this recovery. images/figures/global already has contextual consumers in its dedicated workflow; a new insertion would not serve the current page question. Historical approval retained.","NOT_RE_REQUESTED_THIS_TASK","","","","NOT_INDIVIDUALLY_DECODED_THIS_TASK","Approved original diagram; localized HTML caption/alt and full-resolution inspection. Embedded text not re-authored or OCR-certified."
"PHIOS-FIGURE-FIVE-VOLUME-KNOWLEDGE-MAP-v1.svg","images/figures/global/PHIOS-FIGURE-FIVE-VOLUME-KNOWLEDGE-MAP-v1.svg","content/web-production/registries/client-visual-asset-registry-v1.8.json; content/registry/public-assets.json; content/customer-experience-rebuild/authority/customer-visual-asset-registry-v4.json","PRIMARY_FIGURE","","","820–1280px inline, full-resolution inspection","full width with full-resolution inspection","lazy or native component/state","WITHHELD_WITH_REASON","PHIOS-FIGURE-FIVE-VOLUME-KNOWLEDGE-MAP-v1.svg: no additional insertion in this recovery. images/figures/global already has contextual consumers in its dedicated workflow; a new insertion would not serve the current page question. Historical approval retained.","NOT_RE_REQUESTED_THIS_TASK","","","","NOT_INDIVIDUALLY_DECODED_THIS_TASK","Approved original diagram; localized HTML caption/alt and full-resolution inspection. Embedded text not re-authored or OCR-certified."
"PHIOS-FIGURE-FIVE-VOLUME-ACADEMY-PATH-v1.svg","images/figures/academy/PHIOS-FIGURE-FIVE-VOLUME-ACADEMY-PATH-v1.svg","content/web-production/registries/client-visual-asset-registry-v1.8.json; content/registry/public-assets.json; content/customer-experience-rebuild/authority/customer-visual-asset-registry-v4.json","PRIMARY_FIGURE","","","820–1280px inline, full-resolution inspection","full width with full-resolution inspection","lazy or native component/state","WITHHELD_WITH_REASON","PHIOS-FIGURE-FIVE-VOLUME-ACADEMY-PATH-v1.svg: no additional insertion in this recovery. images/figures/academy already has contextual consumers in its dedicated workflow; a new insertion would not serve the current page question. Historical approval retained.","NOT_RE_REQUESTED_THIS_TASK","","","","NOT_INDIVIDUALLY_DECODED_THIS_TASK","Approved original diagram; localized HTML caption/alt and full-resolution inspection. Embedded text not re-authored or OCR-certified."
"PHIOS-ICON-FIVE-BOOKS-v1.svg","images/icons/global/PHIOS-ICON-FIVE-BOOKS-v1.svg","content/web-production/registries/client-visual-asset-registry-v1.8.json; content/registry/public-assets.json; content/customer-experience-rebuild/authority/customer-visual-asset-registry-v4.json","ICON","","","contextual","fluid; semantic center preserved","lazy or native component/state","WITHHELD_WITH_REASON","PHIOS-ICON-FIVE-BOOKS-v1.svg: no additional insertion in this recovery. images/icons/global already has contextual consumers PHIOS-ICON-CONTINUITY-v1.svg, PHIOS-ICON-EVIDENCE-v1.svg, PHIOS-ICON-HOME-v1.svg; a new insertion would not serve the current page question. Historical approval retained.","NOT_RE_REQUESTED_THIS_TASK","","","","NOT_INDIVIDUALLY_DECODED_THIS_TASK","Shared approved original; localized HTML text/alt; brand/source names retained"
"PHIOS-ICON-UNKNOWN-v1.svg","images/icons/journey/PHIOS-ICON-UNKNOWN-v1.svg","content/web-production/registries/client-visual-asset-registry-v1.8.json; content/registry/public-assets.json; content/customer-experience-rebuild/authority/customer-visual-asset-registry-v4.json","ICON","","","contextual","fluid; semantic center preserved","lazy or native component/state","WITHHELD_WITH_REASON","PHIOS-ICON-UNKNOWN-v1.svg: no additional insertion in this recovery. images/icons/journey already has contextual consumers PHIOS-ICON-ACT-v1.svg, PHIOS-ICON-CONTINUE-v1.svg, PHIOS-ICON-NAVIGATE-v1.svg; a new insertion would not serve the current page question. Historical approval retained.","NOT_RE_REQUESTED_THIS_TASK","","","","NOT_INDIVIDUALLY_DECODED_THIS_TASK","Shared approved original; localized HTML text/alt; brand/source names retained"
"PHIOS-BRANDING-VOLUME-I-REALITY-FORMATION-v1.webp","images/branding/books/PHIOS-BRANDING-VOLUME-I-REALITY-FORMATION-v1.webp","content/web-production/registries/client-visual-asset-registry-v1.8.json; content/registry/public-assets.json; content/web-production/registries/wpr-eight-volume-r2-public-assets-v1.json; content/web-production/registries/wpr-eight-volume-r2-public-assets-v1.json","BRAND_IDENTITY","/explore/start/; /","","contextual","fluid; semantic center preserved","lazy or native component/state","BOUND_AND_BROWSER_DECODED","Actual visible consumer; repeated shared logos and method icons retain functional roles","PASS","200","image/webp","782380","1648×2000","Shared approved original; localized HTML text/alt; brand/source names retained"
"PHIOS-BRANDING-VOLUME-II-REALITY-RUNTIME-v1.webp","images/branding/books/PHIOS-BRANDING-VOLUME-II-REALITY-RUNTIME-v1.webp","content/web-production/registries/client-visual-asset-registry-v1.8.json; content/registry/public-assets.json; content/web-production/registries/wpr-eight-volume-r2-public-assets-v1.json; content/web-production/registries/wpr-eight-volume-r2-public-assets-v1.json","BRAND_IDENTITY","/explore/start/; /","","contextual","fluid; semantic center preserved","lazy or native component/state","BOUND_AND_BROWSER_DECODED","Actual visible consumer; repeated shared logos and method icons retain functional roles","PASS","200","image/webp","763540","1648×2000","Shared approved original; localized HTML text/alt; brand/source names retained"
"PHIOS-BRANDING-VOLUME-III-REALITY-CONTINUITY-v1.webp","images/branding/books/PHIOS-BRANDING-VOLUME-III-REALITY-CONTINUITY-v1.webp","content/web-production/registries/client-visual-asset-registry-v1.8.json; content/registry/public-assets.json; content/web-production/registries/wpr-eight-volume-r2-public-assets-v1.json; content/web-production/registries/wpr-eight-volume-r2-public-assets-v1.json","BRAND_IDENTITY","/explore/start/; /","","contextual","fluid; semantic center preserved","lazy or native component/state","BOUND_AND_BROWSER_DECODED","Actual visible consumer; repeated shared logos and method icons retain functional roles","PASS","200","image/webp","868670","1648×2000","Shared approved original; localized HTML text/alt; brand/source names retained"
"PHIOS-BRANDING-VOLUME-IV-REALITY-CIVILIZATION-v1.webp","images/branding/books/PHIOS-BRANDING-VOLUME-IV-REALITY-CIVILIZATION-v1.webp","content/web-production/registries/client-visual-asset-registry-v1.8.json; content/registry/public-assets.json","BRAND_IDENTITY","","","contextual","fluid; semantic center preserved","lazy or native component/state","WITHHELD_WITH_REASON","PHIOS-BRANDING-VOLUME-IV-REALITY-CIVILIZATION-v1.webp: no additional insertion in this recovery. images/branding/books already has contextual consumers PHIOS-BRANDING-VOLUME-I-REALITY-FORMATION-v1.webp, PHIOS-BRANDING-VOLUME-II-REALITY-RUNTIME-v1.webp, PHIOS-BRANDING-VOLUME-III-REALITY-CONTINUITY-v1.webp; a new insertion would not serve the current page question. Historical approval retained.","NOT_RE_REQUESTED_THIS_TASK","","","","NOT_INDIVIDUALLY_DECODED_THIS_TASK","Shared approved original; localized HTML text/alt; brand/source names retained"
"PHIOS-BRANDING-VOLUME-V-REALITY-NAVIGATION-v1.webp","images/branding/books/PHIOS-BRANDING-VOLUME-V-REALITY-NAVIGATION-v1.webp","content/web-production/registries/client-visual-asset-registry-v1.8.json; content/registry/public-assets.json","BRAND_IDENTITY","","","contextual","fluid; semantic center preserved","lazy or native component/state","WITHHELD_WITH_REASON","PHIOS-BRANDING-VOLUME-V-REALITY-NAVIGATION-v1.webp: no additional insertion in this recovery. images/branding/books already has contextual consumers PHIOS-BRANDING-VOLUME-I-REALITY-FORMATION-v1.webp, PHIOS-BRANDING-VOLUME-II-REALITY-RUNTIME-v1.webp, PHIOS-BRANDING-VOLUME-III-REALITY-CONTINUITY-v1.webp; a new insertion would not serve the current page question. Historical approval retained.","NOT_RE_REQUESTED_THIS_TASK","","","","NOT_INDIVIDUALLY_DECODED_THIS_TASK","Shared approved original; localized HTML text/alt; brand/source names retained"
"PHIOS-ILLUSTRATION-READING-PATH-LANDSCAPE-v1.webp","images/illustrations/knowledge/PHIOS-ILLUSTRATION-READING-PATH-LANDSCAPE-v1.webp","content/web-production/registries/client-visual-asset-registry-v1.8.json; content/customer-experience-rebuild/authority/customer-visual-asset-registry-v4.json","ILLUSTRATION","","","contextual","fluid; semantic center preserved","lazy or native component/state","WITHHELD_WITH_REASON","PHIOS-ILLUSTRATION-READING-PATH-LANDSCAPE-v1.webp: no additional insertion in this recovery. images/illustrations/knowledge already has contextual consumers in its dedicated workflow; a new insertion would not serve the current page question. Historical approval retained.","NOT_RE_REQUESTED_THIS_TASK","","","","NOT_INDIVIDUALLY_DECODED_THIS_TASK","Shared approved original; localized HTML text/alt; brand/source names retained"
"PHIOS-ILLUSTRATION-VISUAL-KNOWLEDGE-DISCOVERY-v1.webp","images/illustrations/knowledge/PHIOS-ILLUSTRATION-VISUAL-KNOWLEDGE-DISCOVERY-v1.webp","content/web-production/registries/client-visual-asset-registry-v1.8.json; content/customer-experience-rebuild/authority/customer-visual-asset-registry-v4.json","ILLUSTRATION","","","contextual","fluid; semantic center preserved","lazy or native component/state","WITHHELD_WITH_REASON","PHIOS-ILLUSTRATION-VISUAL-KNOWLEDGE-DISCOVERY-v1.webp: no additional insertion in this recovery. images/illustrations/knowledge already has contextual consumers in its dedicated workflow; a new insertion would not serve the current page question. Historical approval retained.","NOT_RE_REQUESTED_THIS_TASK","","","","NOT_INDIVIDUALLY_DECODED_THIS_TASK","Shared approved original; localized HTML text/alt; brand/source names retained"
"PHIOS-ILLUSTRATION-PERSONAL-REALITY-HERO-v1.webp","images/illustrations/personal/PHIOS-ILLUSTRATION-PERSONAL-REALITY-HERO-v1.webp","content/web-production/registries/client-visual-asset-registry-v1.8.json; content/customer-experience-rebuild/authority/customer-visual-asset-registry-v4.json","HERO","","","viewport editorial field","fluid; semantic center preserved","eager / fetchpriority","WITHHELD_WITH_REASON","PHIOS-ILLUSTRATION-PERSONAL-REALITY-HERO-v1.webp: no additional insertion in this recovery. images/illustrations/personal already has contextual consumers in its dedicated workflow; a new insertion would not serve the current page question. Historical approval retained.","NOT_RE_REQUESTED_THIS_TASK","","","","NOT_INDIVIDUALLY_DECODED_THIS_TASK","Shared approved original; localized HTML text/alt; brand/source names retained"
"PHIOS-ILLUSTRATION-FINANCIAL-REALITY-HERO-v1.webp","images/illustrations/financial/PHIOS-ILLUSTRATION-FINANCIAL-REALITY-HERO-v1.webp","content/web-production/registries/client-visual-asset-registry-v1.8.json; content/customer-experience-rebuild/authority/customer-visual-asset-registry-v4.json","HERO","","","viewport editorial field","fluid; semantic center preserved","eager / fetchpriority","WITHHELD_WITH_REASON","PHIOS-ILLUSTRATION-FINANCIAL-REALITY-HERO-v1.webp: no additional insertion in this recovery. images/illustrations/financial already has contextual consumers in its dedicated workflow; a new insertion would not serve the current page question. Historical approval retained.","NOT_RE_REQUESTED_THIS_TASK","","","","NOT_INDIVIDUALLY_DECODED_THIS_TASK","Shared approved original; localized HTML text/alt; brand/source names retained"
"PHIOS-ILLUSTRATION-ACADEMY-HERO-v1.webp","images/illustrations/academy/PHIOS-ILLUSTRATION-ACADEMY-HERO-v1.webp","content/web-production/registries/client-visual-asset-registry-v1.8.json; content/customer-experience-rebuild/authority/customer-visual-asset-registry-v4.json","HERO","","","viewport editorial field","fluid; semantic center preserved","eager / fetchpriority","WITHHELD_WITH_REASON","PHIOS-ILLUSTRATION-ACADEMY-HERO-v1.webp: no additional insertion in this recovery. images/illustrations/academy already has contextual consumers in its dedicated workflow; a new insertion would not serve the current page question. Historical approval retained.","NOT_RE_REQUESTED_THIS_TASK","","","","NOT_INDIVIDUALLY_DECODED_THIS_TASK","Shared approved original; localized HTML text/alt; brand/source names retained"
"PHIOS-ILLUSTRATION-PROFESSIONAL-WORKSPACE-HERO-v1.webp","images/illustrations/professional/PHIOS-ILLUSTRATION-PROFESSIONAL-WORKSPACE-HERO-v1.webp","content/web-production/registries/client-visual-asset-registry-v1.8.json; content/customer-experience-rebuild/authority/customer-visual-asset-registry-v4.json","HERO","","","viewport editorial field","fluid; semantic center preserved","eager / fetchpriority","WITHHELD_WITH_REASON","PHIOS-ILLUSTRATION-PROFESSIONAL-WORKSPACE-HERO-v1.webp: no additional insertion in this recovery. images/illustrations/professional already has contextual consumers in its dedicated workflow; a new insertion would not serve the current page question. Historical approval retained.","NOT_RE_REQUESTED_THIS_TASK","","","","NOT_INDIVIDUALLY_DECODED_THIS_TASK","Shared approved original; localized HTML text/alt; brand/source names retained"
"PHIOS-ILLUSTRATION-SERVICES-HERO-v1.webp","images/illustrations/professional/PHIOS-ILLUSTRATION-SERVICES-HERO-v1.webp","content/web-production/registries/client-visual-asset-registry-v1.8.json; content/customer-experience-rebuild/authority/customer-visual-asset-registry-v4.json","HERO","","","viewport editorial field","fluid; semantic center preserved","eager / fetchpriority","WITHHELD_WITH_REASON","PHIOS-ILLUSTRATION-SERVICES-HERO-v1.webp: no additional insertion in this recovery. images/illustrations/professional already has contextual consumers in its dedicated workflow; a new insertion would not serve the current page question. Historical approval retained.","NOT_RE_REQUESTED_THIS_TASK","","","","NOT_INDIVIDUALLY_DECODED_THIS_TASK","Shared approved original; localized HTML text/alt; brand/source names retained"
"PHIOS-ILLUSTRATION-MEMBERSHIP-USAGE-PATHS-v1.webp","images/illustrations/account/PHIOS-ILLUSTRATION-MEMBERSHIP-USAGE-PATHS-v1.webp","content/web-production/registries/client-visual-asset-registry-v1.8.json; content/customer-experience-rebuild/authority/customer-visual-asset-registry-v4.json","ILLUSTRATION","","","contextual","fluid; semantic center preserved","lazy or native component/state","WITHDRAWN_OR_REPLACED","2026-10-10 exact public GET returned 404 text/html. Optional commerce bridge illustration withheld; service scope, terms, price and purchase functionality preserved. No replacement filename guessed.","NOT_RE_REQUESTED_THIS_TASK","404","","","NOT_INDIVIDUALLY_DECODED_THIS_TASK","Shared approved original; localized HTML text/alt; brand/source names retained"
"PHIOS-ILLUSTRATION-REALITY-WORKSPACE-CONTINUITY-v1.webp","images/illustrations/reality/PHIOS-ILLUSTRATION-REALITY-WORKSPACE-CONTINUITY-v1.webp","content/web-production/registries/client-visual-asset-registry-v1.8.json; content/customer-experience-rebuild/authority/customer-visual-asset-registry-v4.json","ILLUSTRATION","","","contextual","fluid; semantic center preserved","lazy or native component/state","WITHHELD_WITH_REASON","PHIOS-ILLUSTRATION-REALITY-WORKSPACE-CONTINUITY-v1.webp: no additional insertion in this recovery. images/illustrations/reality already has contextual consumers in its dedicated workflow; a new insertion would not serve the current page question. Historical approval retained.","NOT_RE_REQUESTED_THIS_TASK","","","","NOT_INDIVIDUALLY_DECODED_THIS_TASK","Shared approved original; localized HTML text/alt; brand/source names retained"
"PHIOS-INSTRUCTION-START-REALITY-JOURNEY-v1.webp","images/instructions/journey/PHIOS-INSTRUCTION-START-REALITY-JOURNEY-v1.webp","content/web-production/registries/client-visual-asset-registry-v1.8.json","ILLUSTRATION","","","contextual","fluid; semantic center preserved","lazy or native component/state","WITHHELD_WITH_REASON","PHIOS-INSTRUCTION-START-REALITY-JOURNEY-v1.webp: no additional insertion in this recovery. images/instructions/journey already has contextual consumers in its dedicated workflow; a new insertion would not serve the current page question. Historical approval retained.","NOT_RE_REQUESTED_THIS_TASK","","","","NOT_INDIVIDUALLY_DECODED_THIS_TASK","Shared approved original; localized HTML text/alt; brand/source names retained"
"PHIOS-INSTRUCTION-FREE-OBSERVATION-v1.webp","images/instructions/journey/PHIOS-INSTRUCTION-FREE-OBSERVATION-v1.webp","content/web-production/registries/client-visual-asset-registry-v1.8.json","ILLUSTRATION","","","contextual","fluid; semantic center preserved","lazy or native component/state","WITHHELD_WITH_REASON","PHIOS-INSTRUCTION-FREE-OBSERVATION-v1.webp: no additional insertion in this recovery. images/instructions/journey already has contextual consumers in its dedicated workflow; a new insertion would not serve the current page question. Historical approval retained.","NOT_RE_REQUESTED_THIS_TASK","","","","NOT_INDIVIDUALLY_DECODED_THIS_TASK","Shared approved original; localized HTML text/alt; brand/source names retained"
"PHIOS-INSTRUCTION-RECONSTRUCTION-EVIDENCE-v1.webp","images/instructions/journey/PHIOS-INSTRUCTION-RECONSTRUCTION-EVIDENCE-v1.webp","content/web-production/registries/client-visual-asset-registry-v1.8.json","ILLUSTRATION","","","contextual","fluid; semantic center preserved","lazy or native component/state","WITHHELD_WITH_REASON","PHIOS-INSTRUCTION-RECONSTRUCTION-EVIDENCE-v1.webp: no additional insertion in this recovery. images/instructions/journey already has contextual consumers in its dedicated workflow; a new insertion would not serve the current page question. Historical approval retained.","NOT_RE_REQUESTED_THIS_TASK","","","","NOT_INDIVIDUALLY_DECODED_THIS_TASK","Shared approved original; localized HTML text/alt; brand/source names retained"
"PHIOS-INSTRUCTION-READING-KNOWN-UNKNOWN-v1.webp","images/instructions/journey/PHIOS-INSTRUCTION-READING-KNOWN-UNKNOWN-v1.webp","content/web-production/registries/client-visual-asset-registry-v1.8.json","ILLUSTRATION","","","contextual","fluid; semantic center preserved","lazy or native component/state","WITHHELD_WITH_REASON","PHIOS-INSTRUCTION-READING-KNOWN-UNKNOWN-v1.webp: no additional insertion in this recovery. images/instructions/journey already has contextual consumers in its dedicated workflow; a new insertion would not serve the current page question. Historical approval retained.","NOT_RE_REQUESTED_THIS_TASK","","","","NOT_INDIVIDUALLY_DECODED_THIS_TASK","Shared approved original; localized HTML text/alt; brand/source names retained"
"PHIOS-INSTRUCTION-NAVIGATION-ACTION-v1.webp","images/instructions/journey/PHIOS-INSTRUCTION-NAVIGATION-ACTION-v1.webp","content/web-production/registries/client-visual-asset-registry-v1.8.json","ILLUSTRATION","","","contextual","fluid; semantic center preserved","lazy or native component/state","WITHHELD_WITH_REASON","PHIOS-INSTRUCTION-NAVIGATION-ACTION-v1.webp: no additional insertion in this recovery. images/instructions/journey already has contextual consumers in its dedicated workflow; a new insertion would not serve the current page question. Historical approval retained.","NOT_RE_REQUESTED_THIS_TASK","","","","NOT_INDIVIDUALLY_DECODED_THIS_TASK","Shared approved original; localized HTML text/alt; brand/source names retained"
"PHIOS-INSTRUCTION-PERSONAL-RUNTIME-INPUT-v1.webp","images/instructions/personal/PHIOS-INSTRUCTION-PERSONAL-RUNTIME-INPUT-v1.webp","content/web-production/registries/client-visual-asset-registry-v1.8.json","ILLUSTRATION","","","contextual","fluid; semantic center preserved","lazy or native component/state","WITHHELD_WITH_REASON","PHIOS-INSTRUCTION-PERSONAL-RUNTIME-INPUT-v1.webp: no additional insertion in this recovery. images/instructions/personal already has contextual consumers in its dedicated workflow; a new insertion would not serve the current page question. Historical approval retained.","NOT_RE_REQUESTED_THIS_TASK","","","","NOT_INDIVIDUALLY_DECODED_THIS_TASK","Shared approved original; localized HTML text/alt; brand/source names retained"
"PHIOS-INSTRUCTION-PERSONAL-RESULT-READING-v1.webp","images/instructions/personal/PHIOS-INSTRUCTION-PERSONAL-RESULT-READING-v1.webp","content/web-production/registries/client-visual-asset-registry-v1.8.json","ILLUSTRATION","","","contextual","fluid; semantic center preserved","lazy or native component/state","WITHHELD_WITH_REASON","PHIOS-INSTRUCTION-PERSONAL-RESULT-READING-v1.webp: no additional insertion in this recovery. images/instructions/personal already has contextual consumers in its dedicated workflow; a new insertion would not serve the current page question. Historical approval retained.","NOT_RE_REQUESTED_THIS_TASK","","","","NOT_INDIVIDUALLY_DECODED_THIS_TASK","Shared approved original; localized HTML text/alt; brand/source names retained"
"PHIOS-INSTRUCTION-EXTERNAL-READER-INTAKE-v1.webp","images/instructions/professional/PHIOS-INSTRUCTION-EXTERNAL-READER-INTAKE-v1.webp","content/web-production/registries/client-visual-asset-registry-v1.8.json","ILLUSTRATION","","","contextual","fluid; semantic center preserved","lazy or native component/state","WITHHELD_WITH_REASON","PHIOS-INSTRUCTION-EXTERNAL-READER-INTAKE-v1.webp: no additional insertion in this recovery. images/instructions/professional already has contextual consumers in its dedicated workflow; a new insertion would not serve the current page question. Historical approval retained.","NOT_RE_REQUESTED_THIS_TASK","","","","NOT_INDIVIDUALLY_DECODED_THIS_TASK","Shared approved original; localized HTML text/alt; brand/source names retained"
"PHIOS-INSTRUCTION-PROFESSIONAL-CONSENT-v1.webp","images/instructions/professional/PHIOS-INSTRUCTION-PROFESSIONAL-CONSENT-v1.webp","content/web-production/registries/client-visual-asset-registry-v1.8.json","ILLUSTRATION","","","contextual","fluid; semantic center preserved","lazy or native component/state","WITHHELD_WITH_REASON","PHIOS-INSTRUCTION-PROFESSIONAL-CONSENT-v1.webp: no additional insertion in this recovery. images/instructions/professional already has contextual consumers in its dedicated workflow; a new insertion would not serve the current page question. Historical approval retained.","NOT_RE_REQUESTED_THIS_TASK","","","","NOT_INDIVIDUALLY_DECODED_THIS_TASK","Shared approved original; localized HTML text/alt; brand/source names retained"
"PHIOS-INSTRUCTION-PROFESSIONAL-PRIVACY-v1.webp","images/instructions/professional/PHIOS-INSTRUCTION-PROFESSIONAL-PRIVACY-v1.webp","content/web-production/registries/client-visual-asset-registry-v1.8.json","ILLUSTRATION","","","contextual","fluid; semantic center preserved","lazy or native component/state","WITHHELD_WITH_REASON","PHIOS-INSTRUCTION-PROFESSIONAL-PRIVACY-v1.webp: no additional insertion in this recovery. images/instructions/professional already has contextual consumers in its dedicated workflow; a new insertion would not serve the current page question. Historical approval retained.","NOT_RE_REQUESTED_THIS_TASK","","","","NOT_INDIVIDUALLY_DECODED_THIS_TASK","Shared approved original; localized HTML text/alt; brand/source names retained"
"PHIOS-INSTRUCTION-APPOINTMENT-FLOW-v1.webp","images/instructions/professional/PHIOS-INSTRUCTION-APPOINTMENT-FLOW-v1.webp","content/web-production/registries/client-visual-asset-registry-v1.8.json","ILLUSTRATION","","","contextual","fluid; semantic center preserved","lazy or native component/state","WITHHELD_WITH_REASON","PHIOS-INSTRUCTION-APPOINTMENT-FLOW-v1.webp: no additional insertion in this recovery. images/instructions/professional already has contextual consumers in its dedicated workflow; a new insertion would not serve the current page question. Historical approval retained.","NOT_RE_REQUESTED_THIS_TASK","","","","NOT_INDIVIDUALLY_DECODED_THIS_TASK","Shared approved original; localized HTML text/alt; brand/source names retained"
"PHIOS-INSTRUCTION-CHECKOUT-DIGITAL-BOOK-v1.webp","images/instructions/account/PHIOS-INSTRUCTION-CHECKOUT-DIGITAL-BOOK-v1.webp","content/web-production/registries/client-visual-asset-registry-v1.8.json","ILLUSTRATION","","","contextual","fluid; semantic center preserved","lazy or native component/state","WITHHELD_WITH_REASON","PHIOS-INSTRUCTION-CHECKOUT-DIGITAL-BOOK-v1.webp: no additional insertion in this recovery. images/instructions/account already has contextual consumers in its dedicated workflow; a new insertion would not serve the current page question. Historical approval retained.","NOT_RE_REQUESTED_THIS_TASK","","","","NOT_INDIVIDUALLY_DECODED_THIS_TASK","Shared approved original; localized HTML text/alt; brand/source names retained"
"PHIOS-INSTRUCTION-BOOK-PREVIEW-ACCESS-v1.webp","images/instructions/account/PHIOS-INSTRUCTION-BOOK-PREVIEW-ACCESS-v1.webp","content/web-production/registries/client-visual-asset-registry-v1.8.json","ILLUSTRATION","","","contextual","fluid; semantic center preserved","lazy or native component/state","WITHHELD_WITH_REASON","PHIOS-INSTRUCTION-BOOK-PREVIEW-ACCESS-v1.webp: no additional insertion in this recovery. images/instructions/account already has contextual consumers in its dedicated workflow; a new insertion would not serve the current page question. Historical approval retained.","NOT_RE_REQUESTED_THIS_TASK","","","","NOT_INDIVIDUALLY_DECODED_THIS_TASK","Shared approved original; localized HTML text/alt; brand/source names retained"
"PHIOS-INSTRUCTION-ACCOUNT-PRIVACY-CONTROL-v1.webp","images/instructions/account/PHIOS-INSTRUCTION-ACCOUNT-PRIVACY-CONTROL-v1.webp","content/web-production/registries/client-visual-asset-registry-v1.8.json","ILLUSTRATION","","","contextual","fluid; semantic center preserved","lazy or native component/state","WITHHELD_WITH_REASON","PHIOS-INSTRUCTION-ACCOUNT-PRIVACY-CONTROL-v1.webp: no additional insertion in this recovery. images/instructions/account already has contextual consumers in its dedicated workflow; a new insertion would not serve the current page question. Historical approval retained.","NOT_RE_REQUESTED_THIS_TASK","","","","NOT_INDIVIDUALLY_DECODED_THIS_TASK","Shared approved original; localized HTML text/alt; brand/source names retained"
"from-intelligence-to-reality-navigation-v1.webp","images/branding/books/thesis/from-intelligence-to-reality-navigation-v1.webp","content/web-production/registries/client-visual-asset-registry-v1.8.json","ILLUSTRATION","/thesis.html","","contextual","fluid; semantic center preserved","lazy or native component/state","BOUND_AND_BROWSER_DECODED","Actual visible consumer; repeated shared logos and method icons retain functional roles","PASS","200","image/webp","736910","1985×2808","Shared approved original; localized HTML text/alt; brand/source names retained"
"phios-runtime-architecture-v1.webp","images/branding/books/thesis/phios-runtime-architecture-v1.webp","content/web-production/registries/client-visual-asset-registry-v1.8.json","ILLUSTRATION","/thesis.html","","contextual","fluid; semantic center preserved","lazy or native component/state","BOUND_AND_BROWSER_DECODED","Actual visible consumer; repeated shared logos and method icons retain functional roles","PASS","200","image/webp","884084","1985×2808","Shared approved original; localized HTML text/alt; brand/source names retained"
"reality-ecosystem-v1.webp","images/branding/books/thesis/reality-ecosystem-v1.webp","content/web-production/registries/client-visual-asset-registry-v1.8.json","ILLUSTRATION","/about/","","contextual","fluid; semantic center preserved","lazy or native component/state","BOUND_AND_BROWSER_DECODED","Actual visible consumer; repeated shared logos and method icons retain functional roles","PASS","200","image/webp","742154","1985×2808","Shared approved original; localized HTML text/alt; brand/source names retained"
"reality-navigation-economy-v1.webp","images/branding/books/thesis/reality-navigation-economy-v1.webp","content/web-production/registries/client-visual-asset-registry-v1.8.json","ILLUSTRATION","/research/why-reality-navigation/; /thesis.html","","contextual","fluid; semantic center preserved","lazy or native component/state","BOUND_AND_BROWSER_DECODED","Actual visible consumer; repeated shared logos and method icons retain functional roles","PASS","200","image/webp","822580","1985×2808","Shared approved original; localized HTML text/alt; brand/source names retained"
"reality-navigation-infrastructure-v1.webp","images/branding/books/thesis/reality-navigation-infrastructure-v1.webp","content/web-production/registries/client-visual-asset-registry-v1.8.json","ILLUSTRATION","/research/; /thesis.html","","contextual","fluid; semantic center preserved","lazy or native component/state","BOUND_AND_BROWSER_DECODED","Actual visible consumer; repeated shared logos and method icons retain functional roles","PASS","200","image/webp","743952","1985×2808","Shared approved original; localized HTML text/alt; brand/source names retained"
"reality-navigation-thesis-overview-en-v1.webp","images/branding/books/thesis/reality-navigation-thesis-overview-en-v1.webp","content/web-production/registries/client-visual-asset-registry-v1.8.json","ILLUSTRATION","/thesis.html","","contextual","fluid; semantic center preserved","lazy or native component/state","BOUND_AND_BROWSER_DECODED","Actual visible consumer; repeated shared logos and method icons retain functional roles","PASS","200","image/webp","758450","1985×2808","Shared approved original; localized HTML text/alt; brand/source names retained"
"reality-navigation-thesis-overview-zh-hans-v1.webp","images/branding/books/thesis/reality-navigation-thesis-overview-zh-hans-v1.webp","content/web-production/registries/client-visual-asset-registry-v1.8.json","ILLUSTRATION","/thesis.html","","contextual","fluid; semantic center preserved","lazy or native component/state","BOUND_AND_BROWSER_DECODED","Actual visible consumer; repeated shared logos and method icons retain functional roles","PASS","200","image/webp","881060","1985×2808","Shared approved original; localized HTML text/alt; brand/source names retained"
"PHIOS-HERO-PERSONAL-REALITY-v2.webp","images/hero/PHIOS-HERO-PERSONAL-REALITY-v2.webp","content/web-production/registries/client-visual-asset-registry-v1.8.json","HERO","","","viewport editorial field","fluid; semantic center preserved","eager / fetchpriority","WITHHELD_WITH_REASON","PHIOS-HERO-PERSONAL-REALITY-v2.webp: no additional insertion in this recovery. images/hero already has contextual consumers PHIOS-HERO-ACADEMY-v1.webp, PHIOS-HERO-ACCOUNT-CONTINUITY-v1.webp, PHIOS-HERO-DIGITAL-BOOK-ACCESS-v1.webp; a new insertion would not serve the current page question. Historical approval retained.","NOT_RE_REQUESTED_THIS_TASK","","","","NOT_INDIVIDUALLY_DECODED_THIS_TASK","Shared approved original; localized HTML text/alt; brand/source names retained"
"PHIOS-ICON-GOVERNANCE-v1.svg","images/icons/global/PHIOS-ICON-GOVERNANCE-v1.svg","content/web-production/registries/client-visual-asset-registry-v1.8.json","ICON","/about/reality-navigation/","","contextual","fluid; semantic center preserved","lazy or native component/state","BOUND_AND_BROWSER_DECODED","Actual visible consumer; repeated shared logos and method icons retain functional roles","PASS","200","image/svg+xml","396","64×64","Shared approved original; localized HTML text/alt; brand/source names retained"
"PHIOS-ICON-INTERPRETATION-v1.svg","images/icons/global/PHIOS-ICON-INTERPRETATION-v1.svg","content/web-production/registries/client-visual-asset-registry-v1.8.json","ICON","/about/reality-navigation/","","contextual","fluid; semantic center preserved","lazy or native component/state","BOUND_AND_BROWSER_DECODED","Actual visible consumer; repeated shared logos and method icons retain functional roles","PASS","200","image/svg+xml","567","64×64","Shared approved original; localized HTML text/alt; brand/source names retained"
"PHIOS-ICON-NAVIGATION-THRESHOLD-v1.svg","images/icons/global/PHIOS-ICON-NAVIGATION-THRESHOLD-v1.svg","content/web-production/registries/client-visual-asset-registry-v1.8.json","ICON","/about/reality-navigation/","","contextual","fluid; semantic center preserved","lazy or native component/state","BOUND_AND_BROWSER_DECODED","Actual visible consumer; repeated shared logos and method icons retain functional roles","PASS","200","image/svg+xml","455","64×64","Shared approved original; localized HTML text/alt; brand/source names retained"
"PHIOS-ICON-PROJECTION-v1.svg","images/icons/global/PHIOS-ICON-PROJECTION-v1.svg","content/web-production/registries/client-visual-asset-registry-v1.8.json","ICON","/about/reality-navigation/","","contextual","fluid; semantic center preserved","lazy or native component/state","BOUND_AND_BROWSER_DECODED","Actual visible consumer; repeated shared logos and method icons retain functional roles","PASS","200","image/svg+xml","512","64×64","Shared approved original; localized HTML text/alt; brand/source names retained"
"PHIOS-ICON-UNKNOWN-v1.svg","images/icons/global/PHIOS-ICON-UNKNOWN-v1.svg","content/web-production/registries/client-visual-asset-registry-v1.8.json","ICON","/about/reality-navigation/; /perspectives/personal/; /reality-reading.html","","contextual","fluid; semantic center preserved","lazy or native component/state","BOUND_AND_BROWSER_DECODED","Actual visible consumer; repeated shared logos and method icons retain functional roles","PASS","200","image/svg+xml","6490","1254×1254","Shared approved original; localized HTML text/alt; brand/source names retained"
"PHIOS-ICON-METHOD-ASTROLOGY-v1.svg","images/icons/methods/PHIOS-ICON-METHOD-ASTROLOGY-v1.svg","content/web-production/registries/client-visual-asset-registry-v1.8.json","ICON","/perspectives/","","contextual","fluid; semantic center preserved","lazy or native component/state","BOUND_AND_BROWSER_DECODED","Actual visible consumer; repeated shared logos and method icons retain functional roles","PASS","200","image/svg+xml","503","64×64","Shared approved original; localized HTML text/alt; brand/source names retained"
"PHIOS-ICON-METHOD-BAZI-v1.svg","images/icons/methods/PHIOS-ICON-METHOD-BAZI-v1.svg","content/web-production/registries/client-visual-asset-registry-v1.8.json","ICON","/perspectives/","","contextual","fluid; semantic center preserved","lazy or native component/state","BOUND_AND_BROWSER_DECODED","Actual visible consumer; repeated shared logos and method icons retain functional roles","PASS","200","image/svg+xml","527","64×64","Shared approved original; localized HTML text/alt; brand/source names retained"
"PHIOS-ICON-METHOD-HUMAN-DESIGN-v1.svg","images/icons/methods/PHIOS-ICON-METHOD-HUMAN-DESIGN-v1.svg","content/web-production/registries/client-visual-asset-registry-v1.8.json","ICON","/perspectives/","","contextual","fluid; semantic center preserved","lazy or native component/state","BOUND_AND_BROWSER_DECODED","Actual visible consumer; repeated shared logos and method icons retain functional roles","PASS","200","image/svg+xml","431","64×64","Shared approved original; localized HTML text/alt; brand/source names retained"
"PHIOS-ICON-METHOD-I-CHING-v1.svg","images/icons/methods/PHIOS-ICON-METHOD-I-CHING-v1.svg","content/web-production/registries/client-visual-asset-registry-v1.8.json","ICON","/perspectives/","","contextual","fluid; semantic center preserved","lazy or native component/state","BOUND_AND_BROWSER_DECODED","Actual visible consumer; repeated shared logos and method icons retain functional roles","PASS","200","image/svg+xml","296","64×64","Shared approved original; localized HTML text/alt; brand/source names retained"
"PHIOS-ICON-METHOD-NUMEROLOGY-v1.svg","images/icons/methods/PHIOS-ICON-METHOD-NUMEROLOGY-v1.svg","content/web-production/registries/client-visual-asset-registry-v1.8.json","ICON","/perspectives/","","contextual","fluid; semantic center preserved","lazy or native component/state","BOUND_AND_BROWSER_DECODED","Actual visible consumer; repeated shared logos and method icons retain functional roles","PASS","200","image/svg+xml","723","64×64","Shared approved original; localized HTML text/alt; brand/source names retained"
"PHIOS-ICON-METHOD-TAROT-v1.svg","images/icons/methods/PHIOS-ICON-METHOD-TAROT-v1.svg","content/web-production/registries/client-visual-asset-registry-v1.8.json","ICON","/perspectives/","","contextual","fluid; semantic center preserved","lazy or native component/state","BOUND_AND_BROWSER_DECODED","Actual visible consumer; repeated shared logos and method icons retain functional roles","PASS","200","image/svg+xml","466","64×64","Shared approved original; localized HTML text/alt; brand/source names retained"
"PHIOS-ICON-METHOD-ZIWEI-v1.svg","images/icons/methods/PHIOS-ICON-METHOD-ZIWEI-v1.svg","content/web-production/registries/client-visual-asset-registry-v1.8.json","ICON","/perspectives/","","contextual","fluid; semantic center preserved","lazy or native component/state","BOUND_AND_BROWSER_DECODED","Actual visible consumer; repeated shared logos and method icons retain functional roles","PASS","200","image/svg+xml","423","64×64","Shared approved original; localized HTML text/alt; brand/source names retained"
"`PHIOS-ILLUSTRATION-PERSONAL-REALITY-SCENE-v1.webp","images/illustrations/`PHIOS-ILLUSTRATION-PERSONAL-REALITY-SCENE-v1.webp","content/web-production/registries/client-visual-asset-registry-v1.8.json","ILLUSTRATION","/reality/; /reality-entry.html","","contextual","fluid; semantic center preserved","lazy or native component/state","BOUND_AND_BROWSER_DECODED","Actual visible consumer; repeated shared logos and method icons retain functional roles","PASS","200","image/webp","302948","1672×941","Shared approved original; localized HTML text/alt; brand/source names retained"
"PHIOS-ILLUSTRATION-PROFESSIONAL-WORKSPACE-SCENE-v1.webp","images/illustrations/`PHIOS-ILLUSTRATION-PROFESSIONAL-WORKSPACE-SCENE-v1.webp","content/web-production/registries/client-visual-asset-registry-v1.8.json","ILLUSTRATION","/external-reader-intake.html; /professional/external-readers/; /professional/; /professional/services/; /professional-data-privacy.html; /professional-consent-sharing.html; /services.html","","contextual","fluid; semantic center preserved","lazy or native component/state","BOUND_AND_BROWSER_DECODED","Actual visible consumer; repeated shared logos and method icons retain functional roles","PASS","200","image/webp","301678","1672×941","Shared approved original; localized HTML text/alt; brand/source names retained"
"PHIOS-ILLUSTRATION-ACADEMY-LEARNING-SCENE-v1.webp","images/illustrations/PHIOS-ILLUSTRATION-ACADEMY-LEARNING-SCENE-v1.webp","content/web-production/registries/client-visual-asset-registry-v1.8.json","ILLUSTRATION","","","contextual","fluid; semantic center preserved","lazy or native component/state","WITHHELD_WITH_REASON","PHIOS-ILLUSTRATION-ACADEMY-LEARNING-SCENE-v1.webp: no additional insertion in this recovery. images/illustrations already has contextual consumers PHIOS-ILLUSTRATION-LIBRARY-KNOWLEDGE-LANDSCAPE-v1.webp, `PHIOS-ILLUSTRATION-PERSONAL-REALITY-SCENE-v1.webp, PHIOS-ILLUSTRATION-PROFESSIONAL-WORKSPACE-SCENE-v1.webp; a new insertion would not serve the current page question. Historical approval retained.","NOT_RE_REQUESTED_THIS_TASK","","","","NOT_INDIVIDUALLY_DECODED_THIS_TASK","Shared approved original; localized HTML text/alt; brand/source names retained"
"PHIOS-ILLUSTRATION-FINANCIAL-REALITY-SCENE-v1.webp","images/illustrations/PHIOS-ILLUSTRATION-FINANCIAL-REALITY-SCENE-v1.webp","content/web-production/registries/client-visual-asset-registry-v1.8.json","ILLUSTRATION","/professional/financial/","","contextual","fluid; semantic center preserved","lazy or native component/state","BOUND_AND_BROWSER_DECODED","Actual visible consumer; repeated shared logos and method icons retain functional roles","PASS","200","image/webp","316090","1672×941","Shared approved original; localized HTML text/alt; brand/source names retained"
"PHIOS-ILLUSTRATION-MEMBERSHIP-EXPERIENCE-LANDSCAPE-v1.webp","images/illustrations/PHIOS-ILLUSTRATION-MEMBERSHIP-EXPERIENCE-LANDSCAPE-v1.webp","content/web-production/registries/client-visual-asset-registry-v1.8.json","ILLUSTRATION","","","contextual","fluid; semantic center preserved","lazy or native component/state","WITHHELD_WITH_REASON","PHIOS-ILLUSTRATION-MEMBERSHIP-EXPERIENCE-LANDSCAPE-v1.webp: no additional insertion in this recovery. images/illustrations already has contextual consumers PHIOS-ILLUSTRATION-LIBRARY-KNOWLEDGE-LANDSCAPE-v1.webp, `PHIOS-ILLUSTRATION-PERSONAL-REALITY-SCENE-v1.webp, PHIOS-ILLUSTRATION-PROFESSIONAL-WORKSPACE-SCENE-v1.webp; a new insertion would not serve the current page question. Historical approval retained.","NOT_RE_REQUESTED_THIS_TASK","","","","NOT_INDIVIDUALLY_DECODED_THIS_TASK","Shared approved original; localized HTML text/alt; brand/source names retained"
"PHIOS-ILLUSTRATION-READING-PATH-LANDSCAPE-v1.webp","images/illustrations/PHIOS-ILLUSTRATION-READING-PATH-LANDSCAPE-v1.webp","content/web-production/registries/client-visual-asset-registry-v1.8.json","ILLUSTRATION","/books/","","contextual","fluid; semantic center preserved","lazy or native component/state","BOUND_AND_BROWSER_DECODED","Actual visible consumer; repeated shared logos and method icons retain functional roles","PASS","200","image/webp","636430","1672×941","Shared approved original; localized HTML text/alt; brand/source names retained"
"PHIOS-ILLUSTRATION-REALITY-WORKSPACE-CONTINUITY-v1.webp","images/illustrations/PHIOS-ILLUSTRATION-REALITY-WORKSPACE-CONTINUITY-v1.webp","content/web-production/registries/client-visual-asset-registry-v1.8.json","ILLUSTRATION","/ai-disclosure.html; /digital-product-policy.html; /privacy.html; /reality/; /reality-entry.html; /terms.html","","contextual","fluid; semantic center preserved","lazy or native component/state","BOUND_AND_BROWSER_DECODED","Actual visible consumer; repeated shared logos and method icons retain functional roles","PASS","200","image/webp","465390","1536×1024","Shared approved original; localized HTML text/alt; brand/source names retained"
"PHIOS-ILLUSTRATION-VISUAL-KNOWLEDGE-DISCOVERY-v1.webp","images/illustrations/PHIOS-ILLUSTRATION-VISUAL-KNOWLEDGE-DISCOVERY-v1.webp","content/web-production/registries/client-visual-asset-registry-v1.8.json","ILLUSTRATION","/figures/; /knowledge/concepts/; /knowledge/; /search/","","contextual","fluid; semantic center preserved","lazy or native component/state","BOUND_AND_BROWSER_DECODED","Actual visible consumer; repeated shared logos and method icons retain functional roles","PASS","200","image/webp","714060","1672×941","Shared approved original; localized HTML text/alt; brand/source names retained"
"book-1-3d-hardcover.webp","books/covers/book-1/book-1-3d-hardcover.webp","content/registry/public-assets.json; content/customer-experience-rebuild/authority/customer-visual-asset-registry-v4.json","ILLUSTRATION","/book-one.html; /books/reality-formation/","","contextual","fluid; semantic center preserved","lazy or native component/state","BOUND_AND_BROWSER_DECODED","Actual visible consumer; repeated shared logos and method icons retain functional roles","PASS","200","image/webp","550884","1149×1369","Shared approved original; localized HTML text/alt; brand/source names retained"
"book-2-3d-hardcover.webp","books/covers/book-2/book-2-3d-hardcover.webp","content/registry/public-assets.json; content/customer-experience-rebuild/authority/customer-visual-asset-registry-v4.json","ILLUSTRATION","/books/reality-runtime/","","contextual","fluid; semantic center preserved","lazy or native component/state","BOUND_AND_BROWSER_DECODED","Actual visible consumer; repeated shared logos and method icons retain functional roles","PASS","200","image/webp","534170","1149×1369","Shared approved original; localized HTML text/alt; brand/source names retained"
"book-3-3d-hardcover.webp","books/covers/book-3/book-3-3d-hardcover.webp","content/registry/public-assets.json; content/customer-experience-rebuild/authority/customer-visual-asset-registry-v4.json","ILLUSTRATION","/books/reality-continuity/","","contextual","fluid; semantic center preserved","lazy or native component/state","BOUND_AND_BROWSER_DECODED","Actual visible consumer; repeated shared logos and method icons retain functional roles","PASS","200","image/webp","603108","1149×1369","Shared approved original; localized HTML text/alt; brand/source names retained"
"book-4-3d-hardcover.webp","books/covers/book-4/book-4-3d-hardcover.webp","content/registry/public-assets.json; content/customer-experience-rebuild/authority/customer-visual-asset-registry-v4.json","ILLUSTRATION","/books/reality-expansion/","","contextual","fluid; semantic center preserved","lazy or native component/state","BOUND_AND_BROWSER_DECODED","Actual visible consumer; repeated shared logos and method icons retain functional roles","PASS","200","image/webp","504100","1122×1402","Shared approved original; localized HTML text/alt; brand/source names retained"
"book-5-3d-hardcover.webp","books/covers/book-5/book-5-3d-hardcover.webp","content/registry/public-assets.json; content/customer-experience-rebuild/authority/customer-visual-asset-registry-v4.json","ILLUSTRATION","/books/reality-differentiation/","","contextual","fluid; semantic center preserved","lazy or native component/state","BOUND_AND_BROWSER_DECODED","Actual visible consumer; repeated shared logos and method icons retain functional roles","PASS","200","image/webp","439516","1122×1402","Shared approved original; localized HTML text/alt; brand/source names retained"
"13A.webp","images/figures/books/book-6/13A.webp","content/registry/public-assets.json","ILLUSTRATION","","","contextual","fluid; semantic center preserved","lazy or native component/state","WITHHELD_WITH_REASON","13A.webp: no additional insertion in this recovery. images/figures/books/book-6 already has contextual consumers in its dedicated workflow; a new insertion would not serve the current page question. Historical approval retained.","NOT_RE_REQUESTED_THIS_TASK","","","","NOT_INDIVIDUALLY_DECODED_THIS_TASK","Shared approved original; localized HTML text/alt; brand/source names retained"
"13B.webp","images/figures/books/book-6/13B.webp","content/registry/public-assets.json","ILLUSTRATION","","","contextual","fluid; semantic center preserved","lazy or native component/state","WITHHELD_WITH_REASON","13B.webp: no additional insertion in this recovery. images/figures/books/book-6 already has contextual consumers in its dedicated workflow; a new insertion would not serve the current page question. Historical approval retained.","NOT_RE_REQUESTED_THIS_TASK","","","","NOT_INDIVIDUALLY_DECODED_THIS_TASK","Shared approved original; localized HTML text/alt; brand/source names retained"
"13C.webp","images/figures/books/book-6/13C.webp","content/registry/public-assets.json","ILLUSTRATION","","","contextual","fluid; semantic center preserved","lazy or native component/state","WITHHELD_WITH_REASON","13C.webp: no additional insertion in this recovery. images/figures/books/book-6 already has contextual consumers in its dedicated workflow; a new insertion would not serve the current page question. Historical approval retained.","NOT_RE_REQUESTED_THIS_TASK","","","","NOT_INDIVIDUALLY_DECODED_THIS_TASK","Shared approved original; localized HTML text/alt; brand/source names retained"
"13D.webp","images/figures/books/book-6/13D.webp","content/registry/public-assets.json","ILLUSTRATION","","","contextual","fluid; semantic center preserved","lazy or native component/state","WITHHELD_WITH_REASON","13D.webp: no additional insertion in this recovery. images/figures/books/book-6 already has contextual consumers in its dedicated workflow; a new insertion would not serve the current page question. Historical approval retained.","NOT_RE_REQUESTED_THIS_TASK","","","","NOT_INDIVIDUALLY_DECODED_THIS_TASK","Shared approved original; localized HTML text/alt; brand/source names retained"
"13E.webp","images/figures/books/book-6/13E.webp","content/registry/public-assets.json","ILLUSTRATION","","","contextual","fluid; semantic center preserved","lazy or native component/state","WITHHELD_WITH_REASON","13E.webp: no additional insertion in this recovery. images/figures/books/book-6 already has contextual consumers in its dedicated workflow; a new insertion would not serve the current page question. Historical approval retained.","NOT_RE_REQUESTED_THIS_TASK","","","","NOT_INDIVIDUALLY_DECODED_THIS_TASK","Shared approved original; localized HTML text/alt; brand/source names retained"
"13F.webp","images/figures/books/book-6/13F.webp","content/registry/public-assets.json","ILLUSTRATION","","","contextual","fluid; semantic center preserved","lazy or native component/state","WITHHELD_WITH_REASON","13F.webp: no additional insertion in this recovery. images/figures/books/book-6 already has contextual consumers in its dedicated workflow; a new insertion would not serve the current page question. Historical approval retained.","NOT_RE_REQUESTED_THIS_TASK","","","","NOT_INDIVIDUALLY_DECODED_THIS_TASK","Shared approved original; localized HTML text/alt; brand/source names retained"
"13G.webp","images/figures/books/book-6/13G.webp","content/registry/public-assets.json","ILLUSTRATION","","","contextual","fluid; semantic center preserved","lazy or native component/state","WITHHELD_WITH_REASON","13G.webp: no additional insertion in this recovery. images/figures/books/book-6 already has contextual consumers in its dedicated workflow; a new insertion would not serve the current page question. Historical approval retained.","NOT_RE_REQUESTED_THIS_TASK","","","","NOT_INDIVIDUALLY_DECODED_THIS_TASK","Shared approved original; localized HTML text/alt; brand/source names retained"
"13H.webp","images/figures/books/book-6/13H.webp","content/registry/public-assets.json","ILLUSTRATION","","","contextual","fluid; semantic center preserved","lazy or native component/state","WITHHELD_WITH_REASON","13H.webp: no additional insertion in this recovery. images/figures/books/book-6 already has contextual consumers in its dedicated workflow; a new insertion would not serve the current page question. Historical approval retained.","NOT_RE_REQUESTED_THIS_TASK","","","","NOT_INDIVIDUALLY_DECODED_THIS_TASK","Shared approved original; localized HTML text/alt; brand/source names retained"
"PHIOS-FOUNDER-TERESA-LEE-HERO-v1.webp","images/founder/PHIOS-FOUNDER-TERESA-LEE-HERO-v1.webp","content/registry/public-assets.json; content/customer-experience-rebuild/authority/customer-visual-asset-registry-v4.json","HERO","/about/founder/","","viewport editorial field","fluid; semantic center preserved","eager / fetchpriority","BOUND_AND_BROWSER_DECODED","Actual visible consumer; repeated shared logos and method icons retain functional roles","PASS","200","image/webp","178508","1672×941","Shared approved original; localized HTML text/alt; brand/source names retained"
"PHIOS-FOUNDER-TERESA-LEE-PORTRAIT-CROP-v1.webp","images/founder/PHIOS-FOUNDER-TERESA-LEE-PORTRAIT-CROP-v1.webp","content/registry/public-assets.json; content/customer-experience-rebuild/authority/customer-visual-asset-registry-v4.json","ILLUSTRATION","/about/founder/","","contextual","fluid; semantic center preserved","lazy or native component/state","BOUND_AND_BROWSER_DECODED","Actual visible consumer; repeated shared logos and method icons retain functional roles","PASS","200","image/webp","363078","1122×1402","Shared approved original; localized HTML text/alt; brand/source names retained"
"PHIOS-HERO-BOOK-4-REALITY-EXPANSION-v1.webp","images/hero/books/PHIOS-HERO-BOOK-4-REALITY-EXPANSION-v1.webp","content/web-production/registries/wpr-eight-volume-r2-public-assets-v1.json; content/web-production/registries/wpr-eight-volume-r2-public-assets-v1.json","HERO","/books/; /books/reality-expansion/","","viewport editorial field","fluid; semantic center preserved","eager / fetchpriority","BOUND_AND_BROWSER_DECODED","Actual visible consumer; repeated shared logos and method icons retain functional roles","PASS","200","image/webp","741950","1672×941","Shared approved original; localized HTML text/alt; brand/source names retained"
"PHIOS-BRANDING-VOLUME-IV-REALITY-EXPANSION-v1.webp","images/branding/books/PHIOS-BRANDING-VOLUME-IV-REALITY-EXPANSION-v1.webp","content/web-production/registries/wpr-eight-volume-r2-public-assets-v1.json; content/web-production/registries/wpr-eight-volume-r2-public-assets-v1.json","BRAND_IDENTITY","/explore/start/; /","","contextual","fluid; semantic center preserved","lazy or native component/state","BOUND_AND_BROWSER_DECODED","Actual visible consumer; repeated shared logos and method icons retain functional roles","PASS","200","image/webp","1083022","1648×2000","Shared approved original; localized HTML text/alt; brand/source names retained"
"PHIOS-HERO-BOOK-5-REALITY-DIFFERENTIATION-v1.webp","images/hero/books/PHIOS-HERO-BOOK-5-REALITY-DIFFERENTIATION-v1.webp","content/web-production/registries/wpr-eight-volume-r2-public-assets-v1.json; content/web-production/registries/wpr-eight-volume-r2-public-assets-v1.json","HERO","/books/; /books/reality-differentiation/","","viewport editorial field","fluid; semantic center preserved","eager / fetchpriority","BOUND_AND_BROWSER_DECODED","Actual visible consumer; repeated shared logos and method icons retain functional roles","PASS","200","image/webp","671214","1672×941","Shared approved original; localized HTML text/alt; brand/source names retained"
"PHIOS-BRANDING-VOLUME-V-REALITY-DIFFERENTIATION-v1.webp","images/branding/books/PHIOS-BRANDING-VOLUME-V-REALITY-DIFFERENTIATION-v1.webp","content/web-production/registries/wpr-eight-volume-r2-public-assets-v1.json; content/web-production/registries/wpr-eight-volume-r2-public-assets-v1.json","BRAND_IDENTITY","/books/reality-differentiation/; /explore/start/; /","","contextual","fluid; semantic center preserved","lazy or native component/state","BOUND_AND_BROWSER_DECODED","Actual visible consumer; repeated shared logos and method icons retain functional roles","PASS","200","image/webp","280184","778×945","Shared approved original; localized HTML text/alt; brand/source names retained"
"PHIOS-HERO-BOOK-6-REALITY-RECONFIGURATION-v1.webp","images/hero/books/PHIOS-HERO-BOOK-6-REALITY-RECONFIGURATION-v1.webp","content/web-production/registries/wpr-eight-volume-r2-public-assets-v1.json; content/web-production/registries/wpr-eight-volume-r2-public-assets-v1.json","HERO","/books/; /books/reality-reconfiguration/","","viewport editorial field","fluid; semantic center preserved","eager / fetchpriority","BOUND_AND_BROWSER_DECODED","Actual visible consumer; repeated shared logos and method icons retain functional roles","PASS","200","image/webp","645884","1672×941","Shared approved original; localized HTML text/alt; brand/source names retained"
"PHIOS-BRANDING-VOLUME-VI-REALITY-RECONFIGURATION-v1.webp","images/branding/books/PHIOS-BRANDING-VOLUME-VI-REALITY-RECONFIGURATION-v1.webp","content/web-production/registries/wpr-eight-volume-r2-public-assets-v1.json; content/web-production/registries/wpr-eight-volume-r2-public-assets-v1.json","BRAND_IDENTITY","/books/reality-reconfiguration/; /explore/start/; /","","contextual","fluid; semantic center preserved","lazy or native component/state","BOUND_AND_BROWSER_DECODED","Actual visible consumer; repeated shared logos and method icons retain functional roles","PASS","200","image/webp","254186","778×945","Shared approved original; localized HTML text/alt; brand/source names retained"
"PHIOS-HERO-BOOK-7-REALITY-OBSERVATION-v1.webp","images/hero/books/PHIOS-HERO-BOOK-7-REALITY-OBSERVATION-v1.webp","content/web-production/registries/wpr-eight-volume-r2-public-assets-v1.json; content/web-production/registries/wpr-eight-volume-r2-public-assets-v1.json","HERO","/books/; /books/reality-observation/","","viewport editorial field","fluid; semantic center preserved","eager / fetchpriority","BOUND_AND_BROWSER_DECODED","Actual visible consumer; repeated shared logos and method icons retain functional roles","PASS","200","image/webp","560940","1536×1024","Shared approved original; localized HTML text/alt; brand/source names retained"
"PHIOS-BRANDING-VOLUME-VII-REALITY-OBSERVATION-v1.webp","images/branding/books/PHIOS-BRANDING-VOLUME-VII-REALITY-OBSERVATION-v1.webp","content/web-production/registries/wpr-eight-volume-r2-public-assets-v1.json; content/web-production/registries/wpr-eight-volume-r2-public-assets-v1.json","BRAND_IDENTITY","/explore/start/; /","","contextual","fluid; semantic center preserved","lazy or native component/state","BOUND_AND_BROWSER_DECODED","Actual visible consumer; repeated shared logos and method icons retain functional roles","PASS","200","image/webp","249624","778×945","Shared approved original; localized HTML text/alt; brand/source names retained"
"PHIOS-HERO-BOOK-8-REALITY-NAVIGATION-v1.webp","images/hero/books/PHIOS-HERO-BOOK-8-REALITY-NAVIGATION-v1.webp","content/web-production/registries/wpr-eight-volume-r2-public-assets-v1.json; content/web-production/registries/wpr-eight-volume-r2-public-assets-v1.json","HERO","/books/","","viewport editorial field","fluid; semantic center preserved","eager / fetchpriority","BOUND_AND_BROWSER_DECODED","Actual visible consumer; repeated shared logos and method icons retain functional roles","PASS","200","image/webp","608700","1536×1024","Shared approved original; localized HTML text/alt; brand/source names retained"
"PHIOS-BRANDING-VOLUME-VIII-REALITY-NAVIGATION-v1.webp","images/branding/books/PHIOS-BRANDING-VOLUME-VIII-REALITY-NAVIGATION-v1.webp","content/web-production/registries/wpr-eight-volume-r2-public-assets-v1.json; content/web-production/registries/wpr-eight-volume-r2-public-assets-v1.json","BRAND_IDENTITY","/books/reality-navigation/; /explore/start/; /","","contextual","fluid; semantic center preserved","lazy or native component/state","BOUND_AND_BROWSER_DECODED","Actual visible consumer; repeated shared logos and method icons retain functional roles","PASS","200","image/webp","264624","778×945","Shared approved original; localized HTML text/alt; brand/source names retained"
"PHIOS-HERO-RELATIONSHIP-v2.webp","images/hero/PHIOS-HERO-RELATIONSHIP-v2.webp","content/customer-experience-rebuild/authority/customer-visual-asset-registry-v4.json","HERO","/perspectives/relationship/","","viewport editorial field","fluid; semantic center preserved","eager / fetchpriority","BOUND_AND_BROWSER_DECODED","Actual visible consumer; repeated shared logos and method icons retain functional roles","PASS","200","image/webp","291700","1672×941","Shared approved original; localized HTML text/alt; brand/source names retained"
"PHIOS-HERO-PERSONAL-EVIDENCE-v2.webp","images/hero/PHIOS-HERO-PERSONAL-EVIDENCE-v2.webp","content/customer-experience-rebuild/authority/customer-visual-asset-registry-v4.json","HERO","/perspectives/profile/","","viewport editorial field","fluid; semantic center preserved","eager / fetchpriority","BOUND_AND_BROWSER_DECODED","Actual visible consumer; repeated shared logos and method icons retain functional roles","PASS","200","image/webp","323862","1672×941","Shared approved original; localized HTML text/alt; brand/source names retained"
"PHIOS-HERO-MEMBERSHIP-CONTINUITY-v2.webp","images/hero/PHIOS-HERO-MEMBERSHIP-CONTINUITY-v2.webp","content/customer-experience-rebuild/authority/customer-visual-asset-registry-v4.json","HERO","/membership.html","","viewport editorial field","fluid; semantic center preserved","eager / fetchpriority","BOUND_AND_BROWSER_DECODED","Actual visible consumer; repeated shared logos and method icons retain functional roles","PASS","200","image/webp","303924","1672×941","Shared approved original; localized HTML text/alt; brand/source names retained"
"PHIOS-FIGURE-FINANCIAL-REALITY-SYSTEM-MAP-v2.webp","images/figures/financial/PHIOS-FIGURE-FINANCIAL-REALITY-SYSTEM-MAP-v2.webp","content/customer-experience-rebuild/authority/customer-visual-asset-registry-v4.json; content/production-closure/live-customer-commercial-convergence/VISUAL-BINDING-R5-INPUT-OWNER-SOURCE.json","PRIMARY_FIGURE","/professional/financial/","","820–1280px inline, full-resolution inspection","full width with full-resolution inspection","lazy or native component/state","BOUND_AND_BROWSER_DECODED","Actual visible consumer; repeated shared logos and method icons retain functional roles","PASS","200","image/webp","468492","1586×992","Approved original diagram; localized HTML caption/alt and full-resolution inspection. Embedded text not re-authored or OCR-certified."
"PHIOS-FIGURE-INCOME-EXPENSE-FLOW-v2.webp","images/figures/financial/PHIOS-FIGURE-INCOME-EXPENSE-FLOW-v2.webp","content/customer-experience-rebuild/authority/customer-visual-asset-registry-v4.json; content/production-closure/live-customer-commercial-convergence/VISUAL-BINDING-R5-INPUT-OWNER-SOURCE.json","PRIMARY_FIGURE","/professional/financial/","","820–1280px inline, full-resolution inspection","full width with full-resolution inspection","lazy or native component/state","BOUND_AND_BROWSER_DECODED","Actual visible consumer; repeated shared logos and method icons retain functional roles","PASS","200","image/webp","507440","1586×992","Approved original diagram; localized HTML caption/alt and full-resolution inspection. Embedded text not re-authored or OCR-certified."
"PHIOS-FIGURE-ASSETS-LIABILITIES-STRUCTURE-v2.webp","images/figures/financial/PHIOS-FIGURE-ASSETS-LIABILITIES-STRUCTURE-v2.webp","content/customer-experience-rebuild/authority/customer-visual-asset-registry-v4.json; content/production-closure/live-customer-commercial-convergence/VISUAL-BINDING-R5-INPUT-OWNER-SOURCE.json","PRIMARY_FIGURE","/professional/financial/","","820–1280px inline, full-resolution inspection","full width with full-resolution inspection","lazy or native component/state","BOUND_AND_BROWSER_DECODED","Actual visible consumer; repeated shared logos and method icons retain functional roles","PASS","200","image/webp","495656","1586×992","Approved original diagram; localized HTML caption/alt and full-resolution inspection. Embedded text not re-authored or OCR-certified."
"PHIOS-FIGURE-CASHFLOW-RUNTIME-v2.webp","images/figures/financial/PHIOS-FIGURE-CASHFLOW-RUNTIME-v2.webp","content/customer-experience-rebuild/authority/customer-visual-asset-registry-v4.json; content/production-closure/live-customer-commercial-convergence/VISUAL-BINDING-R5-INPUT-OWNER-SOURCE.json","PRIMARY_FIGURE","/professional/financial/","","820–1280px inline, full-resolution inspection","full width with full-resolution inspection","lazy or native component/state","BOUND_AND_BROWSER_DECODED","Actual visible consumer; repeated shared logos and method icons retain functional roles","PASS","200","image/webp","440758","1586×992","Approved original diagram; localized HTML caption/alt and full-resolution inspection. Embedded text not re-authored or OCR-certified."
"PHIOS-FIGURE-RISK-CONSTRAINT-MAP-v2.webp","images/figures/financial/PHIOS-FIGURE-RISK-CONSTRAINT-MAP-v2.webp","content/customer-experience-rebuild/authority/customer-visual-asset-registry-v4.json; content/production-closure/live-customer-commercial-convergence/VISUAL-BINDING-R5-INPUT-OWNER-SOURCE.json","PRIMARY_FIGURE","/professional/financial/","","820–1280px inline, full-resolution inspection","full width with full-resolution inspection","lazy or native component/state","BOUND_AND_BROWSER_DECODED","Actual visible consumer; repeated shared logos and method icons retain functional roles","PASS","200","image/webp","494412","1586×992","Approved original diagram; localized HTML caption/alt and full-resolution inspection. Embedded text not re-authored or OCR-certified."
"PHIOS-FIGURE-FINANCIAL-DECISION-FLOW-v2.webp","images/figures/financial/PHIOS-FIGURE-FINANCIAL-DECISION-FLOW-v2.webp","content/customer-experience-rebuild/authority/customer-visual-asset-registry-v4.json; content/production-closure/live-customer-commercial-convergence/VISUAL-BINDING-R5-INPUT-OWNER-SOURCE.json","PRIMARY_FIGURE","/professional/financial/","","820–1280px inline, full-resolution inspection","full width with full-resolution inspection","lazy or native component/state","BOUND_AND_BROWSER_DECODED","Actual visible consumer; repeated shared logos and method icons retain functional roles","PASS","200","image/webp","431250","1586×992","Approved original diagram; localized HTML caption/alt and full-resolution inspection. Embedded text not re-authored or OCR-certified."
"PHIOS-FIGURE-FINANCIAL-CONTINUITY-v2.webp","images/figures/financial/PHIOS-FIGURE-FINANCIAL-CONTINUITY-v2.webp","content/customer-experience-rebuild/authority/customer-visual-asset-registry-v4.json; content/production-closure/live-customer-commercial-convergence/VISUAL-BINDING-R5-INPUT-OWNER-SOURCE.json","PRIMARY_FIGURE","/professional/financial/","","820–1280px inline, full-resolution inspection","full width with full-resolution inspection","lazy or native component/state","BOUND_AND_BROWSER_DECODED","Actual visible consumer; repeated shared logos and method icons retain functional roles","PASS","200","image/webp","432558","1586×992","Approved original diagram; localized HTML caption/alt and full-resolution inspection. Embedded text not re-authored or OCR-certified."
"PHIOS-ILLUSTRATION-HOME-QUESTION-ENTRY-v1.webp","images/figures/Entrance/PHIOS-ILLUSTRATION-HOME-QUESTION-ENTRY-v1.webp","content/customer-experience-rebuild/authority/customer-visual-asset-registry-v4.json; content/production-closure/live-customer-commercial-convergence/VISUAL-BINDING-R5-INPUT-OWNER-SOURCE.json","ILLUSTRATION","/explore/start/; /","","contextual","fluid; semantic center preserved","lazy or native component/state","BOUND_AND_BROWSER_DECODED","Actual visible consumer; repeated shared logos and method icons retain functional roles","PASS","200","image/webp","298626","1586×992","Shared approved original; localized HTML text/alt; brand/source names retained"
"PHIOS-ILLUSTRATION-HOME-READING-ENTRY-v1.webp","images/figures/Entrance/PHIOS-ILLUSTRATION-HOME-READING-ENTRY-v1.webp","content/customer-experience-rebuild/authority/customer-visual-asset-registry-v4.json; content/production-closure/live-customer-commercial-convergence/VISUAL-BINDING-R5-INPUT-OWNER-SOURCE.json","ILLUSTRATION","/explore/start/; /","","contextual","fluid; semantic center preserved","lazy or native component/state","BOUND_AND_BROWSER_DECODED","Actual visible consumer; repeated shared logos and method icons retain functional roles","PASS","200","image/webp","357828","1586×992","Shared approved original; localized HTML text/alt; brand/source names retained"
"PHIOS-ILLUSTRATION-HOME-REALITY-ENTRY-v1.webp","images/figures/Entrance/PHIOS-ILLUSTRATION-HOME-REALITY-ENTRY-v1.webp","content/customer-experience-rebuild/authority/customer-visual-asset-registry-v4.json; content/production-closure/live-customer-commercial-convergence/VISUAL-BINDING-R5-INPUT-OWNER-SOURCE.json","ILLUSTRATION","/explore/start/; /","","contextual","fluid; semantic center preserved","lazy or native component/state","BOUND_AND_BROWSER_DECODED","Actual visible consumer; repeated shared logos and method icons retain functional roles","PASS","200","image/webp","310178","1586×992","Shared approved original; localized HTML text/alt; brand/source names retained"
"PHIOS-ILLUSTRATION-HOME-PERSPECTIVE-ENTRY-v1.webp","images/figures/Entrance/PHIOS-ILLUSTRATION-HOME-PERSPECTIVE-ENTRY-v1.webp","content/customer-experience-rebuild/authority/customer-visual-asset-registry-v4.json; content/production-closure/live-customer-commercial-convergence/VISUAL-BINDING-R5-INPUT-OWNER-SOURCE.json","ILLUSTRATION","/explore/start/; /","","contextual","fluid; semantic center preserved","lazy or native component/state","BOUND_AND_BROWSER_DECODED","Actual visible consumer; repeated shared logos and method icons retain functional roles","PASS","200","image/webp","381962","1586×992","Shared approved original; localized HTML text/alt; brand/source names retained"
"PHIOS-ILLUSTRATION-HOME-CONTINUITY-ENTRY-v1.webp","images/figures/Entrance/PHIOS-ILLUSTRATION-HOME-CONTINUITY-ENTRY-v1.webp","content/customer-experience-rebuild/authority/customer-visual-asset-registry-v4.json; content/production-closure/live-customer-commercial-convergence/VISUAL-BINDING-R5-INPUT-OWNER-SOURCE.json","ILLUSTRATION","/explore/start/; /","","contextual","fluid; semantic center preserved","lazy or native component/state","BOUND_AND_BROWSER_DECODED","Actual visible consumer; repeated shared logos and method icons retain functional roles","PASS","200","image/webp","356680","1586×992","Shared approved original; localized HTML text/alt; brand/source names retained"
"PHIOS-ILLUSTRATION-HOME-PROFESSIONAL-ENTRY-v1.webp","images/figures/Entrance/PHIOS-ILLUSTRATION-HOME-PROFESSIONAL-ENTRY-v1.webp","content/customer-experience-rebuild/authority/customer-visual-asset-registry-v4.json; content/production-closure/live-customer-commercial-convergence/VISUAL-BINDING-R5-INPUT-OWNER-SOURCE.json","ILLUSTRATION","/explore/start/; /","","contextual","fluid; semantic center preserved","lazy or native component/state","BOUND_AND_BROWSER_DECODED","Actual visible consumer; repeated shared logos and method icons retain functional roles","PASS","200","image/webp","280832","1536×1024","Shared approved original; localized HTML text/alt; brand/source names retained"
"PHIOS-FIGURE-PLATFORM-RELATIONSHIP-NETWORK-v1.webp","images/figures/Entrance/PHIOS-FIGURE-PLATFORM-RELATIONSHIP-NETWORK-v1.webp","content/customer-experience-rebuild/authority/customer-visual-asset-registry-v4.json; content/production-closure/live-customer-commercial-convergence/VISUAL-BINDING-R5-INPUT-OWNER-SOURCE.json","PRIMARY_FIGURE","/explore/start/; /","","820–1280px inline, full-resolution inspection","full width with full-resolution inspection","lazy or native component/state","BOUND_AND_BROWSER_DECODED","Actual visible consumer; repeated shared logos and method icons retain functional roles","PASS","200","image/webp","416248","1586×992","Approved original diagram; localized HTML caption/alt and full-resolution inspection. Embedded text not re-authored or OCR-certified."
"PHIOS-FIGURE-CUSTOMER-ENTRY-PATHS-v1.webp","images/figures/Entrance/PHIOS-FIGURE-CUSTOMER-ENTRY-PATHS-v1.webp","content/customer-experience-rebuild/authority/customer-visual-asset-registry-v4.json; content/production-closure/live-customer-commercial-convergence/VISUAL-BINDING-R5-INPUT-OWNER-SOURCE.json","PRIMARY_FIGURE","/about/founder/","","820–1280px inline, full-resolution inspection","full width with full-resolution inspection","lazy or native component/state","BOUND_AND_BROWSER_DECODED","Actual visible consumer; repeated shared logos and method icons retain functional roles","PASS","200","image/webp","514650","1586×992","Approved original diagram; localized HTML caption/alt and full-resolution inspection. Embedded text not re-authored or OCR-certified."
"PHIOS-FIGURE-DIRECTION-POSITION-NETWORK-v1.webp","images/figures/Entrance/PHIOS-FIGURE-DIRECTION-POSITION-NETWORK-v1.webp","content/customer-experience-rebuild/authority/customer-visual-asset-registry-v4.json; content/production-closure/live-customer-commercial-convergence/VISUAL-BINDING-R5-INPUT-OWNER-SOURCE.json","PRIMARY_FIGURE","/reality/; /reality-entry.html","","820–1280px inline, full-resolution inspection","full width with full-resolution inspection","lazy or native component/state","BOUND_AND_BROWSER_DECODED","Actual visible consumer; repeated shared logos and method icons retain functional roles","PASS","200","image/webp","457958","1586×992","Approved original diagram; localized HTML caption/alt and full-resolution inspection. Embedded text not re-authored or OCR-certified."
"PHIOS-FIGURE-REALITY-EVOLUTION-NETWORK-v1.webp","images/figures/Entrance/PHIOS-FIGURE-REALITY-EVOLUTION-NETWORK-v1.webp","content/customer-experience-rebuild/authority/customer-visual-asset-registry-v4.json; content/production-closure/live-customer-commercial-convergence/VISUAL-BINDING-R5-INPUT-OWNER-SOURCE.json","PRIMARY_FIGURE","/reality/; /reality-entry.html","","820–1280px inline, full-resolution inspection","full width with full-resolution inspection","lazy or native component/state","BOUND_AND_BROWSER_DECODED","Actual visible consumer; repeated shared logos and method icons retain functional roles","PASS","200","image/webp","351928","1586×992","Approved original diagram; localized HTML caption/alt and full-resolution inspection. Embedded text not re-authored or OCR-certified."
"PHIOS-FIGURE-EVIDENCE-INTERPRETATION-NETWORK-v1.webp","images/figures/Entrance/PHIOS-FIGURE-EVIDENCE-INTERPRETATION-NETWORK-v1.webp","content/customer-experience-rebuild/authority/customer-visual-asset-registry-v4.json; content/production-closure/live-customer-commercial-convergence/VISUAL-BINDING-R5-INPUT-OWNER-SOURCE.json","PRIMARY_FIGURE","","","820–1280px inline, full-resolution inspection","full width with full-resolution inspection","lazy or native component/state","WITHHELD_WITH_REASON","PHIOS-FIGURE-EVIDENCE-INTERPRETATION-NETWORK-v1.webp: no additional insertion in this recovery. images/figures/Entrance already has contextual consumers PHIOS-ILLUSTRATION-HOME-QUESTION-ENTRY-v1.webp, PHIOS-ILLUSTRATION-HOME-READING-ENTRY-v1.webp, PHIOS-ILLUSTRATION-HOME-REALITY-ENTRY-v1.webp; a new insertion would not serve the current page question. Historical approval retained.","PASS","200","image/webp","370404","NOT_INDIVIDUALLY_DECODED_THIS_TASK","Approved original diagram; localized HTML caption/alt and full-resolution inspection. Embedded text not re-authored or OCR-certified."
"PHIOS-FIGURE-NAVIGATION-FORMATION-1B-v1.webp","images/figures/Entrance/PHIOS-FIGURE-NAVIGATION-FORMATION-1B-v1.webp","content/customer-experience-rebuild/authority/customer-visual-asset-registry-v4.json; content/production-closure/live-customer-commercial-convergence/VISUAL-BINDING-R5-INPUT-OWNER-SOURCE.json","PRIMARY_FIGURE","/about/founder/; /explore/start/; /","","820–1280px inline, full-resolution inspection","full width with full-resolution inspection","lazy or native component/state","BOUND_AND_BROWSER_DECODED","Actual visible consumer; repeated shared logos and method icons retain functional roles","PASS","200","image/webp","406878","1586×992","Approved original diagram; localized HTML caption/alt and full-resolution inspection. Embedded text not re-authored or OCR-certified."
"PHIOS-FIGURE-CHOICE-SPACE-CONSTRAINTS-v1.webp","images/figures/Entrance/PHIOS-FIGURE-CHOICE-SPACE-CONSTRAINTS-v1.webp","content/customer-experience-rebuild/authority/customer-visual-asset-registry-v4.json; content/production-closure/live-customer-commercial-convergence/VISUAL-BINDING-R5-INPUT-OWNER-SOURCE.json","PRIMARY_FIGURE","/reality/; /reality-entry.html","","820–1280px inline, full-resolution inspection","full width with full-resolution inspection","lazy or native component/state","BOUND_AND_BROWSER_DECODED","Actual visible consumer; repeated shared logos and method icons retain functional roles","PASS","200","image/webp","450616","1586×992","Approved original diagram; localized HTML caption/alt and full-resolution inspection. Embedded text not re-authored or OCR-certified."
"PHIOS-FIGURE-CURRENT-UNKNOWN-FOCUS-v1.webp","images/figures/Entrance/PHIOS-FIGURE-CURRENT-UNKNOWN-FOCUS-v1.webp","content/customer-experience-rebuild/authority/customer-visual-asset-registry-v4.json; content/production-closure/live-customer-commercial-convergence/VISUAL-BINDING-R5-INPUT-OWNER-SOURCE.json","PRIMARY_FIGURE","/reality/; /reality-entry.html","","820–1280px inline, full-resolution inspection","full width with full-resolution inspection","lazy or native component/state","BOUND_AND_BROWSER_DECODED","Actual visible consumer; repeated shared logos and method icons retain functional roles","PASS","200","image/webp","382032","1585×992","Approved original diagram; localized HTML caption/alt and full-resolution inspection. Embedded text not re-authored or OCR-certified."
"PHIOS-FIGURE-OBSERVATION-RETURN-LOOP-v1.webp","images/figures/Entrance/PHIOS-FIGURE-OBSERVATION-RETURN-LOOP-v1.webp","content/customer-experience-rebuild/authority/customer-visual-asset-registry-v4.json; content/production-closure/live-customer-commercial-convergence/VISUAL-BINDING-R5-INPUT-OWNER-SOURCE.json","PRIMARY_FIGURE","/about/founder/","","820–1280px inline, full-resolution inspection","full width with full-resolution inspection","lazy or native component/state","BOUND_AND_BROWSER_DECODED","Actual visible consumer; repeated shared logos and method icons retain functional roles","PASS","200","image/webp","390442","1586×992","Approved original diagram; localized HTML caption/alt and full-resolution inspection. Embedded text not re-authored or OCR-certified."
"PHIOS-FIGURE-MY-PHI-ACCOUNT-NETWORK-v2.webp","images/figures/Entrance/PHIOS-FIGURE-MY-PHI-ACCOUNT-NETWORK-v2.webp","content/customer-experience-rebuild/authority/customer-visual-asset-registry-v4.json; content/production-closure/live-customer-commercial-convergence/VISUAL-BINDING-R5-INPUT-OWNER-SOURCE.json","PRIMARY_FIGURE","/account/; /account.html","","820–1280px inline, full-resolution inspection","full width with full-resolution inspection","lazy or native component/state","BOUND_AND_BROWSER_DECODED","Actual visible consumer; repeated shared logos and method icons retain functional roles","PASS","200","image/webp","426042","1586×992","Approved original diagram; localized HTML caption/alt and full-resolution inspection. Embedded text not re-authored or OCR-certified."
"PHIOS-FIGURE-ACCOUNT-CONSENT-SCOPE-v1.webp","images/figures/Entrance/PHIOS-FIGURE-ACCOUNT-CONSENT-SCOPE-v1.webp","content/customer-experience-rebuild/authority/customer-visual-asset-registry-v4.json; content/production-closure/live-customer-commercial-convergence/VISUAL-BINDING-R5-INPUT-OWNER-SOURCE.json","PRIMARY_FIGURE","/account/; /account.html","","820–1280px inline, full-resolution inspection","full width with full-resolution inspection","lazy or native component/state","BOUND_AND_BROWSER_DECODED","Actual visible consumer; repeated shared logos and method icons retain functional roles","PASS","200","image/webp","340190","1586×992","Approved original diagram; localized HTML caption/alt and full-resolution inspection. Embedded text not re-authored or OCR-certified."
"PHIOS-FIGURE-REPORT-DELIVERY-CONTINUITY-v1.webp","images/figures/Entrance/PHIOS-FIGURE-REPORT-DELIVERY-CONTINUITY-v1.webp","content/customer-experience-rebuild/authority/customer-visual-asset-registry-v4.json; content/production-closure/live-customer-commercial-convergence/VISUAL-BINDING-R5-INPUT-OWNER-SOURCE.json","PRIMARY_FIGURE","/account/; /account.html","","820–1280px inline, full-resolution inspection","full width with full-resolution inspection","lazy or native component/state","BOUND_AND_BROWSER_DECODED","Actual visible consumer; repeated shared logos and method icons retain functional roles","PASS","200","image/webp","427326","1586×992","Approved original diagram; localized HTML caption/alt and full-resolution inspection. Embedded text not re-authored or OCR-certified."
"PHIOS-FIGURE-ACCOUNT-PEOPLE-PERMISSIONS-v1.webp","images/figures/Entrance/PHIOS-FIGURE-ACCOUNT-PEOPLE-PERMISSIONS-v1.webp","content/customer-experience-rebuild/authority/customer-visual-asset-registry-v4.json; content/production-closure/live-customer-commercial-convergence/VISUAL-BINDING-R5-INPUT-OWNER-SOURCE.json","PRIMARY_FIGURE","/account/; /account.html","","820–1280px inline, full-resolution inspection","full width with full-resolution inspection","lazy or native component/state","BOUND_AND_BROWSER_DECODED","Actual visible consumer; repeated shared logos and method icons retain functional roles","PASS","200","image/webp","369536","1586×992","Approved original diagram; localized HTML caption/alt and full-resolution inspection. Embedded text not re-authored or OCR-certified."
"PHIOS-FIGURE-ACCOUNT-TIMELINE-VERSIONS-v1.webp","images/figures/Entrance/PHIOS-FIGURE-ACCOUNT-TIMELINE-VERSIONS-v1.webp","content/customer-experience-rebuild/authority/customer-visual-asset-registry-v4.json; content/production-closure/live-customer-commercial-convergence/VISUAL-BINDING-R5-INPUT-OWNER-SOURCE.json","PRIMARY_FIGURE","/account/; /account.html","","820–1280px inline, full-resolution inspection","full width with full-resolution inspection","lazy or native component/state","BOUND_AND_BROWSER_DECODED","Actual visible consumer; repeated shared logos and method icons retain functional roles","PASS","200","image/webp","412590","1586×992","Approved original diagram; localized HTML caption/alt and full-resolution inspection. Embedded text not re-authored or OCR-certified."
"PHIOS-FIGURE-ACCOUNT-SAVED-VS-SESSION-v1.webp","images/figures/Entrance/PHIOS-FIGURE-ACCOUNT-SAVED-VS-SESSION-v1.webp","content/customer-experience-rebuild/authority/customer-visual-asset-registry-v4.json; content/production-closure/live-customer-commercial-convergence/VISUAL-BINDING-R5-INPUT-OWNER-SOURCE.json","PRIMARY_FIGURE","/account/; /account.html","","820–1280px inline, full-resolution inspection","full width with full-resolution inspection","lazy or native component/state","BOUND_AND_BROWSER_DECODED","Actual visible consumer; repeated shared logos and method icons retain functional roles","PASS","200","image/webp","381852","1586×992","Approved original diagram; localized HTML caption/alt and full-resolution inspection. Embedded text not re-authored or OCR-certified."
"PHIOS-FIGURE-ACCOUNT-ACCESS-RECOVERY-v1.webp","images/figures/Entrance/PHIOS-FIGURE-ACCOUNT-ACCESS-RECOVERY-v1.webp","content/customer-experience-rebuild/authority/customer-visual-asset-registry-v4.json; content/production-closure/live-customer-commercial-convergence/VISUAL-BINDING-R5-INPUT-OWNER-SOURCE.json","PRIMARY_FIGURE","/account/; /account.html","","820–1280px inline, full-resolution inspection","full width with full-resolution inspection","lazy or native component/state","BOUND_AND_BROWSER_DECODED","Actual visible consumer; repeated shared logos and method icons retain functional roles","PASS","200","image/webp","713876","2560×1600","Approved original diagram; localized HTML caption/alt and full-resolution inspection. Embedded text not re-authored or OCR-certified."
"PHIOS-FIGURE-PROFILE-EVIDENCE-SOURCES-v1.webp","images/figures/Entrance/PHIOS-FIGURE-PROFILE-EVIDENCE-SOURCES-v1.webp","content/customer-experience-rebuild/authority/customer-visual-asset-registry-v4.json; content/production-closure/live-customer-commercial-convergence/VISUAL-BINDING-R5-INPUT-OWNER-SOURCE.json","PRIMARY_FIGURE","/explore/start/; /; /perspectives/profile/","","820–1280px inline, full-resolution inspection","full width with full-resolution inspection","lazy or native component/state","BOUND_AND_BROWSER_DECODED","Actual visible consumer; repeated shared logos and method icons retain functional roles","PASS","200","image/webp","498522","1586×992","Approved original diagram; localized HTML caption/alt and full-resolution inspection. Embedded text not re-authored or OCR-certified."
"PHIOS-FIGURE-PROFILE-SEVEN-ENTRY-MODES-v1.webp","images/figures/Entrance/PHIOS-FIGURE-PROFILE-SEVEN-ENTRY-MODES-v1.webp","content/customer-experience-rebuild/authority/customer-visual-asset-registry-v4.json; content/production-closure/live-customer-commercial-convergence/VISUAL-BINDING-R5-INPUT-OWNER-SOURCE.json","PRIMARY_FIGURE","/perspectives/profile/","","820–1280px inline, full-resolution inspection","full width with full-resolution inspection","lazy or native component/state","BOUND_AND_BROWSER_DECODED","Actual visible consumer; repeated shared logos and method icons retain functional roles","PASS","200","image/webp","525884","1586×992","Approved original diagram; localized HTML caption/alt and full-resolution inspection. Embedded text not re-authored or OCR-certified."
"PHIOS-FIGURE-PROFILE-RESULT-READING-KEY-v1.webp","images/figures/Entrance/PHIOS-FIGURE-PROFILE-RESULT-READING-KEY-v1.webp","content/customer-experience-rebuild/authority/customer-visual-asset-registry-v4.json; content/production-closure/live-customer-commercial-convergence/VISUAL-BINDING-R5-INPUT-OWNER-SOURCE.json","PRIMARY_FIGURE","/perspectives/profile/","","820–1280px inline, full-resolution inspection","full width with full-resolution inspection","lazy or native component/state","BOUND_AND_BROWSER_DECODED","Actual visible consumer; repeated shared logos and method icons retain functional roles","PASS","200","image/webp","361562","1586×992","Approved original diagram; localized HTML caption/alt and full-resolution inspection. Embedded text not re-authored or OCR-certified."
"PHIOS-FIGURE-PROFILE-EXTERNAL-CONFIRMATION-v1.webp","images/figures/Entrance/PHIOS-FIGURE-PROFILE-EXTERNAL-CONFIRMATION-v1.webp","content/customer-experience-rebuild/authority/customer-visual-asset-registry-v4.json; content/production-closure/live-customer-commercial-convergence/VISUAL-BINDING-R5-INPUT-OWNER-SOURCE.json","PRIMARY_FIGURE","/perspectives/profile/","","820–1280px inline, full-resolution inspection","full width with full-resolution inspection","lazy or native component/state","BOUND_AND_BROWSER_DECODED","Actual visible consumer; repeated shared logos and method icons retain functional roles","PASS","200","image/webp","434920","1586×992","Approved original diagram; localized HTML caption/alt and full-resolution inspection. Embedded text not re-authored or OCR-certified."
"PHIOS-FIGURE-PROFILE-BILINGUAL-DOSSIER-ACCESS-v1.webp","images/figures/Entrance/PHIOS-FIGURE-PROFILE-BILINGUAL-DOSSIER-ACCESS-v1.webp","content/customer-experience-rebuild/authority/customer-visual-asset-registry-v4.json; content/production-closure/live-customer-commercial-convergence/VISUAL-BINDING-R5-INPUT-OWNER-SOURCE.json","PRIMARY_FIGURE","/perspectives/profile/","","820–1280px inline, full-resolution inspection","full width with full-resolution inspection","lazy or native component/state","BOUND_AND_BROWSER_DECODED","Actual visible consumer; repeated shared logos and method icons retain functional roles","PASS","200","image/webp","422340","1586×992","Approved original diagram; localized HTML caption/alt and full-resolution inspection. Embedded text not re-authored or OCR-certified."
"PHIOS-FIGURE-PROFILE-SELECTIVE-REALITY-HANDOFF-v1.webp","images/figures/Entrance/PHIOS-FIGURE-PROFILE-SELECTIVE-REALITY-HANDOFF-v1.webp","content/customer-experience-rebuild/authority/customer-visual-asset-registry-v4.json; content/production-closure/live-customer-commercial-convergence/VISUAL-BINDING-R5-INPUT-OWNER-SOURCE.json","PRIMARY_FIGURE","/perspectives/profile/","","820–1280px inline, full-resolution inspection","full width with full-resolution inspection","lazy or native component/state","BOUND_AND_BROWSER_DECODED","Actual visible consumer; repeated shared logos and method icons retain functional roles","PASS","200","image/webp","421230","1586×992","Approved original diagram; localized HTML caption/alt and full-resolution inspection. Embedded text not re-authored or OCR-certified."
"PHIOS-FIGURE-PROFILE-SOURCE-DIFFERENCES-v1.webp","images/figures/Entrance/PHIOS-FIGURE-PROFILE-SOURCE-DIFFERENCES-v1.webp","content/customer-experience-rebuild/authority/customer-visual-asset-registry-v4.json; content/production-closure/live-customer-commercial-convergence/VISUAL-BINDING-R5-INPUT-OWNER-SOURCE.json","PRIMARY_FIGURE","/perspectives/profile/","","820–1280px inline, full-resolution inspection","full width with full-resolution inspection","lazy or native component/state","BOUND_AND_BROWSER_DECODED","Actual visible consumer; repeated shared logos and method icons retain functional roles","PASS","200","image/webp","407718","1586×992","Approved original diagram; localized HTML caption/alt and full-resolution inspection. Embedded text not re-authored or OCR-certified."
"PHIOS-FIGURE-TAROT-QUESTION-FOCUS-v1.webp","images/figures/Entrance/PHIOS-FIGURE-TAROT-QUESTION-FOCUS-v1.webp","content/customer-experience-rebuild/authority/customer-visual-asset-registry-v4.json; content/production-closure/live-customer-commercial-convergence/VISUAL-BINDING-R5-INPUT-OWNER-SOURCE.json","PRIMARY_FIGURE","/perspectives/tarot/","","820–1280px inline, full-resolution inspection","full width with full-resolution inspection","lazy or native component/state","BOUND_AND_BROWSER_DECODED","Actual visible consumer; repeated shared logos and method icons retain functional roles","PASS","200","image/webp","335464","1586×992","Approved original diagram; localized HTML caption/alt and full-resolution inspection. Embedded text not re-authored or OCR-certified."
"PHIOS-FIGURE-TAROT-SPREAD-POSITIONS-v1.webp","images/figures/Entrance/PHIOS-FIGURE-TAROT-SPREAD-POSITIONS-v1.webp","content/customer-experience-rebuild/authority/customer-visual-asset-registry-v4.json; content/production-closure/live-customer-commercial-convergence/VISUAL-BINDING-R5-INPUT-OWNER-SOURCE.json","PRIMARY_FIGURE","/perspectives/tarot/","","820–1280px inline, full-resolution inspection","full width with full-resolution inspection","lazy or native component/state","BOUND_AND_BROWSER_DECODED","Actual visible consumer; repeated shared logos and method icons retain functional roles","PASS","200","image/webp","502228","1585×992","Approved original diagram; localized HTML caption/alt and full-resolution inspection. Embedded text not re-authored or OCR-certified."
"PHIOS-FIGURE-TAROT-SHUFFLE-SELECT-v1.webp","images/figures/Entrance/PHIOS-FIGURE-TAROT-SHUFFLE-SELECT-v1.webp","content/customer-experience-rebuild/authority/customer-visual-asset-registry-v4.json; content/production-closure/live-customer-commercial-convergence/VISUAL-BINDING-R5-INPUT-OWNER-SOURCE.json","PRIMARY_FIGURE","/perspectives/tarot/","","820–1280px inline, full-resolution inspection","full width with full-resolution inspection","lazy or native component/state","BOUND_AND_BROWSER_DECODED","Actual visible consumer; repeated shared logos and method icons retain functional roles","PASS","200","image/webp","364320","1586×992","Approved original diagram; localized HTML caption/alt and full-resolution inspection. Embedded text not re-authored or OCR-certified."
"PHIOS-FIGURE-TAROT-CONNECTED-READING-v1.webp","images/figures/Entrance/PHIOS-FIGURE-TAROT-CONNECTED-READING-v1.webp","content/customer-experience-rebuild/authority/customer-visual-asset-registry-v4.json; content/production-closure/live-customer-commercial-convergence/VISUAL-BINDING-R5-INPUT-OWNER-SOURCE.json","PRIMARY_FIGURE","/perspectives/tarot/","","820–1280px inline, full-resolution inspection","full width with full-resolution inspection","lazy or native component/state","BOUND_AND_BROWSER_DECODED","Actual visible consumer; repeated shared logos and method icons retain functional roles","PASS","200","image/webp","461062","1586×992","Approved original diagram; localized HTML caption/alt and full-resolution inspection. Embedded text not re-authored or OCR-certified."
"PHIOS-FIGURE-TAROT-REALITY-REFLECTION-v1.webp","images/figures/Entrance/PHIOS-FIGURE-TAROT-REALITY-REFLECTION-v1.webp","content/customer-experience-rebuild/authority/customer-visual-asset-registry-v4.json; content/production-closure/live-customer-commercial-convergence/VISUAL-BINDING-R5-INPUT-OWNER-SOURCE.json","PRIMARY_FIGURE","/perspectives/tarot/","","820–1280px inline, full-resolution inspection","full width with full-resolution inspection","lazy or native component/state","BOUND_AND_BROWSER_DECODED","Actual visible consumer; repeated shared logos and method icons retain functional roles","PASS","200","image/webp","466912","1586×992","Approved original diagram; localized HTML caption/alt and full-resolution inspection. Embedded text not re-authored or OCR-certified."
"PHIOS-FIGURE-TAROT-READING-CONTINUITY-v1.webp","images/figures/Entrance/PHIOS-FIGURE-TAROT-READING-CONTINUITY-v1.webp","content/customer-experience-rebuild/authority/customer-visual-asset-registry-v4.json; content/production-closure/live-customer-commercial-convergence/VISUAL-BINDING-R5-INPUT-OWNER-SOURCE.json","PRIMARY_FIGURE","/perspectives/tarot/","","820–1280px inline, full-resolution inspection","full width with full-resolution inspection","lazy or native component/state","BOUND_AND_BROWSER_DECODED","Actual visible consumer; repeated shared logos and method icons retain functional roles","PASS","200","image/webp","319414","1586×992","Approved original diagram; localized HTML caption/alt and full-resolution inspection. Embedded text not re-authored or OCR-certified."
"PHIOS-FIGURE-ICHING-QUESTION-AND-CAST-v1.webp","images/figures/Entrance/PHIOS-FIGURE-ICHING-QUESTION-AND-CAST-v1.webp","content/customer-experience-rebuild/authority/customer-visual-asset-registry-v4.json; content/production-closure/live-customer-commercial-convergence/VISUAL-BINDING-R5-INPUT-OWNER-SOURCE.json","PRIMARY_FIGURE","/perspectives/iching/","","820–1280px inline, full-resolution inspection","full width with full-resolution inspection","lazy or native component/state","BOUND_AND_BROWSER_DECODED","Actual visible consumer; repeated shared logos and method icons retain functional roles","PASS","200","image/webp","277976","1586×992","Approved original diagram; localized HTML caption/alt and full-resolution inspection. Embedded text not re-authored or OCR-certified."
"PHIOS-FIGURE-ICHING-SIX-LINES-ORDER-v1.webp","images/figures/Entrance/PHIOS-FIGURE-ICHING-SIX-LINES-ORDER-v1.webp","content/customer-experience-rebuild/authority/customer-visual-asset-registry-v4.json; content/production-closure/live-customer-commercial-convergence/VISUAL-BINDING-R5-INPUT-OWNER-SOURCE.json","PRIMARY_FIGURE","/perspectives/iching/consult/; /perspectives/iching/run/","","820–1280px inline, full-resolution inspection","full width with full-resolution inspection","lazy or native component/state","BOUND_AND_BROWSER_DECODED","Actual visible consumer; repeated shared logos and method icons retain functional roles","PASS","200","image/webp","380448","1586×992","Approved original diagram; localized HTML caption/alt and full-resolution inspection. Embedded text not re-authored or OCR-certified."
"PHIOS-FIGURE-ICHING-PRIMARY-CHANGING-RELATING-v1.webp","images/figures/Entrance/PHIOS-FIGURE-ICHING-PRIMARY-CHANGING-RELATING-v1.webp","content/customer-experience-rebuild/authority/customer-visual-asset-registry-v4.json; content/production-closure/live-customer-commercial-convergence/VISUAL-BINDING-R5-INPUT-OWNER-SOURCE.json","PRIMARY_FIGURE","/perspectives/iching/consult/; /perspectives/iching/run/","","820–1280px inline, full-resolution inspection","full width with full-resolution inspection","lazy or native component/state","BOUND_AND_BROWSER_DECODED","Actual visible consumer; repeated shared logos and method icons retain functional roles","PASS","200","image/webp","470706","1586×992","Approved original diagram; localized HTML caption/alt and full-resolution inspection. Embedded text not re-authored or OCR-certified."
"PHIOS-FIGURE-ICHING-READING-LAYERS-v1.webp","images/figures/Entrance/PHIOS-FIGURE-ICHING-READING-LAYERS-v1.webp","content/customer-experience-rebuild/authority/customer-visual-asset-registry-v4.json; content/production-closure/live-customer-commercial-convergence/VISUAL-BINDING-R5-INPUT-OWNER-SOURCE.json","PRIMARY_FIGURE","/perspectives/iching/consult/; /perspectives/iching/run/","","820–1280px inline, full-resolution inspection","full width with full-resolution inspection","lazy or native component/state","BOUND_AND_BROWSER_DECODED","Actual visible consumer; repeated shared logos and method icons retain functional roles","PASS","200","image/webp","440110","1585×992","Approved original diagram; localized HTML caption/alt and full-resolution inspection. Embedded text not re-authored or OCR-certified."
"PHIOS-FIGURE-ICHING-REALITY-COMPARISON-v1.webp","images/figures/Entrance/PHIOS-FIGURE-ICHING-REALITY-COMPARISON-v1.webp","content/customer-experience-rebuild/authority/customer-visual-asset-registry-v4.json; content/production-closure/live-customer-commercial-convergence/VISUAL-BINDING-R5-INPUT-OWNER-SOURCE.json","PRIMARY_FIGURE","/perspectives/iching/consult/; /perspectives/iching/run/","","820–1280px inline, full-resolution inspection","full width with full-resolution inspection","lazy or native component/state","BOUND_AND_BROWSER_DECODED","Actual visible consumer; repeated shared logos and method icons retain functional roles","PASS","200","image/webp","338678","1585×992","Approved original diagram; localized HTML caption/alt and full-resolution inspection. Embedded text not re-authored or OCR-certified."
"PHIOS-FIGURE-ICHING-CAST-CONTINUITY-v1.webp","images/figures/Entrance/PHIOS-FIGURE-ICHING-CAST-CONTINUITY-v1.webp","content/customer-experience-rebuild/authority/customer-visual-asset-registry-v4.json; content/production-closure/live-customer-commercial-convergence/VISUAL-BINDING-R5-INPUT-OWNER-SOURCE.json","PRIMARY_FIGURE","/perspectives/iching/consult/; /perspectives/iching/run/","","820–1280px inline, full-resolution inspection","full width with full-resolution inspection","lazy or native component/state","BOUND_AND_BROWSER_DECODED","Actual visible consumer; repeated shared logos and method icons retain functional roles","PASS","200","image/webp","425438","1586×992","Approved original diagram; localized HTML caption/alt and full-resolution inspection. Embedded text not re-authored or OCR-certified."
"PHIOS-FIGURE-PROFESSIONAL-REPORT-REVIEW-ADVICE-v1.webp","images/figures/Entrance/PHIOS-FIGURE-PROFESSIONAL-REPORT-REVIEW-ADVICE-v1.webp","content/customer-experience-rebuild/authority/customer-visual-asset-registry-v4.json; content/production-closure/live-customer-commercial-convergence/VISUAL-BINDING-R5-INPUT-OWNER-SOURCE.json","PRIMARY_FIGURE","/professional/; /professional/services/; /services.html","","820–1280px inline, full-resolution inspection","full width with full-resolution inspection","lazy or native component/state","BOUND_AND_BROWSER_DECODED","Actual visible consumer; repeated shared logos and method icons retain functional roles","PASS","200","image/webp","482050","1586×992","Approved original diagram; localized HTML caption/alt and full-resolution inspection. Embedded text not re-authored or OCR-certified."
"PHIOS-FIGURE-SERVICE-SCOPE-DELIVERABLES-v1.webp","images/figures/Entrance/PHIOS-FIGURE-SERVICE-SCOPE-DELIVERABLES-v1.webp","content/customer-experience-rebuild/authority/customer-visual-asset-registry-v4.json; content/production-closure/live-customer-commercial-convergence/VISUAL-BINDING-R5-INPUT-OWNER-SOURCE.json","PRIMARY_FIGURE","/professional/; /professional/services/; /services.html","","820–1280px inline, full-resolution inspection","full width with full-resolution inspection","lazy or native component/state","BOUND_AND_BROWSER_DECODED","Actual visible consumer; repeated shared logos and method icons retain functional roles","PASS","200","image/webp","428778","1586×992","Approved original diagram; localized HTML caption/alt and full-resolution inspection. Embedded text not re-authored or OCR-certified."
"PHIOS-FIGURE-APPOINTMENT-REQUEST-LIFECYCLE-v1.webp","images/figures/Entrance/PHIOS-FIGURE-APPOINTMENT-REQUEST-LIFECYCLE-v1.webp","content/customer-experience-rebuild/authority/customer-visual-asset-registry-v4.json; content/production-closure/live-customer-commercial-convergence/VISUAL-BINDING-R5-INPUT-OWNER-SOURCE.json","PRIMARY_FIGURE","/professional/appointments/; /professional-appointments.html","","820–1280px inline, full-resolution inspection","full width with full-resolution inspection","lazy or native component/state","BOUND_AND_BROWSER_DECODED","Actual visible consumer; repeated shared logos and method icons retain functional roles","PASS","200","image/webp","355870","1586×992","Approved original diagram; localized HTML caption/alt and full-resolution inspection. Embedded text not re-authored or OCR-certified."
"PHIOS-FIGURE-PROFESSIONAL-CONSENT-HANDOFF-v1.webp","images/figures/Entrance/PHIOS-FIGURE-PROFESSIONAL-CONSENT-HANDOFF-v1.webp","content/customer-experience-rebuild/authority/customer-visual-asset-registry-v4.json; content/production-closure/live-customer-commercial-convergence/VISUAL-BINDING-R5-INPUT-OWNER-SOURCE.json","PRIMARY_FIGURE","/professional-consent-sharing.html","","820–1280px inline, full-resolution inspection","full width with full-resolution inspection","lazy or native component/state","BOUND_AND_BROWSER_DECODED","Actual visible consumer; repeated shared logos and method icons retain functional roles","PASS","200","image/webp","331054","1586×992","Approved original diagram; localized HTML caption/alt and full-resolution inspection. Embedded text not re-authored or OCR-certified."
"PHIOS-FIGURE-WILL-ESTATE-RESPONSIBILITY-v1.webp","images/figures/Entrance/PHIOS-FIGURE-WILL-ESTATE-RESPONSIBILITY-v1.webp","content/customer-experience-rebuild/authority/customer-visual-asset-registry-v4.json; content/production-closure/live-customer-commercial-convergence/VISUAL-BINDING-R5-INPUT-OWNER-SOURCE.json","PRIMARY_FIGURE","/professional/financial/","","820–1280px inline, full-resolution inspection","full width with full-resolution inspection","lazy or native component/state","BOUND_AND_BROWSER_DECODED","Actual visible consumer; repeated shared logos and method icons retain functional roles","PASS","200","image/webp","421682","1586×992","Approved original diagram; localized HTML caption/alt and full-resolution inspection. Embedded text not re-authored or OCR-certified."
"PHIOS-FIGURE-WILL-DRAFT-REVIEW-EXECUTION-v1.webp","images/figures/Entrance/PHIOS-FIGURE-WILL-DRAFT-REVIEW-EXECUTION-v1.webp","content/customer-experience-rebuild/authority/customer-visual-asset-registry-v4.json; content/production-closure/live-customer-commercial-convergence/VISUAL-BINDING-R5-INPUT-OWNER-SOURCE.json","PRIMARY_FIGURE","/professional/financial/","","820–1280px inline, full-resolution inspection","full width with full-resolution inspection","lazy or native component/state","BOUND_AND_BROWSER_DECODED","Actual visible consumer; repeated shared logos and method icons retain functional roles","PASS","200","image/webp","455818","1586×992","Approved original diagram; localized HTML caption/alt and full-resolution inspection. Embedded text not re-authored or OCR-certified."
"PHIOS-FIGURE-EXTERNAL-READER-SOURCE-INTAKE-v1.webp","images/figures/Entrance/PHIOS-FIGURE-EXTERNAL-READER-SOURCE-INTAKE-v1.webp","content/customer-experience-rebuild/authority/customer-visual-asset-registry-v4.json; content/production-closure/live-customer-commercial-convergence/VISUAL-BINDING-R5-INPUT-OWNER-SOURCE.json","PRIMARY_FIGURE","/external-reader-intake.html","","820–1280px inline, full-resolution inspection","full width with full-resolution inspection","lazy or native component/state","BOUND_AND_BROWSER_DECODED","Actual visible consumer; repeated shared logos and method icons retain functional roles","PASS","200","image/webp","397336","1586×992","Approved original diagram; localized HTML caption/alt and full-resolution inspection. Embedded text not re-authored or OCR-certified."
"PHIOS-HERO-WILL-ESTATE-PREPARATION-v1.webp","images/figures/Entrance/PHIOS-HERO-WILL-ESTATE-PREPARATION-v1.webp","content/customer-experience-rebuild/authority/customer-visual-asset-registry-v4.json; content/production-closure/live-customer-commercial-convergence/VISUAL-BINDING-R5-INPUT-OWNER-SOURCE.json","HERO","/professional/financial/","","viewport editorial field","fluid; semantic center preserved","eager / fetchpriority","BOUND_AND_BROWSER_DECODED","Actual visible consumer; repeated shared logos and method icons retain functional roles","PASS","200","image/webp","344538","1672×941","Shared approved original; localized HTML text/alt; brand/source names retained"
"PHIOS-ILLUSTRATION-CASHFLOW-GAME-LEARNING-CONTEXT-v1.webp","images/figures/Entrance/PHIOS-ILLUSTRATION-CASHFLOW-GAME-LEARNING-CONTEXT-v1.webp","content/customer-experience-rebuild/authority/customer-visual-asset-registry-v4.json; content/production-closure/live-customer-commercial-convergence/VISUAL-BINDING-R5-INPUT-OWNER-SOURCE.json","ILLUSTRATION","/professional/; /professional/services/; /services.html","","contextual","fluid; semantic center preserved","lazy or native component/state","BOUND_AND_BROWSER_DECODED","Actual visible consumer; repeated shared logos and method icons retain functional roles","PASS","200","image/webp","440596","1586×992","Shared approved original; localized HTML text/alt; brand/source names retained"
"PHIOS-FIGURE-ASK-SOURCE-NETWORK-v1.webp","images/figures/Entrance/PHIOS-FIGURE-ASK-SOURCE-NETWORK-v1.webp","content/customer-experience-rebuild/authority/customer-visual-asset-registry-v4.json; content/production-closure/live-customer-commercial-convergence/VISUAL-BINDING-R5-INPUT-OWNER-SOURCE.json","PRIMARY_FIGURE","/knowledge/ask/","","820–1280px inline, full-resolution inspection","full width with full-resolution inspection","lazy or native component/state","BOUND_AND_BROWSER_DECODED","Actual visible consumer; repeated shared logos and method icons retain functional roles","PASS","200","image/webp","471740","1586×992","Approved original diagram; localized HTML caption/alt and full-resolution inspection. Embedded text not re-authored or OCR-certified."
"PHIOS-FIGURE-KNOWLEDGE-DISCOVERY-NETWORK-v1.webp","images/figures/Entrance/PHIOS-FIGURE-KNOWLEDGE-DISCOVERY-NETWORK-v1.webp","content/customer-experience-rebuild/authority/customer-visual-asset-registry-v4.json; content/production-closure/live-customer-commercial-convergence/VISUAL-BINDING-R5-INPUT-OWNER-SOURCE.json","PRIMARY_FIGURE","/explore/start/; /; /knowledge/","","820–1280px inline, full-resolution inspection","full width with full-resolution inspection","lazy or native component/state","BOUND_AND_BROWSER_DECODED","Actual visible consumer; repeated shared logos and method icons retain functional roles","PASS","200","image/webp","388856","1586×992","Approved original diagram; localized HTML caption/alt and full-resolution inspection. Embedded text not re-authored or OCR-certified."
"PHIOS-FIGURE-EIGHT-VOLUME-KNOWLEDGE-NETWORK-v1.webp","images/figures/Entrance/PHIOS-FIGURE-EIGHT-VOLUME-KNOWLEDGE-NETWORK-v1.webp","content/customer-experience-rebuild/authority/customer-visual-asset-registry-v4.json; content/production-closure/live-customer-commercial-convergence/VISUAL-BINDING-R5-INPUT-OWNER-SOURCE.json","PRIMARY_FIGURE","/books/","","820–1280px inline, full-resolution inspection","full width with full-resolution inspection","lazy or native component/state","BOUND_AND_BROWSER_DECODED","Actual visible consumer; repeated shared logos and method icons retain functional roles","PASS","200","image/webp","312384","1672×941","Approved original diagram; localized HTML caption/alt and full-resolution inspection. Embedded text not re-authored or OCR-certified."
"PHIOS-FIGURE-CROSS-VOLUME-READING-PATH-v1.webp","images/figures/Entrance/PHIOS-FIGURE-CROSS-VOLUME-READING-PATH-v1.webp","content/customer-experience-rebuild/authority/customer-visual-asset-registry-v4.json; content/production-closure/live-customer-commercial-convergence/VISUAL-BINDING-R5-INPUT-OWNER-SOURCE.json","PRIMARY_FIGURE","/books/; /figures/","","820–1280px inline, full-resolution inspection","full width with full-resolution inspection","lazy or native component/state","BOUND_AND_BROWSER_DECODED","Actual visible consumer; repeated shared logos and method icons retain functional roles","PASS","200","image/webp","447236","1586×992","Approved original diagram; localized HTML caption/alt and full-resolution inspection. Embedded text not re-authored or OCR-certified."
"PHIOS-FIGURE-QUESTION-TO-READING-PATH-v1.webp","images/figures/Entrance/PHIOS-FIGURE-QUESTION-TO-READING-PATH-v1.webp","content/customer-experience-rebuild/authority/customer-visual-asset-registry-v4.json; content/production-closure/live-customer-commercial-convergence/VISUAL-BINDING-R5-INPUT-OWNER-SOURCE.json","PRIMARY_FIGURE","/articles/; /guided-reading.html","","820–1280px inline, full-resolution inspection","full width with full-resolution inspection","lazy or native component/state","BOUND_AND_BROWSER_DECODED","Actual visible consumer; repeated shared logos and method icons retain functional roles","PASS","200","image/webp","363208","1586×992","Approved original diagram; localized HTML caption/alt and full-resolution inspection. Embedded text not re-authored or OCR-certified."
"PHIOS-FIGURE-CONCEPT-ARTICLE-FIGURE-MAP-v1.webp","images/figures/Entrance/PHIOS-FIGURE-CONCEPT-ARTICLE-FIGURE-MAP-v1.webp","content/customer-experience-rebuild/authority/customer-visual-asset-registry-v4.json; content/production-closure/live-customer-commercial-convergence/VISUAL-BINDING-R5-INPUT-OWNER-SOURCE.json","PRIMARY_FIGURE","/knowledge/concepts/","","820–1280px inline, full-resolution inspection","full width with full-resolution inspection","lazy or native component/state","BOUND_AND_BROWSER_DECODED","Actual visible consumer; repeated shared logos and method icons retain functional roles","PASS","200","image/webp","491768","1586×992","Approved original diagram; localized HTML caption/alt and full-resolution inspection. Embedded text not re-authored or OCR-certified."
"PHIOS-HERO-ASK-KNOWLEDGE-SOURCES-v1.webp","images/figures/Entrance/PHIOS-HERO-ASK-KNOWLEDGE-SOURCES-v1.webp","content/customer-experience-rebuild/authority/customer-visual-asset-registry-v4.json; content/production-closure/live-customer-commercial-convergence/VISUAL-BINDING-R5-INPUT-OWNER-SOURCE.json","HERO","/knowledge/ask/","","viewport editorial field","fluid; semantic center preserved","eager / fetchpriority","BOUND_AND_BROWSER_DECODED","Actual visible consumer; repeated shared logos and method icons retain functional roles","PASS","200","image/webp","447588","1672×941","Shared approved original; localized HTML text/alt; brand/source names retained"
"PHIOS-FIGURE-PERSPECTIVES-SAME-SITUATION-v1.webp","images/figures/Entrance/PHIOS-FIGURE-PERSPECTIVES-SAME-SITUATION-v1.webp","content/customer-experience-rebuild/authority/customer-visual-asset-registry-v4.json; content/production-closure/live-customer-commercial-convergence/VISUAL-BINDING-R5-INPUT-OWNER-SOURCE.json","PRIMARY_FIGURE","/perspectives/; /perspectives/personal/","","820–1280px inline, full-resolution inspection","full width with full-resolution inspection","lazy or native component/state","BOUND_AND_BROWSER_DECODED","Actual visible consumer; repeated shared logos and method icons retain functional roles","PASS","200","image/webp","547556","1586×992","Approved original diagram; localized HTML caption/alt and full-resolution inspection. Embedded text not re-authored or OCR-certified."
"PHIOS-FIGURE-PERSPECTIVES-SOURCE-BOUNDARIES-v1.webp","images/figures/Entrance/PHIOS-FIGURE-PERSPECTIVES-SOURCE-BOUNDARIES-v1.webp","content/customer-experience-rebuild/authority/customer-visual-asset-registry-v4.json; content/production-closure/live-customer-commercial-convergence/VISUAL-BINDING-R5-INPUT-OWNER-SOURCE.json","PRIMARY_FIGURE","/perspectives/","","820–1280px inline, full-resolution inspection","full width with full-resolution inspection","lazy or native component/state","BOUND_AND_BROWSER_DECODED","Actual visible consumer; repeated shared logos and method icons retain functional roles","PASS","200","image/webp","361266","1586×992","Approved original diagram; localized HTML caption/alt and full-resolution inspection. Embedded text not re-authored or OCR-certified."
"PHIOS-FIGURE-RELATIONSHIP-PARTICIPANT-NETWORK-v1.webp","images/figures/Entrance/PHIOS-FIGURE-RELATIONSHIP-PARTICIPANT-NETWORK-v1.webp","content/customer-experience-rebuild/authority/customer-visual-asset-registry-v4.json; content/production-closure/live-customer-commercial-convergence/VISUAL-BINDING-R5-INPUT-OWNER-SOURCE.json","PRIMARY_FIGURE","/perspectives/relationship/","","820–1280px inline, full-resolution inspection","full width with full-resolution inspection","lazy or native component/state","BOUND_AND_BROWSER_DECODED","Actual visible consumer; repeated shared logos and method icons retain functional roles","PASS","200","image/webp","527880","1586×992","Approved original diagram; localized HTML caption/alt and full-resolution inspection. Embedded text not re-authored or OCR-certified."
"PHIOS-FIGURE-RELATIONSHIP-SHARED-AUTHORITY-v1.webp","images/figures/Entrance/PHIOS-FIGURE-RELATIONSHIP-SHARED-AUTHORITY-v1.webp","content/customer-experience-rebuild/authority/customer-visual-asset-registry-v4.json; content/production-closure/live-customer-commercial-convergence/VISUAL-BINDING-R5-INPUT-OWNER-SOURCE.json","PRIMARY_FIGURE","/perspectives/relationship/","","820–1280px inline, full-resolution inspection","full width with full-resolution inspection","lazy or native component/state","BOUND_AND_BROWSER_DECODED","Actual visible consumer; repeated shared logos and method icons retain functional roles","PASS","200","image/webp","602956","1586×992","Approved original diagram; localized HTML caption/alt and full-resolution inspection. Embedded text not re-authored or OCR-certified."
"PHIOS-FIGURE-OBSERVATION-EVIDENCE-KNOWLEDGE-v1.webp","images/figures/Entrance/PHIOS-FIGURE-OBSERVATION-EVIDENCE-KNOWLEDGE-v1.webp","content/customer-experience-rebuild/authority/customer-visual-asset-registry-v4.json; content/production-closure/live-customer-commercial-convergence/VISUAL-BINDING-R5-INPUT-OWNER-SOURCE.json","PRIMARY_FIGURE","/about/founder/","","820–1280px inline, full-resolution inspection","full width with full-resolution inspection","lazy or native component/state","BOUND_AND_BROWSER_DECODED","Actual visible consumer; repeated shared logos and method icons retain functional roles","PASS","200","image/webp","450948","1586×992","Approved original diagram; localized HTML caption/alt and full-resolution inspection. Embedded text not re-authored or OCR-certified."
"PHIOS-FIGURE-HUMAN-SYSTEM-RESPONSIBILITY-v1.webp","images/figures/Entrance/PHIOS-FIGURE-HUMAN-SYSTEM-RESPONSIBILITY-v1.webp","content/customer-experience-rebuild/authority/customer-visual-asset-registry-v4.json; content/production-closure/live-customer-commercial-convergence/VISUAL-BINDING-R5-INPUT-OWNER-SOURCE.json","PRIMARY_FIGURE","/about/founder/","","820–1280px inline, full-resolution inspection","full width with full-resolution inspection","lazy or native component/state","BOUND_AND_BROWSER_DECODED","Actual visible consumer; repeated shared logos and method icons retain functional roles","PASS","200","image/webp","571372","1586×992","Approved original diagram; localized HTML caption/alt and full-resolution inspection. Embedded text not re-authored or OCR-certified."
"PHIOS-HERO-PERSPECTIVES-MULTIPLE-LENSES-v1.webp","images/figures/Entrance/PHIOS-HERO-PERSPECTIVES-MULTIPLE-LENSES-v1.webp","content/customer-experience-rebuild/authority/customer-visual-asset-registry-v4.json; content/production-closure/live-customer-commercial-convergence/VISUAL-BINDING-R5-INPUT-OWNER-SOURCE.json","HERO","/perspectives/","","viewport editorial field","fluid; semantic center preserved","eager / fetchpriority","BOUND_AND_BROWSER_DECODED","Actual visible consumer; repeated shared logos and method icons retain functional roles","PASS","200","image/webp","371488","1672×941","Shared approved original; localized HTML text/alt; brand/source names retained"
"PHIOS-FIGURE-CROSS-DOMAIN-CONTEXT-LINKS-v1.webp","images/figures/Entrance/PHIOS-FIGURE-CROSS-DOMAIN-CONTEXT-LINKS-v1.webp","content/customer-experience-rebuild/authority/customer-visual-asset-registry-v4.json; content/production-closure/live-customer-commercial-convergence/VISUAL-BINDING-R5-INPUT-OWNER-SOURCE.json","PRIMARY_FIGURE","/about/founder/","","820–1280px inline, full-resolution inspection","full width with full-resolution inspection","lazy or native component/state","BOUND_AND_BROWSER_DECODED","Actual visible consumer; repeated shared logos and method icons retain functional roles","PASS","200","image/webp","443954","1586×992","Approved original diagram; localized HTML caption/alt and full-resolution inspection. Embedded text not re-authored or OCR-certified."
"PHIOS-FIGURE-MEMBERSHIP-ACCESS-BOUNDARIES-v1.webp","images/figures/Entrance/PHIOS-FIGURE-MEMBERSHIP-ACCESS-BOUNDARIES-v1.webp","content/customer-experience-rebuild/authority/customer-visual-asset-registry-v4.json; content/production-closure/live-customer-commercial-convergence/VISUAL-BINDING-R5-INPUT-OWNER-SOURCE.json","PRIMARY_FIGURE","/membership.html","","820–1280px inline, full-resolution inspection","full width with full-resolution inspection","lazy or native component/state","BOUND_AND_BROWSER_DECODED","Actual visible consumer; repeated shared logos and method icons retain functional roles","PASS","200","image/webp","492978","1586×992","Approved original diagram; localized HTML caption/alt and full-resolution inspection. Embedded text not re-authored or OCR-certified."
"PHIOS-FIGURE-PAYMENT-ENTITLEMENT-DELIVERY-v1.webp","images/figures/Entrance/PHIOS-FIGURE-PAYMENT-ENTITLEMENT-DELIVERY-v1.webp","content/customer-experience-rebuild/authority/customer-visual-asset-registry-v4.json; content/production-closure/live-customer-commercial-convergence/VISUAL-BINDING-R5-INPUT-OWNER-SOURCE.json","PRIMARY_FIGURE","/checkout.html; /membership.html","","820–1280px inline, full-resolution inspection","full width with full-resolution inspection","lazy or native component/state","BOUND_AND_BROWSER_DECODED","Actual visible consumer; repeated shared logos and method icons retain functional roles","PASS","200","image/webp","519990","1586×992","Approved original diagram; localized HTML caption/alt and full-resolution inspection. Embedded text not re-authored or OCR-certified."
"PHIOS-FIGURE-CONTACT-SUPPORT-ROUTING-v1.webp","images/figures/Entrance/PHIOS-FIGURE-CONTACT-SUPPORT-ROUTING-v1.webp","content/customer-experience-rebuild/authority/customer-visual-asset-registry-v4.json; content/production-closure/live-customer-commercial-convergence/VISUAL-BINDING-R5-INPUT-OWNER-SOURCE.json","PRIMARY_FIGURE","/contact.html","","820–1280px inline, full-resolution inspection","full width with full-resolution inspection","lazy or native component/state","BOUND_AND_BROWSER_DECODED","Actual visible consumer; repeated shared logos and method icons retain functional roles","PASS","200","image/webp","396784","1586×992","Approved original diagram; localized HTML caption/alt and full-resolution inspection. Embedded text not re-authored or OCR-certified."
"PHIOS-FIGURE-PRIVACY-DATA-LIFECYCLE-v1.webp","images/figures/Entrance/PHIOS-FIGURE-PRIVACY-DATA-LIFECYCLE-v1.webp","content/customer-experience-rebuild/authority/customer-visual-asset-registry-v4.json; content/production-closure/live-customer-commercial-convergence/VISUAL-BINDING-R5-INPUT-OWNER-SOURCE.json","PRIMARY_FIGURE","/privacy.html","","820–1280px inline, full-resolution inspection","full width with full-resolution inspection","lazy or native component/state","BOUND_AND_BROWSER_DECODED","Actual visible consumer; repeated shared logos and method icons retain functional roles","PASS","200","image/webp","407010","1586×992","Approved original diagram; localized HTML caption/alt and full-resolution inspection. Embedded text not re-authored or OCR-certified."
"PHIOS-FIGURE-DIGITAL-PRODUCT-EXPECTATIONS-v1.webp","images/figures/Entrance/PHIOS-FIGURE-DIGITAL-PRODUCT-EXPECTATIONS-v1.webp","content/customer-experience-rebuild/authority/customer-visual-asset-registry-v4.json; content/production-closure/live-customer-commercial-convergence/VISUAL-BINDING-R5-INPUT-OWNER-SOURCE.json","PRIMARY_FIGURE","/digital-product-policy.html","","820–1280px inline, full-resolution inspection","full width with full-resolution inspection","lazy or native component/state","BOUND_AND_BROWSER_DECODED","Actual visible consumer; repeated shared logos and method icons retain functional roles","PASS","200","image/webp","490234","1586×992","Approved original diagram; localized HTML caption/alt and full-resolution inspection. Embedded text not re-authored or OCR-certified."
"PHIOS-ICON-EIGHT-BOOKS-ICON-v1.webp","images/figures/Entrance/PHIOS-ICON-EIGHT-BOOKS-ICON-v1.webp","content/customer-experience-rebuild/authority/customer-visual-asset-registry-v4.json; content/production-closure/live-customer-commercial-convergence/VISUAL-BINDING-R5-INPUT-OWNER-SOURCE.json","ICON","/books/","","contextual","fluid; semantic center preserved","lazy or native component/state","BOUND_AND_BROWSER_DECODED","Actual visible consumer; repeated shared logos and method icons retain functional roles","PASS","200","image/webp","537682","1585×992","Shared approved original; localized HTML text/alt; brand/source names retained"
"PHIOS-ILLUSTRATION-EMPTY-NO-SAVED-CONTENT-v1.webp","images/figures/Entrance/PHIOS-ILLUSTRATION-EMPTY-NO-SAVED-CONTENT-v1.webp","content/customer-experience-rebuild/authority/customer-visual-asset-registry-v4.json; content/production-closure/live-customer-commercial-convergence/VISUAL-BINDING-R5-INPUT-OWNER-SOURCE.json","STATE","/professional/reports/; /professional-reports.html","","contextual","fluid; semantic center preserved","lazy or native component/state","BOUND_AND_BROWSER_DECODED","Actual visible consumer; repeated shared logos and method icons retain functional roles","PASS","200","image/webp","315994","1448×1086","Shared approved original; localized HTML text/alt; brand/source names retained"
"PHIOS-ILLUSTRATION-NO-MATCHING-RESULTS-v1.webp","images/figures/Entrance/PHIOS-ILLUSTRATION-NO-MATCHING-RESULTS-v1.webp","content/customer-experience-rebuild/authority/customer-visual-asset-registry-v4.json; content/production-closure/live-customer-commercial-convergence/VISUAL-BINDING-R5-INPUT-OWNER-SOURCE.json","STATE","","","contextual","fluid; semantic center preserved","lazy or native component/state","WITHHELD_WITH_REASON","PHIOS-ILLUSTRATION-NO-MATCHING-RESULTS-v1.webp: no additional insertion in this recovery. images/figures/Entrance already has contextual consumers PHIOS-ILLUSTRATION-HOME-QUESTION-ENTRY-v1.webp, PHIOS-ILLUSTRATION-HOME-READING-ENTRY-v1.webp, PHIOS-ILLUSTRATION-HOME-REALITY-ENTRY-v1.webp; a new insertion would not serve the current page question. Historical approval retained.","PASS","200","image/webp","349998","NOT_INDIVIDUALLY_DECODED_THIS_TASK","Shared approved original; localized HTML text/alt; brand/source names retained"
"PHIOS-ILLUSTRATION-ACCESS-REQUIRES-PERMISSION-v1.webp","images/figures/Entrance/PHIOS-ILLUSTRATION-ACCESS-REQUIRES-PERMISSION-v1.webp","content/customer-experience-rebuild/authority/customer-visual-asset-registry-v4.json; content/production-closure/live-customer-commercial-convergence/VISUAL-BINDING-R5-INPUT-OWNER-SOURCE.json","STATE","","","contextual","fluid; semantic center preserved","lazy or native component/state","WITHHELD_WITH_REASON","PHIOS-ILLUSTRATION-ACCESS-REQUIRES-PERMISSION-v1.webp: no additional insertion in this recovery. images/figures/Entrance already has contextual consumers PHIOS-ILLUSTRATION-HOME-QUESTION-ENTRY-v1.webp, PHIOS-ILLUSTRATION-HOME-READING-ENTRY-v1.webp, PHIOS-ILLUSTRATION-HOME-REALITY-ENTRY-v1.webp; a new insertion would not serve the current page question. Historical approval retained.","PASS","200","image/webp","443858","NOT_INDIVIDUALLY_DECODED_THIS_TASK","Shared approved original; localized HTML text/alt; brand/source names retained"
"PHIOS-ILLUSTRATION-TEMPORARY-LOAD-FAILURE-v1.webp","images/figures/Entrance/PHIOS-ILLUSTRATION-TEMPORARY-LOAD-FAILURE-v1.webp","content/customer-experience-rebuild/authority/customer-visual-asset-registry-v4.json; content/production-closure/live-customer-commercial-convergence/VISUAL-BINDING-R5-INPUT-OWNER-SOURCE.json","STATE","","","contextual","fluid; semantic center preserved","lazy or native component/state","WITHHELD_WITH_REASON","PHIOS-ILLUSTRATION-TEMPORARY-LOAD-FAILURE-v1.webp: no additional insertion in this recovery. images/figures/Entrance already has contextual consumers PHIOS-ILLUSTRATION-HOME-QUESTION-ENTRY-v1.webp, PHIOS-ILLUSTRATION-HOME-READING-ENTRY-v1.webp, PHIOS-ILLUSTRATION-HOME-REALITY-ENTRY-v1.webp; a new insertion would not serve the current page question. Historical approval retained.","PASS","200","image/webp","349626","NOT_INDIVIDUALLY_DECODED_THIS_TASK","Shared approved original; localized HTML text/alt; brand/source names retained"
"PHIOS-FIGURE-STRUCTURAL-REINFORCEMENT-EVIDENCE-v1.webp","images/figures/Entrance/PHIOS-FIGURE-STRUCTURAL-REINFORCEMENT-EVIDENCE-v1.webp","content/customer-experience-rebuild/authority/customer-visual-asset-registry-v4.json; content/production-closure/live-customer-commercial-convergence/VISUAL-BINDING-R5-INPUT-OWNER-SOURCE.json","PRIMARY_FIGURE","/reality/; /reality-entry.html","","820–1280px inline, full-resolution inspection","full width with full-resolution inspection","lazy or native component/state","BOUND_AND_BROWSER_DECODED","Actual visible consumer; repeated shared logos and method icons retain functional roles","PASS","200","image/webp","417656","1586×992","Approved original diagram; localized HTML caption/alt and full-resolution inspection. Embedded text not re-authored or OCR-certified."
"PHIOS-FIGURE-CURRENT-REALITY-NETWORK-v1.webp","images/figures/Entrance/PHIOS-FIGURE-CURRENT-REALITY-NETWORK-v1.webp","content/customer-experience-rebuild/authority/customer-visual-asset-registry-v4.json; content/production-closure/live-customer-commercial-convergence/VISUAL-BINDING-R5-INPUT-OWNER-SOURCE.json","PRIMARY_FIGURE","/reality/; /reality-entry.html","","820–1280px inline, full-resolution inspection","full width with full-resolution inspection","lazy or native component/state","BOUND_AND_BROWSER_DECODED","Actual visible consumer; repeated shared logos and method icons retain functional roles","PASS","200","image/webp","464368","1586×992","Approved original diagram; localized HTML caption/alt and full-resolution inspection. Embedded text not re-authored or OCR-certified."
"PHIOS-ILLUSTRATION-NATURAL-HEALER-SERVICE-SCOPE-v1.webp","images/figures/Entrance/PHIOS-ILLUSTRATION-NATURAL-HEALER-SERVICE-SCOPE-v1.webp","content/customer-experience-rebuild/authority/customer-visual-asset-registry-v4.json","ILLUSTRATION","/professional/; /professional/services/; /services.html","","contextual","fluid; semantic center preserved","lazy or native component/state","BOUND_AND_BROWSER_DECODED","Actual visible consumer; repeated shared logos and method icons retain functional roles","PASS","200","image/webp","422220","1586×992","Shared approved original; localized HTML text/alt; brand/source names retained"
"PHIOS-FIGURE-SEARCH-RESULT-RELATIONSHIPS-v1.webp","images/figures/Entrance/PHIOS-FIGURE-SEARCH-RESULT-RELATIONSHIPS-v1.webp","content/customer-experience-rebuild/authority/customer-visual-asset-registry-v4.json; content/production-closure/live-customer-commercial-convergence/VISUAL-BINDING-R5-INPUT-OWNER-SOURCE.json","PRIMARY_FIGURE","/search/","","820–1280px inline, full-resolution inspection","full width with full-resolution inspection","lazy or native component/state","BOUND_AND_BROWSER_DECODED","Actual visible consumer; repeated shared logos and method icons retain functional roles","PASS","200","image/webp","539434","1586×992","Approved original diagram; localized HTML caption/alt and full-resolution inspection. Embedded text not re-authored or OCR-certified."
"PHIOS-FIGURE-ACADEMY-LEARNING-NETWORK-v1.webp","images/figures/Entrance/PHIOS-FIGURE-ACADEMY-LEARNING-NETWORK-v1.webp","content/customer-experience-rebuild/authority/customer-visual-asset-registry-v4.json; content/production-closure/live-customer-commercial-convergence/VISUAL-BINDING-R5-INPUT-OWNER-SOURCE.json","PRIMARY_FIGURE","/academy/; /academy.html","","820–1280px inline, full-resolution inspection","full width with full-resolution inspection","lazy or native component/state","BOUND_AND_BROWSER_DECODED","Actual visible consumer; repeated shared logos and method icons retain functional roles","PASS","200","image/webp","517640","1586×992","Approved original diagram; localized HTML caption/alt and full-resolution inspection. Embedded text not re-authored or OCR-certified."
"PHIOS-FIGURE-LEARNING-TO-REALITY-APPLICATION-v1.webp","images/figures/Entrance/PHIOS-FIGURE-LEARNING-TO-REALITY-APPLICATION-v1.webp","content/customer-experience-rebuild/authority/customer-visual-asset-registry-v4.json; content/production-closure/live-customer-commercial-convergence/VISUAL-BINDING-R5-INPUT-OWNER-SOURCE.json","PRIMARY_FIGURE","/academy/lesson/; /academy-lesson.html","","820–1280px inline, full-resolution inspection","full width with full-resolution inspection","lazy or native component/state","BOUND_AND_BROWSER_DECODED","Actual visible consumer; repeated shared logos and method icons retain functional roles","PASS","200","image/webp","466134","1586×992","Approved original diagram; localized HTML caption/alt and full-resolution inspection. Embedded text not re-authored or OCR-certified."
"PHIOS-FIGURE-EVIDENCE-DECISION-BOUNDARY-v2.webp","images/figures/financial/PHIOS-FIGURE-EVIDENCE-DECISION-BOUNDARY-v2.webp","content/production-closure/live-customer-commercial-convergence/VISUAL-BINDING-R5-INPUT-OWNER-SOURCE.json","PRIMARY_FIGURE","","","820–1280px inline, full-resolution inspection","full width with full-resolution inspection","lazy or native component/state","WITHDRAWN_OR_REPLACED","User supplied verified current path images/figures/Entrance/PHIOS-FIGURE-EVIDENCE-DECISION-BOUNDARY-v2.webp; old key is retained only as historical inventory.","NOT_RE_REQUESTED_THIS_TASK","","","","NOT_INDIVIDUALLY_DECODED_THIS_TASK","Approved original diagram; localized HTML caption/alt and full-resolution inspection. Embedded text not re-authored or OCR-certified."
"PHIOS-ILLUSTRATION-NATURE-EXPERIENCE-SCOPE-v1.webp","images/figures/Entrance/PHIOS-ILLUSTRATION-NATURE-EXPERIENCE-SCOPE-v1.webp","content/production-closure/live-customer-commercial-convergence/VISUAL-BINDING-R5-INPUT-OWNER-SOURCE.json","ILLUSTRATION","","","contextual","fluid; semantic center preserved","lazy or native component/state","WITHHELD_WITH_REASON","PHIOS-ILLUSTRATION-NATURE-EXPERIENCE-SCOPE-v1.webp: no additional insertion in this recovery. images/figures/Entrance already has contextual consumers PHIOS-ILLUSTRATION-HOME-QUESTION-ENTRY-v1.webp, PHIOS-ILLUSTRATION-HOME-READING-ENTRY-v1.webp, PHIOS-ILLUSTRATION-HOME-REALITY-ENTRY-v1.webp; a new insertion would not serve the current page question. Historical approval retained.","NOT_RE_REQUESTED_THIS_TASK","","","","NOT_INDIVIDUALLY_DECODED_THIS_TASK","Shared approved original; localized HTML text/alt; brand/source names retained"
"PHI-OS-CELESTIAL-MOTIF.webp","images/background/PHI-OS-CELESTIAL-MOTIF.webp","docs/assets/r2-public/r2-bucket-inventory-2026-09-19.json","TEXTURE","","","contextual","fluid; semantic center preserved","lazy or native component/state","WITHHELD_WITH_REASON","PHI-OS-CELESTIAL-MOTIF.webp: no additional insertion in this recovery. images/background already has contextual consumers in its dedicated workflow; a new insertion would not serve the current page question. Historical approval retained.","NOT_RE_REQUESTED_THIS_TASK","","","","NOT_INDIVIDUALLY_DECODED_THIS_TASK","Shared approved original; localized HTML text/alt; brand/source names retained"
"PHI-OS-CHAMPAGNE-GLOW.webp","images/background/PHI-OS-CHAMPAGNE-GLOW.webp","docs/assets/r2-public/r2-bucket-inventory-2026-09-19.json","TEXTURE","","","contextual","fluid; semantic center preserved","lazy or native component/state","WITHHELD_WITH_REASON","PHI-OS-CHAMPAGNE-GLOW.webp: no additional insertion in this recovery. images/background already has contextual consumers in its dedicated workflow; a new insertion would not serve the current page question. Historical approval retained.","NOT_RE_REQUESTED_THIS_TASK","","","","NOT_INDIVIDUALLY_DECODED_THIS_TASK","Shared approved original; localized HTML text/alt; brand/source names retained"
"PHI-OS-GEOMETRIC-MOTIF.webp","images/background/PHI-OS-GEOMETRIC-MOTIF.webp","docs/assets/r2-public/r2-bucket-inventory-2026-09-19.json","TEXTURE","","","contextual","fluid; semantic center preserved","lazy or native component/state","WITHHELD_WITH_REASON","PHI-OS-GEOMETRIC-MOTIF.webp: no additional insertion in this recovery. images/background already has contextual consumers in its dedicated workflow; a new insertion would not serve the current page question. Historical approval retained.","PASS","200","image/webp","197132","1254×1254","Shared approved original; localized HTML text/alt; brand/source names retained"
"PHI-OS-IVORY-GRAIN.webp","images/background/PHI-OS-IVORY-GRAIN.webp","docs/assets/r2-public/r2-bucket-inventory-2026-09-19.json","TEXTURE","","","contextual","fluid; semantic center preserved","lazy or native component/state","WITHHELD_WITH_REASON","PHI-OS-IVORY-GRAIN.webp: no additional insertion in this recovery. images/background already has contextual consumers in its dedicated workflow; a new insertion would not serve the current page question. Historical approval retained.","PASS","200","image/webp","2461694","NOT_INDIVIDUALLY_DECODED_THIS_TASK","Shared approved original; localized HTML text/alt; brand/source names retained"
"PHI-OS-METHOD-TRANSITION-MOTIF.webp","images/background/PHI-OS-METHOD-TRANSITION-MOTIF.webp","docs/assets/r2-public/r2-bucket-inventory-2026-09-19.json","TEXTURE","","","contextual","fluid; semantic center preserved","lazy or native component/state","WITHHELD_WITH_REASON","PHI-OS-METHOD-TRANSITION-MOTIF.webp: no additional insertion in this recovery. images/background already has contextual consumers in its dedicated workflow; a new insertion would not serve the current page question. Historical approval retained.","NOT_RE_REQUESTED_THIS_TASK","","","","NOT_INDIVIDUALLY_DECODED_THIS_TASK","Shared approved original; localized HTML text/alt; brand/source names retained"
"PHI-OS-MOUNTAIN-MIST.webp","images/background/PHI-OS-MOUNTAIN-MIST.webp","docs/assets/r2-public/r2-bucket-inventory-2026-09-19.json","TEXTURE","","","contextual","fluid; semantic center preserved","lazy or native component/state","WITHHELD_WITH_REASON","PHI-OS-MOUNTAIN-MIST.webp: no additional insertion in this recovery. images/background already has contextual consumers in its dedicated workflow; a new insertion would not serve the current page question. Historical approval retained.","NOT_RE_REQUESTED_THIS_TASK","","","","NOT_INDIVIDUALLY_DECODED_THIS_TASK","Shared approved original; localized HTML text/alt; brand/source names retained"
"PHI-OS-PREMIUM-HALO.webp","images/background/PHI-OS-PREMIUM-HALO.webp","docs/assets/r2-public/r2-bucket-inventory-2026-09-19.json","TEXTURE","","","contextual","fluid; semantic center preserved","lazy or native component/state","WITHHELD_WITH_REASON","PHI-OS-PREMIUM-HALO.webp: no additional insertion in this recovery. images/background already has contextual consumers in its dedicated workflow; a new insertion would not serve the current page question. Historical approval retained.","NOT_RE_REQUESTED_THIS_TASK","","","","NOT_INDIVIDUALLY_DECODED_THIS_TASK","Shared approved original; localized HTML text/alt; brand/source names retained"
"PHI-OS-SOFT-MIST.webp","images/background/PHI-OS-SOFT-MIST.webp","docs/assets/r2-public/r2-bucket-inventory-2026-09-19.json","TEXTURE","","","contextual","fluid; semantic center preserved","lazy or native component/state","WITHHELD_WITH_REASON","PHI-OS-SOFT-MIST.webp: no additional insertion in this recovery. images/background already has contextual consumers in its dedicated workflow; a new insertion would not serve the current page question. Historical approval retained.","PASS","200","image/webp","172028","NOT_INDIVIDUALLY_DECODED_THIS_TASK","Shared approved original; localized HTML text/alt; brand/source names retained"
"PHIOS-HERO-TAROT-READING-v2.webp","images/hero/PHIOS-HERO-TAROT-READING-v2.webp","artifacts/visual-r2/OWNER-HERO-PATH-ADDENDUM.json","HERO","/perspectives/tarot/","","Large editorial hero beside heading","Full semantic field before heading","eager / fetchpriority","BOUND_AND_BROWSER_DECODED","Actual visible consumer; repeated shared logos and method icons retain functional roles","PASS","200","image/webp","405782","1672×941","Shared approved original; localized HTML text/alt; brand/source names retained"
"PHIOS-HERO-ICHING-READING-v2.webp","images/hero/PHIOS-HERO-ICHING-READING-v2.webp","artifacts/visual-r2/OWNER-HERO-PATH-ADDENDUM.json","HERO","/perspectives/iching/","","Large editorial hero beside heading","Full semantic field before heading","eager / fetchpriority","BOUND_AND_BROWSER_DECODED","Actual visible consumer; repeated shared logos and method icons retain functional roles","PASS","200","image/webp","326166","1672×941","Shared approved original; localized HTML text/alt; brand/source names retained"
"PHIOS-HERO-EIGHT-VOLUME-SYSTEM-v1.webp","images/hero/PHIOS-HERO-EIGHT-VOLUME-SYSTEM-v1.webp","artifacts/visual-r2/OWNER-HERO-PATH-ADDENDUM.json; artifacts/visual-r2/OWNER-OBJECT-CLOSURE.json","HERO","/explore/start/; /","","Large editorial hero beside heading","Full semantic field before heading","eager / fetchpriority","BOUND_AND_BROWSER_DECODED","Actual visible consumer; repeated shared logos and method icons retain functional roles","PASS","200","image/webp","670114","1586×992","Shared approved original; localized HTML text/alt; brand/source names retained"
"PHIOS-FIGURE-EVIDENCE-DECISION-BOUNDARY-v2.webp","images/figures/Entrance/PHIOS-FIGURE-EVIDENCE-DECISION-BOUNDARY-v2.webp","artifacts/visual-r2/OWNER-OBJECT-CLOSURE.json","PRIMARY_FIGURE","/professional/financial/","","820–1280px inline, full-resolution inspection","full width with full-resolution inspection","lazy or native component/state","BOUND_AND_BROWSER_DECODED","Actual visible consumer; repeated shared logos and method icons retain functional roles","PASS","200","image/webp","528912","1586×992","Approved original diagram; localized HTML caption/alt and full-resolution inspection. Embedded text not re-authored or OCR-certified."
"VIS-CIV-T00-HERO","images/civilization-atlas/timeline/VIS-CIV-T00-HERO.webp","content/civilization-atlas/visuals/civilization-visual-approved-bindings-v2.json; docs/assets/r2-public/r2-owner-human-acceptance-v1.json","TIMELINE_ANCHOR","/world/ registered source explorer","/world?visual=VIS-CIV-T00-HERO&atlas=timeline&period=T00","Native Atlas contextual/detail reader","Fluid aspect ratio / full-resolution dialog","On selected source/detail","BOUND_AND_BROWSER_DECODED","Registered T00 detail; contextual historical illustration, separate from current evidence. This individual asset was rendered in this wave.","PASS","200","image/webp","664598","1672×941","Registry containsText=false; native HTML supplies localized names. Not individually content-reviewed this wave."
"VIS-CIV-T01-HERO","images/civilization-atlas/timeline/VIS-CIV-T01-HERO.webp","content/civilization-atlas/visuals/civilization-visual-approved-bindings-v2.json; docs/assets/r2-public/r2-owner-human-acceptance-v1.json","TIMELINE_ANCHOR","/world/ registered source explorer","/world?visual=VIS-CIV-T01-HERO&atlas=timeline&period=T01","Native Atlas contextual/detail reader","Fluid aspect ratio / full-resolution dialog","On selected source/detail","BOUND_AND_BROWSER_DECODED","Registered T01 detail; contextual historical illustration, separate from current evidence. This individual asset was rendered in this wave.","PASS","200","image/webp","724908","1672×941","Registry containsText=false; native HTML supplies localized names. Not individually content-reviewed this wave."
"VIS-CIV-T02-HERO","images/civilization-atlas/timeline/VIS-CIV-T02-HERO.webp","content/civilization-atlas/visuals/civilization-visual-approved-bindings-v2.json; docs/assets/r2-public/r2-owner-human-acceptance-v1.json","TIMELINE_ANCHOR","/world/ registered source explorer","/world?visual=VIS-CIV-T02-HERO&atlas=timeline&period=T02","Native Atlas contextual/detail reader","Fluid aspect ratio / full-resolution dialog","On selected source/detail","BOUND_AND_BROWSER_DECODED","Registered T02 detail; contextual historical illustration, separate from current evidence. This individual asset was rendered in this wave.","PASS","200","image/webp","692870","1672×941","Registry containsText=false; native HTML supplies localized names. Not individually content-reviewed this wave."
"VIS-CIV-T03-HERO","images/civilization-atlas/timeline/VIS-CIV-T03-HERO.webp","content/civilization-atlas/visuals/civilization-visual-approved-bindings-v2.json; docs/assets/r2-public/r2-owner-human-acceptance-v1.json","TIMELINE_ANCHOR","/world/ registered source explorer","/world?visual=VIS-CIV-T03-HERO&atlas=timeline&period=T03","Native Atlas contextual/detail reader","Fluid aspect ratio / full-resolution dialog","On selected source/detail","BOUND_AND_BROWSER_DECODED","Registered T03 detail; contextual historical illustration, separate from current evidence. This individual asset was rendered in this wave.","PASS","200","image/webp","615526","1672×941","Registry containsText=false; native HTML supplies localized names. Not individually content-reviewed this wave."
"VIS-CIV-T04-HERO","images/civilization-atlas/timeline/VIS-CIV-T04-HERO.webp","content/civilization-atlas/visuals/civilization-visual-approved-bindings-v2.json; docs/assets/r2-public/r2-owner-human-acceptance-v1.json","TIMELINE_ANCHOR","/world/ registered source explorer","/world?visual=VIS-CIV-T04-HERO&atlas=timeline&period=T04","Native Atlas contextual/detail reader","Fluid aspect ratio / full-resolution dialog","On selected source/detail","BOUND_AND_BROWSER_DECODED","Registered T04 detail; contextual historical illustration, separate from current evidence. This individual asset was rendered in this wave.","PASS","200","image/webp","581658","1672×941","Registry containsText=false; native HTML supplies localized names. Not individually content-reviewed this wave."
"VIS-CIV-T05-HERO","images/civilization-atlas/timeline/VIS-CIV-T05-HERO.webp","content/civilization-atlas/visuals/civilization-visual-approved-bindings-v2.json; docs/assets/r2-public/r2-owner-human-acceptance-v1.json","TIMELINE_ANCHOR","/world/ registered source explorer","/world?visual=VIS-CIV-T05-HERO&atlas=timeline&period=T05","Native Atlas contextual/detail reader","Fluid aspect ratio / full-resolution dialog","On selected source/detail","BOUND_AND_BROWSER_DECODED","Registered T05 detail; contextual historical illustration, separate from current evidence. This individual asset was rendered in this wave.","PASS","200","image/webp","567240","1672×941","Registry containsText=false; native HTML supplies localized names. Not individually content-reviewed this wave."
"VIS-CIV-T06-HERO","images/civilization-atlas/timeline/VIS-CIV-T06-HERO.webp","content/civilization-atlas/visuals/civilization-visual-approved-bindings-v2.json; docs/assets/r2-public/r2-owner-human-acceptance-v1.json","TIMELINE_ANCHOR","/world/ registered source explorer","/world?visual=VIS-CIV-T06-HERO&atlas=timeline&period=T06","Native Atlas contextual/detail reader","Fluid aspect ratio / full-resolution dialog","On selected source/detail","BOUND_AND_BROWSER_DECODED","Registered T06 detail; contextual historical illustration, separate from current evidence. This individual asset was rendered in this wave.","PASS","200","image/webp","661740","1672×941","Registry containsText=false; native HTML supplies localized names. Not individually content-reviewed this wave."
"VIS-CIV-T07-HERO","images/civilization-atlas/timeline/VIS-CIV-T07-HERO.webp","content/civilization-atlas/visuals/civilization-visual-approved-bindings-v2.json; docs/assets/r2-public/r2-owner-human-acceptance-v1.json","TIMELINE_ANCHOR","/world/ registered source explorer","/world?visual=VIS-CIV-T07-HERO&atlas=timeline&period=T07","Native Atlas contextual/detail reader","Fluid aspect ratio / full-resolution dialog","On selected source/detail","BOUND_AND_BROWSER_DECODED","Registered T07 detail; contextual historical illustration, separate from current evidence. This individual asset was rendered in this wave.","PASS","200","image/webp","586476","1672×941","Registry containsText=false; native HTML supplies localized names. Not individually content-reviewed this wave."
"VIS-CIV-T08-HERO","images/civilization-atlas/timeline/VIS-CIV-T08-HERO.webp","content/civilization-atlas/visuals/civilization-visual-approved-bindings-v2.json; docs/assets/r2-public/r2-owner-human-acceptance-v1.json","TIMELINE_ANCHOR","/world/ registered source explorer","/world?visual=VIS-CIV-T08-HERO&atlas=timeline&period=T08","Native Atlas contextual/detail reader","Fluid aspect ratio / full-resolution dialog","On selected source/detail","BOUND_AND_BROWSER_DECODED","Registered T08 detail; contextual historical illustration, separate from current evidence. This individual asset was rendered in this wave.","PASS","200","image/webp","744742","1672×941","Registry containsText=false; native HTML supplies localized names. Not individually content-reviewed this wave."
"VIS-CIV-T09-HERO","images/civilization-atlas/timeline/VIS-CIV-T09-HERO.webp","content/civilization-atlas/visuals/civilization-visual-approved-bindings-v2.json; docs/assets/r2-public/r2-owner-human-acceptance-v1.json","TIMELINE_ANCHOR","/world/ registered source explorer","/world?visual=VIS-CIV-T09-HERO&atlas=timeline&period=T09","Native Atlas contextual/detail reader","Fluid aspect ratio / full-resolution dialog","On selected source/detail","BOUND_AND_BROWSER_DECODED","Registered T09 detail; contextual historical illustration, separate from current evidence. This individual asset was rendered in this wave.","PASS","200","image/webp","709754","1672×941","Registry containsText=false; native HTML supplies localized names. Not individually content-reviewed this wave."
"VIS-CIV-T10-HERO","images/civilization-atlas/timeline/VIS-CIV-T10-HERO.webp","content/civilization-atlas/visuals/civilization-visual-approved-bindings-v2.json; docs/assets/r2-public/r2-owner-human-acceptance-v1.json","TIMELINE_ANCHOR","/world/ registered source explorer","/world?visual=VIS-CIV-T10-HERO&atlas=timeline&period=T10","Native Atlas contextual/detail reader","Fluid aspect ratio / full-resolution dialog","On selected source/detail","BOUND_AND_BROWSER_DECODED","Registered T10 detail; contextual historical illustration, separate from current evidence. This individual asset was rendered in this wave.","PASS","200","image/webp","640386","1672×941","Registry containsText=false; native HTML supplies localized names. Not individually content-reviewed this wave."
"VIS-CIV-T11-HERO","images/civilization-atlas/timeline/VIS-CIV-T11-HERO.webp","content/civilization-atlas/visuals/civilization-visual-approved-bindings-v2.json; docs/assets/r2-public/r2-owner-human-acceptance-v1.json","TIMELINE_ANCHOR","/world/ registered source explorer","/world?visual=VIS-CIV-T11-HERO&atlas=timeline&period=T11","Native Atlas contextual/detail reader","Fluid aspect ratio / full-resolution dialog","On selected source/detail","BOUND_AND_BROWSER_DECODED","Registered T11 detail; contextual historical illustration, separate from current evidence. This individual asset was rendered in this wave.","PASS","200","image/webp","635176","1672×941","Registry containsText=false; native HTML supplies localized names. Not individually content-reviewed this wave."
"VIS-CIV-T12-HERO","images/civilization-atlas/timeline/VIS-CIV-T12-HERO.webp","content/civilization-atlas/visuals/civilization-visual-approved-bindings-v2.json; docs/assets/r2-public/r2-owner-human-acceptance-v1.json","TIMELINE_ANCHOR","/world/ registered source explorer","/world?visual=VIS-CIV-T12-HERO&atlas=timeline&period=T12","Native Atlas contextual/detail reader","Fluid aspect ratio / full-resolution dialog","On selected source/detail","BOUND_AND_BROWSER_DECODED","Registered T12 detail; contextual historical illustration, separate from current evidence. This individual asset was rendered in this wave.","PASS","200","image/webp","700488","1672×941","Registry containsText=false; native HTML supplies localized names. Not individually content-reviewed this wave."
"VIS-CIV-T13-HERO","images/civilization-atlas/timeline/VIS-CIV-T13-HERO.webp","content/civilization-atlas/visuals/civilization-visual-approved-bindings-v2.json; docs/assets/r2-public/r2-owner-human-acceptance-v1.json","TIMELINE_ANCHOR","/world/ registered source explorer","/world?visual=VIS-CIV-T13-HERO&atlas=timeline&period=T13","Native Atlas contextual/detail reader","Fluid aspect ratio / full-resolution dialog","On selected source/detail","BOUND_AND_BROWSER_DECODED","Registered T13 detail; contextual historical illustration, separate from current evidence. This individual asset was rendered in this wave.","PASS","200","image/webp","580744","1672×941","Registry containsText=false; native HTML supplies localized names. Not individually content-reviewed this wave."
"VIS-CIV-T14-HERO","images/civilization-atlas/timeline/VIS-CIV-T14-HERO.webp","content/civilization-atlas/visuals/civilization-visual-approved-bindings-v2.json; docs/assets/r2-public/r2-owner-human-acceptance-v1.json","TIMELINE_ANCHOR","/world/ registered source explorer","/world?visual=VIS-CIV-T14-HERO&atlas=timeline&period=T14","Native Atlas contextual/detail reader","Fluid aspect ratio / full-resolution dialog","On selected source/detail","BOUND_AND_BROWSER_DECODED","Registered T14 detail; contextual historical illustration, separate from current evidence. This individual asset was rendered in this wave.","PASS","200","image/webp","632356","1672×941","Registry containsText=false; native HTML supplies localized names. Not individually content-reviewed this wave."
"VIS-CIV-T15-HERO","images/civilization-atlas/timeline/VIS-CIV-T15-HERO.webp","content/civilization-atlas/visuals/civilization-visual-approved-bindings-v2.json; docs/assets/r2-public/r2-owner-human-acceptance-v1.json","TIMELINE_ANCHOR","/world/ registered source explorer","/world?visual=VIS-CIV-T15-HERO&atlas=timeline&period=T15","Native Atlas contextual/detail reader","Fluid aspect ratio / full-resolution dialog","On selected source/detail","BOUND_AND_BROWSER_DECODED","Registered T15 detail; contextual historical illustration, separate from current evidence. This individual asset was rendered in this wave.","PASS","200","image/webp","613594","1672×941","Registry containsText=false; native HTML supplies localized names. Not individually content-reviewed this wave."
"VIS-CIV-T16-HERO","images/civilization-atlas/timeline/VIS-CIV-T16-HERO.webp","content/civilization-atlas/visuals/civilization-visual-approved-bindings-v2.json; docs/assets/r2-public/r2-owner-human-acceptance-v1.json","TIMELINE_ANCHOR","/world/ registered source explorer","/world?visual=VIS-CIV-T16-HERO&atlas=timeline&period=T16","Native Atlas contextual/detail reader","Fluid aspect ratio / full-resolution dialog","On selected source/detail","BOUND_AND_BROWSER_DECODED","Registered T16 detail; contextual historical illustration, separate from current evidence. This individual asset was rendered in this wave.","PASS","200","image/webp","639110","1672×941","Registry containsText=false; native HTML supplies localized names. Not individually content-reviewed this wave."
"VIS-CIV-T17-HERO","images/civilization-atlas/timeline/VIS-CIV-T17-HERO.webp","content/civilization-atlas/visuals/civilization-visual-approved-bindings-v2.json; docs/assets/r2-public/r2-owner-human-acceptance-v1.json","TIMELINE_ANCHOR","/world/ registered source explorer","/world?visual=VIS-CIV-T17-HERO&atlas=timeline&period=T17","Native Atlas contextual/detail reader","Fluid aspect ratio / full-resolution dialog","On selected source/detail","BOUND_AND_BROWSER_DECODED","Registered T17 detail; contextual historical illustration, separate from current evidence. This individual asset was rendered in this wave.","PASS","200","image/webp","597640","1672×941","Registry containsText=false; native HTML supplies localized names. Not individually content-reviewed this wave."
"VIS-CIV-T18-HERO","images/civilization-atlas/timeline/VIS-CIV-T18-HERO.webp","content/civilization-atlas/visuals/civilization-visual-approved-bindings-v2.json; docs/assets/r2-public/r2-owner-human-acceptance-v1.json","TIMELINE_ANCHOR","/world/ registered source explorer","/world?visual=VIS-CIV-T18-HERO&atlas=timeline&period=T18","Native Atlas contextual/detail reader","Fluid aspect ratio / full-resolution dialog","On selected source/detail","BOUND_AND_BROWSER_DECODED","Registered T18 detail; contextual historical illustration, separate from current evidence. This individual asset was rendered in this wave.","PASS","200","image/webp","620636","1672×941","Registry containsText=false; native HTML supplies localized names. Not individually content-reviewed this wave."
"VIS-CIV-T19-HERO","images/civilization-atlas/timeline/VIS-CIV-T19-HERO.webp","content/civilization-atlas/visuals/civilization-visual-approved-bindings-v2.json; docs/assets/r2-public/r2-owner-human-acceptance-v1.json","TIMELINE_ANCHOR","/world/ registered source explorer","/world?visual=VIS-CIV-T19-HERO&atlas=timeline&period=T19","Native Atlas contextual/detail reader","Fluid aspect ratio / full-resolution dialog","On selected source/detail","BOUND_AND_BROWSER_DECODED","Registered T19 detail; contextual historical illustration, separate from current evidence. This individual asset was rendered in this wave.","PASS","200","image/webp","603832","1672×941","Registry containsText=false; native HTML supplies localized names. Not individually content-reviewed this wave."
"VIS-CIV-CA-T00-01-HERO","images/civilization-atlas/cases/VIS-CIV-CA-T00-01-HERO.webp","content/civilization-atlas/visuals/civilization-visual-approved-bindings-v2.json; docs/assets/r2-public/r2-owner-human-acceptance-v1.json","CASE_HERO","/world/ registered source explorer","/world?visual=VIS-CIV-CA-T00-01-HERO&atlas=cases&case=CA-T00-01","Native Atlas contextual/detail reader","Fluid aspect ratio / full-resolution dialog","On selected source/detail","BOUND_AND_BROWSER_DECODED","Registered CA-T00-01 detail; contextual historical illustration, separate from current evidence. This individual asset was rendered in this wave.","PASS","200","image/webp","737864","1448×1086","Registry containsText=false; native HTML supplies localized names. Not individually content-reviewed this wave."
"VIS-CIV-CA-T00-02-HERO","images/civilization-atlas/cases/VIS-CIV-CA-T00-02-HERO.webp","content/civilization-atlas/visuals/civilization-visual-approved-bindings-v2.json; docs/assets/r2-public/r2-owner-human-acceptance-v1.json","CASE_HERO","/world/ registered source explorer","/world?visual=VIS-CIV-CA-T00-02-HERO&atlas=cases&case=CA-T00-02","Native Atlas contextual/detail reader","Fluid aspect ratio / full-resolution dialog","On selected source/detail","BOUND_AND_BROWSER_DECODED","Registered CA-T00-02 detail; contextual historical illustration, separate from current evidence. This individual asset was rendered in this wave.","PASS","200","image/webp","604318","1448×1086","Registry containsText=false; native HTML supplies localized names. Not individually content-reviewed this wave."
"VIS-CIV-CA-T00-03-HERO","images/civilization-atlas/cases/VIS-CIV-CA-T00-03-HERO.webp","content/civilization-atlas/visuals/civilization-visual-approved-bindings-v2.json; docs/assets/r2-public/r2-owner-human-acceptance-v1.json","CASE_HERO","/world/ registered source explorer","/world?visual=VIS-CIV-CA-T00-03-HERO&atlas=cases&case=CA-T00-03","Native Atlas contextual/detail reader","Fluid aspect ratio / full-resolution dialog","On selected source/detail","BOUND_AND_BROWSER_DECODED","Registered CA-T00-03 detail; contextual historical illustration, separate from current evidence. This individual asset was rendered in this wave.","PASS","200","image/webp","744430","1448×1086","Registry containsText=false; native HTML supplies localized names. Not individually content-reviewed this wave."
"VIS-CIV-CA-T00-03-SECONDARY","images/civilization-atlas/cases/VIS-CIV-CA-T00-03-SECONDARY.webp","content/civilization-atlas/visuals/civilization-visual-approved-bindings-v2.json; docs/assets/r2-public/r2-owner-human-acceptance-v1.json","CASE_SECONDARY","/world/ registered source explorer","/world?visual=VIS-CIV-CA-T00-03-SECONDARY&atlas=cases&case=CA-T00-03","Native Atlas contextual/detail reader","Fluid aspect ratio / full-resolution dialog","On selected source/detail","REGISTERED_DETAIL_AVAILABLE","Registered CA-T00-03 detail; contextual historical illustration, separate from current evidence. This individual asset was not selected in this wave.","REGISTRY_UPLOADED_VERIFIED_NOT_RE_REQUESTED","","image/webp","661770","NOT_INDIVIDUALLY_DECODED_THIS_TASK","Registry containsText=false; native HTML supplies localized names. Not individually content-reviewed this wave."
"VIS-CIV-CA-T00-04-HERO","images/civilization-atlas/cases/VIS-CIV-CA-T00-04-HERO.webp","content/civilization-atlas/visuals/civilization-visual-approved-bindings-v2.json; docs/assets/r2-public/r2-owner-human-acceptance-v1.json","CASE_HERO","/world/ registered source explorer","/world?visual=VIS-CIV-CA-T00-04-HERO&atlas=cases&case=CA-T00-04","Native Atlas contextual/detail reader","Fluid aspect ratio / full-resolution dialog","On selected source/detail","REGISTERED_DETAIL_AVAILABLE","Registered CA-T00-04 detail; contextual historical illustration, separate from current evidence. This individual asset was not selected in this wave.","REGISTRY_UPLOADED_VERIFIED_NOT_RE_REQUESTED","","image/webp","694984","NOT_INDIVIDUALLY_DECODED_THIS_TASK","Registry containsText=false; native HTML supplies localized names. Not individually content-reviewed this wave."
"VIS-CIV-CA-T00-05-HERO","images/civilization-atlas/cases/VIS-CIV-CA-T00-05-HERO.webp","content/civilization-atlas/visuals/civilization-visual-approved-bindings-v2.json; docs/assets/r2-public/r2-owner-human-acceptance-v1.json","CASE_HERO","/world/ registered source explorer","/world?visual=VIS-CIV-CA-T00-05-HERO&atlas=cases&case=CA-T00-05","Native Atlas contextual/detail reader","Fluid aspect ratio / full-resolution dialog","On selected source/detail","REGISTERED_DETAIL_AVAILABLE","Registered CA-T00-05 detail; contextual historical illustration, separate from current evidence. This individual asset was not selected in this wave.","REGISTRY_UPLOADED_VERIFIED_NOT_RE_REQUESTED","","image/webp","689728","NOT_INDIVIDUALLY_DECODED_THIS_TASK","Registry containsText=false; native HTML supplies localized names. Not individually content-reviewed this wave."
"VIS-CIV-CA-T00-06-HERO","images/civilization-atlas/cases/VIS-CIV-CA-T00-06-HERO.webp","content/civilization-atlas/visuals/civilization-visual-approved-bindings-v2.json; docs/assets/r2-public/r2-owner-human-acceptance-v1.json","CASE_HERO","/world/ registered source explorer","/world?visual=VIS-CIV-CA-T00-06-HERO&atlas=cases&case=CA-T00-06","Native Atlas contextual/detail reader","Fluid aspect ratio / full-resolution dialog","On selected source/detail","REGISTERED_DETAIL_AVAILABLE","Registered CA-T00-06 detail; contextual historical illustration, separate from current evidence. This individual asset was not selected in this wave.","REGISTRY_UPLOADED_VERIFIED_NOT_RE_REQUESTED","","image/webp","650960","NOT_INDIVIDUALLY_DECODED_THIS_TASK","Registry containsText=false; native HTML supplies localized names. Not individually content-reviewed this wave."
"VIS-CIV-CA-T01-01-HERO","images/civilization-atlas/cases/VIS-CIV-CA-T01-01-HERO.webp","content/civilization-atlas/visuals/civilization-visual-approved-bindings-v2.json; docs/assets/r2-public/r2-owner-human-acceptance-v1.json","CASE_HERO","/world/ registered source explorer","/world?visual=VIS-CIV-CA-T01-01-HERO&atlas=cases&case=CA-T01-01","Native Atlas contextual/detail reader","Fluid aspect ratio / full-resolution dialog","On selected source/detail","REGISTERED_DETAIL_AVAILABLE","Registered CA-T01-01 detail; contextual historical illustration, separate from current evidence. This individual asset was not selected in this wave.","REGISTRY_UPLOADED_VERIFIED_NOT_RE_REQUESTED","","image/webp","584730","NOT_INDIVIDUALLY_DECODED_THIS_TASK","Registry containsText=false; native HTML supplies localized names. Not individually content-reviewed this wave."
"VIS-CIV-CA-T01-01-SECONDARY","images/civilization-atlas/cases/VIS-CIV-CA-T01-01-SECONDARY.webp","content/civilization-atlas/visuals/civilization-visual-approved-bindings-v2.json; docs/assets/r2-public/r2-owner-human-acceptance-v1.json","CASE_SECONDARY","/world/ registered source explorer","/world?visual=VIS-CIV-CA-T01-01-SECONDARY&atlas=cases&case=CA-T01-01","Native Atlas contextual/detail reader","Fluid aspect ratio / full-resolution dialog","On selected source/detail","REGISTERED_DETAIL_AVAILABLE","Registered CA-T01-01 detail; contextual historical illustration, separate from current evidence. This individual asset was not selected in this wave.","REGISTRY_UPLOADED_VERIFIED_NOT_RE_REQUESTED","","image/webp","497022","NOT_INDIVIDUALLY_DECODED_THIS_TASK","Registry containsText=false; native HTML supplies localized names. Not individually content-reviewed this wave."
"VIS-CIV-CA-T01-02-HERO","images/civilization-atlas/cases/VIS-CIV-CA-T01-02-HERO.webp","content/civilization-atlas/visuals/civilization-visual-approved-bindings-v2.json; docs/assets/r2-public/r2-owner-human-acceptance-v1.json","CASE_HERO","/world/ registered source explorer","/world?visual=VIS-CIV-CA-T01-02-HERO&atlas=cases&case=CA-T01-02","Native Atlas contextual/detail reader","Fluid aspect ratio / full-resolution dialog","On selected source/detail","REGISTERED_DETAIL_AVAILABLE","Registered CA-T01-02 detail; contextual historical illustration, separate from current evidence. This individual asset was not selected in this wave.","REGISTRY_UPLOADED_VERIFIED_NOT_RE_REQUESTED","","image/webp","646444","NOT_INDIVIDUALLY_DECODED_THIS_TASK","Registry containsText=false; native HTML supplies localized names. Not individually content-reviewed this wave."
"VIS-CIV-CA-T01-03-HERO","images/civilization-atlas/cases/VIS-CIV-CA-T01-03-HERO.webp","content/civilization-atlas/visuals/civilization-visual-approved-bindings-v2.json; docs/assets/r2-public/r2-owner-human-acceptance-v1.json","CASE_HERO","/world/ registered source explorer","/world?visual=VIS-CIV-CA-T01-03-HERO&atlas=cases&case=CA-T01-03","Native Atlas contextual/detail reader","Fluid aspect ratio / full-resolution dialog","On selected source/detail","REGISTERED_DETAIL_AVAILABLE","Registered CA-T01-03 detail; contextual historical illustration, separate from current evidence. This individual asset was not selected in this wave.","REGISTRY_UPLOADED_VERIFIED_NOT_RE_REQUESTED","","image/webp","765806","NOT_INDIVIDUALLY_DECODED_THIS_TASK","Registry containsText=false; native HTML supplies localized names. Not individually content-reviewed this wave."
"VIS-CIV-CA-T01-03-SECONDARY","images/civilization-atlas/cases/VIS-CIV-CA-T01-03-SECONDARY.webp","content/civilization-atlas/visuals/civilization-visual-approved-bindings-v2.json; docs/assets/r2-public/r2-owner-human-acceptance-v1.json","CASE_SECONDARY","/world/ registered source explorer","/world?visual=VIS-CIV-CA-T01-03-SECONDARY&atlas=cases&case=CA-T01-03","Native Atlas contextual/detail reader","Fluid aspect ratio / full-resolution dialog","On selected source/detail","REGISTERED_DETAIL_AVAILABLE","Registered CA-T01-03 detail; contextual historical illustration, separate from current evidence. This individual asset was not selected in this wave.","REGISTRY_UPLOADED_VERIFIED_NOT_RE_REQUESTED","","image/webp","628756","NOT_INDIVIDUALLY_DECODED_THIS_TASK","Registry containsText=false; native HTML supplies localized names. Not individually content-reviewed this wave."
"VIS-CIV-CA-T01-04-HERO","images/civilization-atlas/cases/VIS-CIV-CA-T01-04-HERO.webp","content/civilization-atlas/visuals/civilization-visual-approved-bindings-v2.json; docs/assets/r2-public/r2-owner-human-acceptance-v1.json","CASE_HERO","/world/ registered source explorer","/world?visual=VIS-CIV-CA-T01-04-HERO&atlas=cases&case=CA-T01-04","Native Atlas contextual/detail reader","Fluid aspect ratio / full-resolution dialog","On selected source/detail","REGISTERED_DETAIL_AVAILABLE","Registered CA-T01-04 detail; contextual historical illustration, separate from current evidence. This individual asset was not selected in this wave.","REGISTRY_UPLOADED_VERIFIED_NOT_RE_REQUESTED","","image/webp","686516","NOT_INDIVIDUALLY_DECODED_THIS_TASK","Registry containsText=false; native HTML supplies localized names. Not individually content-reviewed this wave."
"VIS-CIV-CA-T01-05-HERO","images/civilization-atlas/cases/VIS-CIV-CA-T01-05-HERO.webp","content/civilization-atlas/visuals/civilization-visual-approved-bindings-v2.json; docs/assets/r2-public/r2-owner-human-acceptance-v1.json","CASE_HERO","/world/ registered source explorer","/world?visual=VIS-CIV-CA-T01-05-HERO&atlas=cases&case=CA-T01-05","Native Atlas contextual/detail reader","Fluid aspect ratio / full-resolution dialog","On selected source/detail","REGISTERED_DETAIL_AVAILABLE","Registered CA-T01-05 detail; contextual historical illustration, separate from current evidence. This individual asset was not selected in this wave.","REGISTRY_UPLOADED_VERIFIED_NOT_RE_REQUESTED","","image/webp","795006","NOT_INDIVIDUALLY_DECODED_THIS_TASK","Registry containsText=false; native HTML supplies localized names. Not individually content-reviewed this wave."
"VIS-CIV-CA-T01-06-HERO","images/civilization-atlas/cases/VIS-CIV-CA-T01-06-HERO.webp","content/civilization-atlas/visuals/civilization-visual-approved-bindings-v2.json; docs/assets/r2-public/r2-owner-human-acceptance-v1.json","CASE_HERO","/world/ registered source explorer","/world?visual=VIS-CIV-CA-T01-06-HERO&atlas=cases&case=CA-T01-06","Native Atlas contextual/detail reader","Fluid aspect ratio / full-resolution dialog","On selected source/detail","REGISTERED_DETAIL_AVAILABLE","Registered CA-T01-06 detail; contextual historical illustration, separate from current evidence. This individual asset was not selected in this wave.","REGISTRY_UPLOADED_VERIFIED_NOT_RE_REQUESTED","","image/webp","658146","NOT_INDIVIDUALLY_DECODED_THIS_TASK","Registry containsText=false; native HTML supplies localized names. Not individually content-reviewed this wave."
"VIS-CIV-CA-T02-01-HERO","images/civilization-atlas/cases/VIS-CIV-CA-T02-01-HERO.webp","content/civilization-atlas/visuals/civilization-visual-approved-bindings-v2.json; docs/assets/r2-public/r2-owner-human-acceptance-v1.json","CASE_HERO","/world/ registered source explorer","/world?visual=VIS-CIV-CA-T02-01-HERO&atlas=cases&case=CA-T02-01","Native Atlas contextual/detail reader","Fluid aspect ratio / full-resolution dialog","On selected source/detail","REGISTERED_DETAIL_AVAILABLE","Registered CA-T02-01 detail; contextual historical illustration, separate from current evidence. This individual asset was not selected in this wave.","REGISTRY_UPLOADED_VERIFIED_NOT_RE_REQUESTED","","image/webp","673786","NOT_INDIVIDUALLY_DECODED_THIS_TASK","Registry containsText=false; native HTML supplies localized names. Not individually content-reviewed this wave."
"VIS-CIV-CA-T02-01-SECONDARY","images/civilization-atlas/cases/VIS-CIV-CA-T02-01-SECONDARY.webp","content/civilization-atlas/visuals/civilization-visual-approved-bindings-v2.json; docs/assets/r2-public/r2-owner-human-acceptance-v1.json","CASE_SECONDARY","/world/ registered source explorer","/world?visual=VIS-CIV-CA-T02-01-SECONDARY&atlas=cases&case=CA-T02-01","Native Atlas contextual/detail reader","Fluid aspect ratio / full-resolution dialog","On selected source/detail","REGISTERED_DETAIL_AVAILABLE","Registered CA-T02-01 detail; contextual historical illustration, separate from current evidence. This individual asset was not selected in this wave.","REGISTRY_UPLOADED_VERIFIED_NOT_RE_REQUESTED","","image/webp","464028","NOT_INDIVIDUALLY_DECODED_THIS_TASK","Registry containsText=false; native HTML supplies localized names. Not individually content-reviewed this wave."
"VIS-CIV-CA-T02-02-HERO","images/civilization-atlas/cases/VIS-CIV-CA-T02-02-HERO.webp","content/civilization-atlas/visuals/civilization-visual-approved-bindings-v2.json; docs/assets/r2-public/r2-owner-human-acceptance-v1.json","CASE_HERO","/world/ registered source explorer","/world?visual=VIS-CIV-CA-T02-02-HERO&atlas=cases&case=CA-T02-02","Native Atlas contextual/detail reader","Fluid aspect ratio / full-resolution dialog","On selected source/detail","REGISTERED_DETAIL_AVAILABLE","Registered CA-T02-02 detail; contextual historical illustration, separate from current evidence. This individual asset was not selected in this wave.","REGISTRY_UPLOADED_VERIFIED_NOT_RE_REQUESTED","","image/webp","672944","NOT_INDIVIDUALLY_DECODED_THIS_TASK","Registry containsText=false; native HTML supplies localized names. Not individually content-reviewed this wave."
"VIS-CIV-CA-T02-03-HERO","images/civilization-atlas/cases/VIS-CIV-CA-T02-03-HERO.webp","content/civilization-atlas/visuals/civilization-visual-approved-bindings-v2.json; docs/assets/r2-public/r2-owner-human-acceptance-v1.json","CASE_HERO","/world/ registered source explorer","/world?visual=VIS-CIV-CA-T02-03-HERO&atlas=cases&case=CA-T02-03","Native Atlas contextual/detail reader","Fluid aspect ratio / full-resolution dialog","On selected source/detail","REGISTERED_DETAIL_AVAILABLE","Registered CA-T02-03 detail; contextual historical illustration, separate from current evidence. This individual asset was not selected in this wave.","REGISTRY_UPLOADED_VERIFIED_NOT_RE_REQUESTED","","image/webp","644522","NOT_INDIVIDUALLY_DECODED_THIS_TASK","Registry containsText=false; native HTML supplies localized names. Not individually content-reviewed this wave."
"VIS-CIV-CA-T02-03-SECONDARY","images/civilization-atlas/cases/VIS-CIV-CA-T02-03-SECONDARY.webp","content/civilization-atlas/visuals/civilization-visual-approved-bindings-v2.json; docs/assets/r2-public/r2-owner-human-acceptance-v1.json","CASE_SECONDARY","/world/ registered source explorer","/world?visual=VIS-CIV-CA-T02-03-SECONDARY&atlas=cases&case=CA-T02-03","Native Atlas contextual/detail reader","Fluid aspect ratio / full-resolution dialog","On selected source/detail","REGISTERED_DETAIL_AVAILABLE","Registered CA-T02-03 detail; contextual historical illustration, separate from current evidence. This individual asset was not selected in this wave.","REGISTRY_UPLOADED_VERIFIED_NOT_RE_REQUESTED","","image/webp","512362","NOT_INDIVIDUALLY_DECODED_THIS_TASK","Registry containsText=false; native HTML supplies localized names. Not individually content-reviewed this wave."
"VIS-CIV-CA-T02-04-HERO","images/civilization-atlas/cases/VIS-CIV-CA-T02-04-HERO.webp","content/civilization-atlas/visuals/civilization-visual-approved-bindings-v2.json; docs/assets/r2-public/r2-owner-human-acceptance-v1.json","CASE_HERO","/world/ registered source explorer","/world?visual=VIS-CIV-CA-T02-04-HERO&atlas=cases&case=CA-T02-04","Native Atlas contextual/detail reader","Fluid aspect ratio / full-resolution dialog","On selected source/detail","REGISTERED_DETAIL_AVAILABLE","Registered CA-T02-04 detail; contextual historical illustration, separate from current evidence. This individual asset was not selected in this wave.","REGISTRY_UPLOADED_VERIFIED_NOT_RE_REQUESTED","","image/webp","572428","NOT_INDIVIDUALLY_DECODED_THIS_TASK","Registry containsText=false; native HTML supplies localized names. Not individually content-reviewed this wave."
"VIS-CIV-CA-T02-04-SECONDARY","images/civilization-atlas/cases/VIS-CIV-CA-T02-04-SECONDARY.webp","content/civilization-atlas/visuals/civilization-visual-approved-bindings-v2.json; docs/assets/r2-public/r2-owner-human-acceptance-v1.json","CASE_SECONDARY","/world/ registered source explorer","/world?visual=VIS-CIV-CA-T02-04-SECONDARY&atlas=cases&case=CA-T02-04","Native Atlas contextual/detail reader","Fluid aspect ratio / full-resolution dialog","On selected source/detail","REGISTERED_DETAIL_AVAILABLE","Registered CA-T02-04 detail; contextual historical illustration, separate from current evidence. This individual asset was not selected in this wave.","REGISTRY_UPLOADED_VERIFIED_NOT_RE_REQUESTED","","image/webp","424012","NOT_INDIVIDUALLY_DECODED_THIS_TASK","Registry containsText=false; native HTML supplies localized names. Not individually content-reviewed this wave."
"VIS-CIV-CA-T02-05-HERO","images/civilization-atlas/cases/VIS-CIV-CA-T02-05-HERO.webp","content/civilization-atlas/visuals/civilization-visual-approved-bindings-v2.json; docs/assets/r2-public/r2-owner-human-acceptance-v1.json","CASE_HERO","/world/ registered source explorer","/world?visual=VIS-CIV-CA-T02-05-HERO&atlas=cases&case=CA-T02-05","Native Atlas contextual/detail reader","Fluid aspect ratio / full-resolution dialog","On selected source/detail","REGISTERED_DETAIL_AVAILABLE","Registered CA-T02-05 detail; contextual historical illustration, separate from current evidence. This individual asset was not selected in this wave.","REGISTRY_UPLOADED_VERIFIED_NOT_RE_REQUESTED","","image/webp","637966","NOT_INDIVIDUALLY_DECODED_THIS_TASK","Registry containsText=false; native HTML supplies localized names. Not individually content-reviewed this wave."
"VIS-CIV-CA-T02-06-HERO","images/civilization-atlas/cases/VIS-CIV-CA-T02-06-HERO.webp","content/civilization-atlas/visuals/civilization-visual-approved-bindings-v2.json; docs/assets/r2-public/r2-owner-human-acceptance-v1.json","CASE_HERO","/world/ registered source explorer","/world?visual=VIS-CIV-CA-T02-06-HERO&atlas=cases&case=CA-T02-06","Native Atlas contextual/detail reader","Fluid aspect ratio / full-resolution dialog","On selected source/detail","REGISTERED_DETAIL_AVAILABLE","Registered CA-T02-06 detail; contextual historical illustration, separate from current evidence. This individual asset was not selected in this wave.","REGISTRY_UPLOADED_VERIFIED_NOT_RE_REQUESTED","","image/webp","661322","NOT_INDIVIDUALLY_DECODED_THIS_TASK","Registry containsText=false; native HTML supplies localized names. Not individually content-reviewed this wave."
"VIS-CIV-CA-T02-06-SECONDARY","images/civilization-atlas/cases/VIS-CIV-CA-T02-06-SECONDARY.webp","content/civilization-atlas/visuals/civilization-visual-approved-bindings-v2.json; docs/assets/r2-public/r2-owner-human-acceptance-v1.json","CASE_SECONDARY","/world/ registered source explorer","/world?visual=VIS-CIV-CA-T02-06-SECONDARY&atlas=cases&case=CA-T02-06","Native Atlas contextual/detail reader","Fluid aspect ratio / full-resolution dialog","On selected source/detail","REGISTERED_DETAIL_AVAILABLE","Registered CA-T02-06 detail; contextual historical illustration, separate from current evidence. This individual asset was not selected in this wave.","REGISTRY_UPLOADED_VERIFIED_NOT_RE_REQUESTED","","image/webp","430646","NOT_INDIVIDUALLY_DECODED_THIS_TASK","Registry containsText=false; native HTML supplies localized names. Not individually content-reviewed this wave."
"VIS-CIV-CA-T03-01-HERO","images/civilization-atlas/cases/VIS-CIV-CA-T03-01-HERO.webp","content/civilization-atlas/visuals/civilization-visual-approved-bindings-v2.json; docs/assets/r2-public/r2-owner-human-acceptance-v1.json","CASE_HERO","/world/ registered source explorer","/world?visual=VIS-CIV-CA-T03-01-HERO&atlas=cases&case=CA-T03-01","Native Atlas contextual/detail reader","Fluid aspect ratio / full-resolution dialog","On selected source/detail","REGISTERED_DETAIL_AVAILABLE","Registered CA-T03-01 detail; contextual historical illustration, separate from current evidence. This individual asset was not selected in this wave.","REGISTRY_UPLOADED_VERIFIED_NOT_RE_REQUESTED","","image/webp","652294","NOT_INDIVIDUALLY_DECODED_THIS_TASK","Registry containsText=false; native HTML supplies localized names. Not individually content-reviewed this wave."
"VIS-CIV-CA-T03-01-SECONDARY","images/civilization-atlas/cases/VIS-CIV-CA-T03-01-SECONDARY.webp","content/civilization-atlas/visuals/civilization-visual-approved-bindings-v2.json; docs/assets/r2-public/r2-owner-human-acceptance-v1.json","CASE_SECONDARY","/world/ registered source explorer","/world?visual=VIS-CIV-CA-T03-01-SECONDARY&atlas=cases&case=CA-T03-01","Native Atlas contextual/detail reader","Fluid aspect ratio / full-resolution dialog","On selected source/detail","REGISTERED_DETAIL_AVAILABLE","Registered CA-T03-01 detail; contextual historical illustration, separate from current evidence. This individual asset was not selected in this wave.","REGISTRY_UPLOADED_VERIFIED_NOT_RE_REQUESTED","","image/webp","362480","NOT_INDIVIDUALLY_DECODED_THIS_TASK","Registry containsText=false; native HTML supplies localized names. Not individually content-reviewed this wave."
"VIS-CIV-CA-T03-02-HERO","images/civilization-atlas/cases/VIS-CIV-CA-T03-02-HERO.webp","content/civilization-atlas/visuals/civilization-visual-approved-bindings-v2.json; docs/assets/r2-public/r2-owner-human-acceptance-v1.json","CASE_HERO","/world/ registered source explorer","/world?visual=VIS-CIV-CA-T03-02-HERO&atlas=cases&case=CA-T03-02","Native Atlas contextual/detail reader","Fluid aspect ratio / full-resolution dialog","On selected source/detail","REGISTERED_DETAIL_AVAILABLE","Registered CA-T03-02 detail; contextual historical illustration, separate from current evidence. This individual asset was not selected in this wave.","REGISTRY_UPLOADED_VERIFIED_NOT_RE_REQUESTED","","image/webp","689832","NOT_INDIVIDUALLY_DECODED_THIS_TASK","Registry containsText=false; native HTML supplies localized names. Not individually content-reviewed this wave."
"VIS-CIV-CA-T03-02-SECONDARY","images/civilization-atlas/cases/VIS-CIV-CA-T03-02-SECONDARY.webp","content/civilization-atlas/visuals/civilization-visual-approved-bindings-v2.json; docs/assets/r2-public/r2-owner-human-acceptance-v1.json","CASE_SECONDARY","/world/ registered source explorer","/world?visual=VIS-CIV-CA-T03-02-SECONDARY&atlas=cases&case=CA-T03-02","Native Atlas contextual/detail reader","Fluid aspect ratio / full-resolution dialog","On selected source/detail","REGISTERED_DETAIL_AVAILABLE","Registered CA-T03-02 detail; contextual historical illustration, separate from current evidence. This individual asset was not selected in this wave.","REGISTRY_UPLOADED_VERIFIED_NOT_RE_REQUESTED","","image/webp","497264","NOT_INDIVIDUALLY_DECODED_THIS_TASK","Registry containsText=false; native HTML supplies localized names. Not individually content-reviewed this wave."
"VIS-CIV-CA-T03-03-HERO","images/civilization-atlas/cases/VIS-CIV-CA-T03-03-HERO.webp","content/civilization-atlas/visuals/civilization-visual-approved-bindings-v2.json; docs/assets/r2-public/r2-owner-human-acceptance-v1.json","CASE_HERO","/world/ registered source explorer","/world?visual=VIS-CIV-CA-T03-03-HERO&atlas=cases&case=CA-T03-03","Native Atlas contextual/detail reader","Fluid aspect ratio / full-resolution dialog","On selected source/detail","REGISTERED_DETAIL_AVAILABLE","Registered CA-T03-03 detail; contextual historical illustration, separate from current evidence. This individual asset was not selected in this wave.","REGISTRY_UPLOADED_VERIFIED_NOT_RE_REQUESTED","","image/webp","609138","NOT_INDIVIDUALLY_DECODED_THIS_TASK","Registry containsText=false; native HTML supplies localized names. Not individually content-reviewed this wave."
"VIS-CIV-CA-T03-03-SECONDARY","images/civilization-atlas/cases/VIS-CIV-CA-T03-03-SECONDARY.webp","content/civilization-atlas/visuals/civilization-visual-approved-bindings-v2.json; docs/assets/r2-public/r2-owner-human-acceptance-v1.json","CASE_SECONDARY","/world/ registered source explorer","/world?visual=VIS-CIV-CA-T03-03-SECONDARY&atlas=cases&case=CA-T03-03","Native Atlas contextual/detail reader","Fluid aspect ratio / full-resolution dialog","On selected source/detail","REGISTERED_DETAIL_AVAILABLE","Registered CA-T03-03 detail; contextual historical illustration, separate from current evidence. This individual asset was not selected in this wave.","REGISTRY_UPLOADED_VERIFIED_NOT_RE_REQUESTED","","image/webp","449366","NOT_INDIVIDUALLY_DECODED_THIS_TASK","Registry containsText=false; native HTML supplies localized names. Not individually content-reviewed this wave."
"VIS-CIV-CA-T03-04-HERO","images/civilization-atlas/cases/VIS-CIV-CA-T03-04-HERO.webp","content/civilization-atlas/visuals/civilization-visual-approved-bindings-v2.json; docs/assets/r2-public/r2-owner-human-acceptance-v1.json","CASE_HERO","/world/ registered source explorer","/world?visual=VIS-CIV-CA-T03-04-HERO&atlas=cases&case=CA-T03-04","Native Atlas contextual/detail reader","Fluid aspect ratio / full-resolution dialog","On selected source/detail","REGISTERED_DETAIL_AVAILABLE","Registered CA-T03-04 detail; contextual historical illustration, separate from current evidence. This individual asset was not selected in this wave.","REGISTRY_UPLOADED_VERIFIED_NOT_RE_REQUESTED","","image/webp","685986","NOT_INDIVIDUALLY_DECODED_THIS_TASK","Registry containsText=false; native HTML supplies localized names. Not individually content-reviewed this wave."
"VIS-CIV-CA-T03-04-SECONDARY","images/civilization-atlas/cases/VIS-CIV-CA-T03-04-SECONDARY.webp","content/civilization-atlas/visuals/civilization-visual-approved-bindings-v2.json; docs/assets/r2-public/r2-owner-human-acceptance-v1.json","CASE_SECONDARY","/world/ registered source explorer","/world?visual=VIS-CIV-CA-T03-04-SECONDARY&atlas=cases&case=CA-T03-04","Native Atlas contextual/detail reader","Fluid aspect ratio / full-resolution dialog","On selected source/detail","REGISTERED_DETAIL_AVAILABLE","Registered CA-T03-04 detail; contextual historical illustration, separate from current evidence. This individual asset was not selected in this wave.","REGISTRY_UPLOADED_VERIFIED_NOT_RE_REQUESTED","","image/webp","418302","NOT_INDIVIDUALLY_DECODED_THIS_TASK","Registry containsText=false; native HTML supplies localized names. Not individually content-reviewed this wave."
"VIS-CIV-CA-T03-05-HERO","images/civilization-atlas/cases/VIS-CIV-CA-T03-05-HERO.webp","content/civilization-atlas/visuals/civilization-visual-approved-bindings-v2.json; docs/assets/r2-public/r2-owner-human-acceptance-v1.json","CASE_HERO","/world/ registered source explorer","/world?visual=VIS-CIV-CA-T03-05-HERO&atlas=cases&case=CA-T03-05","Native Atlas contextual/detail reader","Fluid aspect ratio / full-resolution dialog","On selected source/detail","REGISTERED_DETAIL_AVAILABLE","Registered CA-T03-05 detail; contextual historical illustration, separate from current evidence. This individual asset was not selected in this wave.","REGISTRY_UPLOADED_VERIFIED_NOT_RE_REQUESTED","","image/webp","519146","NOT_INDIVIDUALLY_DECODED_THIS_TASK","Registry containsText=false; native HTML supplies localized names. Not individually content-reviewed this wave."
"VIS-CIV-CA-T03-05-SECONDARY","images/civilization-atlas/cases/VIS-CIV-CA-T03-05-SECONDARY.webp","content/civilization-atlas/visuals/civilization-visual-approved-bindings-v2.json; docs/assets/r2-public/r2-owner-human-acceptance-v1.json","CASE_SECONDARY","/world/ registered source explorer","/world?visual=VIS-CIV-CA-T03-05-SECONDARY&atlas=cases&case=CA-T03-05","Native Atlas contextual/detail reader","Fluid aspect ratio / full-resolution dialog","On selected source/detail","REGISTERED_DETAIL_AVAILABLE","Registered CA-T03-05 detail; contextual historical illustration, separate from current evidence. This individual asset was not selected in this wave.","REGISTRY_UPLOADED_VERIFIED_NOT_RE_REQUESTED","","image/webp","439280","NOT_INDIVIDUALLY_DECODED_THIS_TASK","Registry containsText=false; native HTML supplies localized names. Not individually content-reviewed this wave."
"VIS-CIV-CA-T03-06-HERO","images/civilization-atlas/cases/VIS-CIV-CA-T03-06-HERO.webp","content/civilization-atlas/visuals/civilization-visual-approved-bindings-v2.json; docs/assets/r2-public/r2-owner-human-acceptance-v1.json","CASE_HERO","/world/ registered source explorer","/world?visual=VIS-CIV-CA-T03-06-HERO&atlas=cases&case=CA-T03-06","Native Atlas contextual/detail reader","Fluid aspect ratio / full-resolution dialog","On selected source/detail","REGISTERED_DETAIL_AVAILABLE","Registered CA-T03-06 detail; contextual historical illustration, separate from current evidence. This individual asset was not selected in this wave.","REGISTRY_UPLOADED_VERIFIED_NOT_RE_REQUESTED","","image/webp","673672","NOT_INDIVIDUALLY_DECODED_THIS_TASK","Registry containsText=false; native HTML supplies localized names. Not individually content-reviewed this wave."
"VIS-CIV-CA-T03-06-SECONDARY","images/civilization-atlas/cases/VIS-CIV-CA-T03-06-SECONDARY.webp","content/civilization-atlas/visuals/civilization-visual-approved-bindings-v2.json; docs/assets/r2-public/r2-owner-human-acceptance-v1.json","CASE_SECONDARY","/world/ registered source explorer","/world?visual=VIS-CIV-CA-T03-06-SECONDARY&atlas=cases&case=CA-T03-06","Native Atlas contextual/detail reader","Fluid aspect ratio / full-resolution dialog","On selected source/detail","REGISTERED_DETAIL_AVAILABLE","Registered CA-T03-06 detail; contextual historical illustration, separate from current evidence. This individual asset was not selected in this wave.","REGISTRY_UPLOADED_VERIFIED_NOT_RE_REQUESTED","","image/webp","351768","NOT_INDIVIDUALLY_DECODED_THIS_TASK","Registry containsText=false; native HTML supplies localized names. Not individually content-reviewed this wave."
"VIS-CIV-CA-T04-01-HERO","images/civilization-atlas/cases/VIS-CIV-CA-T04-01-HERO.webp","content/civilization-atlas/visuals/civilization-visual-approved-bindings-v2.json; docs/assets/r2-public/r2-owner-human-acceptance-v1.json","CASE_HERO","/world/ registered source explorer","/world?visual=VIS-CIV-CA-T04-01-HERO&atlas=cases&case=CA-T04-01","Native Atlas contextual/detail reader","Fluid aspect ratio / full-resolution dialog","On selected source/detail","REGISTERED_DETAIL_AVAILABLE","Registered CA-T04-01 detail; contextual historical illustration, separate from current evidence. This individual asset was not selected in this wave.","REGISTRY_UPLOADED_VERIFIED_NOT_RE_REQUESTED","","image/webp","653074","NOT_INDIVIDUALLY_DECODED_THIS_TASK","Registry containsText=false; native HTML supplies localized names. Not individually content-reviewed this wave."
"VIS-CIV-CA-T04-01-SECONDARY","images/civilization-atlas/cases/VIS-CIV-CA-T04-01-SECONDARY.webp","content/civilization-atlas/visuals/civilization-visual-approved-bindings-v2.json; docs/assets/r2-public/r2-owner-human-acceptance-v1.json","CASE_SECONDARY","/world/ registered source explorer","/world?visual=VIS-CIV-CA-T04-01-SECONDARY&atlas=cases&case=CA-T04-01","Native Atlas contextual/detail reader","Fluid aspect ratio / full-resolution dialog","On selected source/detail","REGISTERED_DETAIL_AVAILABLE","Registered CA-T04-01 detail; contextual historical illustration, separate from current evidence. This individual asset was not selected in this wave.","REGISTRY_UPLOADED_VERIFIED_NOT_RE_REQUESTED","","image/webp","640818","NOT_INDIVIDUALLY_DECODED_THIS_TASK","Registry containsText=false; native HTML supplies localized names. Not individually content-reviewed this wave."
"VIS-CIV-CA-T04-02-HERO","images/civilization-atlas/cases/VIS-CIV-CA-T04-02-HERO.webp","content/civilization-atlas/visuals/civilization-visual-approved-bindings-v2.json; docs/assets/r2-public/r2-owner-human-acceptance-v1.json","CASE_HERO","/world/ registered source explorer","/world?visual=VIS-CIV-CA-T04-02-HERO&atlas=cases&case=CA-T04-02","Native Atlas contextual/detail reader","Fluid aspect ratio / full-resolution dialog","On selected source/detail","REGISTERED_DETAIL_AVAILABLE","Registered CA-T04-02 detail; contextual historical illustration, separate from current evidence. This individual asset was not selected in this wave.","REGISTRY_UPLOADED_VERIFIED_NOT_RE_REQUESTED","","image/webp","640838","NOT_INDIVIDUALLY_DECODED_THIS_TASK","Registry containsText=false; native HTML supplies localized names. Not individually content-reviewed this wave."
"VIS-CIV-CA-T04-02-SECONDARY","images/civilization-atlas/cases/VIS-CIV-CA-T04-02-SECONDARY.webp","content/civilization-atlas/visuals/civilization-visual-approved-bindings-v2.json; docs/assets/r2-public/r2-owner-human-acceptance-v1.json","CASE_SECONDARY","/world/ registered source explorer","/world?visual=VIS-CIV-CA-T04-02-SECONDARY&atlas=cases&case=CA-T04-02","Native Atlas contextual/detail reader","Fluid aspect ratio / full-resolution dialog","On selected source/detail","REGISTERED_DETAIL_AVAILABLE","Registered CA-T04-02 detail; contextual historical illustration, separate from current evidence. This individual asset was not selected in this wave.","REGISTRY_UPLOADED_VERIFIED_NOT_RE_REQUESTED","","image/webp","538516","NOT_INDIVIDUALLY_DECODED_THIS_TASK","Registry containsText=false; native HTML supplies localized names. Not individually content-reviewed this wave."
"VIS-CIV-CA-T04-03-HERO","images/civilization-atlas/cases/VIS-CIV-CA-T04-03-HERO.webp","content/civilization-atlas/visuals/civilization-visual-approved-bindings-v2.json; docs/assets/r2-public/r2-owner-human-acceptance-v1.json","CASE_HERO","/world/ registered source explorer","/world?visual=VIS-CIV-CA-T04-03-HERO&atlas=cases&case=CA-T04-03","Native Atlas contextual/detail reader","Fluid aspect ratio / full-resolution dialog","On selected source/detail","REGISTERED_DETAIL_AVAILABLE","Registered CA-T04-03 detail; contextual historical illustration, separate from current evidence. This individual asset was not selected in this wave.","REGISTRY_UPLOADED_VERIFIED_NOT_RE_REQUESTED","","image/webp","572978","NOT_INDIVIDUALLY_DECODED_THIS_TASK","Registry containsText=false; native HTML supplies localized names. Not individually content-reviewed this wave."
"VIS-CIV-CA-T04-03-SECONDARY","images/civilization-atlas/cases/VIS-CIV-CA-T04-03-SECONDARY.webp","content/civilization-atlas/visuals/civilization-visual-approved-bindings-v2.json; docs/assets/r2-public/r2-owner-human-acceptance-v1.json","CASE_SECONDARY","/world/ registered source explorer","/world?visual=VIS-CIV-CA-T04-03-SECONDARY&atlas=cases&case=CA-T04-03","Native Atlas contextual/detail reader","Fluid aspect ratio / full-resolution dialog","On selected source/detail","REGISTERED_DETAIL_AVAILABLE","Registered CA-T04-03 detail; contextual historical illustration, separate from current evidence. This individual asset was not selected in this wave.","REGISTRY_UPLOADED_VERIFIED_NOT_RE_REQUESTED","","image/webp","453916","NOT_INDIVIDUALLY_DECODED_THIS_TASK","Registry containsText=false; native HTML supplies localized names. Not individually content-reviewed this wave."
"VIS-CIV-CA-T04-04-HERO","images/civilization-atlas/cases/VIS-CIV-CA-T04-04-HERO.webp","content/civilization-atlas/visuals/civilization-visual-approved-bindings-v2.json; docs/assets/r2-public/r2-owner-human-acceptance-v1.json","CASE_HERO","/world/ registered source explorer","/world?visual=VIS-CIV-CA-T04-04-HERO&atlas=cases&case=CA-T04-04","Native Atlas contextual/detail reader","Fluid aspect ratio / full-resolution dialog","On selected source/detail","REGISTERED_DETAIL_AVAILABLE","Registered CA-T04-04 detail; contextual historical illustration, separate from current evidence. This individual asset was not selected in this wave.","REGISTRY_UPLOADED_VERIFIED_NOT_RE_REQUESTED","","image/webp","624032","NOT_INDIVIDUALLY_DECODED_THIS_TASK","Registry containsText=false; native HTML supplies localized names. Not individually content-reviewed this wave."
"VIS-CIV-CA-T04-05-HERO","images/civilization-atlas/cases/VIS-CIV-CA-T04-05-HERO.webp","content/civilization-atlas/visuals/civilization-visual-approved-bindings-v2.json; docs/assets/r2-public/r2-owner-human-acceptance-v1.json","CASE_HERO","/world/ registered source explorer","/world?visual=VIS-CIV-CA-T04-05-HERO&atlas=cases&case=CA-T04-05","Native Atlas contextual/detail reader","Fluid aspect ratio / full-resolution dialog","On selected source/detail","REGISTERED_DETAIL_AVAILABLE","Registered CA-T04-05 detail; contextual historical illustration, separate from current evidence. This individual asset was not selected in this wave.","REGISTRY_UPLOADED_VERIFIED_NOT_RE_REQUESTED","","image/webp","640492","NOT_INDIVIDUALLY_DECODED_THIS_TASK","Registry containsText=false; native HTML supplies localized names. Not individually content-reviewed this wave."
"VIS-CIV-CA-T04-06-HERO","images/civilization-atlas/cases/VIS-CIV-CA-T04-06-HERO.webp","content/civilization-atlas/visuals/civilization-visual-approved-bindings-v2.json; docs/assets/r2-public/r2-owner-human-acceptance-v1.json","CASE_HERO","/world/ registered source explorer","/world?visual=VIS-CIV-CA-T04-06-HERO&atlas=cases&case=CA-T04-06","Native Atlas contextual/detail reader","Fluid aspect ratio / full-resolution dialog","On selected source/detail","REGISTERED_DETAIL_AVAILABLE","Registered CA-T04-06 detail; contextual historical illustration, separate from current evidence. This individual asset was not selected in this wave.","REGISTRY_UPLOADED_VERIFIED_NOT_RE_REQUESTED","","image/webp","721414","NOT_INDIVIDUALLY_DECODED_THIS_TASK","Registry containsText=false; native HTML supplies localized names. Not individually content-reviewed this wave."
"VIS-CIV-CA-T05-01-HERO","images/civilization-atlas/cases/VIS-CIV-CA-T05-01-HERO.webp","content/civilization-atlas/visuals/civilization-visual-approved-bindings-v2.json; docs/assets/r2-public/r2-owner-human-acceptance-v1.json","CASE_HERO","/world/ registered source explorer","/world?visual=VIS-CIV-CA-T05-01-HERO&atlas=cases&case=CA-T05-01","Native Atlas contextual/detail reader","Fluid aspect ratio / full-resolution dialog","On selected source/detail","REGISTERED_DETAIL_AVAILABLE","Registered CA-T05-01 detail; contextual historical illustration, separate from current evidence. This individual asset was not selected in this wave.","REGISTRY_UPLOADED_VERIFIED_NOT_RE_REQUESTED","","image/webp","655148","NOT_INDIVIDUALLY_DECODED_THIS_TASK","Registry containsText=false; native HTML supplies localized names. Not individually content-reviewed this wave."
"VIS-CIV-CA-T05-01-SECONDARY","images/civilization-atlas/cases/VIS-CIV-CA-T05-01-SECONDARY.webp","content/civilization-atlas/visuals/civilization-visual-approved-bindings-v2.json; docs/assets/r2-public/r2-owner-human-acceptance-v1.json","CASE_SECONDARY","/world/ registered source explorer","/world?visual=VIS-CIV-CA-T05-01-SECONDARY&atlas=cases&case=CA-T05-01","Native Atlas contextual/detail reader","Fluid aspect ratio / full-resolution dialog","On selected source/detail","REGISTERED_DETAIL_AVAILABLE","Registered CA-T05-01 detail; contextual historical illustration, separate from current evidence. This individual asset was not selected in this wave.","REGISTRY_UPLOADED_VERIFIED_NOT_RE_REQUESTED","","image/webp","491886","NOT_INDIVIDUALLY_DECODED_THIS_TASK","Registry containsText=false; native HTML supplies localized names. Not individually content-reviewed this wave."
"VIS-CIV-CA-T05-02-HERO","images/civilization-atlas/cases/VIS-CIV-CA-T05-02-HERO.webp","content/civilization-atlas/visuals/civilization-visual-approved-bindings-v2.json; docs/assets/r2-public/r2-owner-human-acceptance-v1.json","CASE_HERO","/world/ registered source explorer","/world?visual=VIS-CIV-CA-T05-02-HERO&atlas=cases&case=CA-T05-02","Native Atlas contextual/detail reader","Fluid aspect ratio / full-resolution dialog","On selected source/detail","REGISTERED_DETAIL_AVAILABLE","Registered CA-T05-02 detail; contextual historical illustration, separate from current evidence. This individual asset was not selected in this wave.","REGISTRY_UPLOADED_VERIFIED_NOT_RE_REQUESTED","","image/webp","628432","NOT_INDIVIDUALLY_DECODED_THIS_TASK","Registry containsText=false; native HTML supplies localized names. Not individually content-reviewed this wave."
"VIS-CIV-CA-T05-03-HERO","images/civilization-atlas/cases/VIS-CIV-CA-T05-03-HERO.webp","content/civilization-atlas/visuals/civilization-visual-approved-bindings-v2.json; docs/assets/r2-public/r2-owner-human-acceptance-v1.json","CASE_HERO","/world/ registered source explorer","/world?visual=VIS-CIV-CA-T05-03-HERO&atlas=cases&case=CA-T05-03","Native Atlas contextual/detail reader","Fluid aspect ratio / full-resolution dialog","On selected source/detail","REGISTERED_DETAIL_AVAILABLE","Registered CA-T05-03 detail; contextual historical illustration, separate from current evidence. This individual asset was not selected in this wave.","REGISTRY_UPLOADED_VERIFIED_NOT_RE_REQUESTED","","image/webp","588078","NOT_INDIVIDUALLY_DECODED_THIS_TASK","Registry containsText=false; native HTML supplies localized names. Not individually content-reviewed this wave."
"VIS-CIV-CA-T05-04-HERO","images/civilization-atlas/cases/VIS-CIV-CA-T05-04-HERO.webp","content/civilization-atlas/visuals/civilization-visual-approved-bindings-v2.json; docs/assets/r2-public/r2-owner-human-acceptance-v1.json","CASE_HERO","/world/ registered source explorer","/world?visual=VIS-CIV-CA-T05-04-HERO&atlas=cases&case=CA-T05-04","Native Atlas contextual/detail reader","Fluid aspect ratio / full-resolution dialog","On selected source/detail","REGISTERED_DETAIL_AVAILABLE","Registered CA-T05-04 detail; contextual historical illustration, separate from current evidence. This individual asset was not selected in this wave.","REGISTRY_UPLOADED_VERIFIED_NOT_RE_REQUESTED","","image/webp","550572","NOT_INDIVIDUALLY_DECODED_THIS_TASK","Registry containsText=false; native HTML supplies localized names. Not individually content-reviewed this wave."
"VIS-CIV-CA-T05-04-SECONDARY","images/civilization-atlas/cases/VIS-CIV-CA-T05-04-SECONDARY.webp","content/civilization-atlas/visuals/civilization-visual-approved-bindings-v2.json; docs/assets/r2-public/r2-owner-human-acceptance-v1.json","CASE_SECONDARY","/world/ registered source explorer","/world?visual=VIS-CIV-CA-T05-04-SECONDARY&atlas=cases&case=CA-T05-04","Native Atlas contextual/detail reader","Fluid aspect ratio / full-resolution dialog","On selected source/detail","REGISTERED_DETAIL_AVAILABLE","Registered CA-T05-04 detail; contextual historical illustration, separate from current evidence. This individual asset was not selected in this wave.","REGISTRY_UPLOADED_VERIFIED_NOT_RE_REQUESTED","","image/webp","452404","NOT_INDIVIDUALLY_DECODED_THIS_TASK","Registry containsText=false; native HTML supplies localized names. Not individually content-reviewed this wave."
"VIS-CIV-CA-T05-05-HERO","images/civilization-atlas/cases/VIS-CIV-CA-T05-05-HERO.webp","content/civilization-atlas/visuals/civilization-visual-approved-bindings-v2.json; docs/assets/r2-public/r2-owner-human-acceptance-v1.json","CASE_HERO","/world/ registered source explorer","/world?visual=VIS-CIV-CA-T05-05-HERO&atlas=cases&case=CA-T05-05","Native Atlas contextual/detail reader","Fluid aspect ratio / full-resolution dialog","On selected source/detail","REGISTERED_DETAIL_AVAILABLE","Registered CA-T05-05 detail; contextual historical illustration, separate from current evidence. This individual asset was not selected in this wave.","REGISTRY_UPLOADED_VERIFIED_NOT_RE_REQUESTED","","image/webp","702282","NOT_INDIVIDUALLY_DECODED_THIS_TASK","Registry containsText=false; native HTML supplies localized names. Not individually content-reviewed this wave."
"VIS-CIV-CA-T05-06-HERO","images/civilization-atlas/cases/VIS-CIV-CA-T05-06-HERO.webp","content/civilization-atlas/visuals/civilization-visual-approved-bindings-v2.json; docs/assets/r2-public/r2-owner-human-acceptance-v1.json","CASE_HERO","/world/ registered source explorer","/world?visual=VIS-CIV-CA-T05-06-HERO&atlas=cases&case=CA-T05-06","Native Atlas contextual/detail reader","Fluid aspect ratio / full-resolution dialog","On selected source/detail","REGISTERED_DETAIL_AVAILABLE","Registered CA-T05-06 detail; contextual historical illustration, separate from current evidence. This individual asset was not selected in this wave.","REGISTRY_UPLOADED_VERIFIED_NOT_RE_REQUESTED","","image/webp","692978","NOT_INDIVIDUALLY_DECODED_THIS_TASK","Registry containsText=false; native HTML supplies localized names. Not individually content-reviewed this wave."
"VIS-CIV-CA-T05-06-SECONDARY","images/civilization-atlas/cases/VIS-CIV-CA-T05-06-SECONDARY.webp","content/civilization-atlas/visuals/civilization-visual-approved-bindings-v2.json; docs/assets/r2-public/r2-owner-human-acceptance-v1.json","CASE_SECONDARY","/world/ registered source explorer","/world?visual=VIS-CIV-CA-T05-06-SECONDARY&atlas=cases&case=CA-T05-06","Native Atlas contextual/detail reader","Fluid aspect ratio / full-resolution dialog","On selected source/detail","REGISTERED_DETAIL_AVAILABLE","Registered CA-T05-06 detail; contextual historical illustration, separate from current evidence. This individual asset was not selected in this wave.","REGISTRY_UPLOADED_VERIFIED_NOT_RE_REQUESTED","","image/webp","575536","NOT_INDIVIDUALLY_DECODED_THIS_TASK","Registry containsText=false; native HTML supplies localized names. Not individually content-reviewed this wave."
"VIS-CIV-CA-T06-01-HERO","images/civilization-atlas/cases/VIS-CIV-CA-T06-01-HERO.webp","content/civilization-atlas/visuals/civilization-visual-approved-bindings-v2.json; docs/assets/r2-public/r2-owner-human-acceptance-v1.json","CASE_HERO","/world/ registered source explorer","/world?visual=VIS-CIV-CA-T06-01-HERO&atlas=cases&case=CA-T06-01","Native Atlas contextual/detail reader","Fluid aspect ratio / full-resolution dialog","On selected source/detail","REGISTERED_DETAIL_AVAILABLE","Registered CA-T06-01 detail; contextual historical illustration, separate from current evidence. This individual asset was not selected in this wave.","REGISTRY_UPLOADED_VERIFIED_NOT_RE_REQUESTED","","image/webp","599310","NOT_INDIVIDUALLY_DECODED_THIS_TASK","Registry containsText=false; native HTML supplies localized names. Not individually content-reviewed this wave."
"VIS-CIV-CA-T06-01-SECONDARY","images/civilization-atlas/cases/VIS-CIV-CA-T06-01-SECONDARY.webp","content/civilization-atlas/visuals/civilization-visual-approved-bindings-v2.json; docs/assets/r2-public/r2-owner-human-acceptance-v1.json","CASE_SECONDARY","/world/ registered source explorer","/world?visual=VIS-CIV-CA-T06-01-SECONDARY&atlas=cases&case=CA-T06-01","Native Atlas contextual/detail reader","Fluid aspect ratio / full-resolution dialog","On selected source/detail","REGISTERED_DETAIL_AVAILABLE","Registered CA-T06-01 detail; contextual historical illustration, separate from current evidence. This individual asset was not selected in this wave.","REGISTRY_UPLOADED_VERIFIED_NOT_RE_REQUESTED","","image/webp","393696","NOT_INDIVIDUALLY_DECODED_THIS_TASK","Registry containsText=false; native HTML supplies localized names. Not individually content-reviewed this wave."
"VIS-CIV-CA-T06-02-HERO","images/civilization-atlas/cases/VIS-CIV-CA-T06-02-HERO.webp","content/civilization-atlas/visuals/civilization-visual-approved-bindings-v2.json; docs/assets/r2-public/r2-owner-human-acceptance-v1.json","CASE_HERO","/world/ registered source explorer","/world?visual=VIS-CIV-CA-T06-02-HERO&atlas=cases&case=CA-T06-02","Native Atlas contextual/detail reader","Fluid aspect ratio / full-resolution dialog","On selected source/detail","REGISTERED_DETAIL_AVAILABLE","Registered CA-T06-02 detail; contextual historical illustration, separate from current evidence. This individual asset was not selected in this wave.","REGISTRY_UPLOADED_VERIFIED_NOT_RE_REQUESTED","","image/webp","643974","NOT_INDIVIDUALLY_DECODED_THIS_TASK","Registry containsText=false; native HTML supplies localized names. Not individually content-reviewed this wave."
"VIS-CIV-CA-T06-02-SECONDARY","images/civilization-atlas/cases/VIS-CIV-CA-T06-02-SECONDARY.webp","content/civilization-atlas/visuals/civilization-visual-approved-bindings-v2.json; docs/assets/r2-public/r2-owner-human-acceptance-v1.json","CASE_SECONDARY","/world/ registered source explorer","/world?visual=VIS-CIV-CA-T06-02-SECONDARY&atlas=cases&case=CA-T06-02","Native Atlas contextual/detail reader","Fluid aspect ratio / full-resolution dialog","On selected source/detail","REGISTERED_DETAIL_AVAILABLE","Registered CA-T06-02 detail; contextual historical illustration, separate from current evidence. This individual asset was not selected in this wave.","REGISTRY_UPLOADED_VERIFIED_NOT_RE_REQUESTED","","image/webp","476394","NOT_INDIVIDUALLY_DECODED_THIS_TASK","Registry containsText=false; native HTML supplies localized names. Not individually content-reviewed this wave."
"VIS-CIV-CA-T06-03-HERO","images/civilization-atlas/cases/VIS-CIV-CA-T06-03-HERO.webp","content/civilization-atlas/visuals/civilization-visual-approved-bindings-v2.json; docs/assets/r2-public/r2-owner-human-acceptance-v1.json","CASE_HERO","/world/ registered source explorer","/world?visual=VIS-CIV-CA-T06-03-HERO&atlas=cases&case=CA-T06-03","Native Atlas contextual/detail reader","Fluid aspect ratio / full-resolution dialog","On selected source/detail","REGISTERED_DETAIL_AVAILABLE","Registered CA-T06-03 detail; contextual historical illustration, separate from current evidence. This individual asset was not selected in this wave.","REGISTRY_UPLOADED_VERIFIED_NOT_RE_REQUESTED","","image/webp","569058","NOT_INDIVIDUALLY_DECODED_THIS_TASK","Registry containsText=false; native HTML supplies localized names. Not individually content-reviewed this wave."
"VIS-CIV-CA-T06-03-SECONDARY","images/civilization-atlas/cases/VIS-CIV-CA-T06-03-SECONDARY.webp","content/civilization-atlas/visuals/civilization-visual-approved-bindings-v2.json; docs/assets/r2-public/r2-owner-human-acceptance-v1.json","CASE_SECONDARY","/world/ registered source explorer","/world?visual=VIS-CIV-CA-T06-03-SECONDARY&atlas=cases&case=CA-T06-03","Native Atlas contextual/detail reader","Fluid aspect ratio / full-resolution dialog","On selected source/detail","REGISTERED_DETAIL_AVAILABLE","Registered CA-T06-03 detail; contextual historical illustration, separate from current evidence. This individual asset was not selected in this wave.","REGISTRY_UPLOADED_VERIFIED_NOT_RE_REQUESTED","","image/webp","563846","NOT_INDIVIDUALLY_DECODED_THIS_TASK","Registry containsText=false; native HTML supplies localized names. Not individually content-reviewed this wave."
"VIS-CIV-CA-T06-04-HERO","images/civilization-atlas/cases/VIS-CIV-CA-T06-04-HERO.webp","content/civilization-atlas/visuals/civilization-visual-approved-bindings-v2.json; docs/assets/r2-public/r2-owner-human-acceptance-v1.json","CASE_HERO","/world/ registered source explorer","/world?visual=VIS-CIV-CA-T06-04-HERO&atlas=cases&case=CA-T06-04","Native Atlas contextual/detail reader","Fluid aspect ratio / full-resolution dialog","On selected source/detail","REGISTERED_DETAIL_AVAILABLE","Registered CA-T06-04 detail; contextual historical illustration, separate from current evidence. This individual asset was not selected in this wave.","REGISTRY_UPLOADED_VERIFIED_NOT_RE_REQUESTED","","image/webp","611960","NOT_INDIVIDUALLY_DECODED_THIS_TASK","Registry containsText=false; native HTML supplies localized names. Not individually content-reviewed this wave."
"VIS-CIV-CA-T06-05-HERO","images/civilization-atlas/cases/VIS-CIV-CA-T06-05-HERO.webp","content/civilization-atlas/visuals/civilization-visual-approved-bindings-v2.json; docs/assets/r2-public/r2-owner-human-acceptance-v1.json","CASE_HERO","/world/ registered source explorer","/world?visual=VIS-CIV-CA-T06-05-HERO&atlas=cases&case=CA-T06-05","Native Atlas contextual/detail reader","Fluid aspect ratio / full-resolution dialog","On selected source/detail","REGISTERED_DETAIL_AVAILABLE","Registered CA-T06-05 detail; contextual historical illustration, separate from current evidence. This individual asset was not selected in this wave.","REGISTRY_UPLOADED_VERIFIED_NOT_RE_REQUESTED","","image/webp","733432","NOT_INDIVIDUALLY_DECODED_THIS_TASK","Registry containsText=false; native HTML supplies localized names. Not individually content-reviewed this wave."
"VIS-CIV-CA-T06-06-HERO","images/civilization-atlas/cases/VIS-CIV-CA-T06-06-HERO.webp","content/civilization-atlas/visuals/civilization-visual-approved-bindings-v2.json; docs/assets/r2-public/r2-owner-human-acceptance-v1.json","CASE_HERO","/world/ registered source explorer","/world?visual=VIS-CIV-CA-T06-06-HERO&atlas=cases&case=CA-T06-06","Native Atlas contextual/detail reader","Fluid aspect ratio / full-resolution dialog","On selected source/detail","REGISTERED_DETAIL_AVAILABLE","Registered CA-T06-06 detail; contextual historical illustration, separate from current evidence. This individual asset was not selected in this wave.","REGISTRY_UPLOADED_VERIFIED_NOT_RE_REQUESTED","","image/webp","799046","NOT_INDIVIDUALLY_DECODED_THIS_TASK","Registry containsText=false; native HTML supplies localized names. Not individually content-reviewed this wave."
"VIS-CIV-CA-T06-06-SECONDARY","images/civilization-atlas/cases/VIS-CIV-CA-T06-06-SECONDARY.webp","content/civilization-atlas/visuals/civilization-visual-approved-bindings-v2.json; docs/assets/r2-public/r2-owner-human-acceptance-v1.json","CASE_SECONDARY","/world/ registered source explorer","/world?visual=VIS-CIV-CA-T06-06-SECONDARY&atlas=cases&case=CA-T06-06","Native Atlas contextual/detail reader","Fluid aspect ratio / full-resolution dialog","On selected source/detail","REGISTERED_DETAIL_AVAILABLE","Registered CA-T06-06 detail; contextual historical illustration, separate from current evidence. This individual asset was not selected in this wave.","REGISTRY_UPLOADED_VERIFIED_NOT_RE_REQUESTED","","image/webp","517416","NOT_INDIVIDUALLY_DECODED_THIS_TASK","Registry containsText=false; native HTML supplies localized names. Not individually content-reviewed this wave."
"VIS-CIV-CA-T07-01-HERO","images/civilization-atlas/cases/VIS-CIV-CA-T07-01-HERO.webp","content/civilization-atlas/visuals/civilization-visual-approved-bindings-v2.json; content/civilization-atlas/visuals/civilization-visual-owner-acceptance-2026-09-19.json","CASE_HERO","/world/ registered source explorer","/world?visual=VIS-CIV-CA-T07-01-HERO&atlas=cases&case=CA-T07-01","Native Atlas contextual/detail reader","Fluid aspect ratio / full-resolution dialog","On selected source/detail","REGISTERED_DETAIL_AVAILABLE","Registered CA-T07-01 detail; contextual historical illustration, separate from current evidence. This individual asset was not selected in this wave.","REGISTRY_UPLOADED_VERIFIED_NOT_RE_REQUESTED","","image/webp","741696","NOT_INDIVIDUALLY_DECODED_THIS_TASK","Registry containsText=false; native HTML supplies localized names. Not individually content-reviewed this wave."
"VIS-CIV-CA-T07-01-SECONDARY","images/civilization-atlas/cases/VIS-CIV-CA-T07-01-SECONDARY.webp","content/civilization-atlas/visuals/civilization-visual-approved-bindings-v2.json; docs/assets/r2-public/r2-owner-human-acceptance-v1.json","CASE_SECONDARY","/world/ registered source explorer","/world?visual=VIS-CIV-CA-T07-01-SECONDARY&atlas=cases&case=CA-T07-01","Native Atlas contextual/detail reader","Fluid aspect ratio / full-resolution dialog","On selected source/detail","REGISTERED_DETAIL_AVAILABLE","Registered CA-T07-01 detail; contextual historical illustration, separate from current evidence. This individual asset was not selected in this wave.","REGISTRY_UPLOADED_VERIFIED_NOT_RE_REQUESTED","","image/webp","611678","NOT_INDIVIDUALLY_DECODED_THIS_TASK","Registry containsText=false; native HTML supplies localized names. Not individually content-reviewed this wave."
"VIS-CIV-CA-T07-02-HERO","images/civilization-atlas/cases/VIS-CIV-CA-T07-02-HERO.webp","content/civilization-atlas/visuals/civilization-visual-approved-bindings-v2.json; content/civilization-atlas/visuals/civilization-visual-owner-acceptance-2026-09-19.json","CASE_HERO","/world/ registered source explorer","/world?visual=VIS-CIV-CA-T07-02-HERO&atlas=cases&case=CA-T07-02","Native Atlas contextual/detail reader","Fluid aspect ratio / full-resolution dialog","On selected source/detail","REGISTERED_DETAIL_AVAILABLE","Registered CA-T07-02 detail; contextual historical illustration, separate from current evidence. This individual asset was not selected in this wave.","REGISTRY_UPLOADED_VERIFIED_NOT_RE_REQUESTED","","image/webp","654800","NOT_INDIVIDUALLY_DECODED_THIS_TASK","Registry containsText=false; native HTML supplies localized names. Not individually content-reviewed this wave."
"VIS-CIV-CA-T07-02-SECONDARY","images/civilization-atlas/cases/VIS-CIV-CA-T07-02-SECONDARY.webp","content/civilization-atlas/visuals/civilization-visual-approved-bindings-v2.json; docs/assets/r2-public/r2-owner-human-acceptance-v1.json","CASE_SECONDARY","/world/ registered source explorer","/world?visual=VIS-CIV-CA-T07-02-SECONDARY&atlas=cases&case=CA-T07-02","Native Atlas contextual/detail reader","Fluid aspect ratio / full-resolution dialog","On selected source/detail","REGISTERED_DETAIL_AVAILABLE","Registered CA-T07-02 detail; contextual historical illustration, separate from current evidence. This individual asset was not selected in this wave.","REGISTRY_UPLOADED_VERIFIED_NOT_RE_REQUESTED","","image/webp","580556","NOT_INDIVIDUALLY_DECODED_THIS_TASK","Registry containsText=false; native HTML supplies localized names. Not individually content-reviewed this wave."
"VIS-CIV-CA-T07-03-HERO","images/civilization-atlas/cases/VIS-CIV-CA-T07-03-HERO.webp","content/civilization-atlas/visuals/civilization-visual-approved-bindings-v2.json; docs/assets/r2-public/r2-owner-human-acceptance-v1.json","CASE_HERO","/world/ registered source explorer","/world?visual=VIS-CIV-CA-T07-03-HERO&atlas=cases&case=CA-T07-03","Native Atlas contextual/detail reader","Fluid aspect ratio / full-resolution dialog","On selected source/detail","REGISTERED_DETAIL_AVAILABLE","Registered CA-T07-03 detail; contextual historical illustration, separate from current evidence. This individual asset was not selected in this wave.","REGISTRY_UPLOADED_VERIFIED_NOT_RE_REQUESTED","","image/webp","763814","NOT_INDIVIDUALLY_DECODED_THIS_TASK","Registry containsText=false; native HTML supplies localized names. Not individually content-reviewed this wave."
"VIS-CIV-CA-T07-03-SECONDARY","images/civilization-atlas/cases/VIS-CIV-CA-T07-03-SECONDARY.webp","content/civilization-atlas/visuals/civilization-visual-approved-bindings-v2.json; docs/assets/r2-public/r2-owner-human-acceptance-v1.json","CASE_SECONDARY","/world/ registered source explorer","/world?visual=VIS-CIV-CA-T07-03-SECONDARY&atlas=cases&case=CA-T07-03","Native Atlas contextual/detail reader","Fluid aspect ratio / full-resolution dialog","On selected source/detail","REGISTERED_DETAIL_AVAILABLE","Registered CA-T07-03 detail; contextual historical illustration, separate from current evidence. This individual asset was not selected in this wave.","REGISTRY_UPLOADED_VERIFIED_NOT_RE_REQUESTED","","image/webp","558322","NOT_INDIVIDUALLY_DECODED_THIS_TASK","Registry containsText=false; native HTML supplies localized names. Not individually content-reviewed this wave."
"VIS-CIV-CA-T07-04-HERO","images/civilization-atlas/cases/VIS-CIV-CA-T07-04-HERO.webp","content/civilization-atlas/visuals/civilization-visual-approved-bindings-v2.json; docs/assets/r2-public/r2-owner-human-acceptance-v1.json","CASE_HERO","/world/ registered source explorer","/world?visual=VIS-CIV-CA-T07-04-HERO&atlas=cases&case=CA-T07-04","Native Atlas contextual/detail reader","Fluid aspect ratio / full-resolution dialog","On selected source/detail","REGISTERED_DETAIL_AVAILABLE","Registered CA-T07-04 detail; contextual historical illustration, separate from current evidence. This individual asset was not selected in this wave.","REGISTRY_UPLOADED_VERIFIED_NOT_RE_REQUESTED","","image/webp","731644","NOT_INDIVIDUALLY_DECODED_THIS_TASK","Registry containsText=false; native HTML supplies localized names. Not individually content-reviewed this wave."
"VIS-CIV-CA-T07-05-HERO","images/civilization-atlas/cases/VIS-CIV-CA-T07-05-HERO.webp","content/civilization-atlas/visuals/civilization-visual-approved-bindings-v2.json; docs/assets/r2-public/r2-owner-human-acceptance-v1.json","CASE_HERO","/world/ registered source explorer","/world?visual=VIS-CIV-CA-T07-05-HERO&atlas=cases&case=CA-T07-05","Native Atlas contextual/detail reader","Fluid aspect ratio / full-resolution dialog","On selected source/detail","REGISTERED_DETAIL_AVAILABLE","Registered CA-T07-05 detail; contextual historical illustration, separate from current evidence. This individual asset was not selected in this wave.","REGISTRY_UPLOADED_VERIFIED_NOT_RE_REQUESTED","","image/webp","826220","NOT_INDIVIDUALLY_DECODED_THIS_TASK","Registry containsText=false; native HTML supplies localized names. Not individually content-reviewed this wave."
"VIS-CIV-CA-T07-05-SECONDARY","images/civilization-atlas/cases/VIS-CIV-CA-T07-05-SECONDARY.webp","content/civilization-atlas/visuals/civilization-visual-approved-bindings-v2.json; docs/assets/r2-public/r2-owner-human-acceptance-v1.json","CASE_SECONDARY","/world/ registered source explorer","/world?visual=VIS-CIV-CA-T07-05-SECONDARY&atlas=cases&case=CA-T07-05","Native Atlas contextual/detail reader","Fluid aspect ratio / full-resolution dialog","On selected source/detail","REGISTERED_DETAIL_AVAILABLE","Registered CA-T07-05 detail; contextual historical illustration, separate from current evidence. This individual asset was not selected in this wave.","REGISTRY_UPLOADED_VERIFIED_NOT_RE_REQUESTED","","image/webp","477606","NOT_INDIVIDUALLY_DECODED_THIS_TASK","Registry containsText=false; native HTML supplies localized names. Not individually content-reviewed this wave."
"VIS-CIV-CA-T07-06-HERO","images/civilization-atlas/cases/VIS-CIV-CA-T07-06-HERO.webp","content/civilization-atlas/visuals/civilization-visual-approved-bindings-v2.json; docs/assets/r2-public/r2-owner-human-acceptance-v1.json","CASE_HERO","/world/ registered source explorer","/world?visual=VIS-CIV-CA-T07-06-HERO&atlas=cases&case=CA-T07-06","Native Atlas contextual/detail reader","Fluid aspect ratio / full-resolution dialog","On selected source/detail","REGISTERED_DETAIL_AVAILABLE","Registered CA-T07-06 detail; contextual historical illustration, separate from current evidence. This individual asset was not selected in this wave.","REGISTRY_UPLOADED_VERIFIED_NOT_RE_REQUESTED","","image/webp","758942","NOT_INDIVIDUALLY_DECODED_THIS_TASK","Registry containsText=false; native HTML supplies localized names. Not individually content-reviewed this wave."
"VIS-CIV-CA-T07-06-SECONDARY","images/civilization-atlas/cases/VIS-CIV-CA-T07-06-SECONDARY.webp","content/civilization-atlas/visuals/civilization-visual-approved-bindings-v2.json; docs/assets/r2-public/r2-owner-human-acceptance-v1.json","CASE_SECONDARY","/world/ registered source explorer","/world?visual=VIS-CIV-CA-T07-06-SECONDARY&atlas=cases&case=CA-T07-06","Native Atlas contextual/detail reader","Fluid aspect ratio / full-resolution dialog","On selected source/detail","REGISTERED_DETAIL_AVAILABLE","Registered CA-T07-06 detail; contextual historical illustration, separate from current evidence. This individual asset was not selected in this wave.","REGISTRY_UPLOADED_VERIFIED_NOT_RE_REQUESTED","","image/webp","533378","NOT_INDIVIDUALLY_DECODED_THIS_TASK","Registry containsText=false; native HTML supplies localized names. Not individually content-reviewed this wave."
"VIS-CIV-CA-T08-01-HERO","images/civilization-atlas/cases/VIS-CIV-CA-T08-01-HERO.webp","content/civilization-atlas/visuals/civilization-visual-approved-bindings-v2.json; docs/assets/r2-public/r2-owner-human-acceptance-v1.json","CASE_HERO","/world/ registered source explorer","/world?visual=VIS-CIV-CA-T08-01-HERO&atlas=cases&case=CA-T08-01","Native Atlas contextual/detail reader","Fluid aspect ratio / full-resolution dialog","On selected source/detail","REGISTERED_DETAIL_AVAILABLE","Registered CA-T08-01 detail; contextual historical illustration, separate from current evidence. This individual asset was not selected in this wave.","REGISTRY_UPLOADED_VERIFIED_NOT_RE_REQUESTED","","image/webp","805644","NOT_INDIVIDUALLY_DECODED_THIS_TASK","Registry containsText=false; native HTML supplies localized names. Not individually content-reviewed this wave."
"VIS-CIV-CA-T08-01-SECONDARY","images/civilization-atlas/cases/VIS-CIV-CA-T08-01-SECONDARY.webp","content/civilization-atlas/visuals/civilization-visual-approved-bindings-v2.json; docs/assets/r2-public/r2-owner-human-acceptance-v1.json","CASE_SECONDARY","/world/ registered source explorer","/world?visual=VIS-CIV-CA-T08-01-SECONDARY&atlas=cases&case=CA-T08-01","Native Atlas contextual/detail reader","Fluid aspect ratio / full-resolution dialog","On selected source/detail","REGISTERED_DETAIL_AVAILABLE","Registered CA-T08-01 detail; contextual historical illustration, separate from current evidence. This individual asset was not selected in this wave.","REGISTRY_UPLOADED_VERIFIED_NOT_RE_REQUESTED","","image/webp","543790","NOT_INDIVIDUALLY_DECODED_THIS_TASK","Registry containsText=false; native HTML supplies localized names. Not individually content-reviewed this wave."
"VIS-CIV-CA-T08-02-HERO","images/civilization-atlas/cases/VIS-CIV-CA-T08-02-HERO.webp","content/civilization-atlas/visuals/civilization-visual-approved-bindings-v2.json; docs/assets/r2-public/r2-owner-human-acceptance-v1.json","CASE_HERO","/world/ registered source explorer","/world?visual=VIS-CIV-CA-T08-02-HERO&atlas=cases&case=CA-T08-02","Native Atlas contextual/detail reader","Fluid aspect ratio / full-resolution dialog","On selected source/detail","REGISTERED_DETAIL_AVAILABLE","Registered CA-T08-02 detail; contextual historical illustration, separate from current evidence. This individual asset was not selected in this wave.","REGISTRY_UPLOADED_VERIFIED_NOT_RE_REQUESTED","","image/webp","699410","NOT_INDIVIDUALLY_DECODED_THIS_TASK","Registry containsText=false; native HTML supplies localized names. Not individually content-reviewed this wave."
"VIS-CIV-CA-T08-03-HERO","images/civilization-atlas/cases/VIS-CIV-CA-T08-03-HERO.webp","content/civilization-atlas/visuals/civilization-visual-approved-bindings-v2.json; docs/assets/r2-public/r2-owner-human-acceptance-v1.json","CASE_HERO","/world/ registered source explorer","/world?visual=VIS-CIV-CA-T08-03-HERO&atlas=cases&case=CA-T08-03","Native Atlas contextual/detail reader","Fluid aspect ratio / full-resolution dialog","On selected source/detail","REGISTERED_DETAIL_AVAILABLE","Registered CA-T08-03 detail; contextual historical illustration, separate from current evidence. This individual asset was not selected in this wave.","REGISTRY_UPLOADED_VERIFIED_NOT_RE_REQUESTED","","image/webp","686074","NOT_INDIVIDUALLY_DECODED_THIS_TASK","Registry containsText=false; native HTML supplies localized names. Not individually content-reviewed this wave."
"VIS-CIV-CA-T08-03-SECONDARY","images/civilization-atlas/cases/VIS-CIV-CA-T08-03-SECONDARY.webp","content/civilization-atlas/visuals/civilization-visual-approved-bindings-v2.json; docs/assets/r2-public/r2-owner-human-acceptance-v1.json","CASE_SECONDARY","/world/ registered source explorer","/world?visual=VIS-CIV-CA-T08-03-SECONDARY&atlas=cases&case=CA-T08-03","Native Atlas contextual/detail reader","Fluid aspect ratio / full-resolution dialog","On selected source/detail","REGISTERED_DETAIL_AVAILABLE","Registered CA-T08-03 detail; contextual historical illustration, separate from current evidence. This individual asset was not selected in this wave.","REGISTRY_UPLOADED_VERIFIED_NOT_RE_REQUESTED","","image/webp","370564","NOT_INDIVIDUALLY_DECODED_THIS_TASK","Registry containsText=false; native HTML supplies localized names. Not individually content-reviewed this wave."
"VIS-CIV-CA-T08-04-HERO","images/civilization-atlas/cases/VIS-CIV-CA-T08-04-HERO.webp","content/civilization-atlas/visuals/civilization-visual-approved-bindings-v2.json; docs/assets/r2-public/r2-owner-human-acceptance-v1.json","CASE_HERO","/world/ registered source explorer","/world?visual=VIS-CIV-CA-T08-04-HERO&atlas=cases&case=CA-T08-04","Native Atlas contextual/detail reader","Fluid aspect ratio / full-resolution dialog","On selected source/detail","REGISTERED_DETAIL_AVAILABLE","Registered CA-T08-04 detail; contextual historical illustration, separate from current evidence. This individual asset was not selected in this wave.","REGISTRY_UPLOADED_VERIFIED_NOT_RE_REQUESTED","","image/webp","687750","NOT_INDIVIDUALLY_DECODED_THIS_TASK","Registry containsText=false; native HTML supplies localized names. Not individually content-reviewed this wave."
"VIS-CIV-CA-T08-05-HERO","images/civilization-atlas/cases/VIS-CIV-CA-T08-05-HERO.webp","content/civilization-atlas/visuals/civilization-visual-approved-bindings-v2.json; docs/assets/r2-public/r2-owner-human-acceptance-v1.json","CASE_HERO","/world/ registered source explorer","/world?visual=VIS-CIV-CA-T08-05-HERO&atlas=cases&case=CA-T08-05","Native Atlas contextual/detail reader","Fluid aspect ratio / full-resolution dialog","On selected source/detail","REGISTERED_DETAIL_AVAILABLE","Registered CA-T08-05 detail; contextual historical illustration, separate from current evidence. This individual asset was not selected in this wave.","REGISTRY_UPLOADED_VERIFIED_NOT_RE_REQUESTED","","image/webp","743198","NOT_INDIVIDUALLY_DECODED_THIS_TASK","Registry containsText=false; native HTML supplies localized names. Not individually content-reviewed this wave."
"VIS-CIV-CA-T08-05-SECONDARY","images/civilization-atlas/cases/VIS-CIV-CA-T08-05-SECONDARY.webp","content/civilization-atlas/visuals/civilization-visual-approved-bindings-v2.json; docs/assets/r2-public/r2-owner-human-acceptance-v1.json","CASE_SECONDARY","/world/ registered source explorer","/world?visual=VIS-CIV-CA-T08-05-SECONDARY&atlas=cases&case=CA-T08-05","Native Atlas contextual/detail reader","Fluid aspect ratio / full-resolution dialog","On selected source/detail","REGISTERED_DETAIL_AVAILABLE","Registered CA-T08-05 detail; contextual historical illustration, separate from current evidence. This individual asset was not selected in this wave.","REGISTRY_UPLOADED_VERIFIED_NOT_RE_REQUESTED","","image/webp","596968","NOT_INDIVIDUALLY_DECODED_THIS_TASK","Registry containsText=false; native HTML supplies localized names. Not individually content-reviewed this wave."
"VIS-CIV-CA-T08-06-HERO","images/civilization-atlas/cases/VIS-CIV-CA-T08-06-HERO.webp","content/civilization-atlas/visuals/civilization-visual-approved-bindings-v2.json; docs/assets/r2-public/r2-owner-human-acceptance-v1.json","CASE_HERO","/world/ registered source explorer","/world?visual=VIS-CIV-CA-T08-06-HERO&atlas=cases&case=CA-T08-06","Native Atlas contextual/detail reader","Fluid aspect ratio / full-resolution dialog","On selected source/detail","REGISTERED_DETAIL_AVAILABLE","Registered CA-T08-06 detail; contextual historical illustration, separate from current evidence. This individual asset was not selected in this wave.","REGISTRY_UPLOADED_VERIFIED_NOT_RE_REQUESTED","","image/webp","683734","NOT_INDIVIDUALLY_DECODED_THIS_TASK","Registry containsText=false; native HTML supplies localized names. Not individually content-reviewed this wave."
"VIS-CIV-CA-T08-06-SECONDARY","images/civilization-atlas/cases/VIS-CIV-CA-T08-06-SECONDARY.webp","content/civilization-atlas/visuals/civilization-visual-approved-bindings-v2.json; docs/assets/r2-public/r2-owner-human-acceptance-v1.json","CASE_SECONDARY","/world/ registered source explorer","/world?visual=VIS-CIV-CA-T08-06-SECONDARY&atlas=cases&case=CA-T08-06","Native Atlas contextual/detail reader","Fluid aspect ratio / full-resolution dialog","On selected source/detail","REGISTERED_DETAIL_AVAILABLE","Registered CA-T08-06 detail; contextual historical illustration, separate from current evidence. This individual asset was not selected in this wave.","REGISTRY_UPLOADED_VERIFIED_NOT_RE_REQUESTED","","image/webp","475868","NOT_INDIVIDUALLY_DECODED_THIS_TASK","Registry containsText=false; native HTML supplies localized names. Not individually content-reviewed this wave."
"VIS-CIV-CA-T09-01-HERO","images/civilization-atlas/cases/VIS-CIV-CA-T09-01-HERO.webp","content/civilization-atlas/visuals/civilization-visual-approved-bindings-v2.json; docs/assets/r2-public/r2-owner-human-acceptance-v1.json","CASE_HERO","/world/ registered source explorer","/world?visual=VIS-CIV-CA-T09-01-HERO&atlas=cases&case=CA-T09-01","Native Atlas contextual/detail reader","Fluid aspect ratio / full-resolution dialog","On selected source/detail","REGISTERED_DETAIL_AVAILABLE","Registered CA-T09-01 detail; contextual historical illustration, separate from current evidence. This individual asset was not selected in this wave.","REGISTRY_UPLOADED_VERIFIED_NOT_RE_REQUESTED","","image/webp","778530","NOT_INDIVIDUALLY_DECODED_THIS_TASK","Registry containsText=false; native HTML supplies localized names. Not individually content-reviewed this wave."
"VIS-CIV-CA-T09-01-SECONDARY","images/civilization-atlas/cases/VIS-CIV-CA-T09-01-SECONDARY.webp","content/civilization-atlas/visuals/civilization-visual-approved-bindings-v2.json; docs/assets/r2-public/r2-owner-human-acceptance-v1.json","CASE_SECONDARY","/world/ registered source explorer","/world?visual=VIS-CIV-CA-T09-01-SECONDARY&atlas=cases&case=CA-T09-01","Native Atlas contextual/detail reader","Fluid aspect ratio / full-resolution dialog","On selected source/detail","REGISTERED_DETAIL_AVAILABLE","Registered CA-T09-01 detail; contextual historical illustration, separate from current evidence. This individual asset was not selected in this wave.","REGISTRY_UPLOADED_VERIFIED_NOT_RE_REQUESTED","","image/webp","641794","NOT_INDIVIDUALLY_DECODED_THIS_TASK","Registry containsText=false; native HTML supplies localized names. Not individually content-reviewed this wave."
"VIS-CIV-CA-T09-02-HERO","images/civilization-atlas/cases/VIS-CIV-CA-T09-02-HERO.webp","content/civilization-atlas/visuals/civilization-visual-approved-bindings-v2.json; docs/assets/r2-public/r2-owner-human-acceptance-v1.json","CASE_HERO","/world/ registered source explorer","/world?visual=VIS-CIV-CA-T09-02-HERO&atlas=cases&case=CA-T09-02","Native Atlas contextual/detail reader","Fluid aspect ratio / full-resolution dialog","On selected source/detail","REGISTERED_DETAIL_AVAILABLE","Registered CA-T09-02 detail; contextual historical illustration, separate from current evidence. This individual asset was not selected in this wave.","REGISTRY_UPLOADED_VERIFIED_NOT_RE_REQUESTED","","image/webp","709582","NOT_INDIVIDUALLY_DECODED_THIS_TASK","Registry containsText=false; native HTML supplies localized names. Not individually content-reviewed this wave."
"VIS-CIV-CA-T09-02-SECONDARY","images/civilization-atlas/cases/VIS-CIV-CA-T09-02-SECONDARY.webp","content/civilization-atlas/visuals/civilization-visual-approved-bindings-v2.json; docs/assets/r2-public/r2-owner-human-acceptance-v1.json","CASE_SECONDARY","/world/ registered source explorer","/world?visual=VIS-CIV-CA-T09-02-SECONDARY&atlas=cases&case=CA-T09-02","Native Atlas contextual/detail reader","Fluid aspect ratio / full-resolution dialog","On selected source/detail","REGISTERED_DETAIL_AVAILABLE","Registered CA-T09-02 detail; contextual historical illustration, separate from current evidence. This individual asset was not selected in this wave.","REGISTRY_UPLOADED_VERIFIED_NOT_RE_REQUESTED","","image/webp","586962","NOT_INDIVIDUALLY_DECODED_THIS_TASK","Registry containsText=false; native HTML supplies localized names. Not individually content-reviewed this wave."
"VIS-CIV-CA-T09-03-HERO","images/civilization-atlas/cases/VIS-CIV-CA-T09-03-HERO.webp","content/civilization-atlas/visuals/civilization-visual-approved-bindings-v2.json; docs/assets/r2-public/r2-owner-human-acceptance-v1.json","CASE_HERO","/world/ registered source explorer","/world?visual=VIS-CIV-CA-T09-03-HERO&atlas=cases&case=CA-T09-03","Native Atlas contextual/detail reader","Fluid aspect ratio / full-resolution dialog","On selected source/detail","REGISTERED_DETAIL_AVAILABLE","Registered CA-T09-03 detail; contextual historical illustration, separate from current evidence. This individual asset was not selected in this wave.","REGISTRY_UPLOADED_VERIFIED_NOT_RE_REQUESTED","","image/webp","791812","NOT_INDIVIDUALLY_DECODED_THIS_TASK","Registry containsText=false; native HTML supplies localized names. Not individually content-reviewed this wave."
"VIS-CIV-CA-T09-04-HERO","images/civilization-atlas/cases/VIS-CIV-CA-T09-04-HERO.webp","content/civilization-atlas/visuals/civilization-visual-approved-bindings-v2.json; docs/assets/r2-public/r2-owner-human-acceptance-v1.json","CASE_HERO","/world/ registered source explorer","/world?visual=VIS-CIV-CA-T09-04-HERO&atlas=cases&case=CA-T09-04","Native Atlas contextual/detail reader","Fluid aspect ratio / full-resolution dialog","On selected source/detail","REGISTERED_DETAIL_AVAILABLE","Registered CA-T09-04 detail; contextual historical illustration, separate from current evidence. This individual asset was not selected in this wave.","REGISTRY_UPLOADED_VERIFIED_NOT_RE_REQUESTED","","image/webp","751882","NOT_INDIVIDUALLY_DECODED_THIS_TASK","Registry containsText=false; native HTML supplies localized names. Not individually content-reviewed this wave."
"VIS-CIV-CA-T09-05-HERO","images/civilization-atlas/cases/VIS-CIV-CA-T09-05-HERO.webp","content/civilization-atlas/visuals/civilization-visual-approved-bindings-v2.json; docs/assets/r2-public/r2-owner-human-acceptance-v1.json","CASE_HERO","/world/ registered source explorer","/world?visual=VIS-CIV-CA-T09-05-HERO&atlas=cases&case=CA-T09-05","Native Atlas contextual/detail reader","Fluid aspect ratio / full-resolution dialog","On selected source/detail","REGISTERED_DETAIL_AVAILABLE","Registered CA-T09-05 detail; contextual historical illustration, separate from current evidence. This individual asset was not selected in this wave.","REGISTRY_UPLOADED_VERIFIED_NOT_RE_REQUESTED","","image/webp","773550","NOT_INDIVIDUALLY_DECODED_THIS_TASK","Registry containsText=false; native HTML supplies localized names. Not individually content-reviewed this wave."
"VIS-CIV-CA-T09-05-SECONDARY","images/civilization-atlas/cases/VIS-CIV-CA-T09-05-SECONDARY.webp","content/civilization-atlas/visuals/civilization-visual-approved-bindings-v2.json; docs/assets/r2-public/r2-owner-human-acceptance-v1.json","CASE_SECONDARY","/world/ registered source explorer","/world?visual=VIS-CIV-CA-T09-05-SECONDARY&atlas=cases&case=CA-T09-05","Native Atlas contextual/detail reader","Fluid aspect ratio / full-resolution dialog","On selected source/detail","REGISTERED_DETAIL_AVAILABLE","Registered CA-T09-05 detail; contextual historical illustration, separate from current evidence. This individual asset was not selected in this wave.","REGISTRY_UPLOADED_VERIFIED_NOT_RE_REQUESTED","","image/webp","579270","NOT_INDIVIDUALLY_DECODED_THIS_TASK","Registry containsText=false; native HTML supplies localized names. Not individually content-reviewed this wave."
"VIS-CIV-CA-T09-06-HERO","images/civilization-atlas/cases/VIS-CIV-CA-T09-06-HERO.webp","content/civilization-atlas/visuals/civilization-visual-approved-bindings-v2.json; docs/assets/r2-public/r2-owner-human-acceptance-v1.json","CASE_HERO","/world/ registered source explorer","/world?visual=VIS-CIV-CA-T09-06-HERO&atlas=cases&case=CA-T09-06","Native Atlas contextual/detail reader","Fluid aspect ratio / full-resolution dialog","On selected source/detail","REGISTERED_DETAIL_AVAILABLE","Registered CA-T09-06 detail; contextual historical illustration, separate from current evidence. This individual asset was not selected in this wave.","REGISTRY_UPLOADED_VERIFIED_NOT_RE_REQUESTED","","image/webp","671668","NOT_INDIVIDUALLY_DECODED_THIS_TASK","Registry containsText=false; native HTML supplies localized names. Not individually content-reviewed this wave."
"VIS-CIV-CA-T10-01-HERO","images/civilization-atlas/cases/VIS-CIV-CA-T10-01-HERO.webp","content/civilization-atlas/visuals/civilization-visual-approved-bindings-v2.json; docs/assets/r2-public/r2-owner-human-acceptance-v1.json","CASE_HERO","/world/ registered source explorer","/world?visual=VIS-CIV-CA-T10-01-HERO&atlas=cases&case=CA-T10-01","Native Atlas contextual/detail reader","Fluid aspect ratio / full-resolution dialog","On selected source/detail","REGISTERED_DETAIL_AVAILABLE","Registered CA-T10-01 detail; contextual historical illustration, separate from current evidence. This individual asset was not selected in this wave.","REGISTRY_UPLOADED_VERIFIED_NOT_RE_REQUESTED","","image/webp","680900","NOT_INDIVIDUALLY_DECODED_THIS_TASK","Registry containsText=false; native HTML supplies localized names. Not individually content-reviewed this wave."
"VIS-CIV-CA-T10-01-SECONDARY","images/civilization-atlas/cases/VIS-CIV-CA-T10-01-SECONDARY.webp","content/civilization-atlas/visuals/civilization-visual-approved-bindings-v2.json; docs/assets/r2-public/r2-owner-human-acceptance-v1.json","CASE_SECONDARY","/world/ registered source explorer","/world?visual=VIS-CIV-CA-T10-01-SECONDARY&atlas=cases&case=CA-T10-01","Native Atlas contextual/detail reader","Fluid aspect ratio / full-resolution dialog","On selected source/detail","REGISTERED_DETAIL_AVAILABLE","Registered CA-T10-01 detail; contextual historical illustration, separate from current evidence. This individual asset was not selected in this wave.","REGISTRY_UPLOADED_VERIFIED_NOT_RE_REQUESTED","","image/webp","588686","NOT_INDIVIDUALLY_DECODED_THIS_TASK","Registry containsText=false; native HTML supplies localized names. Not individually content-reviewed this wave."
"VIS-CIV-CA-T10-02-HERO","images/civilization-atlas/cases/VIS-CIV-CA-T10-02-HERO.webp","content/civilization-atlas/visuals/civilization-visual-approved-bindings-v2.json; docs/assets/r2-public/r2-owner-human-acceptance-v1.json","CASE_HERO","/world/ registered source explorer","/world?visual=VIS-CIV-CA-T10-02-HERO&atlas=cases&case=CA-T10-02","Native Atlas contextual/detail reader","Fluid aspect ratio / full-resolution dialog","On selected source/detail","REGISTERED_DETAIL_AVAILABLE","Registered CA-T10-02 detail; contextual historical illustration, separate from current evidence. This individual asset was not selected in this wave.","REGISTRY_UPLOADED_VERIFIED_NOT_RE_REQUESTED","","image/webp","649958","NOT_INDIVIDUALLY_DECODED_THIS_TASK","Registry containsText=false; native HTML supplies localized names. Not individually content-reviewed this wave."
"VIS-CIV-CA-T10-02-SECONDARY","images/civilization-atlas/cases/VIS-CIV-CA-T10-02-SECONDARY.webp","content/civilization-atlas/visuals/civilization-visual-approved-bindings-v2.json; docs/assets/r2-public/r2-owner-human-acceptance-v1.json","CASE_SECONDARY","/world/ registered source explorer","/world?visual=VIS-CIV-CA-T10-02-SECONDARY&atlas=cases&case=CA-T10-02","Native Atlas contextual/detail reader","Fluid aspect ratio / full-resolution dialog","On selected source/detail","REGISTERED_DETAIL_AVAILABLE","Registered CA-T10-02 detail; contextual historical illustration, separate from current evidence. This individual asset was not selected in this wave.","REGISTRY_UPLOADED_VERIFIED_NOT_RE_REQUESTED","","image/webp","564162","NOT_INDIVIDUALLY_DECODED_THIS_TASK","Registry containsText=false; native HTML supplies localized names. Not individually content-reviewed this wave."
"VIS-CIV-CA-T10-03-HERO","images/civilization-atlas/cases/VIS-CIV-CA-T10-03-HERO.webp","content/civilization-atlas/visuals/civilization-visual-approved-bindings-v2.json; docs/assets/r2-public/r2-owner-human-acceptance-v1.json","CASE_HERO","/world/ registered source explorer","/world?visual=VIS-CIV-CA-T10-03-HERO&atlas=cases&case=CA-T10-03","Native Atlas contextual/detail reader","Fluid aspect ratio / full-resolution dialog","On selected source/detail","REGISTERED_DETAIL_AVAILABLE","Registered CA-T10-03 detail; contextual historical illustration, separate from current evidence. This individual asset was not selected in this wave.","REGISTRY_UPLOADED_VERIFIED_NOT_RE_REQUESTED","","image/webp","666846","NOT_INDIVIDUALLY_DECODED_THIS_TASK","Registry containsText=false; native HTML supplies localized names. Not individually content-reviewed this wave."
"VIS-CIV-CA-T10-04-HERO","images/civilization-atlas/cases/VIS-CIV-CA-T10-04-HERO.webp","content/civilization-atlas/visuals/civilization-visual-approved-bindings-v2.json; docs/assets/r2-public/r2-owner-human-acceptance-v1.json","CASE_HERO","/world/ registered source explorer","/world?visual=VIS-CIV-CA-T10-04-HERO&atlas=cases&case=CA-T10-04","Native Atlas contextual/detail reader","Fluid aspect ratio / full-resolution dialog","On selected source/detail","REGISTERED_DETAIL_AVAILABLE","Registered CA-T10-04 detail; contextual historical illustration, separate from current evidence. This individual asset was not selected in this wave.","REGISTRY_UPLOADED_VERIFIED_NOT_RE_REQUESTED","","image/webp","638296","NOT_INDIVIDUALLY_DECODED_THIS_TASK","Registry containsText=false; native HTML supplies localized names. Not individually content-reviewed this wave."
"VIS-CIV-CA-T10-05-HERO","images/civilization-atlas/cases/VIS-CIV-CA-T10-05-HERO.webp","content/civilization-atlas/visuals/civilization-visual-approved-bindings-v2.json; docs/assets/r2-public/r2-owner-human-acceptance-v1.json","CASE_HERO","/world/ registered source explorer","/world?visual=VIS-CIV-CA-T10-05-HERO&atlas=cases&case=CA-T10-05","Native Atlas contextual/detail reader","Fluid aspect ratio / full-resolution dialog","On selected source/detail","REGISTERED_DETAIL_AVAILABLE","Registered CA-T10-05 detail; contextual historical illustration, separate from current evidence. This individual asset was not selected in this wave.","REGISTRY_UPLOADED_VERIFIED_NOT_RE_REQUESTED","","image/webp","631860","NOT_INDIVIDUALLY_DECODED_THIS_TASK","Registry containsText=false; native HTML supplies localized names. Not individually content-reviewed this wave."
"VIS-CIV-CA-T10-06-HERO","images/civilization-atlas/cases/VIS-CIV-CA-T10-06-HERO.webp","content/civilization-atlas/visuals/civilization-visual-approved-bindings-v2.json; docs/assets/r2-public/r2-owner-human-acceptance-v1.json","CASE_HERO","/world/ registered source explorer","/world?visual=VIS-CIV-CA-T10-06-HERO&atlas=cases&case=CA-T10-06","Native Atlas contextual/detail reader","Fluid aspect ratio / full-resolution dialog","On selected source/detail","REGISTERED_DETAIL_AVAILABLE","Registered CA-T10-06 detail; contextual historical illustration, separate from current evidence. This individual asset was not selected in this wave.","REGISTRY_UPLOADED_VERIFIED_NOT_RE_REQUESTED","","image/webp","644394","NOT_INDIVIDUALLY_DECODED_THIS_TASK","Registry containsText=false; native HTML supplies localized names. Not individually content-reviewed this wave."
"VIS-CIV-CA-T10-06-SECONDARY","images/civilization-atlas/cases/VIS-CIV-CA-T10-06-SECONDARY.webp","content/civilization-atlas/visuals/civilization-visual-approved-bindings-v2.json; docs/assets/r2-public/r2-owner-human-acceptance-v1.json","CASE_SECONDARY","/world/ registered source explorer","/world?visual=VIS-CIV-CA-T10-06-SECONDARY&atlas=cases&case=CA-T10-06","Native Atlas contextual/detail reader","Fluid aspect ratio / full-resolution dialog","On selected source/detail","REGISTERED_DETAIL_AVAILABLE","Registered CA-T10-06 detail; contextual historical illustration, separate from current evidence. This individual asset was not selected in this wave.","REGISTRY_UPLOADED_VERIFIED_NOT_RE_REQUESTED","","image/webp","510622","NOT_INDIVIDUALLY_DECODED_THIS_TASK","Registry containsText=false; native HTML supplies localized names. Not individually content-reviewed this wave."
"VIS-CIV-CA-T11-01-HERO","images/civilization-atlas/cases/VIS-CIV-CA-T11-01-HERO.webp","content/civilization-atlas/visuals/civilization-visual-approved-bindings-v2.json; docs/assets/r2-public/r2-owner-human-acceptance-v1.json","CASE_HERO","/world/ registered source explorer","/world?visual=VIS-CIV-CA-T11-01-HERO&atlas=cases&case=CA-T11-01","Native Atlas contextual/detail reader","Fluid aspect ratio / full-resolution dialog","On selected source/detail","REGISTERED_DETAIL_AVAILABLE","Registered CA-T11-01 detail; contextual historical illustration, separate from current evidence. This individual asset was not selected in this wave.","REGISTRY_UPLOADED_VERIFIED_NOT_RE_REQUESTED","","image/webp","680014","NOT_INDIVIDUALLY_DECODED_THIS_TASK","Registry containsText=false; native HTML supplies localized names. Not individually content-reviewed this wave."
"VIS-CIV-CA-T11-01-SECONDARY","images/civilization-atlas/cases/VIS-CIV-CA-T11-01-SECONDARY.webp","content/civilization-atlas/visuals/civilization-visual-approved-bindings-v2.json; docs/assets/r2-public/r2-owner-human-acceptance-v1.json","CASE_SECONDARY","/world/ registered source explorer","/world?visual=VIS-CIV-CA-T11-01-SECONDARY&atlas=cases&case=CA-T11-01","Native Atlas contextual/detail reader","Fluid aspect ratio / full-resolution dialog","On selected source/detail","REGISTERED_DETAIL_AVAILABLE","Registered CA-T11-01 detail; contextual historical illustration, separate from current evidence. This individual asset was not selected in this wave.","REGISTRY_UPLOADED_VERIFIED_NOT_RE_REQUESTED","","image/webp","504096","NOT_INDIVIDUALLY_DECODED_THIS_TASK","Registry containsText=false; native HTML supplies localized names. Not individually content-reviewed this wave."
"VIS-CIV-CA-T11-02-HERO","images/civilization-atlas/cases/VIS-CIV-CA-T11-02-HERO.webp","content/civilization-atlas/visuals/civilization-visual-approved-bindings-v2.json; docs/assets/r2-public/r2-owner-human-acceptance-v1.json","CASE_HERO","/world/ registered source explorer","/world?visual=VIS-CIV-CA-T11-02-HERO&atlas=cases&case=CA-T11-02","Native Atlas contextual/detail reader","Fluid aspect ratio / full-resolution dialog","On selected source/detail","REGISTERED_DETAIL_AVAILABLE","Registered CA-T11-02 detail; contextual historical illustration, separate from current evidence. This individual asset was not selected in this wave.","REGISTRY_UPLOADED_VERIFIED_NOT_RE_REQUESTED","","image/webp","642002","NOT_INDIVIDUALLY_DECODED_THIS_TASK","Registry containsText=false; native HTML supplies localized names. Not individually content-reviewed this wave."
"VIS-CIV-CA-T11-02-SECONDARY","images/civilization-atlas/cases/VIS-CIV-CA-T11-02-SECONDARY.webp","content/civilization-atlas/visuals/civilization-visual-approved-bindings-v2.json; docs/assets/r2-public/r2-owner-human-acceptance-v1.json","CASE_SECONDARY","/world/ registered source explorer","/world?visual=VIS-CIV-CA-T11-02-SECONDARY&atlas=cases&case=CA-T11-02","Native Atlas contextual/detail reader","Fluid aspect ratio / full-resolution dialog","On selected source/detail","REGISTERED_DETAIL_AVAILABLE","Registered CA-T11-02 detail; contextual historical illustration, separate from current evidence. This individual asset was not selected in this wave.","REGISTRY_UPLOADED_VERIFIED_NOT_RE_REQUESTED","","image/webp","596968","NOT_INDIVIDUALLY_DECODED_THIS_TASK","Registry containsText=false; native HTML supplies localized names. Not individually content-reviewed this wave."
"VIS-CIV-CA-T11-03-HERO","images/civilization-atlas/cases/VIS-CIV-CA-T11-03-HERO.webp","content/civilization-atlas/visuals/civilization-visual-approved-bindings-v2.json; docs/assets/r2-public/r2-owner-human-acceptance-v1.json","CASE_HERO","/world/ registered source explorer","/world?visual=VIS-CIV-CA-T11-03-HERO&atlas=cases&case=CA-T11-03","Native Atlas contextual/detail reader","Fluid aspect ratio / full-resolution dialog","On selected source/detail","REGISTERED_DETAIL_AVAILABLE","Registered CA-T11-03 detail; contextual historical illustration, separate from current evidence. This individual asset was not selected in this wave.","REGISTRY_UPLOADED_VERIFIED_NOT_RE_REQUESTED","","image/webp","666462","NOT_INDIVIDUALLY_DECODED_THIS_TASK","Registry containsText=false; native HTML supplies localized names. Not individually content-reviewed this wave."
"VIS-CIV-CA-T11-04-HERO","images/civilization-atlas/cases/VIS-CIV-CA-T11-04-HERO.webp","content/civilization-atlas/visuals/civilization-visual-approved-bindings-v2.json; docs/assets/r2-public/r2-owner-human-acceptance-v1.json","CASE_HERO","/world/ registered source explorer","/world?visual=VIS-CIV-CA-T11-04-HERO&atlas=cases&case=CA-T11-04","Native Atlas contextual/detail reader","Fluid aspect ratio / full-resolution dialog","On selected source/detail","REGISTERED_DETAIL_AVAILABLE","Registered CA-T11-04 detail; contextual historical illustration, separate from current evidence. This individual asset was not selected in this wave.","REGISTRY_UPLOADED_VERIFIED_NOT_RE_REQUESTED","","image/webp","719020","NOT_INDIVIDUALLY_DECODED_THIS_TASK","Registry containsText=false; native HTML supplies localized names. Not individually content-reviewed this wave."
"VIS-CIV-CA-T11-04-SECONDARY","images/civilization-atlas/cases/VIS-CIV-CA-T11-04-SECONDARY.webp","content/civilization-atlas/visuals/civilization-visual-approved-bindings-v2.json; docs/assets/r2-public/r2-owner-human-acceptance-v1.json","CASE_SECONDARY","/world/ registered source explorer","/world?visual=VIS-CIV-CA-T11-04-SECONDARY&atlas=cases&case=CA-T11-04","Native Atlas contextual/detail reader","Fluid aspect ratio / full-resolution dialog","On selected source/detail","REGISTERED_DETAIL_AVAILABLE","Registered CA-T11-04 detail; contextual historical illustration, separate from current evidence. This individual asset was not selected in this wave.","REGISTRY_UPLOADED_VERIFIED_NOT_RE_REQUESTED","","image/webp","568600","NOT_INDIVIDUALLY_DECODED_THIS_TASK","Registry containsText=false; native HTML supplies localized names. Not individually content-reviewed this wave."
"VIS-CIV-CA-T11-05-HERO","images/civilization-atlas/cases/VIS-CIV-CA-T11-05-HERO.webp","content/civilization-atlas/visuals/civilization-visual-approved-bindings-v2.json; docs/assets/r2-public/r2-owner-human-acceptance-v1.json","CASE_HERO","/world/ registered source explorer","/world?visual=VIS-CIV-CA-T11-05-HERO&atlas=cases&case=CA-T11-05","Native Atlas contextual/detail reader","Fluid aspect ratio / full-resolution dialog","On selected source/detail","REGISTERED_DETAIL_AVAILABLE","Registered CA-T11-05 detail; contextual historical illustration, separate from current evidence. This individual asset was not selected in this wave.","REGISTRY_UPLOADED_VERIFIED_NOT_RE_REQUESTED","","image/webp","781158","NOT_INDIVIDUALLY_DECODED_THIS_TASK","Registry containsText=false; native HTML supplies localized names. Not individually content-reviewed this wave."
"VIS-CIV-CA-T11-05-SECONDARY","images/civilization-atlas/cases/VIS-CIV-CA-T11-05-SECONDARY.webp","content/civilization-atlas/visuals/civilization-visual-approved-bindings-v2.json; docs/assets/r2-public/r2-owner-human-acceptance-v1.json","CASE_SECONDARY","/world/ registered source explorer","/world?visual=VIS-CIV-CA-T11-05-SECONDARY&atlas=cases&case=CA-T11-05","Native Atlas contextual/detail reader","Fluid aspect ratio / full-resolution dialog","On selected source/detail","REGISTERED_DETAIL_AVAILABLE","Registered CA-T11-05 detail; contextual historical illustration, separate from current evidence. This individual asset was not selected in this wave.","REGISTRY_UPLOADED_VERIFIED_NOT_RE_REQUESTED","","image/webp","570300","NOT_INDIVIDUALLY_DECODED_THIS_TASK","Registry containsText=false; native HTML supplies localized names. Not individually content-reviewed this wave."
"VIS-CIV-CA-T11-06-HERO","images/civilization-atlas/cases/VIS-CIV-CA-T11-06-HERO.webp","content/civilization-atlas/visuals/civilization-visual-approved-bindings-v2.json; docs/assets/r2-public/r2-owner-human-acceptance-v1.json","CASE_HERO","/world/ registered source explorer","/world?visual=VIS-CIV-CA-T11-06-HERO&atlas=cases&case=CA-T11-06","Native Atlas contextual/detail reader","Fluid aspect ratio / full-resolution dialog","On selected source/detail","REGISTERED_DETAIL_AVAILABLE","Registered CA-T11-06 detail; contextual historical illustration, separate from current evidence. This individual asset was not selected in this wave.","REGISTRY_UPLOADED_VERIFIED_NOT_RE_REQUESTED","","image/webp","633066","NOT_INDIVIDUALLY_DECODED_THIS_TASK","Registry containsText=false; native HTML supplies localized names. Not individually content-reviewed this wave."
"VIS-CIV-CA-T11-06-SECONDARY","images/civilization-atlas/cases/VIS-CIV-CA-T11-06-SECONDARY.webp","content/civilization-atlas/visuals/civilization-visual-approved-bindings-v2.json; docs/assets/r2-public/r2-owner-human-acceptance-v1.json","CASE_SECONDARY","/world/ registered source explorer","/world?visual=VIS-CIV-CA-T11-06-SECONDARY&atlas=cases&case=CA-T11-06","Native Atlas contextual/detail reader","Fluid aspect ratio / full-resolution dialog","On selected source/detail","REGISTERED_DETAIL_AVAILABLE","Registered CA-T11-06 detail; contextual historical illustration, separate from current evidence. This individual asset was not selected in this wave.","REGISTRY_UPLOADED_VERIFIED_NOT_RE_REQUESTED","","image/webp","531560","NOT_INDIVIDUALLY_DECODED_THIS_TASK","Registry containsText=false; native HTML supplies localized names. Not individually content-reviewed this wave."
"VIS-CIV-CA-T12-01-HERO","images/civilization-atlas/cases/VIS-CIV-CA-T12-01-HERO.webp","content/civilization-atlas/visuals/civilization-visual-approved-bindings-v2.json; docs/assets/r2-public/r2-owner-human-acceptance-v1.json","CASE_HERO","/world/ registered source explorer","/world?visual=VIS-CIV-CA-T12-01-HERO&atlas=cases&case=CA-T12-01","Native Atlas contextual/detail reader","Fluid aspect ratio / full-resolution dialog","On selected source/detail","REGISTERED_DETAIL_AVAILABLE","Registered CA-T12-01 detail; contextual historical illustration, separate from current evidence. This individual asset was not selected in this wave.","REGISTRY_UPLOADED_VERIFIED_NOT_RE_REQUESTED","","image/webp","636914","NOT_INDIVIDUALLY_DECODED_THIS_TASK","Registry containsText=false; native HTML supplies localized names. Not individually content-reviewed this wave."
"VIS-CIV-CA-T12-01-SECONDARY","images/civilization-atlas/cases/VIS-CIV-CA-T12-01-SECONDARY.webp","content/civilization-atlas/visuals/civilization-visual-approved-bindings-v2.json; docs/assets/r2-public/r2-owner-human-acceptance-v1.json","CASE_SECONDARY","/world/ registered source explorer","/world?visual=VIS-CIV-CA-T12-01-SECONDARY&atlas=cases&case=CA-T12-01","Native Atlas contextual/detail reader","Fluid aspect ratio / full-resolution dialog","On selected source/detail","REGISTERED_DETAIL_AVAILABLE","Registered CA-T12-01 detail; contextual historical illustration, separate from current evidence. This individual asset was not selected in this wave.","REGISTRY_UPLOADED_VERIFIED_NOT_RE_REQUESTED","","image/webp","419164","NOT_INDIVIDUALLY_DECODED_THIS_TASK","Registry containsText=false; native HTML supplies localized names. Not individually content-reviewed this wave."
"VIS-CIV-CA-T12-02-HERO","images/civilization-atlas/cases/VIS-CIV-CA-T12-02-HERO.webp","content/civilization-atlas/visuals/civilization-visual-approved-bindings-v2.json; docs/assets/r2-public/r2-owner-human-acceptance-v1.json","CASE_HERO","/world/ registered source explorer","/world?visual=VIS-CIV-CA-T12-02-HERO&atlas=cases&case=CA-T12-02","Native Atlas contextual/detail reader","Fluid aspect ratio / full-resolution dialog","On selected source/detail","REGISTERED_DETAIL_AVAILABLE","Registered CA-T12-02 detail; contextual historical illustration, separate from current evidence. This individual asset was not selected in this wave.","REGISTRY_UPLOADED_VERIFIED_NOT_RE_REQUESTED","","image/webp","677446","NOT_INDIVIDUALLY_DECODED_THIS_TASK","Registry containsText=false; native HTML supplies localized names. Not individually content-reviewed this wave."
"VIS-CIV-CA-T12-02-SECONDARY","images/civilization-atlas/cases/VIS-CIV-CA-T12-02-SECONDARY.webp","content/civilization-atlas/visuals/civilization-visual-approved-bindings-v2.json; docs/assets/r2-public/r2-owner-human-acceptance-v1.json","CASE_SECONDARY","/world/ registered source explorer","/world?visual=VIS-CIV-CA-T12-02-SECONDARY&atlas=cases&case=CA-T12-02","Native Atlas contextual/detail reader","Fluid aspect ratio / full-resolution dialog","On selected source/detail","REGISTERED_DETAIL_AVAILABLE","Registered CA-T12-02 detail; contextual historical illustration, separate from current evidence. This individual asset was not selected in this wave.","REGISTRY_UPLOADED_VERIFIED_NOT_RE_REQUESTED","","image/webp","551296","NOT_INDIVIDUALLY_DECODED_THIS_TASK","Registry containsText=false; native HTML supplies localized names. Not individually content-reviewed this wave."
"VIS-CIV-CA-T12-03-HERO","images/civilization-atlas/cases/VIS-CIV-CA-T12-03-HERO.webp","content/civilization-atlas/visuals/civilization-visual-approved-bindings-v2.json; docs/assets/r2-public/r2-owner-human-acceptance-v1.json","CASE_HERO","/world/ registered source explorer","/world?visual=VIS-CIV-CA-T12-03-HERO&atlas=cases&case=CA-T12-03","Native Atlas contextual/detail reader","Fluid aspect ratio / full-resolution dialog","On selected source/detail","REGISTERED_DETAIL_AVAILABLE","Registered CA-T12-03 detail; contextual historical illustration, separate from current evidence. This individual asset was not selected in this wave.","REGISTRY_UPLOADED_VERIFIED_NOT_RE_REQUESTED","","image/webp","753710","NOT_INDIVIDUALLY_DECODED_THIS_TASK","Registry containsText=false; native HTML supplies localized names. Not individually content-reviewed this wave."
"VIS-CIV-CA-T12-03-SECONDARY","images/civilization-atlas/cases/VIS-CIV-CA-T12-03-SECONDARY.webp","content/civilization-atlas/visuals/civilization-visual-approved-bindings-v2.json; docs/assets/r2-public/r2-owner-human-acceptance-v1.json","CASE_SECONDARY","/world/ registered source explorer","/world?visual=VIS-CIV-CA-T12-03-SECONDARY&atlas=cases&case=CA-T12-03","Native Atlas contextual/detail reader","Fluid aspect ratio / full-resolution dialog","On selected source/detail","REGISTERED_DETAIL_AVAILABLE","Registered CA-T12-03 detail; contextual historical illustration, separate from current evidence. This individual asset was not selected in this wave.","REGISTRY_UPLOADED_VERIFIED_NOT_RE_REQUESTED","","image/webp","658568","NOT_INDIVIDUALLY_DECODED_THIS_TASK","Registry containsText=false; native HTML supplies localized names. Not individually content-reviewed this wave."
"VIS-CIV-CA-T12-04-HERO","images/civilization-atlas/cases/VIS-CIV-CA-T12-04-HERO.webp","content/civilization-atlas/visuals/civilization-visual-approved-bindings-v2.json; docs/assets/r2-public/r2-owner-human-acceptance-v1.json","CASE_HERO","/world/ registered source explorer","/world?visual=VIS-CIV-CA-T12-04-HERO&atlas=cases&case=CA-T12-04","Native Atlas contextual/detail reader","Fluid aspect ratio / full-resolution dialog","On selected source/detail","REGISTERED_DETAIL_AVAILABLE","Registered CA-T12-04 detail; contextual historical illustration, separate from current evidence. This individual asset was not selected in this wave.","REGISTRY_UPLOADED_VERIFIED_NOT_RE_REQUESTED","","image/webp","713436","NOT_INDIVIDUALLY_DECODED_THIS_TASK","Registry containsText=false; native HTML supplies localized names. Not individually content-reviewed this wave."
"VIS-CIV-CA-T12-05-HERO","images/civilization-atlas/cases/VIS-CIV-CA-T12-05-HERO.webp","content/civilization-atlas/visuals/civilization-visual-approved-bindings-v2.json; docs/assets/r2-public/r2-owner-human-acceptance-v1.json","CASE_HERO","/world/ registered source explorer","/world?visual=VIS-CIV-CA-T12-05-HERO&atlas=cases&case=CA-T12-05","Native Atlas contextual/detail reader","Fluid aspect ratio / full-resolution dialog","On selected source/detail","REGISTERED_DETAIL_AVAILABLE","Registered CA-T12-05 detail; contextual historical illustration, separate from current evidence. This individual asset was not selected in this wave.","REGISTRY_UPLOADED_VERIFIED_NOT_RE_REQUESTED","","image/webp","619134","NOT_INDIVIDUALLY_DECODED_THIS_TASK","Registry containsText=false; native HTML supplies localized names. Not individually content-reviewed this wave."
"VIS-CIV-CA-T12-06-HERO","images/civilization-atlas/cases/VIS-CIV-CA-T12-06-HERO.webp","content/civilization-atlas/visuals/civilization-visual-approved-bindings-v2.json; docs/assets/r2-public/r2-owner-human-acceptance-v1.json","CASE_HERO","/world/ registered source explorer","/world?visual=VIS-CIV-CA-T12-06-HERO&atlas=cases&case=CA-T12-06","Native Atlas contextual/detail reader","Fluid aspect ratio / full-resolution dialog","On selected source/detail","REGISTERED_DETAIL_AVAILABLE","Registered CA-T12-06 detail; contextual historical illustration, separate from current evidence. This individual asset was not selected in this wave.","REGISTRY_UPLOADED_VERIFIED_NOT_RE_REQUESTED","","image/webp","616104","NOT_INDIVIDUALLY_DECODED_THIS_TASK","Registry containsText=false; native HTML supplies localized names. Not individually content-reviewed this wave."
"VIS-CIV-CA-T12-06-SECONDARY","images/civilization-atlas/cases/VIS-CIV-CA-T12-06-SECONDARY.webp","content/civilization-atlas/visuals/civilization-visual-approved-bindings-v2.json; docs/assets/r2-public/r2-owner-human-acceptance-v1.json","CASE_SECONDARY","/world/ registered source explorer","/world?visual=VIS-CIV-CA-T12-06-SECONDARY&atlas=cases&case=CA-T12-06","Native Atlas contextual/detail reader","Fluid aspect ratio / full-resolution dialog","On selected source/detail","REGISTERED_DETAIL_AVAILABLE","Registered CA-T12-06 detail; contextual historical illustration, separate from current evidence. This individual asset was not selected in this wave.","REGISTRY_UPLOADED_VERIFIED_NOT_RE_REQUESTED","","image/webp","424284","NOT_INDIVIDUALLY_DECODED_THIS_TASK","Registry containsText=false; native HTML supplies localized names. Not individually content-reviewed this wave."
"VIS-CIV-CA-T13-01-HERO","images/civilization-atlas/cases/VIS-CIV-CA-T13-01-HERO.webp","content/civilization-atlas/visuals/civilization-visual-approved-bindings-v2.json; docs/assets/r2-public/r2-owner-human-acceptance-v1.json","CASE_HERO","/world/ registered source explorer","/world?visual=VIS-CIV-CA-T13-01-HERO&atlas=cases&case=CA-T13-01","Native Atlas contextual/detail reader","Fluid aspect ratio / full-resolution dialog","On selected source/detail","REGISTERED_DETAIL_AVAILABLE","Registered CA-T13-01 detail; contextual historical illustration, separate from current evidence. This individual asset was not selected in this wave.","REGISTRY_UPLOADED_VERIFIED_NOT_RE_REQUESTED","","image/webp","644782","NOT_INDIVIDUALLY_DECODED_THIS_TASK","Registry containsText=false; native HTML supplies localized names. Not individually content-reviewed this wave."
"VIS-CIV-CA-T13-01-SECONDARY","images/civilization-atlas/cases/VIS-CIV-CA-T13-01-SECONDARY.webp","content/civilization-atlas/visuals/civilization-visual-approved-bindings-v2.json; docs/assets/r2-public/r2-owner-human-acceptance-v1.json","CASE_SECONDARY","/world/ registered source explorer","/world?visual=VIS-CIV-CA-T13-01-SECONDARY&atlas=cases&case=CA-T13-01","Native Atlas contextual/detail reader","Fluid aspect ratio / full-resolution dialog","On selected source/detail","REGISTERED_DETAIL_AVAILABLE","Registered CA-T13-01 detail; contextual historical illustration, separate from current evidence. This individual asset was not selected in this wave.","REGISTRY_UPLOADED_VERIFIED_NOT_RE_REQUESTED","","image/webp","421882","NOT_INDIVIDUALLY_DECODED_THIS_TASK","Registry containsText=false; native HTML supplies localized names. Not individually content-reviewed this wave."
"VIS-CIV-CA-T13-02-HERO","images/civilization-atlas/cases/VIS-CIV-CA-T13-02-HERO.webp","content/civilization-atlas/visuals/civilization-visual-approved-bindings-v2.json; docs/assets/r2-public/r2-owner-human-acceptance-v1.json","CASE_HERO","/world/ registered source explorer","/world?visual=VIS-CIV-CA-T13-02-HERO&atlas=cases&case=CA-T13-02","Native Atlas contextual/detail reader","Fluid aspect ratio / full-resolution dialog","On selected source/detail","REGISTERED_DETAIL_AVAILABLE","Registered CA-T13-02 detail; contextual historical illustration, separate from current evidence. This individual asset was not selected in this wave.","REGISTRY_UPLOADED_VERIFIED_NOT_RE_REQUESTED","","image/webp","709056","NOT_INDIVIDUALLY_DECODED_THIS_TASK","Registry containsText=false; native HTML supplies localized names. Not individually content-reviewed this wave."
"VIS-CIV-CA-T13-03-HERO","images/civilization-atlas/cases/VIS-CIV-CA-T13-03-HERO.webp","content/civilization-atlas/visuals/civilization-visual-approved-bindings-v2.json; content/civilization-atlas/visuals/civilization-visual-owner-acceptance-2026-09-19.json","CASE_HERO","/world/ registered source explorer","/world?visual=VIS-CIV-CA-T13-03-HERO&atlas=cases&case=CA-T13-03","Native Atlas contextual/detail reader","Fluid aspect ratio / full-resolution dialog","On selected source/detail","REGISTERED_DETAIL_AVAILABLE","Registered CA-T13-03 detail; contextual historical illustration, separate from current evidence. This individual asset was not selected in this wave.","REGISTRY_UPLOADED_VERIFIED_NOT_RE_REQUESTED","","image/webp","605056","NOT_INDIVIDUALLY_DECODED_THIS_TASK","Registry containsText=false; native HTML supplies localized names. Not individually content-reviewed this wave."
"VIS-CIV-CA-T13-03-SECONDARY","images/civilization-atlas/cases/VIS-CIV-CA-T13-03-SECONDARY.webp","content/civilization-atlas/visuals/civilization-visual-approved-bindings-v2.json; docs/assets/r2-public/r2-owner-human-acceptance-v1.json","CASE_SECONDARY","/world/ registered source explorer","/world?visual=VIS-CIV-CA-T13-03-SECONDARY&atlas=cases&case=CA-T13-03","Native Atlas contextual/detail reader","Fluid aspect ratio / full-resolution dialog","On selected source/detail","REGISTERED_DETAIL_AVAILABLE","Registered CA-T13-03 detail; contextual historical illustration, separate from current evidence. This individual asset was not selected in this wave.","REGISTRY_UPLOADED_VERIFIED_NOT_RE_REQUESTED","","image/webp","416602","NOT_INDIVIDUALLY_DECODED_THIS_TASK","Registry containsText=false; native HTML supplies localized names. Not individually content-reviewed this wave."
"VIS-CIV-CA-T13-04-HERO","images/civilization-atlas/cases/VIS-CIV-CA-T13-04-HERO.webp","content/civilization-atlas/visuals/civilization-visual-approved-bindings-v2.json; content/civilization-atlas/visuals/civilization-visual-owner-acceptance-2026-09-19.json","CASE_HERO","/world/ registered source explorer","/world?visual=VIS-CIV-CA-T13-04-HERO&atlas=cases&case=CA-T13-04","Native Atlas contextual/detail reader","Fluid aspect ratio / full-resolution dialog","On selected source/detail","REGISTERED_DETAIL_AVAILABLE","Registered CA-T13-04 detail; contextual historical illustration, separate from current evidence. This individual asset was not selected in this wave.","REGISTRY_UPLOADED_VERIFIED_NOT_RE_REQUESTED","","image/webp","653710","NOT_INDIVIDUALLY_DECODED_THIS_TASK","Registry containsText=false; native HTML supplies localized names. Not individually content-reviewed this wave."
"VIS-CIV-CA-T13-05-HERO","images/civilization-atlas/cases/VIS-CIV-CA-T13-05-HERO.webp","content/civilization-atlas/visuals/civilization-visual-approved-bindings-v2.json; content/civilization-atlas/visuals/civilization-visual-owner-acceptance-2026-09-19.json","CASE_HERO","/world/ registered source explorer","/world?visual=VIS-CIV-CA-T13-05-HERO&atlas=cases&case=CA-T13-05","Native Atlas contextual/detail reader","Fluid aspect ratio / full-resolution dialog","On selected source/detail","REGISTERED_DETAIL_AVAILABLE","Registered CA-T13-05 detail; contextual historical illustration, separate from current evidence. This individual asset was not selected in this wave.","REGISTRY_UPLOADED_VERIFIED_NOT_RE_REQUESTED","","image/webp","677250","NOT_INDIVIDUALLY_DECODED_THIS_TASK","Registry containsText=false; native HTML supplies localized names. Not individually content-reviewed this wave."
"VIS-CIV-CA-T13-06-HERO","images/civilization-atlas/cases/VIS-CIV-CA-T13-06-HERO.webp","content/civilization-atlas/visuals/civilization-visual-approved-bindings-v2.json; content/civilization-atlas/visuals/civilization-visual-owner-acceptance-2026-09-19.json","CASE_HERO","/world/ registered source explorer","/world?visual=VIS-CIV-CA-T13-06-HERO&atlas=cases&case=CA-T13-06","Native Atlas contextual/detail reader","Fluid aspect ratio / full-resolution dialog","On selected source/detail","REGISTERED_DETAIL_AVAILABLE","Registered CA-T13-06 detail; contextual historical illustration, separate from current evidence. This individual asset was not selected in this wave.","REGISTRY_UPLOADED_VERIFIED_NOT_RE_REQUESTED","","image/webp","597580","NOT_INDIVIDUALLY_DECODED_THIS_TASK","Registry containsText=false; native HTML supplies localized names. Not individually content-reviewed this wave."
"VIS-CIV-CA-T14-01-HERO","images/civilization-atlas/cases/VIS-CIV-CA-T14-01-HERO.webp","content/civilization-atlas/visuals/civilization-visual-approved-bindings-v2.json; content/civilization-atlas/visuals/civilization-visual-owner-acceptance-2026-09-19.json","CASE_HERO","/world/ registered source explorer","/world?visual=VIS-CIV-CA-T14-01-HERO&atlas=cases&case=CA-T14-01","Native Atlas contextual/detail reader","Fluid aspect ratio / full-resolution dialog","On selected source/detail","REGISTERED_DETAIL_AVAILABLE","Registered CA-T14-01 detail; contextual historical illustration, separate from current evidence. This individual asset was not selected in this wave.","REGISTRY_UPLOADED_VERIFIED_NOT_RE_REQUESTED","","image/webp","577026","NOT_INDIVIDUALLY_DECODED_THIS_TASK","Registry containsText=false; native HTML supplies localized names. Not individually content-reviewed this wave."
"VIS-CIV-CA-T14-01-SECONDARY","images/civilization-atlas/cases/VIS-CIV-CA-T14-01-SECONDARY.webp","content/civilization-atlas/visuals/civilization-visual-approved-bindings-v2.json; docs/assets/r2-public/r2-owner-human-acceptance-v1.json","CASE_SECONDARY","/world/ registered source explorer","/world?visual=VIS-CIV-CA-T14-01-SECONDARY&atlas=cases&case=CA-T14-01","Native Atlas contextual/detail reader","Fluid aspect ratio / full-resolution dialog","On selected source/detail","REGISTERED_DETAIL_AVAILABLE","Registered CA-T14-01 detail; contextual historical illustration, separate from current evidence. This individual asset was not selected in this wave.","REGISTRY_UPLOADED_VERIFIED_NOT_RE_REQUESTED","","image/webp","387356","NOT_INDIVIDUALLY_DECODED_THIS_TASK","Registry containsText=false; native HTML supplies localized names. Not individually content-reviewed this wave."
"VIS-CIV-CA-T14-02-HERO","images/civilization-atlas/cases/VIS-CIV-CA-T14-02-HERO.webp","content/civilization-atlas/visuals/civilization-visual-approved-bindings-v2.json; content/civilization-atlas/visuals/civilization-visual-owner-acceptance-2026-09-19.json","CASE_HERO","/world/ registered source explorer","/world?visual=VIS-CIV-CA-T14-02-HERO&atlas=cases&case=CA-T14-02","Native Atlas contextual/detail reader","Fluid aspect ratio / full-resolution dialog","On selected source/detail","REGISTERED_DETAIL_AVAILABLE","Registered CA-T14-02 detail; contextual historical illustration, separate from current evidence. This individual asset was not selected in this wave.","REGISTRY_UPLOADED_VERIFIED_NOT_RE_REQUESTED","","image/webp","571810","NOT_INDIVIDUALLY_DECODED_THIS_TASK","Registry containsText=false; native HTML supplies localized names. Not individually content-reviewed this wave."
"VIS-CIV-CA-T14-03-HERO","images/civilization-atlas/cases/VIS-CIV-CA-T14-03-HERO.webp","content/civilization-atlas/visuals/civilization-visual-approved-bindings-v2.json; content/civilization-atlas/visuals/civilization-visual-owner-acceptance-2026-09-19.json","CASE_HERO","/world/ registered source explorer","/world?visual=VIS-CIV-CA-T14-03-HERO&atlas=cases&case=CA-T14-03","Native Atlas contextual/detail reader","Fluid aspect ratio / full-resolution dialog","On selected source/detail","REGISTERED_DETAIL_AVAILABLE","Registered CA-T14-03 detail; contextual historical illustration, separate from current evidence. This individual asset was not selected in this wave.","REGISTRY_UPLOADED_VERIFIED_NOT_RE_REQUESTED","","image/webp","581548","NOT_INDIVIDUALLY_DECODED_THIS_TASK","Registry containsText=false; native HTML supplies localized names. Not individually content-reviewed this wave."
"VIS-CIV-CA-T14-03-SECONDARY","images/civilization-atlas/cases/VIS-CIV-CA-T14-03-SECONDARY.webp","content/civilization-atlas/visuals/civilization-visual-approved-bindings-v2.json; docs/assets/r2-public/r2-owner-human-acceptance-v1.json","CASE_SECONDARY","/world/ registered source explorer","/world?visual=VIS-CIV-CA-T14-03-SECONDARY&atlas=cases&case=CA-T14-03","Native Atlas contextual/detail reader","Fluid aspect ratio / full-resolution dialog","On selected source/detail","REGISTERED_DETAIL_AVAILABLE","Registered CA-T14-03 detail; contextual historical illustration, separate from current evidence. This individual asset was not selected in this wave.","REGISTRY_UPLOADED_VERIFIED_NOT_RE_REQUESTED","","image/webp","434962","NOT_INDIVIDUALLY_DECODED_THIS_TASK","Registry containsText=false; native HTML supplies localized names. Not individually content-reviewed this wave."
"VIS-CIV-CA-T14-04-HERO","images/civilization-atlas/cases/VIS-CIV-CA-T14-04-HERO.webp","content/civilization-atlas/visuals/civilization-visual-approved-bindings-v2.json; content/civilization-atlas/visuals/civilization-visual-owner-acceptance-2026-09-19.json","CASE_HERO","/world/ registered source explorer","/world?visual=VIS-CIV-CA-T14-04-HERO&atlas=cases&case=CA-T14-04","Native Atlas contextual/detail reader","Fluid aspect ratio / full-resolution dialog","On selected source/detail","REGISTERED_DETAIL_AVAILABLE","Registered CA-T14-04 detail; contextual historical illustration, separate from current evidence. This individual asset was not selected in this wave.","REGISTRY_UPLOADED_VERIFIED_NOT_RE_REQUESTED","","image/webp","590936","NOT_INDIVIDUALLY_DECODED_THIS_TASK","Registry containsText=false; native HTML supplies localized names. Not individually content-reviewed this wave."
"VIS-CIV-CA-T14-05-HERO","images/civilization-atlas/cases/VIS-CIV-CA-T14-05-HERO.webp","content/civilization-atlas/visuals/civilization-visual-approved-bindings-v2.json; content/civilization-atlas/visuals/civilization-visual-owner-acceptance-2026-09-19.json","CASE_HERO","/world/ registered source explorer","/world?visual=VIS-CIV-CA-T14-05-HERO&atlas=cases&case=CA-T14-05","Native Atlas contextual/detail reader","Fluid aspect ratio / full-resolution dialog","On selected source/detail","REGISTERED_DETAIL_AVAILABLE","Registered CA-T14-05 detail; contextual historical illustration, separate from current evidence. This individual asset was not selected in this wave.","REGISTRY_UPLOADED_VERIFIED_NOT_RE_REQUESTED","","image/webp","630676","NOT_INDIVIDUALLY_DECODED_THIS_TASK","Registry containsText=false; native HTML supplies localized names. Not individually content-reviewed this wave."
"VIS-CIV-CA-T14-06-HERO","images/civilization-atlas/cases/VIS-CIV-CA-T14-06-HERO.webp","content/civilization-atlas/visuals/civilization-visual-approved-bindings-v2.json; content/civilization-atlas/visuals/civilization-visual-owner-acceptance-2026-09-19.json","CASE_HERO","/world/ registered source explorer","/world?visual=VIS-CIV-CA-T14-06-HERO&atlas=cases&case=CA-T14-06","Native Atlas contextual/detail reader","Fluid aspect ratio / full-resolution dialog","On selected source/detail","REGISTERED_DETAIL_AVAILABLE","Registered CA-T14-06 detail; contextual historical illustration, separate from current evidence. This individual asset was not selected in this wave.","REGISTRY_UPLOADED_VERIFIED_NOT_RE_REQUESTED","","image/webp","624632","NOT_INDIVIDUALLY_DECODED_THIS_TASK","Registry containsText=false; native HTML supplies localized names. Not individually content-reviewed this wave."
"VIS-CIV-CA-T15-01-HERO","images/civilization-atlas/cases/VIS-CIV-CA-T15-01-HERO.webp","content/civilization-atlas/visuals/civilization-visual-approved-bindings-v2.json; content/civilization-atlas/visuals/civilization-visual-owner-acceptance-2026-09-19.json","CASE_HERO","/world/ registered source explorer","/world?visual=VIS-CIV-CA-T15-01-HERO&atlas=cases&case=CA-T15-01","Native Atlas contextual/detail reader","Fluid aspect ratio / full-resolution dialog","On selected source/detail","REGISTERED_DETAIL_AVAILABLE","Registered CA-T15-01 detail; contextual historical illustration, separate from current evidence. This individual asset was not selected in this wave.","REGISTRY_UPLOADED_VERIFIED_NOT_RE_REQUESTED","","image/webp","582846","NOT_INDIVIDUALLY_DECODED_THIS_TASK","Registry containsText=false; native HTML supplies localized names. Not individually content-reviewed this wave."
"VIS-CIV-CA-T15-01-SECONDARY","images/civilization-atlas/cases/VIS-CIV-CA-T15-01-SECONDARY.webp","content/civilization-atlas/visuals/civilization-visual-approved-bindings-v2.json; docs/assets/r2-public/r2-owner-human-acceptance-v1.json","CASE_SECONDARY","/world/ registered source explorer","/world?visual=VIS-CIV-CA-T15-01-SECONDARY&atlas=cases&case=CA-T15-01","Native Atlas contextual/detail reader","Fluid aspect ratio / full-resolution dialog","On selected source/detail","REGISTERED_DETAIL_AVAILABLE","Registered CA-T15-01 detail; contextual historical illustration, separate from current evidence. This individual asset was not selected in this wave.","REGISTRY_UPLOADED_VERIFIED_NOT_RE_REQUESTED","","image/webp","529920","NOT_INDIVIDUALLY_DECODED_THIS_TASK","Registry containsText=false; native HTML supplies localized names. Not individually content-reviewed this wave."
"VIS-CIV-CA-T15-02-HERO","images/civilization-atlas/cases/VIS-CIV-CA-T15-02-HERO.webp","content/civilization-atlas/visuals/civilization-visual-approved-bindings-v2.json; content/civilization-atlas/visuals/civilization-visual-owner-acceptance-2026-09-19.json","CASE_HERO","/world/ registered source explorer","/world?visual=VIS-CIV-CA-T15-02-HERO&atlas=cases&case=CA-T15-02","Native Atlas contextual/detail reader","Fluid aspect ratio / full-resolution dialog","On selected source/detail","REGISTERED_DETAIL_AVAILABLE","Registered CA-T15-02 detail; contextual historical illustration, separate from current evidence. This individual asset was not selected in this wave.","REGISTRY_UPLOADED_VERIFIED_NOT_RE_REQUESTED","","image/webp","420224","NOT_INDIVIDUALLY_DECODED_THIS_TASK","Registry containsText=false; native HTML supplies localized names. Not individually content-reviewed this wave."
"VIS-CIV-CA-T15-02-SECONDARY","images/civilization-atlas/cases/VIS-CIV-CA-T15-02-SECONDARY.webp","content/civilization-atlas/visuals/civilization-visual-approved-bindings-v2.json; docs/assets/r2-public/r2-owner-human-acceptance-v1.json","CASE_SECONDARY","/world/ registered source explorer","/world?visual=VIS-CIV-CA-T15-02-SECONDARY&atlas=cases&case=CA-T15-02","Native Atlas contextual/detail reader","Fluid aspect ratio / full-resolution dialog","On selected source/detail","REGISTERED_DETAIL_AVAILABLE","Registered CA-T15-02 detail; contextual historical illustration, separate from current evidence. This individual asset was not selected in this wave.","REGISTRY_UPLOADED_VERIFIED_NOT_RE_REQUESTED","","image/webp","417628","NOT_INDIVIDUALLY_DECODED_THIS_TASK","Registry containsText=false; native HTML supplies localized names. Not individually content-reviewed this wave."
"VIS-CIV-CA-T15-03-HERO","images/civilization-atlas/cases/VIS-CIV-CA-T15-03-HERO.webp","content/civilization-atlas/visuals/civilization-visual-approved-bindings-v2.json; content/civilization-atlas/visuals/civilization-visual-owner-acceptance-2026-09-19.json","CASE_HERO","/world/ registered source explorer","/world?visual=VIS-CIV-CA-T15-03-HERO&atlas=cases&case=CA-T15-03","Native Atlas contextual/detail reader","Fluid aspect ratio / full-resolution dialog","On selected source/detail","REGISTERED_DETAIL_AVAILABLE","Registered CA-T15-03 detail; contextual historical illustration, separate from current evidence. This individual asset was not selected in this wave.","REGISTRY_UPLOADED_VERIFIED_NOT_RE_REQUESTED","","image/webp","464088","NOT_INDIVIDUALLY_DECODED_THIS_TASK","Registry containsText=false; native HTML supplies localized names. Not individually content-reviewed this wave."
"VIS-CIV-CA-T15-04-HERO","images/civilization-atlas/cases/VIS-CIV-CA-T15-04-HERO.webp","content/civilization-atlas/visuals/civilization-visual-approved-bindings-v2.json; content/civilization-atlas/visuals/civilization-visual-owner-acceptance-2026-09-19.json","CASE_HERO","/world/ registered source explorer","/world?visual=VIS-CIV-CA-T15-04-HERO&atlas=cases&case=CA-T15-04","Native Atlas contextual/detail reader","Fluid aspect ratio / full-resolution dialog","On selected source/detail","REGISTERED_DETAIL_AVAILABLE","Registered CA-T15-04 detail; contextual historical illustration, separate from current evidence. This individual asset was not selected in this wave.","REGISTRY_UPLOADED_VERIFIED_NOT_RE_REQUESTED","","image/webp","727298","NOT_INDIVIDUALLY_DECODED_THIS_TASK","Registry containsText=false; native HTML supplies localized names. Not individually content-reviewed this wave."
"VIS-CIV-CA-T15-05-HERO","images/civilization-atlas/cases/VIS-CIV-CA-T15-05-HERO.webp","content/civilization-atlas/visuals/civilization-visual-approved-bindings-v2.json; content/civilization-atlas/visuals/civilization-visual-owner-acceptance-2026-09-19.json","CASE_HERO","/world/ registered source explorer","/world?visual=VIS-CIV-CA-T15-05-HERO&atlas=cases&case=CA-T15-05","Native Atlas contextual/detail reader","Fluid aspect ratio / full-resolution dialog","On selected source/detail","REGISTERED_DETAIL_AVAILABLE","Registered CA-T15-05 detail; contextual historical illustration, separate from current evidence. This individual asset was not selected in this wave.","REGISTRY_UPLOADED_VERIFIED_NOT_RE_REQUESTED","","image/webp","436972","NOT_INDIVIDUALLY_DECODED_THIS_TASK","Registry containsText=false; native HTML supplies localized names. Not individually content-reviewed this wave."
"VIS-CIV-CA-T15-06-HERO","images/civilization-atlas/cases/VIS-CIV-CA-T15-06-HERO.webp","content/civilization-atlas/visuals/civilization-visual-approved-bindings-v2.json; content/civilization-atlas/visuals/civilization-visual-owner-acceptance-2026-09-19.json","CASE_HERO","/world/ registered source explorer","/world?visual=VIS-CIV-CA-T15-06-HERO&atlas=cases&case=CA-T15-06","Native Atlas contextual/detail reader","Fluid aspect ratio / full-resolution dialog","On selected source/detail","REGISTERED_DETAIL_AVAILABLE","Registered CA-T15-06 detail; contextual historical illustration, separate from current evidence. This individual asset was not selected in this wave.","REGISTRY_UPLOADED_VERIFIED_NOT_RE_REQUESTED","","image/webp","442400","NOT_INDIVIDUALLY_DECODED_THIS_TASK","Registry containsText=false; native HTML supplies localized names. Not individually content-reviewed this wave."
"VIS-CIV-CA-T16-01-HERO","images/civilization-atlas/cases/VIS-CIV-CA-T16-01-HERO.webp","content/civilization-atlas/visuals/civilization-visual-approved-bindings-v2.json; content/civilization-atlas/visuals/civilization-visual-owner-acceptance-2026-09-19.json","CASE_HERO","/world/ registered source explorer","/world?visual=VIS-CIV-CA-T16-01-HERO&atlas=cases&case=CA-T16-01","Native Atlas contextual/detail reader","Fluid aspect ratio / full-resolution dialog","On selected source/detail","REGISTERED_DETAIL_AVAILABLE","Registered CA-T16-01 detail; contextual historical illustration, separate from current evidence. This individual asset was not selected in this wave.","REGISTRY_UPLOADED_VERIFIED_NOT_RE_REQUESTED","","image/webp","421228","NOT_INDIVIDUALLY_DECODED_THIS_TASK","Registry containsText=false; native HTML supplies localized names. Not individually content-reviewed this wave."
"VIS-CIV-CA-T16-02-HERO","images/civilization-atlas/cases/VIS-CIV-CA-T16-02-HERO.webp","content/civilization-atlas/visuals/civilization-visual-approved-bindings-v2.json; content/civilization-atlas/visuals/civilization-visual-owner-acceptance-2026-09-19.json","CASE_HERO","/world/ registered source explorer","/world?visual=VIS-CIV-CA-T16-02-HERO&atlas=cases&case=CA-T16-02","Native Atlas contextual/detail reader","Fluid aspect ratio / full-resolution dialog","On selected source/detail","REGISTERED_DETAIL_AVAILABLE","Registered CA-T16-02 detail; contextual historical illustration, separate from current evidence. This individual asset was not selected in this wave.","REGISTRY_UPLOADED_VERIFIED_NOT_RE_REQUESTED","","image/webp","502386","NOT_INDIVIDUALLY_DECODED_THIS_TASK","Registry containsText=false; native HTML supplies localized names. Not individually content-reviewed this wave."
"VIS-CIV-CA-T16-03-HERO","images/civilization-atlas/cases/VIS-CIV-CA-T16-03-HERO.webp","content/civilization-atlas/visuals/civilization-visual-approved-bindings-v2.json; content/civilization-atlas/visuals/civilization-visual-owner-acceptance-2026-09-19.json","CASE_HERO","/world/ registered source explorer","/world?visual=VIS-CIV-CA-T16-03-HERO&atlas=cases&case=CA-T16-03","Native Atlas contextual/detail reader","Fluid aspect ratio / full-resolution dialog","On selected source/detail","REGISTERED_DETAIL_AVAILABLE","Registered CA-T16-03 detail; contextual historical illustration, separate from current evidence. This individual asset was not selected in this wave.","REGISTRY_UPLOADED_VERIFIED_NOT_RE_REQUESTED","","image/webp","530830","NOT_INDIVIDUALLY_DECODED_THIS_TASK","Registry containsText=false; native HTML supplies localized names. Not individually content-reviewed this wave."
"VIS-CIV-CA-T16-04-HERO","images/civilization-atlas/cases/VIS-CIV-CA-T16-04-HERO.webp","content/civilization-atlas/visuals/civilization-visual-approved-bindings-v2.json; content/civilization-atlas/visuals/civilization-visual-owner-acceptance-2026-09-19.json","CASE_HERO","/world/ registered source explorer","/world?visual=VIS-CIV-CA-T16-04-HERO&atlas=cases&case=CA-T16-04","Native Atlas contextual/detail reader","Fluid aspect ratio / full-resolution dialog","On selected source/detail","REGISTERED_DETAIL_AVAILABLE","Registered CA-T16-04 detail; contextual historical illustration, separate from current evidence. This individual asset was not selected in this wave.","REGISTRY_UPLOADED_VERIFIED_NOT_RE_REQUESTED","","image/webp","533390","NOT_INDIVIDUALLY_DECODED_THIS_TASK","Registry containsText=false; native HTML supplies localized names. Not individually content-reviewed this wave."
"VIS-CIV-CA-T16-05-HERO","images/civilization-atlas/cases/VIS-CIV-CA-T16-05-HERO.webp","content/civilization-atlas/visuals/civilization-visual-approved-bindings-v2.json; content/civilization-atlas/visuals/civilization-visual-owner-acceptance-2026-09-19.json","CASE_HERO","/world/ registered source explorer","/world?visual=VIS-CIV-CA-T16-05-HERO&atlas=cases&case=CA-T16-05","Native Atlas contextual/detail reader","Fluid aspect ratio / full-resolution dialog","On selected source/detail","REGISTERED_DETAIL_AVAILABLE","Registered CA-T16-05 detail; contextual historical illustration, separate from current evidence. This individual asset was not selected in this wave.","REGISTRY_UPLOADED_VERIFIED_NOT_RE_REQUESTED","","image/webp","668066","NOT_INDIVIDUALLY_DECODED_THIS_TASK","Registry containsText=false; native HTML supplies localized names. Not individually content-reviewed this wave."
"VIS-CIV-CA-T16-05-SECONDARY","images/civilization-atlas/cases/VIS-CIV-CA-T16-05-SECONDARY.webp","content/civilization-atlas/visuals/civilization-visual-approved-bindings-v2.json; docs/assets/r2-public/r2-owner-human-acceptance-v1.json","CASE_SECONDARY","/world/ registered source explorer","/world?visual=VIS-CIV-CA-T16-05-SECONDARY&atlas=cases&case=CA-T16-05","Native Atlas contextual/detail reader","Fluid aspect ratio / full-resolution dialog","On selected source/detail","REGISTERED_DETAIL_AVAILABLE","Registered CA-T16-05 detail; contextual historical illustration, separate from current evidence. This individual asset was not selected in this wave.","REGISTRY_UPLOADED_VERIFIED_NOT_RE_REQUESTED","","image/webp","444716","NOT_INDIVIDUALLY_DECODED_THIS_TASK","Registry containsText=false; native HTML supplies localized names. Not individually content-reviewed this wave."
"VIS-CIV-CA-T16-06-HERO","images/civilization-atlas/cases/VIS-CIV-CA-T16-06-HERO.webp","content/civilization-atlas/visuals/civilization-visual-approved-bindings-v2.json; content/civilization-atlas/visuals/civilization-visual-owner-acceptance-2026-09-19.json","CASE_HERO","/world/ registered source explorer","/world?visual=VIS-CIV-CA-T16-06-HERO&atlas=cases&case=CA-T16-06","Native Atlas contextual/detail reader","Fluid aspect ratio / full-resolution dialog","On selected source/detail","REGISTERED_DETAIL_AVAILABLE","Registered CA-T16-06 detail; contextual historical illustration, separate from current evidence. This individual asset was not selected in this wave.","REGISTRY_UPLOADED_VERIFIED_NOT_RE_REQUESTED","","image/webp","786758","NOT_INDIVIDUALLY_DECODED_THIS_TASK","Registry containsText=false; native HTML supplies localized names. Not individually content-reviewed this wave."
"VIS-CIV-CA-T17-01-HERO","images/civilization-atlas/cases/VIS-CIV-CA-T17-01-HERO.webp","content/civilization-atlas/visuals/civilization-visual-approved-bindings-v2.json; content/civilization-atlas/visuals/civilization-visual-owner-acceptance-2026-09-19.json","CASE_HERO","/world/ registered source explorer","/world?visual=VIS-CIV-CA-T17-01-HERO&atlas=cases&case=CA-T17-01","Native Atlas contextual/detail reader","Fluid aspect ratio / full-resolution dialog","On selected source/detail","REGISTERED_DETAIL_AVAILABLE","Registered CA-T17-01 detail; contextual historical illustration, separate from current evidence. This individual asset was not selected in this wave.","REGISTRY_UPLOADED_VERIFIED_NOT_RE_REQUESTED","","image/webp","681266","NOT_INDIVIDUALLY_DECODED_THIS_TASK","Registry containsText=false; native HTML supplies localized names. Not individually content-reviewed this wave."
"VIS-CIV-CA-T17-02-HERO","images/civilization-atlas/cases/VIS-CIV-CA-T17-02-HERO.webp","content/civilization-atlas/visuals/civilization-visual-approved-bindings-v2.json; content/civilization-atlas/visuals/civilization-visual-owner-acceptance-2026-09-19.json","CASE_HERO","/world/ registered source explorer","/world?visual=VIS-CIV-CA-T17-02-HERO&atlas=cases&case=CA-T17-02","Native Atlas contextual/detail reader","Fluid aspect ratio / full-resolution dialog","On selected source/detail","REGISTERED_DETAIL_AVAILABLE","Registered CA-T17-02 detail; contextual historical illustration, separate from current evidence. This individual asset was not selected in this wave.","REGISTRY_UPLOADED_VERIFIED_NOT_RE_REQUESTED","","image/webp","758672","NOT_INDIVIDUALLY_DECODED_THIS_TASK","Registry containsText=false; native HTML supplies localized names. Not individually content-reviewed this wave."
"VIS-CIV-CA-T17-02-SECONDARY","images/civilization-atlas/cases/VIS-CIV-CA-T17-02-SECONDARY.webp","content/civilization-atlas/visuals/civilization-visual-approved-bindings-v2.json; docs/assets/r2-public/r2-owner-human-acceptance-v1.json","CASE_SECONDARY","/world/ registered source explorer","/world?visual=VIS-CIV-CA-T17-02-SECONDARY&atlas=cases&case=CA-T17-02","Native Atlas contextual/detail reader","Fluid aspect ratio / full-resolution dialog","On selected source/detail","REGISTERED_DETAIL_AVAILABLE","Registered CA-T17-02 detail; contextual historical illustration, separate from current evidence. This individual asset was not selected in this wave.","REGISTRY_UPLOADED_VERIFIED_NOT_RE_REQUESTED","","image/webp","347352","NOT_INDIVIDUALLY_DECODED_THIS_TASK","Registry containsText=false; native HTML supplies localized names. Not individually content-reviewed this wave."
"VIS-CIV-CA-T17-03-HERO","images/civilization-atlas/cases/VIS-CIV-CA-T17-03-HERO.webp","content/civilization-atlas/visuals/civilization-visual-approved-bindings-v2.json; content/civilization-atlas/visuals/civilization-visual-owner-acceptance-2026-09-19.json","CASE_HERO","/world/ registered source explorer","/world?visual=VIS-CIV-CA-T17-03-HERO&atlas=cases&case=CA-T17-03","Native Atlas contextual/detail reader","Fluid aspect ratio / full-resolution dialog","On selected source/detail","REGISTERED_DETAIL_AVAILABLE","Registered CA-T17-03 detail; contextual historical illustration, separate from current evidence. This individual asset was not selected in this wave.","REGISTRY_UPLOADED_VERIFIED_NOT_RE_REQUESTED","","image/webp","708664","NOT_INDIVIDUALLY_DECODED_THIS_TASK","Registry containsText=false; native HTML supplies localized names. Not individually content-reviewed this wave."
"VIS-CIV-CA-T17-03-SECONDARY","images/civilization-atlas/cases/VIS-CIV-CA-T17-03-SECONDARY.webp","content/civilization-atlas/visuals/civilization-visual-approved-bindings-v2.json; docs/assets/r2-public/r2-owner-human-acceptance-v1.json","CASE_SECONDARY","/world/ registered source explorer","/world?visual=VIS-CIV-CA-T17-03-SECONDARY&atlas=cases&case=CA-T17-03","Native Atlas contextual/detail reader","Fluid aspect ratio / full-resolution dialog","On selected source/detail","REGISTERED_DETAIL_AVAILABLE","Registered CA-T17-03 detail; contextual historical illustration, separate from current evidence. This individual asset was not selected in this wave.","REGISTRY_UPLOADED_VERIFIED_NOT_RE_REQUESTED","","image/webp","477274","NOT_INDIVIDUALLY_DECODED_THIS_TASK","Registry containsText=false; native HTML supplies localized names. Not individually content-reviewed this wave."
"VIS-CIV-CA-T17-04-HERO","images/civilization-atlas/cases/VIS-CIV-CA-T17-04-HERO.webp","content/civilization-atlas/visuals/civilization-visual-approved-bindings-v2.json; content/civilization-atlas/visuals/civilization-visual-owner-acceptance-2026-09-19.json","CASE_HERO","/world/ registered source explorer","/world?visual=VIS-CIV-CA-T17-04-HERO&atlas=cases&case=CA-T17-04","Native Atlas contextual/detail reader","Fluid aspect ratio / full-resolution dialog","On selected source/detail","REGISTERED_DETAIL_AVAILABLE","Registered CA-T17-04 detail; contextual historical illustration, separate from current evidence. This individual asset was not selected in this wave.","REGISTRY_UPLOADED_VERIFIED_NOT_RE_REQUESTED","","image/webp","687960","NOT_INDIVIDUALLY_DECODED_THIS_TASK","Registry containsText=false; native HTML supplies localized names. Not individually content-reviewed this wave."
"VIS-CIV-CA-T17-05-HERO","images/civilization-atlas/cases/VIS-CIV-CA-T17-05-HERO.webp","content/civilization-atlas/visuals/civilization-visual-approved-bindings-v2.json; content/civilization-atlas/visuals/civilization-visual-owner-acceptance-2026-09-19.json","CASE_HERO","/world/ registered source explorer","/world?visual=VIS-CIV-CA-T17-05-HERO&atlas=cases&case=CA-T17-05","Native Atlas contextual/detail reader","Fluid aspect ratio / full-resolution dialog","On selected source/detail","REGISTERED_DETAIL_AVAILABLE","Registered CA-T17-05 detail; contextual historical illustration, separate from current evidence. This individual asset was not selected in this wave.","REGISTRY_UPLOADED_VERIFIED_NOT_RE_REQUESTED","","image/webp","696170","NOT_INDIVIDUALLY_DECODED_THIS_TASK","Registry containsText=false; native HTML supplies localized names. Not individually content-reviewed this wave."
"VIS-CIV-CA-T17-05-SECONDARY","images/civilization-atlas/cases/VIS-CIV-CA-T17-05-SECONDARY.webp","content/civilization-atlas/visuals/civilization-visual-approved-bindings-v2.json; docs/assets/r2-public/r2-owner-human-acceptance-v1.json","CASE_SECONDARY","/world/ registered source explorer","/world?visual=VIS-CIV-CA-T17-05-SECONDARY&atlas=cases&case=CA-T17-05","Native Atlas contextual/detail reader","Fluid aspect ratio / full-resolution dialog","On selected source/detail","REGISTERED_DETAIL_AVAILABLE","Registered CA-T17-05 detail; contextual historical illustration, separate from current evidence. This individual asset was not selected in this wave.","REGISTRY_UPLOADED_VERIFIED_NOT_RE_REQUESTED","","image/webp","388538","NOT_INDIVIDUALLY_DECODED_THIS_TASK","Registry containsText=false; native HTML supplies localized names. Not individually content-reviewed this wave."
"VIS-CIV-CA-T17-06-HERO","images/civilization-atlas/cases/VIS-CIV-CA-T17-06-HERO.webp","content/civilization-atlas/visuals/civilization-visual-approved-bindings-v2.json; content/civilization-atlas/visuals/civilization-visual-owner-acceptance-2026-09-19.json","CASE_HERO","/world/ registered source explorer","/world?visual=VIS-CIV-CA-T17-06-HERO&atlas=cases&case=CA-T17-06","Native Atlas contextual/detail reader","Fluid aspect ratio / full-resolution dialog","On selected source/detail","REGISTERED_DETAIL_AVAILABLE","Registered CA-T17-06 detail; contextual historical illustration, separate from current evidence. This individual asset was not selected in this wave.","REGISTRY_UPLOADED_VERIFIED_NOT_RE_REQUESTED","","image/webp","705172","NOT_INDIVIDUALLY_DECODED_THIS_TASK","Registry containsText=false; native HTML supplies localized names. Not individually content-reviewed this wave."
"VIS-CIV-CA-T18-01-HERO","images/civilization-atlas/cases/VIS-CIV-CA-T18-01-HERO.webp","content/civilization-atlas/visuals/civilization-visual-approved-bindings-v2.json; content/civilization-atlas/visuals/civilization-visual-owner-acceptance-2026-09-19.json","CASE_HERO","/world/ registered source explorer","/world?visual=VIS-CIV-CA-T18-01-HERO&atlas=cases&case=CA-T18-01","Native Atlas contextual/detail reader","Fluid aspect ratio / full-resolution dialog","On selected source/detail","REGISTERED_DETAIL_AVAILABLE","Registered CA-T18-01 detail; contextual historical illustration, separate from current evidence. This individual asset was not selected in this wave.","REGISTRY_UPLOADED_VERIFIED_NOT_RE_REQUESTED","","image/webp","772044","NOT_INDIVIDUALLY_DECODED_THIS_TASK","Registry containsText=false; native HTML supplies localized names. Not individually content-reviewed this wave."
"VIS-CIV-CA-T18-01-SECONDARY","images/civilization-atlas/cases/VIS-CIV-CA-T18-01-SECONDARY.webp","content/civilization-atlas/visuals/civilization-visual-approved-bindings-v2.json; docs/assets/r2-public/r2-owner-human-acceptance-v1.json","CASE_SECONDARY","/world/ registered source explorer","/world?visual=VIS-CIV-CA-T18-01-SECONDARY&atlas=cases&case=CA-T18-01","Native Atlas contextual/detail reader","Fluid aspect ratio / full-resolution dialog","On selected source/detail","REGISTERED_DETAIL_AVAILABLE","Registered CA-T18-01 detail; contextual historical illustration, separate from current evidence. This individual asset was not selected in this wave.","REGISTRY_UPLOADED_VERIFIED_NOT_RE_REQUESTED","","image/webp","389568","NOT_INDIVIDUALLY_DECODED_THIS_TASK","Registry containsText=false; native HTML supplies localized names. Not individually content-reviewed this wave."
"VIS-CIV-CA-T18-02-HERO","images/civilization-atlas/cases/VIS-CIV-CA-T18-02-HERO.webp","content/civilization-atlas/visuals/civilization-visual-approved-bindings-v2.json; content/civilization-atlas/visuals/civilization-visual-owner-acceptance-2026-09-19.json","CASE_HERO","/world/ registered source explorer","/world?visual=VIS-CIV-CA-T18-02-HERO&atlas=cases&case=CA-T18-02","Native Atlas contextual/detail reader","Fluid aspect ratio / full-resolution dialog","On selected source/detail","REGISTERED_DETAIL_AVAILABLE","Registered CA-T18-02 detail; contextual historical illustration, separate from current evidence. This individual asset was not selected in this wave.","REGISTRY_UPLOADED_VERIFIED_NOT_RE_REQUESTED","","image/webp","757610","NOT_INDIVIDUALLY_DECODED_THIS_TASK","Registry containsText=false; native HTML supplies localized names. Not individually content-reviewed this wave."
"VIS-CIV-CA-T18-03-HERO","images/civilization-atlas/cases/VIS-CIV-CA-T18-03-HERO.webp","content/civilization-atlas/visuals/civilization-visual-approved-bindings-v2.json; content/civilization-atlas/visuals/civilization-visual-owner-acceptance-2026-09-19.json","CASE_HERO","/world/ registered source explorer","/world?visual=VIS-CIV-CA-T18-03-HERO&atlas=cases&case=CA-T18-03","Native Atlas contextual/detail reader","Fluid aspect ratio / full-resolution dialog","On selected source/detail","REGISTERED_DETAIL_AVAILABLE","Registered CA-T18-03 detail; contextual historical illustration, separate from current evidence. This individual asset was not selected in this wave.","REGISTRY_UPLOADED_VERIFIED_NOT_RE_REQUESTED","","image/webp","812480","NOT_INDIVIDUALLY_DECODED_THIS_TASK","Registry containsText=false; native HTML supplies localized names. Not individually content-reviewed this wave."
"VIS-CIV-CA-T18-04-HERO","images/civilization-atlas/cases/VIS-CIV-CA-T18-04-HERO.webp","content/civilization-atlas/visuals/civilization-visual-approved-bindings-v2.json; content/civilization-atlas/visuals/civilization-visual-owner-acceptance-2026-09-19.json","CASE_HERO","/world/ registered source explorer","/world?visual=VIS-CIV-CA-T18-04-HERO&atlas=cases&case=CA-T18-04","Native Atlas contextual/detail reader","Fluid aspect ratio / full-resolution dialog","On selected source/detail","REGISTERED_DETAIL_AVAILABLE","Registered CA-T18-04 detail; contextual historical illustration, separate from current evidence. This individual asset was not selected in this wave.","REGISTRY_UPLOADED_VERIFIED_NOT_RE_REQUESTED","","image/webp","759844","NOT_INDIVIDUALLY_DECODED_THIS_TASK","Registry containsText=false; native HTML supplies localized names. Not individually content-reviewed this wave."
"VIS-CIV-CA-T18-04-SECONDARY","images/civilization-atlas/cases/VIS-CIV-CA-T18-04-SECONDARY.webp","content/civilization-atlas/visuals/civilization-visual-approved-bindings-v2.json; docs/assets/r2-public/r2-owner-human-acceptance-v1.json","CASE_SECONDARY","/world/ registered source explorer","/world?visual=VIS-CIV-CA-T18-04-SECONDARY&atlas=cases&case=CA-T18-04","Native Atlas contextual/detail reader","Fluid aspect ratio / full-resolution dialog","On selected source/detail","REGISTERED_DETAIL_AVAILABLE","Registered CA-T18-04 detail; contextual historical illustration, separate from current evidence. This individual asset was not selected in this wave.","REGISTRY_UPLOADED_VERIFIED_NOT_RE_REQUESTED","","image/webp","357952","NOT_INDIVIDUALLY_DECODED_THIS_TASK","Registry containsText=false; native HTML supplies localized names. Not individually content-reviewed this wave."
"VIS-CIV-CA-T18-05-HERO","images/civilization-atlas/cases/VIS-CIV-CA-T18-05-HERO.webp","content/civilization-atlas/visuals/civilization-visual-approved-bindings-v2.json; content/civilization-atlas/visuals/civilization-visual-owner-acceptance-2026-09-19.json","CASE_HERO","/world/ registered source explorer","/world?visual=VIS-CIV-CA-T18-05-HERO&atlas=cases&case=CA-T18-05","Native Atlas contextual/detail reader","Fluid aspect ratio / full-resolution dialog","On selected source/detail","REGISTERED_DETAIL_AVAILABLE","Registered CA-T18-05 detail; contextual historical illustration, separate from current evidence. This individual asset was not selected in this wave.","REGISTRY_UPLOADED_VERIFIED_NOT_RE_REQUESTED","","image/webp","728864","NOT_INDIVIDUALLY_DECODED_THIS_TASK","Registry containsText=false; native HTML supplies localized names. Not individually content-reviewed this wave."
"VIS-CIV-CA-T18-06-HERO","images/civilization-atlas/cases/VIS-CIV-CA-T18-06-HERO.webp","content/civilization-atlas/visuals/civilization-visual-approved-bindings-v2.json; content/civilization-atlas/visuals/civilization-visual-owner-acceptance-2026-09-19.json","CASE_HERO","/world/ registered source explorer","/world?visual=VIS-CIV-CA-T18-06-HERO&atlas=cases&case=CA-T18-06","Native Atlas contextual/detail reader","Fluid aspect ratio / full-resolution dialog","On selected source/detail","REGISTERED_DETAIL_AVAILABLE","Registered CA-T18-06 detail; contextual historical illustration, separate from current evidence. This individual asset was not selected in this wave.","REGISTRY_UPLOADED_VERIFIED_NOT_RE_REQUESTED","","image/webp","740308","NOT_INDIVIDUALLY_DECODED_THIS_TASK","Registry containsText=false; native HTML supplies localized names. Not individually content-reviewed this wave."
"VIS-CIV-CA-T18-06-SECONDARY","images/civilization-atlas/cases/VIS-CIV-CA-T18-06-SECONDARY.webp","content/civilization-atlas/visuals/civilization-visual-approved-bindings-v2.json; docs/assets/r2-public/r2-owner-human-acceptance-v1.json","CASE_SECONDARY","/world/ registered source explorer","/world?visual=VIS-CIV-CA-T18-06-SECONDARY&atlas=cases&case=CA-T18-06","Native Atlas contextual/detail reader","Fluid aspect ratio / full-resolution dialog","On selected source/detail","REGISTERED_DETAIL_AVAILABLE","Registered CA-T18-06 detail; contextual historical illustration, separate from current evidence. This individual asset was not selected in this wave.","REGISTRY_UPLOADED_VERIFIED_NOT_RE_REQUESTED","","image/webp","399376","NOT_INDIVIDUALLY_DECODED_THIS_TASK","Registry containsText=false; native HTML supplies localized names. Not individually content-reviewed this wave."
"VIS-CIV-CA-T19-01-HERO","images/civilization-atlas/cases/VIS-CIV-CA-T19-01-HERO.webp","content/civilization-atlas/visuals/civilization-visual-approved-bindings-v2.json; content/civilization-atlas/visuals/civilization-visual-owner-acceptance-2026-09-19.json","CASE_HERO","/world/ registered source explorer","/world?visual=VIS-CIV-CA-T19-01-HERO&atlas=cases&case=CA-T19-01","Native Atlas contextual/detail reader","Fluid aspect ratio / full-resolution dialog","On selected source/detail","REGISTERED_DETAIL_AVAILABLE","Registered CA-T19-01 detail; contextual historical illustration, separate from current evidence. This individual asset was not selected in this wave.","REGISTRY_UPLOADED_VERIFIED_NOT_RE_REQUESTED","","image/webp","682838","NOT_INDIVIDUALLY_DECODED_THIS_TASK","Registry containsText=false; native HTML supplies localized names. Not individually content-reviewed this wave."
"VIS-CIV-CA-T19-02-HERO","images/civilization-atlas/cases/VIS-CIV-CA-T19-02-HERO.webp","content/civilization-atlas/visuals/civilization-visual-approved-bindings-v2.json; content/civilization-atlas/visuals/civilization-visual-owner-acceptance-2026-09-19.json","CASE_HERO","/world/ registered source explorer","/world?visual=VIS-CIV-CA-T19-02-HERO&atlas=cases&case=CA-T19-02","Native Atlas contextual/detail reader","Fluid aspect ratio / full-resolution dialog","On selected source/detail","REGISTERED_DETAIL_AVAILABLE","Registered CA-T19-02 detail; contextual historical illustration, separate from current evidence. This individual asset was not selected in this wave.","REGISTRY_UPLOADED_VERIFIED_NOT_RE_REQUESTED","","image/webp","754772","NOT_INDIVIDUALLY_DECODED_THIS_TASK","Registry containsText=false; native HTML supplies localized names. Not individually content-reviewed this wave."
"VIS-CIV-CA-T19-02-SECONDARY","images/civilization-atlas/cases/VIS-CIV-CA-T19-02-SECONDARY.webp","content/civilization-atlas/visuals/civilization-visual-approved-bindings-v2.json; docs/assets/r2-public/r2-owner-human-acceptance-v1.json","CASE_SECONDARY","/world/ registered source explorer","/world?visual=VIS-CIV-CA-T19-02-SECONDARY&atlas=cases&case=CA-T19-02","Native Atlas contextual/detail reader","Fluid aspect ratio / full-resolution dialog","On selected source/detail","REGISTERED_DETAIL_AVAILABLE","Registered CA-T19-02 detail; contextual historical illustration, separate from current evidence. This individual asset was not selected in this wave.","REGISTRY_UPLOADED_VERIFIED_NOT_RE_REQUESTED","","image/webp","400534","NOT_INDIVIDUALLY_DECODED_THIS_TASK","Registry containsText=false; native HTML supplies localized names. Not individually content-reviewed this wave."
"VIS-CIV-CA-T19-03-HERO","images/civilization-atlas/cases/VIS-CIV-CA-T19-03-HERO.webp","content/civilization-atlas/visuals/civilization-visual-approved-bindings-v2.json; content/civilization-atlas/visuals/civilization-visual-owner-acceptance-2026-09-19.json","CASE_HERO","/world/ registered source explorer","/world?visual=VIS-CIV-CA-T19-03-HERO&atlas=cases&case=CA-T19-03","Native Atlas contextual/detail reader","Fluid aspect ratio / full-resolution dialog","On selected source/detail","REGISTERED_DETAIL_AVAILABLE","Registered CA-T19-03 detail; contextual historical illustration, separate from current evidence. This individual asset was not selected in this wave.","REGISTRY_UPLOADED_VERIFIED_NOT_RE_REQUESTED","","image/webp","718308","NOT_INDIVIDUALLY_DECODED_THIS_TASK","Registry containsText=false; native HTML supplies localized names. Not individually content-reviewed this wave."
"VIS-CIV-CA-T19-04-HERO","images/civilization-atlas/cases/VIS-CIV-CA-T19-04-HERO.webp","content/civilization-atlas/visuals/civilization-visual-approved-bindings-v2.json; content/civilization-atlas/visuals/civilization-visual-owner-acceptance-2026-09-19.json","CASE_HERO","/world/ registered source explorer","/world?visual=VIS-CIV-CA-T19-04-HERO&atlas=cases&case=CA-T19-04","Native Atlas contextual/detail reader","Fluid aspect ratio / full-resolution dialog","On selected source/detail","REGISTERED_DETAIL_AVAILABLE","Registered CA-T19-04 detail; contextual historical illustration, separate from current evidence. This individual asset was not selected in this wave.","REGISTRY_UPLOADED_VERIFIED_NOT_RE_REQUESTED","","image/webp","765980","NOT_INDIVIDUALLY_DECODED_THIS_TASK","Registry containsText=false; native HTML supplies localized names. Not individually content-reviewed this wave."
"VIS-CIV-CA-T19-04-SECONDARY","images/civilization-atlas/cases/VIS-CIV-CA-T19-04-SECONDARY.webp","content/civilization-atlas/visuals/civilization-visual-approved-bindings-v2.json; docs/assets/r2-public/r2-owner-human-acceptance-v1.json","CASE_SECONDARY","/world/ registered source explorer","/world?visual=VIS-CIV-CA-T19-04-SECONDARY&atlas=cases&case=CA-T19-04","Native Atlas contextual/detail reader","Fluid aspect ratio / full-resolution dialog","On selected source/detail","REGISTERED_DETAIL_AVAILABLE","Registered CA-T19-04 detail; contextual historical illustration, separate from current evidence. This individual asset was not selected in this wave.","REGISTRY_UPLOADED_VERIFIED_NOT_RE_REQUESTED","","image/webp","470652","NOT_INDIVIDUALLY_DECODED_THIS_TASK","Registry containsText=false; native HTML supplies localized names. Not individually content-reviewed this wave."
"VIS-CIV-CA-T19-05-HERO","images/civilization-atlas/cases/VIS-CIV-CA-T19-05-HERO.webp","content/civilization-atlas/visuals/civilization-visual-approved-bindings-v2.json; content/civilization-atlas/visuals/civilization-visual-owner-acceptance-2026-09-19.json","CASE_HERO","/world/ registered source explorer","/world?visual=VIS-CIV-CA-T19-05-HERO&atlas=cases&case=CA-T19-05","Native Atlas contextual/detail reader","Fluid aspect ratio / full-resolution dialog","On selected source/detail","REGISTERED_DETAIL_AVAILABLE","Registered CA-T19-05 detail; contextual historical illustration, separate from current evidence. This individual asset was not selected in this wave.","REGISTRY_UPLOADED_VERIFIED_NOT_RE_REQUESTED","","image/webp","654958","NOT_INDIVIDUALLY_DECODED_THIS_TASK","Registry containsText=false; native HTML supplies localized names. Not individually content-reviewed this wave."
"VIS-CIV-CA-T19-05-SECONDARY","images/civilization-atlas/cases/VIS-CIV-CA-T19-05-SECONDARY.webp","content/civilization-atlas/visuals/civilization-visual-approved-bindings-v2.json; docs/assets/r2-public/r2-owner-human-acceptance-v1.json","CASE_SECONDARY","/world/ registered source explorer","/world?visual=VIS-CIV-CA-T19-05-SECONDARY&atlas=cases&case=CA-T19-05","Native Atlas contextual/detail reader","Fluid aspect ratio / full-resolution dialog","On selected source/detail","REGISTERED_DETAIL_AVAILABLE","Registered CA-T19-05 detail; contextual historical illustration, separate from current evidence. This individual asset was not selected in this wave.","REGISTRY_UPLOADED_VERIFIED_NOT_RE_REQUESTED","","image/webp","469924","NOT_INDIVIDUALLY_DECODED_THIS_TASK","Registry containsText=false; native HTML supplies localized names. Not individually content-reviewed this wave."
"VIS-CIV-CA-T19-06-HERO","images/civilization-atlas/cases/VIS-CIV-CA-T19-06-HERO.webp","content/civilization-atlas/visuals/civilization-visual-approved-bindings-v2.json; content/civilization-atlas/visuals/civilization-visual-owner-acceptance-2026-09-19.json","CASE_HERO","/world/ registered source explorer","/world?visual=VIS-CIV-CA-T19-06-HERO&atlas=cases&case=CA-T19-06","Native Atlas contextual/detail reader","Fluid aspect ratio / full-resolution dialog","On selected source/detail","REGISTERED_DETAIL_AVAILABLE","Registered CA-T19-06 detail; contextual historical illustration, separate from current evidence. This individual asset was not selected in this wave.","REGISTRY_UPLOADED_VERIFIED_NOT_RE_REQUESTED","","image/webp","762976","NOT_INDIVIDUALLY_DECODED_THIS_TASK","Registry containsText=false; native HTML supplies localized names. Not individually content-reviewed this wave."
"VIS-CIV-CA-T19-06-SECONDARY","images/civilization-atlas/cases/VIS-CIV-CA-T19-06-SECONDARY.webp","content/civilization-atlas/visuals/civilization-visual-approved-bindings-v2.json; docs/assets/r2-public/r2-owner-human-acceptance-v1.json","CASE_SECONDARY","/world/ registered source explorer","/world?visual=VIS-CIV-CA-T19-06-SECONDARY&atlas=cases&case=CA-T19-06","Native Atlas contextual/detail reader","Fluid aspect ratio / full-resolution dialog","On selected source/detail","REGISTERED_DETAIL_AVAILABLE","Registered CA-T19-06 detail; contextual historical illustration, separate from current evidence. This individual asset was not selected in this wave.","REGISTRY_UPLOADED_VERIFIED_NOT_RE_REQUESTED","","image/webp","546912","NOT_INDIVIDUALLY_DECODED_THIS_TASK","Registry containsText=false; native HTML supplies localized names. Not individually content-reviewed this wave."
"VIS-CIV-WS-M3000-ATMOSPHERE","images/civilization-atlas/snapshots/VIS-CIV-WS-M3000-ATMOSPHERE.webp","content/civilization-atlas/visuals/civilization-visual-approved-bindings-v2.json; content/civilization-atlas/visuals/civilization-visual-owner-acceptance-2026-09-19.json","WORLD_SNAPSHOT_ATMOSPHERE","/world/ registered source explorer","/world?visual=VIS-CIV-WS-M3000-ATMOSPHERE&atlas=world&snapshot=WS-M3000","Native Atlas contextual/detail reader","Fluid aspect ratio / full-resolution dialog","On selected source/detail","REGISTERED_DETAIL_AVAILABLE","Registered WS-M3000 detail; contextual historical illustration, separate from current evidence. This individual asset was not selected in this wave.","REGISTRY_UPLOADED_VERIFIED_NOT_RE_REQUESTED","","image/webp","463168","NOT_INDIVIDUALLY_DECODED_THIS_TASK","Registry containsText=false; native HTML supplies localized names. Not individually content-reviewed this wave."
"VIS-CIV-WS-M1500-ATMOSPHERE","images/civilization-atlas/snapshots/VIS-CIV-WS-M1500-ATMOSPHERE.webp","content/civilization-atlas/visuals/civilization-visual-approved-bindings-v2.json; content/civilization-atlas/visuals/civilization-visual-owner-acceptance-2026-09-19.json","WORLD_SNAPSHOT_ATMOSPHERE","/world/ registered source explorer","/world?visual=VIS-CIV-WS-M1500-ATMOSPHERE&atlas=world&snapshot=WS-M1500","Native Atlas contextual/detail reader","Fluid aspect ratio / full-resolution dialog","On selected source/detail","REGISTERED_DETAIL_AVAILABLE","Registered WS-M1500 detail; contextual historical illustration, separate from current evidence. This individual asset was not selected in this wave.","REGISTRY_UPLOADED_VERIFIED_NOT_RE_REQUESTED","","image/webp","480258","NOT_INDIVIDUALLY_DECODED_THIS_TASK","Registry containsText=false; native HTML supplies localized names. Not individually content-reviewed this wave."
"VIS-CIV-WS-M0500-ATMOSPHERE","images/civilization-atlas/snapshots/VIS-CIV-WS-M0500-ATMOSPHERE.webp","content/civilization-atlas/visuals/civilization-visual-approved-bindings-v2.json; content/civilization-atlas/visuals/civilization-visual-owner-acceptance-2026-09-19.json","WORLD_SNAPSHOT_ATMOSPHERE","/world/ registered source explorer","/world?visual=VIS-CIV-WS-M0500-ATMOSPHERE&atlas=world&snapshot=WS-M0500","Native Atlas contextual/detail reader","Fluid aspect ratio / full-resolution dialog","On selected source/detail","REGISTERED_DETAIL_AVAILABLE","Registered WS-M0500 detail; contextual historical illustration, separate from current evidence. This individual asset was not selected in this wave.","REGISTRY_UPLOADED_VERIFIED_NOT_RE_REQUESTED","","image/webp","492928","NOT_INDIVIDUALLY_DECODED_THIS_TASK","Registry containsText=false; native HTML supplies localized names. Not individually content-reviewed this wave."
"VIS-CIV-WS-0001-ATMOSPHERE","images/civilization-atlas/snapshots/VIS-CIV-WS-0001-ATMOSPHERE.webp","content/civilization-atlas/visuals/civilization-visual-approved-bindings-v2.json; content/civilization-atlas/visuals/civilization-visual-owner-acceptance-2026-09-19.json","WORLD_SNAPSHOT_ATMOSPHERE","/world/ registered source explorer","/world?visual=VIS-CIV-WS-0001-ATMOSPHERE&atlas=world&snapshot=WS-0001","Native Atlas contextual/detail reader","Fluid aspect ratio / full-resolution dialog","On selected source/detail","REGISTERED_DETAIL_AVAILABLE","Registered WS-0001 detail; contextual historical illustration, separate from current evidence. This individual asset was not selected in this wave.","REGISTRY_UPLOADED_VERIFIED_NOT_RE_REQUESTED","","image/webp","570690","NOT_INDIVIDUALLY_DECODED_THIS_TASK","Registry containsText=false; native HTML supplies localized names. Not individually content-reviewed this wave."
"VIS-CIV-WS-0500-ATMOSPHERE","images/civilization-atlas/snapshots/VIS-CIV-WS-0500-ATMOSPHERE.webp","content/civilization-atlas/visuals/civilization-visual-approved-bindings-v2.json; content/civilization-atlas/visuals/civilization-visual-owner-acceptance-2026-09-19.json","WORLD_SNAPSHOT_ATMOSPHERE","/world/ registered source explorer","/world?visual=VIS-CIV-WS-0500-ATMOSPHERE&atlas=world&snapshot=WS-0500","Native Atlas contextual/detail reader","Fluid aspect ratio / full-resolution dialog","On selected source/detail","REGISTERED_DETAIL_AVAILABLE","Registered WS-0500 detail; contextual historical illustration, separate from current evidence. This individual asset was not selected in this wave.","REGISTRY_UPLOADED_VERIFIED_NOT_RE_REQUESTED","","image/webp","555246","NOT_INDIVIDUALLY_DECODED_THIS_TASK","Registry containsText=false; native HTML supplies localized names. Not individually content-reviewed this wave."
"VIS-CIV-WS-1000-ATMOSPHERE","images/civilization-atlas/snapshots/VIS-CIV-WS-1000-ATMOSPHERE.webp","content/civilization-atlas/visuals/civilization-visual-approved-bindings-v2.json; content/civilization-atlas/visuals/civilization-visual-owner-acceptance-2026-09-19.json","WORLD_SNAPSHOT_ATMOSPHERE","/world/ registered source explorer","/world?visual=VIS-CIV-WS-1000-ATMOSPHERE&atlas=world&snapshot=WS-1000","Native Atlas contextual/detail reader","Fluid aspect ratio / full-resolution dialog","On selected source/detail","REGISTERED_DETAIL_AVAILABLE","Registered WS-1000 detail; contextual historical illustration, separate from current evidence. This individual asset was not selected in this wave.","REGISTRY_UPLOADED_VERIFIED_NOT_RE_REQUESTED","","image/webp","473936","NOT_INDIVIDUALLY_DECODED_THIS_TASK","Registry containsText=false; native HTML supplies localized names. Not individually content-reviewed this wave."
"VIS-CIV-WS-1250-ATMOSPHERE","images/civilization-atlas/snapshots/VIS-CIV-WS-1250-ATMOSPHERE.webp","content/civilization-atlas/visuals/civilization-visual-approved-bindings-v2.json; content/civilization-atlas/visuals/civilization-visual-owner-acceptance-2026-09-19.json","WORLD_SNAPSHOT_ATMOSPHERE","/world/ registered source explorer","/world?visual=VIS-CIV-WS-1250-ATMOSPHERE&atlas=world&snapshot=WS-1250","Native Atlas contextual/detail reader","Fluid aspect ratio / full-resolution dialog","On selected source/detail","REGISTERED_DETAIL_AVAILABLE","Registered WS-1250 detail; contextual historical illustration, separate from current evidence. This individual asset was not selected in this wave.","REGISTRY_UPLOADED_VERIFIED_NOT_RE_REQUESTED","","image/webp","561516","NOT_INDIVIDUALLY_DECODED_THIS_TASK","Registry containsText=false; native HTML supplies localized names. Not individually content-reviewed this wave."
"VIS-CIV-WS-1500-ATMOSPHERE","images/civilization-atlas/snapshots/VIS-CIV-WS-1500-ATMOSPHERE.webp","content/civilization-atlas/visuals/civilization-visual-approved-bindings-v2.json; content/civilization-atlas/visuals/civilization-visual-owner-acceptance-2026-09-19.json","WORLD_SNAPSHOT_ATMOSPHERE","/world/ registered source explorer","/world?visual=VIS-CIV-WS-1500-ATMOSPHERE&atlas=world&snapshot=WS-1500","Native Atlas contextual/detail reader","Fluid aspect ratio / full-resolution dialog","On selected source/detail","REGISTERED_DETAIL_AVAILABLE","Registered WS-1500 detail; contextual historical illustration, separate from current evidence. This individual asset was not selected in this wave.","REGISTRY_UPLOADED_VERIFIED_NOT_RE_REQUESTED","","image/webp","587968","NOT_INDIVIDUALLY_DECODED_THIS_TASK","Registry containsText=false; native HTML supplies localized names. Not individually content-reviewed this wave."
"VIS-CIV-WS-1750-ATMOSPHERE","images/civilization-atlas/snapshots/VIS-CIV-WS-1750-ATMOSPHERE.webp","content/civilization-atlas/visuals/civilization-visual-approved-bindings-v2.json; content/civilization-atlas/visuals/civilization-visual-owner-acceptance-2026-09-19.json","WORLD_SNAPSHOT_ATMOSPHERE","/world/ registered source explorer","/world?visual=VIS-CIV-WS-1750-ATMOSPHERE&atlas=world&snapshot=WS-1750","Native Atlas contextual/detail reader","Fluid aspect ratio / full-resolution dialog","On selected source/detail","REGISTERED_DETAIL_AVAILABLE","Registered WS-1750 detail; contextual historical illustration, separate from current evidence. This individual asset was not selected in this wave.","REGISTRY_UPLOADED_VERIFIED_NOT_RE_REQUESTED","","image/webp","543272","NOT_INDIVIDUALLY_DECODED_THIS_TASK","Registry containsText=false; native HTML supplies localized names. Not individually content-reviewed this wave."
"VIS-CIV-WS-1850-ATMOSPHERE","images/civilization-atlas/snapshots/VIS-CIV-WS-1850-ATMOSPHERE.webp","content/civilization-atlas/visuals/civilization-visual-approved-bindings-v2.json; content/civilization-atlas/visuals/civilization-visual-owner-acceptance-2026-09-19.json","WORLD_SNAPSHOT_ATMOSPHERE","/world/ registered source explorer","/world?visual=VIS-CIV-WS-1850-ATMOSPHERE&atlas=world&snapshot=WS-1850","Native Atlas contextual/detail reader","Fluid aspect ratio / full-resolution dialog","On selected source/detail","REGISTERED_DETAIL_AVAILABLE","Registered WS-1850 detail; contextual historical illustration, separate from current evidence. This individual asset was not selected in this wave.","REGISTRY_UPLOADED_VERIFIED_NOT_RE_REQUESTED","","image/webp","531492","NOT_INDIVIDUALLY_DECODED_THIS_TASK","Registry containsText=false; native HTML supplies localized names. Not individually content-reviewed this wave."
"VIS-CIV-WS-1914-ATMOSPHERE","images/civilization-atlas/snapshots/VIS-CIV-WS-1914-ATMOSPHERE.webp","content/civilization-atlas/visuals/civilization-visual-approved-bindings-v2.json; content/civilization-atlas/visuals/civilization-visual-owner-acceptance-2026-09-19.json","WORLD_SNAPSHOT_ATMOSPHERE","/world/ registered source explorer","/world?visual=VIS-CIV-WS-1914-ATMOSPHERE&atlas=world&snapshot=WS-1914","Native Atlas contextual/detail reader","Fluid aspect ratio / full-resolution dialog","On selected source/detail","REGISTERED_DETAIL_AVAILABLE","Registered WS-1914 detail; contextual historical illustration, separate from current evidence. This individual asset was not selected in this wave.","REGISTRY_UPLOADED_VERIFIED_NOT_RE_REQUESTED","","image/webp","605696","NOT_INDIVIDUALLY_DECODED_THIS_TASK","Registry containsText=false; native HTML supplies localized names. Not individually content-reviewed this wave."
"VIS-CIV-WS-1945-ATMOSPHERE","images/civilization-atlas/snapshots/VIS-CIV-WS-1945-ATMOSPHERE.webp","content/civilization-atlas/visuals/civilization-visual-approved-bindings-v2.json; content/civilization-atlas/visuals/civilization-visual-owner-acceptance-2026-09-19.json","WORLD_SNAPSHOT_ATMOSPHERE","/world/ registered source explorer","/world?visual=VIS-CIV-WS-1945-ATMOSPHERE&atlas=world&snapshot=WS-1945","Native Atlas contextual/detail reader","Fluid aspect ratio / full-resolution dialog","On selected source/detail","REGISTERED_DETAIL_AVAILABLE","Registered WS-1945 detail; contextual historical illustration, separate from current evidence. This individual asset was not selected in this wave.","REGISTRY_UPLOADED_VERIFIED_NOT_RE_REQUESTED","","image/webp","573868","NOT_INDIVIDUALLY_DECODED_THIS_TASK","Registry containsText=false; native HTML supplies localized names. Not individually content-reviewed this wave."
"VIS-CIV-WS-1980-ATMOSPHERE","images/civilization-atlas/snapshots/VIS-CIV-WS-1980-ATMOSPHERE.webp","content/civilization-atlas/visuals/civilization-visual-approved-bindings-v2.json; content/civilization-atlas/visuals/civilization-visual-owner-acceptance-2026-09-19.json","WORLD_SNAPSHOT_ATMOSPHERE","/world/ registered source explorer","/world?visual=VIS-CIV-WS-1980-ATMOSPHERE&atlas=world&snapshot=WS-1980","Native Atlas contextual/detail reader","Fluid aspect ratio / full-resolution dialog","On selected source/detail","REGISTERED_DETAIL_AVAILABLE","Registered WS-1980 detail; contextual historical illustration, separate from current evidence. This individual asset was not selected in this wave.","REGISTRY_UPLOADED_VERIFIED_NOT_RE_REQUESTED","","image/webp","633548","NOT_INDIVIDUALLY_DECODED_THIS_TASK","Registry containsText=false; native HTML supplies localized names. Not individually content-reviewed this wave."
"VIS-CIV-WS-2000-ATMOSPHERE","images/civilization-atlas/snapshots/VIS-CIV-WS-2000-ATMOSPHERE.webp","content/civilization-atlas/visuals/civilization-visual-approved-bindings-v2.json; content/civilization-atlas/visuals/civilization-visual-owner-acceptance-2026-09-19.json","WORLD_SNAPSHOT_ATMOSPHERE","/world/ registered source explorer","/world?visual=VIS-CIV-WS-2000-ATMOSPHERE&atlas=world&snapshot=WS-2000","Native Atlas contextual/detail reader","Fluid aspect ratio / full-resolution dialog","On selected source/detail","REGISTERED_DETAIL_AVAILABLE","Registered WS-2000 detail; contextual historical illustration, separate from current evidence. This individual asset was not selected in this wave.","REGISTRY_UPLOADED_VERIFIED_NOT_RE_REQUESTED","","image/webp","635518","NOT_INDIVIDUALLY_DECODED_THIS_TASK","Registry containsText=false; native HTML supplies localized names. Not individually content-reviewed this wave."
"VIS-CIV-WS-2026-ATMOSPHERE","images/civilization-atlas/snapshots/VIS-CIV-WS-2026-ATMOSPHERE.webp","content/civilization-atlas/visuals/civilization-visual-approved-bindings-v2.json; content/civilization-atlas/visuals/civilization-visual-owner-acceptance-2026-09-19.json","WORLD_SNAPSHOT_ATMOSPHERE","/world/ registered source explorer","/world?visual=VIS-CIV-WS-2026-ATMOSPHERE&atlas=world&snapshot=WS-2026","Native Atlas contextual/detail reader","Fluid aspect ratio / full-resolution dialog","On selected source/detail","BOUND_AND_BROWSER_DECODED","Registered WS-2026 detail; contextual historical illustration, separate from current evidence. This individual asset was rendered in this wave.","PASS","200","image/webp","604022","1672×941","Registry containsText=false; native HTML supplies localized names. Not individually content-reviewed this wave."
"VIS-CIV-CF-CONTINENTAL_EMPIRE","images/civilization-atlas/comparison/VIS-CIV-CF-CONTINENTAL_EMPIRE.webp","content/civilization-atlas/visuals/civilization-visual-approved-bindings-v2.json; content/civilization-atlas/visuals/civilization-visual-owner-acceptance-2026-09-19.json","COMPARISON_FAMILY","/world/ registered source explorer","/world?visual=VIS-CIV-CF-CONTINENTAL_EMPIRE&atlas=comparison&family=CONTINENTAL_EMPIRE","Native Atlas contextual/detail reader","Fluid aspect ratio / full-resolution dialog","On selected source/detail","REGISTERED_DETAIL_AVAILABLE","Registered CONTINENTAL_EMPIRE detail; contextual historical illustration, separate from current evidence. This individual asset was not selected in this wave.","REGISTRY_UPLOADED_VERIFIED_NOT_RE_REQUESTED","","image/webp","797352","NOT_INDIVIDUALLY_DECODED_THIS_TASK","Registry containsText=false; native HTML supplies localized names. Not individually content-reviewed this wave."
"VIS-CIV-CF-POLYCENTRIC_CIVILIZATION","images/civilization-atlas/comparison/VIS-CIV-CF-POLYCENTRIC_CIVILIZATION.webp","content/civilization-atlas/visuals/civilization-visual-approved-bindings-v2.json; content/civilization-atlas/visuals/civilization-visual-owner-acceptance-2026-09-19.json","COMPARISON_FAMILY","/world/ registered source explorer","/world?visual=VIS-CIV-CF-POLYCENTRIC_CIVILIZATION&atlas=comparison&family=POLYCENTRIC_CIVILIZATION","Native Atlas contextual/detail reader","Fluid aspect ratio / full-resolution dialog","On selected source/detail","REGISTERED_DETAIL_AVAILABLE","Registered POLYCENTRIC_CIVILIZATION detail; contextual historical illustration, separate from current evidence. This individual asset was not selected in this wave.","REGISTRY_UPLOADED_VERIFIED_NOT_RE_REQUESTED","","image/webp","799784","NOT_INDIVIDUALLY_DECODED_THIS_TASK","Registry containsText=false; native HTML supplies localized names. Not individually content-reviewed this wave."
"VIS-CIV-CF-MARITIME_CIVILIZATION","images/civilization-atlas/comparison/VIS-CIV-CF-MARITIME_CIVILIZATION.webp","content/civilization-atlas/visuals/civilization-visual-approved-bindings-v2.json; content/civilization-atlas/visuals/civilization-visual-owner-acceptance-2026-09-19.json","COMPARISON_FAMILY","/world/ registered source explorer","/world?visual=VIS-CIV-CF-MARITIME_CIVILIZATION&atlas=comparison&family=MARITIME_CIVILIZATION","Native Atlas contextual/detail reader","Fluid aspect ratio / full-resolution dialog","On selected source/detail","REGISTERED_DETAIL_AVAILABLE","Registered MARITIME_CIVILIZATION detail; contextual historical illustration, separate from current evidence. This individual asset was not selected in this wave.","REGISTRY_UPLOADED_VERIFIED_NOT_RE_REQUESTED","","image/webp","793324","NOT_INDIVIDUALLY_DECODED_THIS_TASK","Registry containsText=false; native HTML supplies localized names. Not individually content-reviewed this wave."
"VIS-CIV-CF-KNOWLEDGE_EXPANSION","images/civilization-atlas/comparison/VIS-CIV-CF-KNOWLEDGE_EXPANSION.webp","content/civilization-atlas/visuals/civilization-visual-approved-bindings-v2.json; content/civilization-atlas/visuals/civilization-visual-owner-acceptance-2026-09-19.json","COMPARISON_FAMILY","/world/ registered source explorer","/world?visual=VIS-CIV-CF-KNOWLEDGE_EXPANSION&atlas=comparison&family=KNOWLEDGE_EXPANSION","Native Atlas contextual/detail reader","Fluid aspect ratio / full-resolution dialog","On selected source/detail","REGISTERED_DETAIL_AVAILABLE","Registered KNOWLEDGE_EXPANSION detail; contextual historical illustration, separate from current evidence. This individual asset was not selected in this wave.","REGISTRY_UPLOADED_VERIFIED_NOT_RE_REQUESTED","","image/webp","662430","NOT_INDIVIDUALLY_DECODED_THIS_TASK","Registry containsText=false; native HTML supplies localized names. Not individually content-reviewed this wave."
"VIS-CIV-CF-COMMERCIAL_NETWORK","images/civilization-atlas/comparison/VIS-CIV-CF-COMMERCIAL_NETWORK.webp","content/civilization-atlas/visuals/civilization-visual-approved-bindings-v2.json; content/civilization-atlas/visuals/civilization-visual-owner-acceptance-2026-09-19.json","COMPARISON_FAMILY","/world/ registered source explorer","/world?visual=VIS-CIV-CF-COMMERCIAL_NETWORK&atlas=comparison&family=COMMERCIAL_NETWORK","Native Atlas contextual/detail reader","Fluid aspect ratio / full-resolution dialog","On selected source/detail","REGISTERED_DETAIL_AVAILABLE","Registered COMMERCIAL_NETWORK detail; contextual historical illustration, separate from current evidence. This individual asset was not selected in this wave.","REGISTRY_UPLOADED_VERIFIED_NOT_RE_REQUESTED","","image/webp","806700","NOT_INDIVIDUALLY_DECODED_THIS_TASK","Registry containsText=false; native HTML supplies localized names. Not individually content-reviewed this wave."
"VIS-CIV-CF-INDUSTRIAL_MODERN_TRANSFORMATION","images/civilization-atlas/comparison/VIS-CIV-CF-INDUSTRIAL_MODERN_TRANSFORMATION.webp","content/civilization-atlas/visuals/civilization-visual-approved-bindings-v2.json; content/civilization-atlas/visuals/civilization-visual-owner-acceptance-2026-09-19.json","COMPARISON_FAMILY","/world/ registered source explorer","/world?visual=VIS-CIV-CF-INDUSTRIAL_MODERN_TRANSFORMATION&atlas=comparison&family=INDUSTRIAL_MODERN_TRANSFORMATION","Native Atlas contextual/detail reader","Fluid aspect ratio / full-resolution dialog","On selected source/detail","REGISTERED_DETAIL_AVAILABLE","Registered INDUSTRIAL_MODERN_TRANSFORMATION detail; contextual historical illustration, separate from current evidence. This individual asset was not selected in this wave.","REGISTRY_UPLOADED_VERIFIED_NOT_RE_REQUESTED","","image/webp","769612","NOT_INDIVIDUALLY_DECODED_THIS_TASK","Registry containsText=false; native HTML supplies localized names. Not individually content-reviewed this wave."
"VIS-CIV-TRJ-POPULATION","images/civilization-atlas/trajectories/VIS-CIV-TRJ-POPULATION.webp","content/civilization-atlas/visuals/civilization-visual-approved-bindings-v2.json; content/civilization-atlas/visuals/civilization-visual-owner-acceptance-2026-09-19.json","TRAJECTORY_MOTIF","/world/ registered source explorer","/world?visual=VIS-CIV-TRJ-POPULATION&atlas=trajectories&trajectories=POPULATION","Native Atlas contextual/detail reader","Fluid aspect ratio / full-resolution dialog","On selected source/detail","REGISTERED_DETAIL_AVAILABLE","Registered POPULATION detail; contextual historical illustration, separate from current evidence. This individual asset was not selected in this wave.","REGISTRY_UPLOADED_VERIFIED_NOT_RE_REQUESTED","","image/webp","486944","NOT_INDIVIDUALLY_DECODED_THIS_TASK","Registry containsText=false; native HTML supplies localized names. Not individually content-reviewed this wave."
"VIS-CIV-TRJ-URBAN_DENSITY","images/civilization-atlas/trajectories/VIS-CIV-TRJ-URBAN_DENSITY.webp","content/civilization-atlas/visuals/civilization-visual-approved-bindings-v2.json; content/civilization-atlas/visuals/civilization-visual-owner-acceptance-2026-09-19.json","TRAJECTORY_MOTIF","/world/ registered source explorer","/world?visual=VIS-CIV-TRJ-URBAN_DENSITY&atlas=trajectories&trajectories=URBAN_DENSITY","Native Atlas contextual/detail reader","Fluid aspect ratio / full-resolution dialog","On selected source/detail","REGISTERED_DETAIL_AVAILABLE","Registered URBAN_DENSITY detail; contextual historical illustration, separate from current evidence. This individual asset was not selected in this wave.","REGISTRY_UPLOADED_VERIFIED_NOT_RE_REQUESTED","","image/webp","502892","NOT_INDIVIDUALLY_DECODED_THIS_TASK","Registry containsText=false; native HTML supplies localized names. Not individually content-reviewed this wave."
"VIS-CIV-TRJ-ENERGY","images/civilization-atlas/trajectories/VIS-CIV-TRJ-ENERGY.webp","content/civilization-atlas/visuals/civilization-visual-approved-bindings-v2.json; content/civilization-atlas/visuals/civilization-visual-owner-acceptance-2026-09-19.json","TRAJECTORY_MOTIF","/world/ registered source explorer","/world?visual=VIS-CIV-TRJ-ENERGY&atlas=trajectories&trajectories=ENERGY","Native Atlas contextual/detail reader","Fluid aspect ratio / full-resolution dialog","On selected source/detail","REGISTERED_DETAIL_AVAILABLE","Registered ENERGY detail; contextual historical illustration, separate from current evidence. This individual asset was not selected in this wave.","REGISTRY_UPLOADED_VERIFIED_NOT_RE_REQUESTED","","image/webp","489504","NOT_INDIVIDUALLY_DECODED_THIS_TASK","Registry containsText=false; native HTML supplies localized names. Not individually content-reviewed this wave."
"VIS-CIV-TRJ-SURPLUS_BUFFER","images/civilization-atlas/trajectories/VIS-CIV-TRJ-SURPLUS_BUFFER.webp","content/civilization-atlas/visuals/civilization-visual-approved-bindings-v2.json; content/civilization-atlas/visuals/civilization-visual-owner-acceptance-2026-09-19.json","TRAJECTORY_MOTIF","/world/ registered source explorer","/world?visual=VIS-CIV-TRJ-SURPLUS_BUFFER&atlas=trajectories&trajectories=SURPLUS_BUFFER","Native Atlas contextual/detail reader","Fluid aspect ratio / full-resolution dialog","On selected source/detail","REGISTERED_DETAIL_AVAILABLE","Registered SURPLUS_BUFFER detail; contextual historical illustration, separate from current evidence. This individual asset was not selected in this wave.","REGISTRY_UPLOADED_VERIFIED_NOT_RE_REQUESTED","","image/webp","538970","NOT_INDIVIDUALLY_DECODED_THIS_TASK","Registry containsText=false; native HTML supplies localized names. Not individually content-reviewed this wave."
"VIS-CIV-TRJ-MEMORY_CAPACITY","images/civilization-atlas/trajectories/VIS-CIV-TRJ-MEMORY_CAPACITY.webp","content/civilization-atlas/visuals/civilization-visual-approved-bindings-v2.json; content/civilization-atlas/visuals/civilization-visual-owner-acceptance-2026-09-19.json","TRAJECTORY_MOTIF","/world/ registered source explorer","/world?visual=VIS-CIV-TRJ-MEMORY_CAPACITY&atlas=trajectories&trajectories=MEMORY_CAPACITY","Native Atlas contextual/detail reader","Fluid aspect ratio / full-resolution dialog","On selected source/detail","REGISTERED_DETAIL_AVAILABLE","Registered MEMORY_CAPACITY detail; contextual historical illustration, separate from current evidence. This individual asset was not selected in this wave.","REGISTRY_UPLOADED_VERIFIED_NOT_RE_REQUESTED","","image/webp","549428","NOT_INDIVIDUALLY_DECODED_THIS_TASK","Registry containsText=false; native HTML supplies localized names. Not individually content-reviewed this wave."
"VIS-CIV-TRJ-INFORMATION_VELOCITY","images/civilization-atlas/trajectories/VIS-CIV-TRJ-INFORMATION_VELOCITY.webp","content/civilization-atlas/visuals/civilization-visual-approved-bindings-v2.json; content/civilization-atlas/visuals/civilization-visual-owner-acceptance-2026-09-19.json","TRAJECTORY_MOTIF","/world/ registered source explorer","/world?visual=VIS-CIV-TRJ-INFORMATION_VELOCITY&atlas=trajectories&trajectories=INFORMATION_VELOCITY","Native Atlas contextual/detail reader","Fluid aspect ratio / full-resolution dialog","On selected source/detail","REGISTERED_DETAIL_AVAILABLE","Registered INFORMATION_VELOCITY detail; contextual historical illustration, separate from current evidence. This individual asset was not selected in this wave.","REGISTRY_UPLOADED_VERIFIED_NOT_RE_REQUESTED","","image/webp","495402","NOT_INDIVIDUALLY_DECODED_THIS_TASK","Registry containsText=false; native HTML supplies localized names. Not individually content-reviewed this wave."
"VIS-CIV-TRJ-MOBILITY_RADIUS","images/civilization-atlas/trajectories/VIS-CIV-TRJ-MOBILITY_RADIUS.webp","content/civilization-atlas/visuals/civilization-visual-approved-bindings-v2.json; content/civilization-atlas/visuals/civilization-visual-owner-acceptance-2026-09-19.json","TRAJECTORY_MOTIF","/world/ registered source explorer","/world?visual=VIS-CIV-TRJ-MOBILITY_RADIUS&atlas=trajectories&trajectories=MOBILITY_RADIUS","Native Atlas contextual/detail reader","Fluid aspect ratio / full-resolution dialog","On selected source/detail","REGISTERED_DETAIL_AVAILABLE","Registered MOBILITY_RADIUS detail; contextual historical illustration, separate from current evidence. This individual asset was not selected in this wave.","REGISTRY_UPLOADED_VERIFIED_NOT_RE_REQUESTED","","image/webp","547398","NOT_INDIVIDUALLY_DECODED_THIS_TASK","Registry containsText=false; native HTML supplies localized names. Not individually content-reviewed this wave."
"VIS-CIV-TRJ-COORDINATION_SCALE","images/civilization-atlas/trajectories/VIS-CIV-TRJ-COORDINATION_SCALE.webp","content/civilization-atlas/visuals/civilization-visual-approved-bindings-v2.json; content/civilization-atlas/visuals/civilization-visual-owner-acceptance-2026-09-19.json","TRAJECTORY_MOTIF","/world/ registered source explorer","/world?visual=VIS-CIV-TRJ-COORDINATION_SCALE&atlas=trajectories&trajectories=COORDINATION_SCALE","Native Atlas contextual/detail reader","Fluid aspect ratio / full-resolution dialog","On selected source/detail","REGISTERED_DETAIL_AVAILABLE","Registered COORDINATION_SCALE detail; contextual historical illustration, separate from current evidence. This individual asset was not selected in this wave.","REGISTRY_UPLOADED_VERIFIED_NOT_RE_REQUESTED","","image/webp","605672","NOT_INDIVIDUALLY_DECODED_THIS_TASK","Registry containsText=false; native HTML supplies localized names. Not individually content-reviewed this wave."
"VIS-CIV-TRJ-INSTITUTIONAL_COMPLEXITY","images/civilization-atlas/trajectories/VIS-CIV-TRJ-INSTITUTIONAL_COMPLEXITY.webp","content/civilization-atlas/visuals/civilization-visual-approved-bindings-v2.json; content/civilization-atlas/visuals/civilization-visual-owner-acceptance-2026-09-19.json","TRAJECTORY_MOTIF","/world/ registered source explorer","/world?visual=VIS-CIV-TRJ-INSTITUTIONAL_COMPLEXITY&atlas=trajectories&trajectories=INSTITUTIONAL_COMPLEXITY","Native Atlas contextual/detail reader","Fluid aspect ratio / full-resolution dialog","On selected source/detail","REGISTERED_DETAIL_AVAILABLE","Registered INSTITUTIONAL_COMPLEXITY detail; contextual historical illustration, separate from current evidence. This individual asset was not selected in this wave.","REGISTRY_UPLOADED_VERIFIED_NOT_RE_REQUESTED","","image/webp","503174","NOT_INDIVIDUALLY_DECODED_THIS_TASK","Registry containsText=false; native HTML supplies localized names. Not individually content-reviewed this wave."
"VIS-CIV-TRJ-ECONOMIC_CONNECTIVITY","images/civilization-atlas/trajectories/VIS-CIV-TRJ-ECONOMIC_CONNECTIVITY.webp","content/civilization-atlas/visuals/civilization-visual-approved-bindings-v2.json; content/civilization-atlas/visuals/civilization-visual-owner-acceptance-2026-09-19.json","TRAJECTORY_MOTIF","/world/ registered source explorer","/world?visual=VIS-CIV-TRJ-ECONOMIC_CONNECTIVITY&atlas=trajectories&trajectories=ECONOMIC_CONNECTIVITY","Native Atlas contextual/detail reader","Fluid aspect ratio / full-resolution dialog","On selected source/detail","REGISTERED_DETAIL_AVAILABLE","Registered ECONOMIC_CONNECTIVITY detail; contextual historical illustration, separate from current evidence. This individual asset was not selected in this wave.","REGISTRY_UPLOADED_VERIFIED_NOT_RE_REQUESTED","","image/webp","504220","NOT_INDIVIDUALLY_DECODED_THIS_TASK","Registry containsText=false; native HTML supplies localized names. Not individually content-reviewed this wave."
"VIS-CIV-TRJ-INFRASTRUCTURE_DEPENDENCY","images/civilization-atlas/trajectories/VIS-CIV-TRJ-INFRASTRUCTURE_DEPENDENCY.webp","content/civilization-atlas/visuals/civilization-visual-approved-bindings-v2.json; content/civilization-atlas/visuals/civilization-visual-owner-acceptance-2026-09-19.json","TRAJECTORY_MOTIF","/world/ registered source explorer","/world?visual=VIS-CIV-TRJ-INFRASTRUCTURE_DEPENDENCY&atlas=trajectories&trajectories=INFRASTRUCTURE_DEPENDENCY","Native Atlas contextual/detail reader","Fluid aspect ratio / full-resolution dialog","On selected source/detail","REGISTERED_DETAIL_AVAILABLE","Registered INFRASTRUCTURE_DEPENDENCY detail; contextual historical illustration, separate from current evidence. This individual asset was not selected in this wave.","REGISTRY_UPLOADED_VERIFIED_NOT_RE_REQUESTED","","image/webp","541258","NOT_INDIVIDUALLY_DECODED_THIS_TASK","Registry containsText=false; native HTML supplies localized names. Not individually content-reviewed this wave."
"VIS-CIV-TRJ-DISEASE_COUPLING","images/civilization-atlas/trajectories/VIS-CIV-TRJ-DISEASE_COUPLING.webp","content/civilization-atlas/visuals/civilization-visual-approved-bindings-v2.json; content/civilization-atlas/visuals/civilization-visual-owner-acceptance-2026-09-19.json","TRAJECTORY_MOTIF","/world/ registered source explorer","/world?visual=VIS-CIV-TRJ-DISEASE_COUPLING&atlas=trajectories&trajectories=DISEASE_COUPLING","Native Atlas contextual/detail reader","Fluid aspect ratio / full-resolution dialog","On selected source/detail","REGISTERED_DETAIL_AVAILABLE","Registered DISEASE_COUPLING detail; contextual historical illustration, separate from current evidence. This individual asset was not selected in this wave.","REGISTRY_UPLOADED_VERIFIED_NOT_RE_REQUESTED","","image/webp","511632","NOT_INDIVIDUALLY_DECODED_THIS_TASK","Registry containsText=false; native HTML supplies localized names. Not individually content-reviewed this wave."
"VIS-CIV-TRJ-MEANING_NETWORK_REACH","images/civilization-atlas/trajectories/VIS-CIV-TRJ-MEANING_NETWORK_REACH.webp","content/civilization-atlas/visuals/civilization-visual-approved-bindings-v2.json; content/civilization-atlas/visuals/civilization-visual-owner-acceptance-2026-09-19.json","TRAJECTORY_MOTIF","/world/ registered source explorer","/world?visual=VIS-CIV-TRJ-MEANING_NETWORK_REACH&atlas=trajectories&trajectories=MEANING_NETWORK_REACH","Native Atlas contextual/detail reader","Fluid aspect ratio / full-resolution dialog","On selected source/detail","REGISTERED_DETAIL_AVAILABLE","Registered MEANING_NETWORK_REACH detail; contextual historical illustration, separate from current evidence. This individual asset was not selected in this wave.","REGISTRY_UPLOADED_VERIFIED_NOT_RE_REQUESTED","","image/webp","505376","NOT_INDIVIDUALLY_DECODED_THIS_TASK","Registry containsText=false; native HTML supplies localized names. Not individually content-reviewed this wave."
"VIS-CIV-TRJ-KNOWLEDGE_PARTICIPATION","images/civilization-atlas/trajectories/VIS-CIV-TRJ-KNOWLEDGE_PARTICIPATION.webp","content/civilization-atlas/visuals/civilization-visual-approved-bindings-v2.json; content/civilization-atlas/visuals/civilization-visual-owner-acceptance-2026-09-19.json","TRAJECTORY_MOTIF","/world/ registered source explorer","/world?visual=VIS-CIV-TRJ-KNOWLEDGE_PARTICIPATION&atlas=trajectories&trajectories=KNOWLEDGE_PARTICIPATION","Native Atlas contextual/detail reader","Fluid aspect ratio / full-resolution dialog","On selected source/detail","REGISTERED_DETAIL_AVAILABLE","Registered KNOWLEDGE_PARTICIPATION detail; contextual historical illustration, separate from current evidence. This individual asset was not selected in this wave.","REGISTRY_UPLOADED_VERIFIED_NOT_RE_REQUESTED","","image/webp","504412","NOT_INDIVIDUALLY_DECODED_THIS_TASK","Registry containsText=false; native HTML supplies localized names. Not individually content-reviewed this wave."
"VIS-CIV-TRJ-COMPUTATIONAL_CAPACITY","images/civilization-atlas/trajectories/VIS-CIV-TRJ-COMPUTATIONAL_CAPACITY.webp","content/civilization-atlas/visuals/civilization-visual-approved-bindings-v2.json; content/civilization-atlas/visuals/civilization-visual-owner-acceptance-2026-09-19.json","TRAJECTORY_MOTIF","/world/ registered source explorer","/world?visual=VIS-CIV-TRJ-COMPUTATIONAL_CAPACITY&atlas=trajectories&trajectories=COMPUTATIONAL_CAPACITY","Native Atlas contextual/detail reader","Fluid aspect ratio / full-resolution dialog","On selected source/detail","REGISTERED_DETAIL_AVAILABLE","Registered COMPUTATIONAL_CAPACITY detail; contextual historical illustration, separate from current evidence. This individual asset was not selected in this wave.","REGISTRY_UPLOADED_VERIFIED_NOT_RE_REQUESTED","","image/webp","490722","NOT_INDIVIDUALLY_DECODED_THIS_TASK","Registry containsText=false; native HTML supplies localized names. Not individually content-reviewed this wave."
"VIS-CIV-TRJ-LOAD_FUTURE_CAPACITY","images/civilization-atlas/trajectories/VIS-CIV-TRJ-LOAD_FUTURE_CAPACITY.webp","content/civilization-atlas/visuals/civilization-visual-approved-bindings-v2.json; content/civilization-atlas/visuals/civilization-visual-owner-acceptance-2026-09-19.json","TRAJECTORY_MOTIF","/world/ registered source explorer","/world?visual=VIS-CIV-TRJ-LOAD_FUTURE_CAPACITY&atlas=trajectories&trajectories=LOAD_FUTURE_CAPACITY","Native Atlas contextual/detail reader","Fluid aspect ratio / full-resolution dialog","On selected source/detail","REGISTERED_DETAIL_AVAILABLE","Registered LOAD_FUTURE_CAPACITY detail; contextual historical illustration, separate from current evidence. This individual asset was not selected in this wave.","REGISTRY_UPLOADED_VERIFIED_NOT_RE_REQUESTED","","image/webp","499964","NOT_INDIVIDUALLY_DECODED_THIS_TASK","Registry containsText=false; native HTML supplies localized names. Not individually content-reviewed this wave."
"VIS-CIV-TW-01","images/civilization-atlas/transitions/VIS-CIV-TW-01.webp","content/civilization-atlas/visuals/civilization-visual-approved-bindings-v2.json; content/civilization-atlas/visuals/civilization-visual-owner-acceptance-2026-09-19.json","TRANSITION_WINDOW","/world/ registered source explorer","/world?visual=VIS-CIV-TW-01&atlas=transitions&tw=TW-01","Native Atlas contextual/detail reader","Fluid aspect ratio / full-resolution dialog","On selected source/detail","REGISTERED_DETAIL_AVAILABLE","Registered TW-01 detail; contextual historical illustration, separate from current evidence. This individual asset was not selected in this wave.","REGISTRY_UPLOADED_VERIFIED_NOT_RE_REQUESTED","","image/webp","779482","NOT_INDIVIDUALLY_DECODED_THIS_TASK","Registry containsText=false; native HTML supplies localized names. Not individually content-reviewed this wave."
"VIS-CIV-TW-02","images/civilization-atlas/transitions/VIS-CIV-TW-02.webp","content/civilization-atlas/visuals/civilization-visual-approved-bindings-v2.json; content/civilization-atlas/visuals/civilization-visual-owner-acceptance-2026-09-19.json","TRANSITION_WINDOW","/world/ registered source explorer","/world?visual=VIS-CIV-TW-02&atlas=transitions&tw=TW-02","Native Atlas contextual/detail reader","Fluid aspect ratio / full-resolution dialog","On selected source/detail","REGISTERED_DETAIL_AVAILABLE","Registered TW-02 detail; contextual historical illustration, separate from current evidence. This individual asset was not selected in this wave.","REGISTRY_UPLOADED_VERIFIED_NOT_RE_REQUESTED","","image/webp","779482","NOT_INDIVIDUALLY_DECODED_THIS_TASK","Registry containsText=false; native HTML supplies localized names. Not individually content-reviewed this wave."
"VIS-CIV-TW-03","images/civilization-atlas/transitions/VIS-CIV-TW-03.webp","content/civilization-atlas/visuals/civilization-visual-approved-bindings-v2.json; content/civilization-atlas/visuals/civilization-visual-owner-acceptance-2026-09-19.json","TRANSITION_WINDOW","/world/ registered source explorer","/world?visual=VIS-CIV-TW-03&atlas=transitions&tw=TW-03","Native Atlas contextual/detail reader","Fluid aspect ratio / full-resolution dialog","On selected source/detail","REGISTERED_DETAIL_AVAILABLE","Registered TW-03 detail; contextual historical illustration, separate from current evidence. This individual asset was not selected in this wave.","REGISTRY_UPLOADED_VERIFIED_NOT_RE_REQUESTED","","image/webp","779962","NOT_INDIVIDUALLY_DECODED_THIS_TASK","Registry containsText=false; native HTML supplies localized names. Not individually content-reviewed this wave."
"VIS-CIV-TW-04","images/civilization-atlas/transitions/VIS-CIV-TW-04.webp","content/civilization-atlas/visuals/civilization-visual-approved-bindings-v2.json; content/civilization-atlas/visuals/civilization-visual-owner-acceptance-2026-09-19.json","TRANSITION_WINDOW","/world/ registered source explorer","/world?visual=VIS-CIV-TW-04&atlas=transitions&tw=TW-04","Native Atlas contextual/detail reader","Fluid aspect ratio / full-resolution dialog","On selected source/detail","REGISTERED_DETAIL_AVAILABLE","Registered TW-04 detail; contextual historical illustration, separate from current evidence. This individual asset was not selected in this wave.","REGISTRY_UPLOADED_VERIFIED_NOT_RE_REQUESTED","","image/webp","720842","NOT_INDIVIDUALLY_DECODED_THIS_TASK","Registry containsText=false; native HTML supplies localized names. Not individually content-reviewed this wave."
"VIS-CIV-TW-05","images/civilization-atlas/transitions/VIS-CIV-TW-05.webp","content/civilization-atlas/visuals/civilization-visual-approved-bindings-v2.json; content/civilization-atlas/visuals/civilization-visual-owner-acceptance-2026-09-19.json","TRANSITION_WINDOW","/world/ registered source explorer","/world?visual=VIS-CIV-TW-05&atlas=transitions&tw=TW-05","Native Atlas contextual/detail reader","Fluid aspect ratio / full-resolution dialog","On selected source/detail","REGISTERED_DETAIL_AVAILABLE","Registered TW-05 detail; contextual historical illustration, separate from current evidence. This individual asset was not selected in this wave.","REGISTRY_UPLOADED_VERIFIED_NOT_RE_REQUESTED","","image/webp","730938","NOT_INDIVIDUALLY_DECODED_THIS_TASK","Registry containsText=false; native HTML supplies localized names. Not individually content-reviewed this wave."
"VIS-CIV-TW-06","images/civilization-atlas/transitions/VIS-CIV-TW-06.webp","content/civilization-atlas/visuals/civilization-visual-approved-bindings-v2.json; content/civilization-atlas/visuals/civilization-visual-owner-acceptance-2026-09-19.json","TRANSITION_WINDOW","/world/ registered source explorer","/world?visual=VIS-CIV-TW-06&atlas=transitions&tw=TW-06","Native Atlas contextual/detail reader","Fluid aspect ratio / full-resolution dialog","On selected source/detail","REGISTERED_DETAIL_AVAILABLE","Registered TW-06 detail; contextual historical illustration, separate from current evidence. This individual asset was not selected in this wave.","REGISTRY_UPLOADED_VERIFIED_NOT_RE_REQUESTED","","image/webp","788700","NOT_INDIVIDUALLY_DECODED_THIS_TASK","Registry containsText=false; native HTML supplies localized names. Not individually content-reviewed this wave."
"VIS-CIV-TW-07","images/civilization-atlas/transitions/VIS-CIV-TW-07.webp","content/civilization-atlas/visuals/civilization-visual-approved-bindings-v2.json; content/civilization-atlas/visuals/civilization-visual-owner-acceptance-2026-09-19.json","TRANSITION_WINDOW","/world/ registered source explorer","/world?visual=VIS-CIV-TW-07&atlas=transitions&tw=TW-07","Native Atlas contextual/detail reader","Fluid aspect ratio / full-resolution dialog","On selected source/detail","REGISTERED_DETAIL_AVAILABLE","Registered TW-07 detail; contextual historical illustration, separate from current evidence. This individual asset was not selected in this wave.","REGISTRY_UPLOADED_VERIFIED_NOT_RE_REQUESTED","","image/webp","708298","NOT_INDIVIDUALLY_DECODED_THIS_TASK","Registry containsText=false; native HTML supplies localized names. Not individually content-reviewed this wave."
"VIS-CIV-TW-08","images/civilization-atlas/transitions/VIS-CIV-TW-08.webp","content/civilization-atlas/visuals/civilization-visual-approved-bindings-v2.json; content/civilization-atlas/visuals/civilization-visual-owner-acceptance-2026-09-19.json","TRANSITION_WINDOW","/world/ registered source explorer","/world?visual=VIS-CIV-TW-08&atlas=transitions&tw=TW-08","Native Atlas contextual/detail reader","Fluid aspect ratio / full-resolution dialog","On selected source/detail","REGISTERED_DETAIL_AVAILABLE","Registered TW-08 detail; contextual historical illustration, separate from current evidence. This individual asset was not selected in this wave.","REGISTRY_UPLOADED_VERIFIED_NOT_RE_REQUESTED","","image/webp","787808","NOT_INDIVIDUALLY_DECODED_THIS_TASK","Registry containsText=false; native HTML supplies localized names. Not individually content-reviewed this wave."
"VIS-CIV-TW-09","images/civilization-atlas/transitions/VIS-CIV-TW-09.webp","content/civilization-atlas/visuals/civilization-visual-approved-bindings-v2.json; content/civilization-atlas/visuals/civilization-visual-owner-acceptance-2026-09-19.json","TRANSITION_WINDOW","/world/ registered source explorer","/world?visual=VIS-CIV-TW-09&atlas=transitions&tw=TW-09","Native Atlas contextual/detail reader","Fluid aspect ratio / full-resolution dialog","On selected source/detail","REGISTERED_DETAIL_AVAILABLE","Registered TW-09 detail; contextual historical illustration, separate from current evidence. This individual asset was not selected in this wave.","REGISTRY_UPLOADED_VERIFIED_NOT_RE_REQUESTED","","image/webp","652310","NOT_INDIVIDUALLY_DECODED_THIS_TASK","Registry containsText=false; native HTML supplies localized names. Not individually content-reviewed this wave."
"VIS-CIV-TW-10","images/civilization-atlas/transitions/VIS-CIV-TW-10.webp","content/civilization-atlas/visuals/civilization-visual-approved-bindings-v2.json; content/civilization-atlas/visuals/civilization-visual-owner-acceptance-2026-09-19.json","TRANSITION_WINDOW","/world/ registered source explorer","/world?visual=VIS-CIV-TW-10&atlas=transitions&tw=TW-10","Native Atlas contextual/detail reader","Fluid aspect ratio / full-resolution dialog","On selected source/detail","REGISTERED_DETAIL_AVAILABLE","Registered TW-10 detail; contextual historical illustration, separate from current evidence. This individual asset was not selected in this wave.","REGISTRY_UPLOADED_VERIFIED_NOT_RE_REQUESTED","","image/webp","749228","NOT_INDIVIDUALLY_DECODED_THIS_TASK","Registry containsText=false; native HTML supplies localized names. Not individually content-reviewed this wave."
"VIS-CIV-TW-11","images/civilization-atlas/transitions/VIS-CIV-TW-11.webp","content/civilization-atlas/visuals/civilization-visual-approved-bindings-v2.json; content/civilization-atlas/visuals/civilization-visual-owner-acceptance-2026-09-19.json","TRANSITION_WINDOW","/world/ registered source explorer","/world?visual=VIS-CIV-TW-11&atlas=transitions&tw=TW-11","Native Atlas contextual/detail reader","Fluid aspect ratio / full-resolution dialog","On selected source/detail","REGISTERED_DETAIL_AVAILABLE","Registered TW-11 detail; contextual historical illustration, separate from current evidence. This individual asset was not selected in this wave.","REGISTRY_UPLOADED_VERIFIED_NOT_RE_REQUESTED","","image/webp","591866","NOT_INDIVIDUALLY_DECODED_THIS_TASK","Registry containsText=false; native HTML supplies localized names. Not individually content-reviewed this wave."
"VIS-CIV-TW-12","images/civilization-atlas/transitions/VIS-CIV-TW-12.webp","content/civilization-atlas/visuals/civilization-visual-approved-bindings-v2.json; content/civilization-atlas/visuals/civilization-visual-owner-acceptance-2026-09-19.json","TRANSITION_WINDOW","/world/ registered source explorer","/world?visual=VIS-CIV-TW-12&atlas=transitions&tw=TW-12","Native Atlas contextual/detail reader","Fluid aspect ratio / full-resolution dialog","On selected source/detail","REGISTERED_DETAIL_AVAILABLE","Registered TW-12 detail; contextual historical illustration, separate from current evidence. This individual asset was not selected in this wave.","REGISTRY_UPLOADED_VERIFIED_NOT_RE_REQUESTED","","image/webp","700538","NOT_INDIVIDUALLY_DECODED_THIS_TASK","Registry containsText=false; native HTML supplies localized names. Not individually content-reviewed this wave."
"VIS-CIV-TW-13","images/civilization-atlas/transitions/VIS-CIV-TW-13.webp","content/civilization-atlas/visuals/civilization-visual-approved-bindings-v2.json; content/civilization-atlas/visuals/civilization-visual-owner-acceptance-2026-09-19.json","TRANSITION_WINDOW","/world/ registered source explorer","/world?visual=VIS-CIV-TW-13&atlas=transitions&tw=TW-13","Native Atlas contextual/detail reader","Fluid aspect ratio / full-resolution dialog","On selected source/detail","REGISTERED_DETAIL_AVAILABLE","Registered TW-13 detail; contextual historical illustration, separate from current evidence. This individual asset was not selected in this wave.","REGISTRY_UPLOADED_VERIFIED_NOT_RE_REQUESTED","","image/webp","714994","NOT_INDIVIDUALLY_DECODED_THIS_TASK","Registry containsText=false; native HTML supplies localized names. Not individually content-reviewed this wave."
"VIS-CIV-TW-14","images/civilization-atlas/transitions/VIS-CIV-TW-14.webp","content/civilization-atlas/visuals/civilization-visual-approved-bindings-v2.json; content/civilization-atlas/visuals/civilization-visual-owner-acceptance-2026-09-19.json","TRANSITION_WINDOW","/world/ registered source explorer","/world?visual=VIS-CIV-TW-14&atlas=transitions&tw=TW-14","Native Atlas contextual/detail reader","Fluid aspect ratio / full-resolution dialog","On selected source/detail","REGISTERED_DETAIL_AVAILABLE","Registered TW-14 detail; contextual historical illustration, separate from current evidence. This individual asset was not selected in this wave.","REGISTRY_UPLOADED_VERIFIED_NOT_RE_REQUESTED","","image/webp","800014","NOT_INDIVIDUALLY_DECODED_THIS_TASK","Registry containsText=false; native HTML supplies localized names. Not individually content-reviewed this wave."
"VIS-CIV-TW-15","images/civilization-atlas/transitions/VIS-CIV-TW-15.webp","content/civilization-atlas/visuals/civilization-visual-approved-bindings-v2.json; content/civilization-atlas/visuals/civilization-visual-owner-acceptance-2026-09-19.json","TRANSITION_WINDOW","/world/ registered source explorer","/world?visual=VIS-CIV-TW-15&atlas=transitions&tw=TW-15","Native Atlas contextual/detail reader","Fluid aspect ratio / full-resolution dialog","On selected source/detail","REGISTERED_DETAIL_AVAILABLE","Registered TW-15 detail; contextual historical illustration, separate from current evidence. This individual asset was not selected in this wave.","REGISTRY_UPLOADED_VERIFIED_NOT_RE_REQUESTED","","image/webp","631850","NOT_INDIVIDUALLY_DECODED_THIS_TASK","Registry containsText=false; native HTML supplies localized names. Not individually content-reviewed this wave."
"VIS-CIV-TW-16","images/civilization-atlas/transitions/VIS-CIV-TW-16.webp","content/civilization-atlas/visuals/civilization-visual-approved-bindings-v2.json; content/civilization-atlas/visuals/civilization-visual-owner-acceptance-2026-09-19.json","TRANSITION_WINDOW","/world/ registered source explorer","/world?visual=VIS-CIV-TW-16&atlas=transitions&tw=TW-16","Native Atlas contextual/detail reader","Fluid aspect ratio / full-resolution dialog","On selected source/detail","REGISTERED_DETAIL_AVAILABLE","Registered TW-16 detail; contextual historical illustration, separate from current evidence. This individual asset was not selected in this wave.","REGISTRY_UPLOADED_VERIFIED_NOT_RE_REQUESTED","","image/webp","604590","NOT_INDIVIDUALLY_DECODED_THIS_TASK","Registry containsText=false; native HTML supplies localized names. Not individually content-reviewed this wave."
"VIS-CIV-TW-17","images/civilization-atlas/transitions/VIS-CIV-TW-17.webp","content/civilization-atlas/visuals/civilization-visual-approved-bindings-v2.json; content/civilization-atlas/visuals/civilization-visual-owner-acceptance-2026-09-19.json","TRANSITION_WINDOW","/world/ registered source explorer","/world?visual=VIS-CIV-TW-17&atlas=transitions&tw=TW-17","Native Atlas contextual/detail reader","Fluid aspect ratio / full-resolution dialog","On selected source/detail","REGISTERED_DETAIL_AVAILABLE","Registered TW-17 detail; contextual historical illustration, separate from current evidence. This individual asset was not selected in this wave.","REGISTRY_UPLOADED_VERIFIED_NOT_RE_REQUESTED","","image/webp","783496","NOT_INDIVIDUALLY_DECODED_THIS_TASK","Registry containsText=false; native HTML supplies localized names. Not individually content-reviewed this wave."
"VIS-CIV-TW-18","images/civilization-atlas/transitions/VIS-CIV-TW-18.webp","content/civilization-atlas/visuals/civilization-visual-approved-bindings-v2.json; content/civilization-atlas/visuals/civilization-visual-owner-acceptance-2026-09-19.json","TRANSITION_WINDOW","/world/ registered source explorer","/world?visual=VIS-CIV-TW-18&atlas=transitions&tw=TW-18","Native Atlas contextual/detail reader","Fluid aspect ratio / full-resolution dialog","On selected source/detail","REGISTERED_DETAIL_AVAILABLE","Registered TW-18 detail; contextual historical illustration, separate from current evidence. This individual asset was not selected in this wave.","REGISTRY_UPLOADED_VERIFIED_NOT_RE_REQUESTED","","image/webp","798852","NOT_INDIVIDUALLY_DECODED_THIS_TASK","Registry containsText=false; native HTML supplies localized names. Not individually content-reviewed this wave."
"VIS-CIV-TW-19","images/civilization-atlas/transitions/VIS-CIV-TW-19.webp","content/civilization-atlas/visuals/civilization-visual-approved-bindings-v2.json; content/civilization-atlas/visuals/civilization-visual-owner-acceptance-2026-09-19.json","TRANSITION_WINDOW","/world/ registered source explorer","/world?visual=VIS-CIV-TW-19&atlas=transitions&tw=TW-19","Native Atlas contextual/detail reader","Fluid aspect ratio / full-resolution dialog","On selected source/detail","REGISTERED_DETAIL_AVAILABLE","Registered TW-19 detail; contextual historical illustration, separate from current evidence. This individual asset was not selected in this wave.","REGISTRY_UPLOADED_VERIFIED_NOT_RE_REQUESTED","","image/webp","807354","NOT_INDIVIDUALLY_DECODED_THIS_TASK","Registry containsText=false; native HTML supplies localized names. Not individually content-reviewed this wave."
"VIS-CIV-TW-20","images/civilization-atlas/transitions/VIS-CIV-TW-20.webp","content/civilization-atlas/visuals/civilization-visual-approved-bindings-v2.json; content/civilization-atlas/visuals/civilization-visual-owner-acceptance-2026-09-19.json","TRANSITION_WINDOW","/world/ registered source explorer","/world?visual=VIS-CIV-TW-20&atlas=transitions&tw=TW-20","Native Atlas contextual/detail reader","Fluid aspect ratio / full-resolution dialog","On selected source/detail","REGISTERED_DETAIL_AVAILABLE","Registered TW-20 detail; contextual historical illustration, separate from current evidence. This individual asset was not selected in this wave.","REGISTRY_UPLOADED_VERIFIED_NOT_RE_REQUESTED","","image/webp","728848","NOT_INDIVIDUALLY_DECODED_THIS_TASK","Registry containsText=false; native HTML supplies localized names. Not individually content-reviewed this wave."
"VIS-CIV-TW-21","images/civilization-atlas/transitions/VIS-CIV-TW-21.webp","content/civilization-atlas/visuals/civilization-visual-approved-bindings-v2.json; content/civilization-atlas/visuals/civilization-visual-owner-acceptance-2026-09-19.json","TRANSITION_WINDOW","/world/ registered source explorer","/world?visual=VIS-CIV-TW-21&atlas=transitions&tw=TW-21","Native Atlas contextual/detail reader","Fluid aspect ratio / full-resolution dialog","On selected source/detail","REGISTERED_DETAIL_AVAILABLE","Registered TW-21 detail; contextual historical illustration, separate from current evidence. This individual asset was not selected in this wave.","REGISTRY_UPLOADED_VERIFIED_NOT_RE_REQUESTED","","image/webp","812360","NOT_INDIVIDUALLY_DECODED_THIS_TASK","Registry containsText=false; native HTML supplies localized names. Not individually content-reviewed this wave."
"VIS-CIV-TW-22","images/civilization-atlas/transitions/VIS-CIV-TW-22.webp","content/civilization-atlas/visuals/civilization-visual-approved-bindings-v2.json; content/civilization-atlas/visuals/civilization-visual-owner-acceptance-2026-09-19.json","TRANSITION_WINDOW","/world/ registered source explorer","/world?visual=VIS-CIV-TW-22&atlas=transitions&tw=TW-22","Native Atlas contextual/detail reader","Fluid aspect ratio / full-resolution dialog","On selected source/detail","REGISTERED_DETAIL_AVAILABLE","Registered TW-22 detail; contextual historical illustration, separate from current evidence. This individual asset was not selected in this wave.","REGISTRY_UPLOADED_VERIFIED_NOT_RE_REQUESTED","","image/webp","760830","NOT_INDIVIDUALLY_DECODED_THIS_TASK","Registry containsText=false; native HTML supplies localized names. Not individually content-reviewed this wave."
"VIS-CIV-TW-23","images/civilization-atlas/transitions/VIS-CIV-TW-23.webp","content/civilization-atlas/visuals/civilization-visual-approved-bindings-v2.json; content/civilization-atlas/visuals/civilization-visual-owner-acceptance-2026-09-19.json","TRANSITION_WINDOW","/world/ registered source explorer","/world?visual=VIS-CIV-TW-23&atlas=transitions&tw=TW-23","Native Atlas contextual/detail reader","Fluid aspect ratio / full-resolution dialog","On selected source/detail","REGISTERED_DETAIL_AVAILABLE","Registered TW-23 detail; contextual historical illustration, separate from current evidence. This individual asset was not selected in this wave.","REGISTRY_UPLOADED_VERIFIED_NOT_RE_REQUESTED","","image/webp","822028","NOT_INDIVIDUALLY_DECODED_THIS_TASK","Registry containsText=false; native HTML supplies localized names. Not individually content-reviewed this wave."
"VIS-CIV-TW-24","images/civilization-atlas/transitions/VIS-CIV-TW-24.webp","content/civilization-atlas/visuals/civilization-visual-approved-bindings-v2.json; content/civilization-atlas/visuals/civilization-visual-owner-acceptance-2026-09-19.json","TRANSITION_WINDOW","/world/ registered source explorer","/world?visual=VIS-CIV-TW-24&atlas=transitions&tw=TW-24","Native Atlas contextual/detail reader","Fluid aspect ratio / full-resolution dialog","On selected source/detail","REGISTERED_DETAIL_AVAILABLE","Registered TW-24 detail; contextual historical illustration, separate from current evidence. This individual asset was not selected in this wave.","REGISTRY_UPLOADED_VERIFIED_NOT_RE_REQUESTED","","image/webp","813892","NOT_INDIVIDUALLY_DECODED_THIS_TASK","Registry containsText=false; native HTML supplies localized names. Not individually content-reviewed this wave."
"VIS-CIV-TW-25","images/civilization-atlas/transitions/VIS-CIV-TW-25.webp","content/civilization-atlas/visuals/civilization-visual-approved-bindings-v2.json; content/civilization-atlas/visuals/civilization-visual-owner-acceptance-2026-09-19.json","TRANSITION_WINDOW","/world/ registered source explorer","/world?visual=VIS-CIV-TW-25&atlas=transitions&tw=TW-25","Native Atlas contextual/detail reader","Fluid aspect ratio / full-resolution dialog","On selected source/detail","REGISTERED_DETAIL_AVAILABLE","Registered TW-25 detail; contextual historical illustration, separate from current evidence. This individual asset was not selected in this wave.","REGISTRY_UPLOADED_VERIFIED_NOT_RE_REQUESTED","","image/webp","621772","NOT_INDIVIDUALLY_DECODED_THIS_TASK","Registry containsText=false; native HTML supplies localized names. Not individually content-reviewed this wave."
"VIS-CIV-TW-26","images/civilization-atlas/transitions/VIS-CIV-TW-26.webp","content/civilization-atlas/visuals/civilization-visual-approved-bindings-v2.json; content/civilization-atlas/visuals/civilization-visual-owner-acceptance-2026-09-19.json","TRANSITION_WINDOW","/world/ registered source explorer","/world?visual=VIS-CIV-TW-26&atlas=transitions&tw=TW-26","Native Atlas contextual/detail reader","Fluid aspect ratio / full-resolution dialog","On selected source/detail","REGISTERED_DETAIL_AVAILABLE","Registered TW-26 detail; contextual historical illustration, separate from current evidence. This individual asset was not selected in this wave.","REGISTRY_UPLOADED_VERIFIED_NOT_RE_REQUESTED","","image/webp","475302","NOT_INDIVIDUALLY_DECODED_THIS_TASK","Registry containsText=false; native HTML supplies localized names. Not individually content-reviewed this wave."
"VIS-CIV-TW-27","images/civilization-atlas/transitions/VIS-CIV-TW-27.webp","content/civilization-atlas/visuals/civilization-visual-approved-bindings-v2.json; content/civilization-atlas/visuals/civilization-visual-owner-acceptance-2026-09-19.json","TRANSITION_WINDOW","/world/ registered source explorer","/world?visual=VIS-CIV-TW-27&atlas=transitions&tw=TW-27","Native Atlas contextual/detail reader","Fluid aspect ratio / full-resolution dialog","On selected source/detail","REGISTERED_DETAIL_AVAILABLE","Registered TW-27 detail; contextual historical illustration, separate from current evidence. This individual asset was not selected in this wave.","REGISTRY_UPLOADED_VERIFIED_NOT_RE_REQUESTED","","image/webp","566034","NOT_INDIVIDUALLY_DECODED_THIS_TASK","Registry containsText=false; native HTML supplies localized names. Not individually content-reviewed this wave."
"VIS-CIV-TW-28","images/civilization-atlas/transitions/VIS-CIV-TW-28.webp","content/civilization-atlas/visuals/civilization-visual-approved-bindings-v2.json; content/civilization-atlas/visuals/civilization-visual-owner-acceptance-2026-09-19.json","TRANSITION_WINDOW","/world/ registered source explorer","/world?visual=VIS-CIV-TW-28&atlas=transitions&tw=TW-28","Native Atlas contextual/detail reader","Fluid aspect ratio / full-resolution dialog","On selected source/detail","REGISTERED_DETAIL_AVAILABLE","Registered TW-28 detail; contextual historical illustration, separate from current evidence. This individual asset was not selected in this wave.","REGISTRY_UPLOADED_VERIFIED_NOT_RE_REQUESTED","","image/webp","639950","NOT_INDIVIDUALLY_DECODED_THIS_TASK","Registry containsText=false; native HTML supplies localized names. Not individually content-reviewed this wave."
"VIS-CIV-TW-29","images/civilization-atlas/transitions/VIS-CIV-TW-29.webp","content/civilization-atlas/visuals/civilization-visual-approved-bindings-v2.json; content/civilization-atlas/visuals/civilization-visual-owner-acceptance-2026-09-19.json","TRANSITION_WINDOW","/world/ registered source explorer","/world?visual=VIS-CIV-TW-29&atlas=transitions&tw=TW-29","Native Atlas contextual/detail reader","Fluid aspect ratio / full-resolution dialog","On selected source/detail","REGISTERED_DETAIL_AVAILABLE","Registered TW-29 detail; contextual historical illustration, separate from current evidence. This individual asset was not selected in this wave.","REGISTRY_UPLOADED_VERIFIED_NOT_RE_REQUESTED","","image/webp","543128","NOT_INDIVIDUALLY_DECODED_THIS_TASK","Registry containsText=false; native HTML supplies localized names. Not individually content-reviewed this wave."
"VIS-CIV-TW-30","images/civilization-atlas/transitions/VIS-CIV-TW-30.webp","content/civilization-atlas/visuals/civilization-visual-approved-bindings-v2.json; content/civilization-atlas/visuals/civilization-visual-owner-acceptance-2026-09-19.json","TRANSITION_WINDOW","/world/ registered source explorer","/world?visual=VIS-CIV-TW-30&atlas=transitions&tw=TW-30","Native Atlas contextual/detail reader","Fluid aspect ratio / full-resolution dialog","On selected source/detail","REGISTERED_DETAIL_AVAILABLE","Registered TW-30 detail; contextual historical illustration, separate from current evidence. This individual asset was not selected in this wave.","REGISTRY_UPLOADED_VERIFIED_NOT_RE_REQUESTED","","image/webp","624940","NOT_INDIVIDUALLY_DECODED_THIS_TASK","Registry containsText=false; native HTML supplies localized names. Not individually content-reviewed this wave."
"VIS-CIV-TW-31","images/civilization-atlas/transitions/VIS-CIV-TW-31.webp","content/civilization-atlas/visuals/civilization-visual-approved-bindings-v2.json; content/civilization-atlas/visuals/civilization-visual-owner-acceptance-2026-09-19.json","TRANSITION_WINDOW","/world/ registered source explorer","/world?visual=VIS-CIV-TW-31&atlas=transitions&tw=TW-31","Native Atlas contextual/detail reader","Fluid aspect ratio / full-resolution dialog","On selected source/detail","REGISTERED_DETAIL_AVAILABLE","Registered TW-31 detail; contextual historical illustration, separate from current evidence. This individual asset was not selected in this wave.","REGISTRY_UPLOADED_VERIFIED_NOT_RE_REQUESTED","","image/webp","628436","NOT_INDIVIDUALLY_DECODED_THIS_TASK","Registry containsText=false; native HTML supplies localized names. Not individually content-reviewed this wave."
"VIS-CIV-TW-32","images/civilization-atlas/transitions/VIS-CIV-TW-32.webp","content/civilization-atlas/visuals/civilization-visual-approved-bindings-v2.json; content/civilization-atlas/visuals/civilization-visual-owner-acceptance-2026-09-19.json","TRANSITION_WINDOW","/world/ registered source explorer","/world?visual=VIS-CIV-TW-32&atlas=transitions&tw=TW-32","Native Atlas contextual/detail reader","Fluid aspect ratio / full-resolution dialog","On selected source/detail","REGISTERED_DETAIL_AVAILABLE","Registered TW-32 detail; contextual historical illustration, separate from current evidence. This individual asset was not selected in this wave.","REGISTRY_UPLOADED_VERIFIED_NOT_RE_REQUESTED","","image/webp","632408","NOT_INDIVIDUALLY_DECODED_THIS_TASK","Registry containsText=false; native HTML supplies localized names. Not individually content-reviewed this wave."
"VIS-CIV-SS-01","images/civilization-atlas/scale-shifts/VIS-CIV-SS-01.webp","content/civilization-atlas/visuals/civilization-visual-approved-bindings-v2.json; content/civilization-atlas/visuals/civilization-visual-owner-acceptance-2026-09-19.json","SCALE_SHIFT","/world/ registered source explorer","/world?visual=VIS-CIV-SS-01&atlas=transitions&tw=TW-01","Native Atlas contextual/detail reader","Fluid aspect ratio / full-resolution dialog","On selected source/detail","REGISTERED_DETAIL_AVAILABLE","Registered SS-01 detail; contextual historical illustration, separate from current evidence. This individual asset was not selected in this wave.","REGISTRY_UPLOADED_VERIFIED_NOT_RE_REQUESTED","","image/webp","743876","NOT_INDIVIDUALLY_DECODED_THIS_TASK","Registry containsText=false; native HTML supplies localized names. Not individually content-reviewed this wave."
"VIS-CIV-SS-02","images/civilization-atlas/scale-shifts/VIS-CIV-SS-02.webp","content/civilization-atlas/visuals/civilization-visual-approved-bindings-v2.json; content/civilization-atlas/visuals/civilization-visual-owner-acceptance-2026-09-19.json","SCALE_SHIFT","/world/ registered source explorer","/world?visual=VIS-CIV-SS-02&atlas=transitions&tw=TW-04","Native Atlas contextual/detail reader","Fluid aspect ratio / full-resolution dialog","On selected source/detail","REGISTERED_DETAIL_AVAILABLE","Registered SS-02 detail; contextual historical illustration, separate from current evidence. This individual asset was not selected in this wave.","REGISTRY_UPLOADED_VERIFIED_NOT_RE_REQUESTED","","image/webp","658090","NOT_INDIVIDUALLY_DECODED_THIS_TASK","Registry containsText=false; native HTML supplies localized names. Not individually content-reviewed this wave."
"VIS-CIV-SS-03","images/civilization-atlas/scale-shifts/VIS-CIV-SS-03.webp","content/civilization-atlas/visuals/civilization-visual-approved-bindings-v2.json; content/civilization-atlas/visuals/civilization-visual-owner-acceptance-2026-09-19.json","SCALE_SHIFT","/world/ registered source explorer","/world?visual=VIS-CIV-SS-03&atlas=transitions&tw=TW-07","Native Atlas contextual/detail reader","Fluid aspect ratio / full-resolution dialog","On selected source/detail","REGISTERED_DETAIL_AVAILABLE","Registered SS-03 detail; contextual historical illustration, separate from current evidence. This individual asset was not selected in this wave.","REGISTRY_UPLOADED_VERIFIED_NOT_RE_REQUESTED","","image/webp","668480","NOT_INDIVIDUALLY_DECODED_THIS_TASK","Registry containsText=false; native HTML supplies localized names. Not individually content-reviewed this wave."
"VIS-CIV-SS-04","images/civilization-atlas/scale-shifts/VIS-CIV-SS-04.webp","content/civilization-atlas/visuals/civilization-visual-approved-bindings-v2.json; content/civilization-atlas/visuals/civilization-visual-owner-acceptance-2026-09-19.json","SCALE_SHIFT","/world/ registered source explorer","/world?visual=VIS-CIV-SS-04&atlas=transitions&tw=TW-14","Native Atlas contextual/detail reader","Fluid aspect ratio / full-resolution dialog","On selected source/detail","REGISTERED_DETAIL_AVAILABLE","Registered SS-04 detail; contextual historical illustration, separate from current evidence. This individual asset was not selected in this wave.","REGISTRY_UPLOADED_VERIFIED_NOT_RE_REQUESTED","","image/webp","541946","NOT_INDIVIDUALLY_DECODED_THIS_TASK","Registry containsText=false; native HTML supplies localized names. Not individually content-reviewed this wave."
"VIS-CIV-SS-05","images/civilization-atlas/scale-shifts/VIS-CIV-SS-05.webp","content/civilization-atlas/visuals/civilization-visual-approved-bindings-v2.json; content/civilization-atlas/visuals/civilization-visual-owner-acceptance-2026-09-19.json","SCALE_SHIFT","/world/ registered source explorer","/world?visual=VIS-CIV-SS-05&atlas=transitions&tw=TW-19","Native Atlas contextual/detail reader","Fluid aspect ratio / full-resolution dialog","On selected source/detail","REGISTERED_DETAIL_AVAILABLE","Registered SS-05 detail; contextual historical illustration, separate from current evidence. This individual asset was not selected in this wave.","REGISTRY_UPLOADED_VERIFIED_NOT_RE_REQUESTED","","image/webp","592568","NOT_INDIVIDUALLY_DECODED_THIS_TASK","Registry containsText=false; native HTML supplies localized names. Not individually content-reviewed this wave."
"VIS-CIV-SS-06","images/civilization-atlas/scale-shifts/VIS-CIV-SS-06.webp","content/civilization-atlas/visuals/civilization-visual-approved-bindings-v2.json; content/civilization-atlas/visuals/civilization-visual-owner-acceptance-2026-09-19.json","SCALE_SHIFT","/world/ registered source explorer","/world?visual=VIS-CIV-SS-06&atlas=transitions&tw=TW-23","Native Atlas contextual/detail reader","Fluid aspect ratio / full-resolution dialog","On selected source/detail","REGISTERED_DETAIL_AVAILABLE","Registered SS-06 detail; contextual historical illustration, separate from current evidence. This individual asset was not selected in this wave.","REGISTRY_UPLOADED_VERIFIED_NOT_RE_REQUESTED","","image/webp","641730","NOT_INDIVIDUALLY_DECODED_THIS_TASK","Registry containsText=false; native HTML supplies localized names. Not individually content-reviewed this wave."
"VIS-CIV-SS-07","images/civilization-atlas/scale-shifts/VIS-CIV-SS-07.webp","content/civilization-atlas/visuals/civilization-visual-approved-bindings-v2.json; content/civilization-atlas/visuals/civilization-visual-owner-acceptance-2026-09-19.json","SCALE_SHIFT","/world/ registered source explorer","/world?visual=VIS-CIV-SS-07&atlas=transitions&tw=TW-31","Native Atlas contextual/detail reader","Fluid aspect ratio / full-resolution dialog","On selected source/detail","REGISTERED_DETAIL_AVAILABLE","Registered SS-07 detail; contextual historical illustration, separate from current evidence. This individual asset was not selected in this wave.","REGISTRY_UPLOADED_VERIFIED_NOT_RE_REQUESTED","","image/webp","582996","NOT_INDIVIDUALLY_DECODED_THIS_TASK","Registry containsText=false; native HTML supplies localized names. Not individually content-reviewed this wave."
"VIS-CIV-LF-POLITICAL_BOUNDARY","images/civilization-atlas/loss/VIS-CIV-LF-POLITICAL_BOUNDARY.webp","content/civilization-atlas/visuals/civilization-visual-approved-bindings-v2.json; content/civilization-atlas/visuals/civilization-visual-owner-acceptance-2026-09-19.json","LOSS_FAMILY","/world/ registered source explorer","/world?visual=VIS-CIV-LF-POLITICAL_BOUNDARY&atlas=loss&lossFamily=POLITICAL_BOUNDARY","Native Atlas contextual/detail reader","Fluid aspect ratio / full-resolution dialog","On selected source/detail","REGISTERED_DETAIL_AVAILABLE","Registered POLITICAL_BOUNDARY detail; contextual historical illustration, separate from current evidence. This individual asset was not selected in this wave.","REGISTRY_UPLOADED_VERIFIED_NOT_RE_REQUESTED","","image/webp","480398","NOT_INDIVIDUALLY_DECODED_THIS_TASK","Registry containsText=false; native HTML supplies localized names. Not individually content-reviewed this wave."
"VIS-CIV-LF-POPULATION_URBAN","images/civilization-atlas/loss/VIS-CIV-LF-POPULATION_URBAN.webp","content/civilization-atlas/visuals/civilization-visual-approved-bindings-v2.json; content/civilization-atlas/visuals/civilization-visual-owner-acceptance-2026-09-19.json","LOSS_FAMILY","/world/ registered source explorer","/world?visual=VIS-CIV-LF-POPULATION_URBAN&atlas=loss&lossFamily=POPULATION_URBAN","Native Atlas contextual/detail reader","Fluid aspect ratio / full-resolution dialog","On selected source/detail","REGISTERED_DETAIL_AVAILABLE","Registered POPULATION_URBAN detail; contextual historical illustration, separate from current evidence. This individual asset was not selected in this wave.","REGISTRY_UPLOADED_VERIFIED_NOT_RE_REQUESTED","","image/webp","508560","NOT_INDIVIDUALLY_DECODED_THIS_TASK","Registry containsText=false; native HTML supplies localized names. Not individually content-reviewed this wave."
"VIS-CIV-LF-KNOWLEDGE_INSTITUTIONAL","images/civilization-atlas/loss/VIS-CIV-LF-KNOWLEDGE_INSTITUTIONAL.webp","content/civilization-atlas/visuals/civilization-visual-approved-bindings-v2.json; content/civilization-atlas/visuals/civilization-visual-owner-acceptance-2026-09-19.json","LOSS_FAMILY","/world/ registered source explorer","/world?visual=VIS-CIV-LF-KNOWLEDGE_INSTITUTIONAL&atlas=loss&lossFamily=KNOWLEDGE_INSTITUTIONAL","Native Atlas contextual/detail reader","Fluid aspect ratio / full-resolution dialog","On selected source/detail","REGISTERED_DETAIL_AVAILABLE","Registered KNOWLEDGE_INSTITUTIONAL detail; contextual historical illustration, separate from current evidence. This individual asset was not selected in this wave.","REGISTRY_UPLOADED_VERIFIED_NOT_RE_REQUESTED","","image/webp","488128","NOT_INDIVIDUALLY_DECODED_THIS_TASK","Registry containsText=false; native HTML supplies localized names. Not individually content-reviewed this wave."
"VIS-CIV-LF-NETWORK_INFRASTRUCTURE","images/civilization-atlas/loss/VIS-CIV-LF-NETWORK_INFRASTRUCTURE.webp","content/civilization-atlas/visuals/civilization-visual-approved-bindings-v2.json; content/civilization-atlas/visuals/civilization-visual-owner-acceptance-2026-09-19.json","LOSS_FAMILY","/world/ registered source explorer","/world?visual=VIS-CIV-LF-NETWORK_INFRASTRUCTURE&atlas=loss&lossFamily=NETWORK_INFRASTRUCTURE","Native Atlas contextual/detail reader","Fluid aspect ratio / full-resolution dialog","On selected source/detail","REGISTERED_DETAIL_AVAILABLE","Registered NETWORK_INFRASTRUCTURE detail; contextual historical illustration, separate from current evidence. This individual asset was not selected in this wave.","REGISTRY_UPLOADED_VERIFIED_NOT_RE_REQUESTED","","image/webp","477914","NOT_INDIVIDUALLY_DECODED_THIS_TASK","Registry containsText=false; native HTML supplies localized names. Not individually content-reviewed this wave."
"VIS-CIV-LF-MEANING_IDENTITY_CARRIER","images/civilization-atlas/loss/VIS-CIV-LF-MEANING_IDENTITY_CARRIER.webp","content/civilization-atlas/visuals/civilization-visual-approved-bindings-v2.json; content/civilization-atlas/visuals/civilization-visual-owner-acceptance-2026-09-19.json","LOSS_FAMILY","/world/ registered source explorer","/world?visual=VIS-CIV-LF-MEANING_IDENTITY_CARRIER&atlas=loss&lossFamily=MEANING_IDENTITY_CARRIER","Native Atlas contextual/detail reader","Fluid aspect ratio / full-resolution dialog","On selected source/detail","REGISTERED_DETAIL_AVAILABLE","Registered MEANING_IDENTITY_CARRIER detail; contextual historical illustration, separate from current evidence. This individual asset was not selected in this wave.","REGISTRY_UPLOADED_VERIFIED_NOT_RE_REQUESTED","","image/webp","453878","NOT_INDIVIDUALLY_DECODED_THIS_TASK","Registry containsText=false; native HTML supplies localized names. Not individually content-reviewed this wave."
"VIS-CIV-LF-SUCCESSION_ABSORPTION_FUTURE","images/civilization-atlas/loss/VIS-CIV-LF-SUCCESSION_ABSORPTION_FUTURE.webp","content/civilization-atlas/visuals/civilization-visual-approved-bindings-v2.json; content/civilization-atlas/visuals/civilization-visual-owner-acceptance-2026-09-19.json","LOSS_FAMILY","/world/ registered source explorer","/world?visual=VIS-CIV-LF-SUCCESSION_ABSORPTION_FUTURE&atlas=loss&lossFamily=SUCCESSION_ABSORPTION_FUTURE","Native Atlas contextual/detail reader","Fluid aspect ratio / full-resolution dialog","On selected source/detail","REGISTERED_DETAIL_AVAILABLE","Registered SUCCESSION_ABSORPTION_FUTURE detail; contextual historical illustration, separate from current evidence. This individual asset was not selected in this wave.","REGISTRY_UPLOADED_VERIFIED_NOT_RE_REQUESTED","","image/webp","474682","NOT_INDIVIDUALLY_DECODED_THIS_TASK","Registry containsText=false; native HTML supplies localized names. Not individually content-reviewed this wave."
"VIS-CIV-LT-LOSS-REGIME-END","images/civilization-atlas/loss/VIS-CIV-LT-LOSS-REGIME-END.webp","content/civilization-atlas/visuals/civilization-visual-approved-bindings-v2.json; content/civilization-atlas/visuals/civilization-visual-owner-acceptance-2026-09-19.json","LOSS_TYPE_VIGNETTE","/world/ registered source explorer","/world?visual=VIS-CIV-LT-LOSS-REGIME-END&atlas=loss&lossType=LOSS-REGIME-END","Native Atlas contextual/detail reader","Fluid aspect ratio / full-resolution dialog","On selected source/detail","REGISTERED_DETAIL_AVAILABLE","Registered LOSS-REGIME-END detail; contextual historical illustration, separate from current evidence. This individual asset was not selected in this wave.","REGISTRY_UPLOADED_VERIFIED_NOT_RE_REQUESTED","","image/webp","378226","NOT_INDIVIDUALLY_DECODED_THIS_TASK","Registry containsText=false; native HTML supplies localized names. Not individually content-reviewed this wave."
"VIS-CIV-LT-LOSS-TERRITORIAL-CONTRACTION","images/civilization-atlas/loss/VIS-CIV-LT-LOSS-TERRITORIAL-CONTRACTION.webp","content/civilization-atlas/visuals/civilization-visual-approved-bindings-v2.json; content/civilization-atlas/visuals/civilization-visual-owner-acceptance-2026-09-19.json","LOSS_TYPE_VIGNETTE","/world/ registered source explorer","/world?visual=VIS-CIV-LT-LOSS-TERRITORIAL-CONTRACTION&atlas=loss&lossType=LOSS-TERRITORIAL-CONTRACTION","Native Atlas contextual/detail reader","Fluid aspect ratio / full-resolution dialog","On selected source/detail","REGISTERED_DETAIL_AVAILABLE","Registered LOSS-TERRITORIAL-CONTRACTION detail; contextual historical illustration, separate from current evidence. This individual asset was not selected in this wave.","REGISTRY_UPLOADED_VERIFIED_NOT_RE_REQUESTED","","image/webp","251130","NOT_INDIVIDUALLY_DECODED_THIS_TASK","Registry containsText=false; native HTML supplies localized names. Not individually content-reviewed this wave."
"VIS-CIV-LT-LOSS-SOVEREIGNTY-LOSS","images/civilization-atlas/loss/VIS-CIV-LT-LOSS-SOVEREIGNTY-LOSS.webp","content/civilization-atlas/visuals/civilization-visual-approved-bindings-v2.json; content/civilization-atlas/visuals/civilization-visual-owner-acceptance-2026-09-19.json","LOSS_TYPE_VIGNETTE","/world/ registered source explorer","/world?visual=VIS-CIV-LT-LOSS-SOVEREIGNTY-LOSS&atlas=loss&lossType=LOSS-SOVEREIGNTY-LOSS","Native Atlas contextual/detail reader","Fluid aspect ratio / full-resolution dialog","On selected source/detail","REGISTERED_DETAIL_AVAILABLE","Registered LOSS-SOVEREIGNTY-LOSS detail; contextual historical illustration, separate from current evidence. This individual asset was not selected in this wave.","REGISTRY_UPLOADED_VERIFIED_NOT_RE_REQUESTED","","image/webp","262634","NOT_INDIVIDUALLY_DECODED_THIS_TASK","Registry containsText=false; native HTML supplies localized names. Not individually content-reviewed this wave."
"VIS-CIV-LT-LOSS-BOUNDARY-RECONFIGURATION","images/civilization-atlas/loss/VIS-CIV-LT-LOSS-BOUNDARY-RECONFIGURATION.webp","content/civilization-atlas/visuals/civilization-visual-approved-bindings-v2.json; content/civilization-atlas/visuals/civilization-visual-owner-acceptance-2026-09-19.json","LOSS_TYPE_VIGNETTE","/world/ registered source explorer","/world?visual=VIS-CIV-LT-LOSS-BOUNDARY-RECONFIGURATION&atlas=loss&lossType=LOSS-BOUNDARY-RECONFIGURATION","Native Atlas contextual/detail reader","Fluid aspect ratio / full-resolution dialog","On selected source/detail","REGISTERED_DETAIL_AVAILABLE","Registered LOSS-BOUNDARY-RECONFIGURATION detail; contextual historical illustration, separate from current evidence. This individual asset was not selected in this wave.","REGISTRY_UPLOADED_VERIFIED_NOT_RE_REQUESTED","","image/webp","379124","NOT_INDIVIDUALLY_DECODED_THIS_TASK","Registry containsText=false; native HTML supplies localized names. Not individually content-reviewed this wave."
"VIS-CIV-LT-LOSS-POPULATION-DECLINE","images/civilization-atlas/loss/VIS-CIV-LT-LOSS-POPULATION-DECLINE.webp","content/civilization-atlas/visuals/civilization-visual-approved-bindings-v2.json; content/civilization-atlas/visuals/civilization-visual-owner-acceptance-2026-09-19.json","LOSS_TYPE_VIGNETTE","/world/ registered source explorer","/world?visual=VIS-CIV-LT-LOSS-POPULATION-DECLINE&atlas=loss&lossType=LOSS-POPULATION-DECLINE","Native Atlas contextual/detail reader","Fluid aspect ratio / full-resolution dialog","On selected source/detail","REGISTERED_DETAIL_AVAILABLE","Registered LOSS-POPULATION-DECLINE detail; contextual historical illustration, separate from current evidence. This individual asset was not selected in this wave.","REGISTRY_UPLOADED_VERIFIED_NOT_RE_REQUESTED","","image/webp","408578","NOT_INDIVIDUALLY_DECODED_THIS_TASK","Registry containsText=false; native HTML supplies localized names. Not individually content-reviewed this wave."
"VIS-CIV-LT-LOSS-URBAN-DECLINE","images/civilization-atlas/loss/VIS-CIV-LT-LOSS-URBAN-DECLINE.webp","content/civilization-atlas/visuals/civilization-visual-approved-bindings-v2.json; content/civilization-atlas/visuals/civilization-visual-owner-acceptance-2026-09-19.json","LOSS_TYPE_VIGNETTE","/world/ registered source explorer","/world?visual=VIS-CIV-LT-LOSS-URBAN-DECLINE&atlas=loss&lossType=LOSS-URBAN-DECLINE","Native Atlas contextual/detail reader","Fluid aspect ratio / full-resolution dialog","On selected source/detail","REGISTERED_DETAIL_AVAILABLE","Registered LOSS-URBAN-DECLINE detail; contextual historical illustration, separate from current evidence. This individual asset was not selected in this wave.","REGISTRY_UPLOADED_VERIFIED_NOT_RE_REQUESTED","","image/webp","384532","NOT_INDIVIDUALLY_DECODED_THIS_TASK","Registry containsText=false; native HTML supplies localized names. Not individually content-reviewed this wave."
"VIS-CIV-LT-LOSS-SETTLEMENT-NETWORK-BREAKDOWN","images/civilization-atlas/loss/VIS-CIV-LT-LOSS-SETTLEMENT-NETWORK-BREAKDOWN.webp","content/civilization-atlas/visuals/civilization-visual-approved-bindings-v2.json; content/civilization-atlas/visuals/civilization-visual-owner-acceptance-2026-09-19.json","LOSS_TYPE_VIGNETTE","/world/ registered source explorer","/world?visual=VIS-CIV-LT-LOSS-SETTLEMENT-NETWORK-BREAKDOWN&atlas=loss&lossType=LOSS-SETTLEMENT-NETWORK-BREAKDOWN","Native Atlas contextual/detail reader","Fluid aspect ratio / full-resolution dialog","On selected source/detail","REGISTERED_DETAIL_AVAILABLE","Registered LOSS-SETTLEMENT-NETWORK-BREAKDOWN detail; contextual historical illustration, separate from current evidence. This individual asset was not selected in this wave.","REGISTRY_UPLOADED_VERIFIED_NOT_RE_REQUESTED","","image/webp","242226","NOT_INDIVIDUALLY_DECODED_THIS_TASK","Registry containsText=false; native HTML supplies localized names. Not individually content-reviewed this wave."
"VIS-CIV-LT-LOSS-DEMOGRAPHIC-TRANSFORMATION","images/civilization-atlas/loss/VIS-CIV-LT-LOSS-DEMOGRAPHIC-TRANSFORMATION.webp","content/civilization-atlas/visuals/civilization-visual-approved-bindings-v2.json; content/civilization-atlas/visuals/civilization-visual-owner-acceptance-2026-09-19.json","LOSS_TYPE_VIGNETTE","/world/ registered source explorer","/world?visual=VIS-CIV-LT-LOSS-DEMOGRAPHIC-TRANSFORMATION&atlas=loss&lossType=LOSS-DEMOGRAPHIC-TRANSFORMATION","Native Atlas contextual/detail reader","Fluid aspect ratio / full-resolution dialog","On selected source/detail","REGISTERED_DETAIL_AVAILABLE","Registered LOSS-DEMOGRAPHIC-TRANSFORMATION detail; contextual historical illustration, separate from current evidence. This individual asset was not selected in this wave.","REGISTRY_UPLOADED_VERIFIED_NOT_RE_REQUESTED","","image/webp","319114","NOT_INDIVIDUALLY_DECODED_THIS_TASK","Registry containsText=false; native HTML supplies localized names. Not individually content-reviewed this wave."
"VIS-CIV-LT-LOSS-INSTITUTIONAL-BREAKDOWN","images/civilization-atlas/loss/VIS-CIV-LT-LOSS-INSTITUTIONAL-BREAKDOWN.webp","content/civilization-atlas/visuals/civilization-visual-approved-bindings-v2.json; content/civilization-atlas/visuals/civilization-visual-owner-acceptance-2026-09-19.json","LOSS_TYPE_VIGNETTE","/world/ registered source explorer","/world?visual=VIS-CIV-LT-LOSS-INSTITUTIONAL-BREAKDOWN&atlas=loss&lossType=LOSS-INSTITUTIONAL-BREAKDOWN","Native Atlas contextual/detail reader","Fluid aspect ratio / full-resolution dialog","On selected source/detail","REGISTERED_DETAIL_AVAILABLE","Registered LOSS-INSTITUTIONAL-BREAKDOWN detail; contextual historical illustration, separate from current evidence. This individual asset was not selected in this wave.","REGISTRY_UPLOADED_VERIFIED_NOT_RE_REQUESTED","","image/webp","490784","NOT_INDIVIDUALLY_DECODED_THIS_TASK","Registry containsText=false; native HTML supplies localized names. Not individually content-reviewed this wave."
"VIS-CIV-LT-LOSS-KNOWLEDGE-TRANSMISSION-LOSS","images/civilization-atlas/loss/VIS-CIV-LT-LOSS-KNOWLEDGE-TRANSMISSION-LOSS.webp","content/civilization-atlas/visuals/civilization-visual-approved-bindings-v2.json; content/civilization-atlas/visuals/civilization-visual-owner-acceptance-2026-09-19.json","LOSS_TYPE_VIGNETTE","/world/ registered source explorer","/world?visual=VIS-CIV-LT-LOSS-KNOWLEDGE-TRANSMISSION-LOSS&atlas=loss&lossType=LOSS-KNOWLEDGE-TRANSMISSION-LOSS","Native Atlas contextual/detail reader","Fluid aspect ratio / full-resolution dialog","On selected source/detail","REGISTERED_DETAIL_AVAILABLE","Registered LOSS-KNOWLEDGE-TRANSMISSION-LOSS detail; contextual historical illustration, separate from current evidence. This individual asset was not selected in this wave.","REGISTRY_UPLOADED_VERIFIED_NOT_RE_REQUESTED","","image/webp","534170","NOT_INDIVIDUALLY_DECODED_THIS_TASK","Registry containsText=false; native HTML supplies localized names. Not individually content-reviewed this wave."
"VIS-CIV-LT-LOSS-EDUCATION-DECLINE","images/civilization-atlas/loss/VIS-CIV-LT-LOSS-EDUCATION-DECLINE.webp","content/civilization-atlas/visuals/civilization-visual-approved-bindings-v2.json; content/civilization-atlas/visuals/civilization-visual-owner-acceptance-2026-09-19.json","LOSS_TYPE_VIGNETTE","/world/ registered source explorer","/world?visual=VIS-CIV-LT-LOSS-EDUCATION-DECLINE&atlas=loss&lossType=LOSS-EDUCATION-DECLINE","Native Atlas contextual/detail reader","Fluid aspect ratio / full-resolution dialog","On selected source/detail","REGISTERED_DETAIL_AVAILABLE","Registered LOSS-EDUCATION-DECLINE detail; contextual historical illustration, separate from current evidence. This individual asset was not selected in this wave.","REGISTRY_UPLOADED_VERIFIED_NOT_RE_REQUESTED","","image/webp","479678","NOT_INDIVIDUALLY_DECODED_THIS_TASK","Registry containsText=false; native HTML supplies localized names. Not individually content-reviewed this wave."
"VIS-CIV-LT-LOSS-PROFESSIONAL-CLASS-LOSS","images/civilization-atlas/loss/VIS-CIV-LT-LOSS-PROFESSIONAL-CLASS-LOSS.webp","content/civilization-atlas/visuals/civilization-visual-approved-bindings-v2.json; content/civilization-atlas/visuals/civilization-visual-owner-acceptance-2026-09-19.json","LOSS_TYPE_VIGNETTE","/world/ registered source explorer","/world?visual=VIS-CIV-LT-LOSS-PROFESSIONAL-CLASS-LOSS&atlas=loss&lossType=LOSS-PROFESSIONAL-CLASS-LOSS","Native Atlas contextual/detail reader","Fluid aspect ratio / full-resolution dialog","On selected source/detail","REGISTERED_DETAIL_AVAILABLE","Registered LOSS-PROFESSIONAL-CLASS-LOSS detail; contextual historical illustration, separate from current evidence. This individual asset was not selected in this wave.","REGISTRY_UPLOADED_VERIFIED_NOT_RE_REQUESTED","","image/webp","499586","NOT_INDIVIDUALLY_DECODED_THIS_TASK","Registry containsText=false; native HTML supplies localized names. Not individually content-reviewed this wave."
"VIS-CIV-LT-LOSS-TRANSPORT-NETWORK-LOSS","images/civilization-atlas/loss/VIS-CIV-LT-LOSS-TRANSPORT-NETWORK-LOSS.webp","content/civilization-atlas/visuals/civilization-visual-approved-bindings-v2.json; content/civilization-atlas/visuals/civilization-visual-owner-acceptance-2026-09-19.json","LOSS_TYPE_VIGNETTE","/world/ registered source explorer","/world?visual=VIS-CIV-LT-LOSS-TRANSPORT-NETWORK-LOSS&atlas=loss&lossType=LOSS-TRANSPORT-NETWORK-LOSS","Native Atlas contextual/detail reader","Fluid aspect ratio / full-resolution dialog","On selected source/detail","REGISTERED_DETAIL_AVAILABLE","Registered LOSS-TRANSPORT-NETWORK-LOSS detail; contextual historical illustration, separate from current evidence. This individual asset was not selected in this wave.","REGISTRY_UPLOADED_VERIFIED_NOT_RE_REQUESTED","","image/webp","553534","NOT_INDIVIDUALLY_DECODED_THIS_TASK","Registry containsText=false; native HTML supplies localized names. Not individually content-reviewed this wave."
"VIS-CIV-LT-LOSS-TRADE-SYSTEM-DISRUPTION","images/civilization-atlas/loss/VIS-CIV-LT-LOSS-TRADE-SYSTEM-DISRUPTION.webp","content/civilization-atlas/visuals/civilization-visual-approved-bindings-v2.json; content/civilization-atlas/visuals/civilization-visual-owner-acceptance-2026-09-19.json","LOSS_TYPE_VIGNETTE","/world/ registered source explorer","/world?visual=VIS-CIV-LT-LOSS-TRADE-SYSTEM-DISRUPTION&atlas=loss&lossType=LOSS-TRADE-SYSTEM-DISRUPTION","Native Atlas contextual/detail reader","Fluid aspect ratio / full-resolution dialog","On selected source/detail","REGISTERED_DETAIL_AVAILABLE","Registered LOSS-TRADE-SYSTEM-DISRUPTION detail; contextual historical illustration, separate from current evidence. This individual asset was not selected in this wave.","REGISTRY_UPLOADED_VERIFIED_NOT_RE_REQUESTED","","image/webp","502900","NOT_INDIVIDUALLY_DECODED_THIS_TASK","Registry containsText=false; native HTML supplies localized names. Not individually content-reviewed this wave."
"VIS-CIV-LT-LOSS-COMMUNICATION-BREAKDOWN","images/civilization-atlas/loss/VIS-CIV-LT-LOSS-COMMUNICATION-BREAKDOWN.webp","content/civilization-atlas/visuals/civilization-visual-approved-bindings-v2.json; content/civilization-atlas/visuals/civilization-visual-owner-acceptance-2026-09-19.json","LOSS_TYPE_VIGNETTE","/world/ registered source explorer","/world?visual=VIS-CIV-LT-LOSS-COMMUNICATION-BREAKDOWN&atlas=loss&lossType=LOSS-COMMUNICATION-BREAKDOWN","Native Atlas contextual/detail reader","Fluid aspect ratio / full-resolution dialog","On selected source/detail","REGISTERED_DETAIL_AVAILABLE","Registered LOSS-COMMUNICATION-BREAKDOWN detail; contextual historical illustration, separate from current evidence. This individual asset was not selected in this wave.","REGISTRY_UPLOADED_VERIFIED_NOT_RE_REQUESTED","","image/webp","404812","NOT_INDIVIDUALLY_DECODED_THIS_TASK","Registry containsText=false; native HTML supplies localized names. Not individually content-reviewed this wave."
"VIS-CIV-LT-LOSS-INFRASTRUCTURE-ABANDONMENT","images/civilization-atlas/loss/VIS-CIV-LT-LOSS-INFRASTRUCTURE-ABANDONMENT.webp","content/civilization-atlas/visuals/civilization-visual-approved-bindings-v2.json; content/civilization-atlas/visuals/civilization-visual-owner-acceptance-2026-09-19.json","LOSS_TYPE_VIGNETTE","/world/ registered source explorer","/world?visual=VIS-CIV-LT-LOSS-INFRASTRUCTURE-ABANDONMENT&atlas=loss&lossType=LOSS-INFRASTRUCTURE-ABANDONMENT","Native Atlas contextual/detail reader","Fluid aspect ratio / full-resolution dialog","On selected source/detail","REGISTERED_DETAIL_AVAILABLE","Registered LOSS-INFRASTRUCTURE-ABANDONMENT detail; contextual historical illustration, separate from current evidence. This individual asset was not selected in this wave.","REGISTRY_UPLOADED_VERIFIED_NOT_RE_REQUESTED","","image/webp","582370","NOT_INDIVIDUALLY_DECODED_THIS_TASK","Registry containsText=false; native HTML supplies localized names. Not individually content-reviewed this wave."
"VIS-CIV-LT-LOSS-RELIGIOUS-TRANSFORMATION","images/civilization-atlas/loss/VIS-CIV-LT-LOSS-RELIGIOUS-TRANSFORMATION.webp","content/civilization-atlas/visuals/civilization-visual-approved-bindings-v2.json; content/civilization-atlas/visuals/civilization-visual-owner-acceptance-2026-09-19.json","LOSS_TYPE_VIGNETTE","/world/ registered source explorer","/world?visual=VIS-CIV-LT-LOSS-RELIGIOUS-TRANSFORMATION&atlas=loss&lossType=LOSS-RELIGIOUS-TRANSFORMATION","Native Atlas contextual/detail reader","Fluid aspect ratio / full-resolution dialog","On selected source/detail","REGISTERED_DETAIL_AVAILABLE","Registered LOSS-RELIGIOUS-TRANSFORMATION detail; contextual historical illustration, separate from current evidence. This individual asset was not selected in this wave.","REGISTRY_UPLOADED_VERIFIED_NOT_RE_REQUESTED","","image/webp","575938","NOT_INDIVIDUALLY_DECODED_THIS_TASK","Registry containsText=false; native HTML supplies localized names. Not individually content-reviewed this wave."
"VIS-CIV-LT-LOSS-CULTURAL-DISCONTINUITY","images/civilization-atlas/loss/VIS-CIV-LT-LOSS-CULTURAL-DISCONTINUITY.webp","content/civilization-atlas/visuals/civilization-visual-approved-bindings-v2.json; content/civilization-atlas/visuals/civilization-visual-owner-acceptance-2026-09-19.json","LOSS_TYPE_VIGNETTE","/world/ registered source explorer","/world?visual=VIS-CIV-LT-LOSS-CULTURAL-DISCONTINUITY&atlas=loss&lossType=LOSS-CULTURAL-DISCONTINUITY","Native Atlas contextual/detail reader","Fluid aspect ratio / full-resolution dialog","On selected source/detail","REGISTERED_DETAIL_AVAILABLE","Registered LOSS-CULTURAL-DISCONTINUITY detail; contextual historical illustration, separate from current evidence. This individual asset was not selected in this wave.","REGISTRY_UPLOADED_VERIFIED_NOT_RE_REQUESTED","","image/webp","488076","NOT_INDIVIDUALLY_DECODED_THIS_TASK","Registry containsText=false; native HTML supplies localized names. Not individually content-reviewed this wave."
"VIS-CIV-LT-LOSS-LANGUAGE-DECLINE","images/civilization-atlas/loss/VIS-CIV-LT-LOSS-LANGUAGE-DECLINE.webp","content/civilization-atlas/visuals/civilization-visual-approved-bindings-v2.json; content/civilization-atlas/visuals/civilization-visual-owner-acceptance-2026-09-19.json","LOSS_TYPE_VIGNETTE","/world/ registered source explorer","/world?visual=VIS-CIV-LT-LOSS-LANGUAGE-DECLINE&atlas=loss&lossType=LOSS-LANGUAGE-DECLINE","Native Atlas contextual/detail reader","Fluid aspect ratio / full-resolution dialog","On selected source/detail","REGISTERED_DETAIL_AVAILABLE","Registered LOSS-LANGUAGE-DECLINE detail; contextual historical illustration, separate from current evidence. This individual asset was not selected in this wave.","REGISTRY_UPLOADED_VERIFIED_NOT_RE_REQUESTED","","image/webp","544134","NOT_INDIVIDUALLY_DECODED_THIS_TASK","Registry containsText=false; native HTML supplies localized names. Not individually content-reviewed this wave."
"VIS-CIV-LT-LOSS-IDENTITY-RECONFIGURATION","images/civilization-atlas/loss/VIS-CIV-LT-LOSS-IDENTITY-RECONFIGURATION.webp","content/civilization-atlas/visuals/civilization-visual-approved-bindings-v2.json; content/civilization-atlas/visuals/civilization-visual-owner-acceptance-2026-09-19.json","LOSS_TYPE_VIGNETTE","/world/ registered source explorer","/world?visual=VIS-CIV-LT-LOSS-IDENTITY-RECONFIGURATION&atlas=loss&lossType=LOSS-IDENTITY-RECONFIGURATION","Native Atlas contextual/detail reader","Fluid aspect ratio / full-resolution dialog","On selected source/detail","REGISTERED_DETAIL_AVAILABLE","Registered LOSS-IDENTITY-RECONFIGURATION detail; contextual historical illustration, separate from current evidence. This individual asset was not selected in this wave.","REGISTRY_UPLOADED_VERIFIED_NOT_RE_REQUESTED","","image/webp","532044","NOT_INDIVIDUALLY_DECODED_THIS_TASK","Registry containsText=false; native HTML supplies localized names. Not individually content-reviewed this wave."
"VIS-CIV-LT-LOSS-ABSORPTION-BY-OTHERS","images/civilization-atlas/loss/VIS-CIV-LT-LOSS-ABSORPTION-BY-OTHERS.webp","content/civilization-atlas/visuals/civilization-visual-approved-bindings-v2.json; content/civilization-atlas/visuals/civilization-visual-owner-acceptance-2026-09-19.json","LOSS_TYPE_VIGNETTE","/world/ registered source explorer","/world?visual=VIS-CIV-LT-LOSS-ABSORPTION-BY-OTHERS&atlas=loss&lossType=LOSS-ABSORPTION-BY-OTHERS","Native Atlas contextual/detail reader","Fluid aspect ratio / full-resolution dialog","On selected source/detail","REGISTERED_DETAIL_AVAILABLE","Registered LOSS-ABSORPTION-BY-OTHERS detail; contextual historical illustration, separate from current evidence. This individual asset was not selected in this wave.","REGISTRY_UPLOADED_VERIFIED_NOT_RE_REQUESTED","","image/webp","595596","NOT_INDIVIDUALLY_DECODED_THIS_TASK","Registry containsText=false; native HTML supplies localized names. Not individually content-reviewed this wave."
"VIS-CIV-LT-LOSS-PARTIAL-CONTINUATION","images/civilization-atlas/loss/VIS-CIV-LT-LOSS-PARTIAL-CONTINUATION.webp","content/civilization-atlas/visuals/civilization-visual-approved-bindings-v2.json; content/civilization-atlas/visuals/civilization-visual-owner-acceptance-2026-09-19.json","LOSS_TYPE_VIGNETTE","/world/ registered source explorer","/world?visual=VIS-CIV-LT-LOSS-PARTIAL-CONTINUATION&atlas=loss&lossType=LOSS-PARTIAL-CONTINUATION","Native Atlas contextual/detail reader","Fluid aspect ratio / full-resolution dialog","On selected source/detail","REGISTERED_DETAIL_AVAILABLE","Registered LOSS-PARTIAL-CONTINUATION detail; contextual historical illustration, separate from current evidence. This individual asset was not selected in this wave.","REGISTRY_UPLOADED_VERIFIED_NOT_RE_REQUESTED","","image/webp","483410","NOT_INDIVIDUALLY_DECODED_THIS_TASK","Registry containsText=false; native HTML supplies localized names. Not individually content-reviewed this wave."
"VIS-CIV-LT-LOSS-FORM-TRANSFORMATION","images/civilization-atlas/loss/VIS-CIV-LT-LOSS-FORM-TRANSFORMATION.webp","content/civilization-atlas/visuals/civilization-visual-approved-bindings-v2.json; content/civilization-atlas/visuals/civilization-visual-owner-acceptance-2026-09-19.json","LOSS_TYPE_VIGNETTE","/world/ registered source explorer","/world?visual=VIS-CIV-LT-LOSS-FORM-TRANSFORMATION&atlas=loss&lossType=LOSS-FORM-TRANSFORMATION","Native Atlas contextual/detail reader","Fluid aspect ratio / full-resolution dialog","On selected source/detail","REGISTERED_DETAIL_AVAILABLE","Registered LOSS-FORM-TRANSFORMATION detail; contextual historical illustration, separate from current evidence. This individual asset was not selected in this wave.","REGISTRY_UPLOADED_VERIFIED_NOT_RE_REQUESTED","","image/webp","568866","NOT_INDIVIDUALLY_DECODED_THIS_TASK","Registry containsText=false; native HTML supplies localized names. Not individually content-reviewed this wave."
"VIS-CIV-LT-LOSS-LEGACY-IN-NEW-SYSTEMS","images/civilization-atlas/loss/VIS-CIV-LT-LOSS-LEGACY-IN-NEW-SYSTEMS.webp","content/civilization-atlas/visuals/civilization-visual-approved-bindings-v2.json; content/civilization-atlas/visuals/civilization-visual-owner-acceptance-2026-09-19.json","LOSS_TYPE_VIGNETTE","/world/ registered source explorer","/world?visual=VIS-CIV-LT-LOSS-LEGACY-IN-NEW-SYSTEMS&atlas=loss&lossType=LOSS-LEGACY-IN-NEW-SYSTEMS","Native Atlas contextual/detail reader","Fluid aspect ratio / full-resolution dialog","On selected source/detail","REGISTERED_DETAIL_AVAILABLE","Registered LOSS-LEGACY-IN-NEW-SYSTEMS detail; contextual historical illustration, separate from current evidence. This individual asset was not selected in this wave.","REGISTRY_UPLOADED_VERIFIED_NOT_RE_REQUESTED","","image/webp","595256","NOT_INDIVIDUALLY_DECODED_THIS_TASK","Registry containsText=false; native HTML supplies localized names. Not individually content-reviewed this wave."
"VIS-CIV-INF-01","images/civilization-atlas/infrastructure/VIS-CIV-INF-01.webp","content/civilization-atlas/visuals/civilization-visual-approved-bindings-v2.json; content/civilization-atlas/visuals/civilization-visual-owner-acceptance-2026-09-19.json","CIVILIZATION_INFRASTRUCTURE","/world/ registered source explorer","/world?visual=VIS-CIV-INF-01&atlas=trajectories&trajectories=POPULATION","Native Atlas contextual/detail reader","Fluid aspect ratio / full-resolution dialog","On selected source/detail","REGISTERED_DETAIL_AVAILABLE","Registered INF-01 detail; contextual historical illustration, separate from current evidence. This individual asset was not selected in this wave.","REGISTRY_UPLOADED_VERIFIED_NOT_RE_REQUESTED","","image/webp","814286","NOT_INDIVIDUALLY_DECODED_THIS_TASK","Registry containsText=false; native HTML supplies localized names. Not individually content-reviewed this wave."
"VIS-CIV-INF-02","images/civilization-atlas/infrastructure/VIS-CIV-INF-02.webp","content/civilization-atlas/visuals/civilization-visual-approved-bindings-v2.json; content/civilization-atlas/visuals/civilization-visual-owner-acceptance-2026-09-19.json","CIVILIZATION_INFRASTRUCTURE","/world/ registered source explorer","/world?visual=VIS-CIV-INF-02&atlas=trajectories&trajectories=SURPLUS_BUFFER","Native Atlas contextual/detail reader","Fluid aspect ratio / full-resolution dialog","On selected source/detail","REGISTERED_DETAIL_AVAILABLE","Registered INF-02 detail; contextual historical illustration, separate from current evidence. This individual asset was not selected in this wave.","REGISTRY_UPLOADED_VERIFIED_NOT_RE_REQUESTED","","image/webp","679070","NOT_INDIVIDUALLY_DECODED_THIS_TASK","Registry containsText=false; native HTML supplies localized names. Not individually content-reviewed this wave."
"VIS-CIV-INF-03","images/civilization-atlas/infrastructure/VIS-CIV-INF-03.webp","content/civilization-atlas/visuals/civilization-visual-approved-bindings-v2.json; content/civilization-atlas/visuals/civilization-visual-owner-acceptance-2026-09-19.json","CIVILIZATION_INFRASTRUCTURE","/world/ registered source explorer","/world?visual=VIS-CIV-INF-03&atlas=trajectories&trajectories=COORDINATION_SCALE","Native Atlas contextual/detail reader","Fluid aspect ratio / full-resolution dialog","On selected source/detail","REGISTERED_DETAIL_AVAILABLE","Registered INF-03 detail; contextual historical illustration, separate from current evidence. This individual asset was not selected in this wave.","REGISTRY_UPLOADED_VERIFIED_NOT_RE_REQUESTED","","image/webp","747042","NOT_INDIVIDUALLY_DECODED_THIS_TASK","Registry containsText=false; native HTML supplies localized names. Not individually content-reviewed this wave."
"VIS-CIV-INF-04","images/civilization-atlas/infrastructure/VIS-CIV-INF-04.webp","content/civilization-atlas/visuals/civilization-visual-approved-bindings-v2.json; content/civilization-atlas/visuals/civilization-visual-owner-acceptance-2026-09-19.json","CIVILIZATION_INFRASTRUCTURE","/world/ registered source explorer","/world?visual=VIS-CIV-INF-04&atlas=trajectories&trajectories=ECONOMIC_CONNECTIVITY","Native Atlas contextual/detail reader","Fluid aspect ratio / full-resolution dialog","On selected source/detail","REGISTERED_DETAIL_AVAILABLE","Registered INF-04 detail; contextual historical illustration, separate from current evidence. This individual asset was not selected in this wave.","REGISTRY_UPLOADED_VERIFIED_NOT_RE_REQUESTED","","image/webp","752746","NOT_INDIVIDUALLY_DECODED_THIS_TASK","Registry containsText=false; native HTML supplies localized names. Not individually content-reviewed this wave."
"VIS-CIV-INF-05","images/civilization-atlas/infrastructure/VIS-CIV-INF-05.webp","content/civilization-atlas/visuals/civilization-visual-approved-bindings-v2.json; content/civilization-atlas/visuals/civilization-visual-owner-acceptance-2026-09-19.json","CIVILIZATION_INFRASTRUCTURE","/world/ registered source explorer","/world?visual=VIS-CIV-INF-05&atlas=trajectories&trajectories=MOBILITY_RADIUS","Native Atlas contextual/detail reader","Fluid aspect ratio / full-resolution dialog","On selected source/detail","REGISTERED_DETAIL_AVAILABLE","Registered INF-05 detail; contextual historical illustration, separate from current evidence. This individual asset was not selected in this wave.","REGISTRY_UPLOADED_VERIFIED_NOT_RE_REQUESTED","","image/webp","714334","NOT_INDIVIDUALLY_DECODED_THIS_TASK","Registry containsText=false; native HTML supplies localized names. Not individually content-reviewed this wave."
"VIS-CIV-INF-06","images/civilization-atlas/infrastructure/VIS-CIV-INF-06.webp","content/civilization-atlas/visuals/civilization-visual-approved-bindings-v2.json; content/civilization-atlas/visuals/civilization-visual-owner-acceptance-2026-09-19.json","CIVILIZATION_INFRASTRUCTURE","/world/ registered source explorer","/world?visual=VIS-CIV-INF-06&atlas=trajectories&trajectories=ECONOMIC_CONNECTIVITY","Native Atlas contextual/detail reader","Fluid aspect ratio / full-resolution dialog","On selected source/detail","REGISTERED_DETAIL_AVAILABLE","Registered INF-06 detail; contextual historical illustration, separate from current evidence. This individual asset was not selected in this wave.","REGISTRY_UPLOADED_VERIFIED_NOT_RE_REQUESTED","","image/webp","695796","NOT_INDIVIDUALLY_DECODED_THIS_TASK","Registry containsText=false; native HTML supplies localized names. Not individually content-reviewed this wave."
"VIS-CIV-INF-07","images/civilization-atlas/infrastructure/VIS-CIV-INF-07.webp","content/civilization-atlas/visuals/civilization-visual-approved-bindings-v2.json; content/civilization-atlas/visuals/civilization-visual-owner-acceptance-2026-09-19.json","CIVILIZATION_INFRASTRUCTURE","/world/ registered source explorer","/world?visual=VIS-CIV-INF-07&atlas=trajectories&trajectories=INFRASTRUCTURE_DEPENDENCY","Native Atlas contextual/detail reader","Fluid aspect ratio / full-resolution dialog","On selected source/detail","REGISTERED_DETAIL_AVAILABLE","Registered INF-07 detail; contextual historical illustration, separate from current evidence. This individual asset was not selected in this wave.","REGISTRY_UPLOADED_VERIFIED_NOT_RE_REQUESTED","","image/webp","810038","NOT_INDIVIDUALLY_DECODED_THIS_TASK","Registry containsText=false; native HTML supplies localized names. Not individually content-reviewed this wave."
"VIS-CIV-INF-08","images/civilization-atlas/infrastructure/VIS-CIV-INF-08.webp","content/civilization-atlas/visuals/civilization-visual-approved-bindings-v2.json; content/civilization-atlas/visuals/civilization-visual-owner-acceptance-2026-09-19.json","CIVILIZATION_INFRASTRUCTURE","/world/ registered source explorer","/world?visual=VIS-CIV-INF-08&atlas=trajectories&trajectories=MEANING_NETWORK_REACH","Native Atlas contextual/detail reader","Fluid aspect ratio / full-resolution dialog","On selected source/detail","REGISTERED_DETAIL_AVAILABLE","Registered INF-08 detail; contextual historical illustration, separate from current evidence. This individual asset was not selected in this wave.","REGISTRY_UPLOADED_VERIFIED_NOT_RE_REQUESTED","","image/webp","722556","NOT_INDIVIDUALLY_DECODED_THIS_TASK","Registry containsText=false; native HTML supplies localized names. Not individually content-reviewed this wave."
"VIS-CIV-INF-09","images/civilization-atlas/infrastructure/VIS-CIV-INF-09.webp","content/civilization-atlas/visuals/civilization-visual-approved-bindings-v2.json; content/civilization-atlas/visuals/civilization-visual-owner-acceptance-2026-09-19.json","CIVILIZATION_INFRASTRUCTURE","/world/ registered source explorer","/world?visual=VIS-CIV-INF-09&atlas=trajectories&trajectories=COORDINATION_SCALE","Native Atlas contextual/detail reader","Fluid aspect ratio / full-resolution dialog","On selected source/detail","REGISTERED_DETAIL_AVAILABLE","Registered INF-09 detail; contextual historical illustration, separate from current evidence. This individual asset was not selected in this wave.","REGISTRY_UPLOADED_VERIFIED_NOT_RE_REQUESTED","","image/webp","722364","NOT_INDIVIDUALLY_DECODED_THIS_TASK","Registry containsText=false; native HTML supplies localized names. Not individually content-reviewed this wave."
"VIS-CIV-INF-10","images/civilization-atlas/infrastructure/VIS-CIV-INF-10.webp","content/civilization-atlas/visuals/civilization-visual-approved-bindings-v2.json; content/civilization-atlas/visuals/civilization-visual-owner-acceptance-2026-09-19.json","CIVILIZATION_INFRASTRUCTURE","/world/ registered source explorer","/world?visual=VIS-CIV-INF-10&atlas=trajectories&trajectories=MEMORY_CAPACITY","Native Atlas contextual/detail reader","Fluid aspect ratio / full-resolution dialog","On selected source/detail","REGISTERED_DETAIL_AVAILABLE","Registered INF-10 detail; contextual historical illustration, separate from current evidence. This individual asset was not selected in this wave.","REGISTRY_UPLOADED_VERIFIED_NOT_RE_REQUESTED","","image/webp","602204","NOT_INDIVIDUALLY_DECODED_THIS_TASK","Registry containsText=false; native HTML supplies localized names. Not individually content-reviewed this wave."
"VIS-CIV-INF-11","images/civilization-atlas/infrastructure/VIS-CIV-INF-11.webp","content/civilization-atlas/visuals/civilization-visual-approved-bindings-v2.json; content/civilization-atlas/visuals/civilization-visual-owner-acceptance-2026-09-19.json","CIVILIZATION_INFRASTRUCTURE","/world/ registered source explorer","/world?visual=VIS-CIV-INF-11&atlas=trajectories&trajectories=KNOWLEDGE_PARTICIPATION","Native Atlas contextual/detail reader","Fluid aspect ratio / full-resolution dialog","On selected source/detail","REGISTERED_DETAIL_AVAILABLE","Registered INF-11 detail; contextual historical illustration, separate from current evidence. This individual asset was not selected in this wave.","REGISTRY_UPLOADED_VERIFIED_NOT_RE_REQUESTED","","image/webp","562694","NOT_INDIVIDUALLY_DECODED_THIS_TASK","Registry containsText=false; native HTML supplies localized names. Not individually content-reviewed this wave."
"VIS-CIV-INF-12","images/civilization-atlas/infrastructure/VIS-CIV-INF-12.webp","content/civilization-atlas/visuals/civilization-visual-approved-bindings-v2.json; content/civilization-atlas/visuals/civilization-visual-owner-acceptance-2026-09-19.json","CIVILIZATION_INFRASTRUCTURE","/world/ registered source explorer","/world?visual=VIS-CIV-INF-12&atlas=trajectories&trajectories=INFORMATION_VELOCITY","Native Atlas contextual/detail reader","Fluid aspect ratio / full-resolution dialog","On selected source/detail","REGISTERED_DETAIL_AVAILABLE","Registered INF-12 detail; contextual historical illustration, separate from current evidence. This individual asset was not selected in this wave.","REGISTRY_UPLOADED_VERIFIED_NOT_RE_REQUESTED","","image/webp","535762","NOT_INDIVIDUALLY_DECODED_THIS_TASK","Registry containsText=false; native HTML supplies localized names. Not individually content-reviewed this wave."
"VIS-CIV-INF-13","images/civilization-atlas/infrastructure/VIS-CIV-INF-13.webp","content/civilization-atlas/visuals/civilization-visual-approved-bindings-v2.json; content/civilization-atlas/visuals/civilization-visual-owner-acceptance-2026-09-19.json","CIVILIZATION_INFRASTRUCTURE","/world/ registered source explorer","/world?visual=VIS-CIV-INF-13&atlas=trajectories&trajectories=SURPLUS_BUFFER","Native Atlas contextual/detail reader","Fluid aspect ratio / full-resolution dialog","On selected source/detail","REGISTERED_DETAIL_AVAILABLE","Registered INF-13 detail; contextual historical illustration, separate from current evidence. This individual asset was not selected in this wave.","REGISTRY_UPLOADED_VERIFIED_NOT_RE_REQUESTED","","image/webp","588266","NOT_INDIVIDUALLY_DECODED_THIS_TASK","Registry containsText=false; native HTML supplies localized names. Not individually content-reviewed this wave."
"VIS-CIV-INF-14","images/civilization-atlas/infrastructure/VIS-CIV-INF-14.webp","content/civilization-atlas/visuals/civilization-visual-approved-bindings-v2.json; content/civilization-atlas/visuals/civilization-visual-owner-acceptance-2026-09-19.json","CIVILIZATION_INFRASTRUCTURE","/world/ registered source explorer","/world?visual=VIS-CIV-INF-14&atlas=trajectories&trajectories=ENERGY","Native Atlas contextual/detail reader","Fluid aspect ratio / full-resolution dialog","On selected source/detail","REGISTERED_DETAIL_AVAILABLE","Registered INF-14 detail; contextual historical illustration, separate from current evidence. This individual asset was not selected in this wave.","REGISTRY_UPLOADED_VERIFIED_NOT_RE_REQUESTED","","image/webp","570360","NOT_INDIVIDUALLY_DECODED_THIS_TASK","Registry containsText=false; native HTML supplies localized names. Not individually content-reviewed this wave."
"VIS-CIV-INF-15","images/civilization-atlas/infrastructure/VIS-CIV-INF-15.webp","content/civilization-atlas/visuals/civilization-visual-approved-bindings-v2.json; content/civilization-atlas/visuals/civilization-visual-owner-acceptance-2026-09-19.json","CIVILIZATION_INFRASTRUCTURE","/world/ registered source explorer","/world?visual=VIS-CIV-INF-15&atlas=trajectories&trajectories=MOBILITY_RADIUS","Native Atlas contextual/detail reader","Fluid aspect ratio / full-resolution dialog","On selected source/detail","REGISTERED_DETAIL_AVAILABLE","Registered INF-15 detail; contextual historical illustration, separate from current evidence. This individual asset was not selected in this wave.","REGISTRY_UPLOADED_VERIFIED_NOT_RE_REQUESTED","","image/webp","660608","NOT_INDIVIDUALLY_DECODED_THIS_TASK","Registry containsText=false; native HTML supplies localized names. Not individually content-reviewed this wave."
"VIS-CIV-INF-16","images/civilization-atlas/infrastructure/VIS-CIV-INF-16.webp","content/civilization-atlas/visuals/civilization-visual-approved-bindings-v2.json; content/civilization-atlas/visuals/civilization-visual-owner-acceptance-2026-09-19.json","CIVILIZATION_INFRASTRUCTURE","/world/ registered source explorer","/world?visual=VIS-CIV-INF-16&atlas=trajectories&trajectories=INFORMATION_VELOCITY","Native Atlas contextual/detail reader","Fluid aspect ratio / full-resolution dialog","On selected source/detail","REGISTERED_DETAIL_AVAILABLE","Registered INF-16 detail; contextual historical illustration, separate from current evidence. This individual asset was not selected in this wave.","REGISTRY_UPLOADED_VERIFIED_NOT_RE_REQUESTED","","image/webp","533402","NOT_INDIVIDUALLY_DECODED_THIS_TASK","Registry containsText=false; native HTML supplies localized names. Not individually content-reviewed this wave."
"VIS-CIV-INF-17","images/civilization-atlas/infrastructure/VIS-CIV-INF-17.webp","content/civilization-atlas/visuals/civilization-visual-approved-bindings-v2.json; content/civilization-atlas/visuals/civilization-visual-owner-acceptance-2026-09-19.json","CIVILIZATION_INFRASTRUCTURE","/world/ registered source explorer","/world?visual=VIS-CIV-INF-17&atlas=trajectories&trajectories=ENERGY","Native Atlas contextual/detail reader","Fluid aspect ratio / full-resolution dialog","On selected source/detail","REGISTERED_DETAIL_AVAILABLE","Registered INF-17 detail; contextual historical illustration, separate from current evidence. This individual asset was not selected in this wave.","REGISTRY_UPLOADED_VERIFIED_NOT_RE_REQUESTED","","image/webp","665764","NOT_INDIVIDUALLY_DECODED_THIS_TASK","Registry containsText=false; native HTML supplies localized names. Not individually content-reviewed this wave."
"VIS-CIV-INF-18","images/civilization-atlas/infrastructure/VIS-CIV-INF-18.webp","content/civilization-atlas/visuals/civilization-visual-approved-bindings-v2.json; content/civilization-atlas/visuals/civilization-visual-owner-acceptance-2026-09-19.json","CIVILIZATION_INFRASTRUCTURE","/world/ registered source explorer","/world?visual=VIS-CIV-INF-18&atlas=trajectories&trajectories=ECONOMIC_CONNECTIVITY","Native Atlas contextual/detail reader","Fluid aspect ratio / full-resolution dialog","On selected source/detail","REGISTERED_DETAIL_AVAILABLE","Registered INF-18 detail; contextual historical illustration, separate from current evidence. This individual asset was not selected in this wave.","REGISTRY_UPLOADED_VERIFIED_NOT_RE_REQUESTED","","image/webp","615480","NOT_INDIVIDUALLY_DECODED_THIS_TASK","Registry containsText=false; native HTML supplies localized names. Not individually content-reviewed this wave."
"VIS-CIV-INF-19","images/civilization-atlas/infrastructure/VIS-CIV-INF-19.webp","content/civilization-atlas/visuals/civilization-visual-approved-bindings-v2.json; content/civilization-atlas/visuals/civilization-visual-owner-acceptance-2026-09-19.json","CIVILIZATION_INFRASTRUCTURE","/world/ registered source explorer","/world?visual=VIS-CIV-INF-19&atlas=trajectories&trajectories=COMPUTATIONAL_CAPACITY","Native Atlas contextual/detail reader","Fluid aspect ratio / full-resolution dialog","On selected source/detail","REGISTERED_DETAIL_AVAILABLE","Registered INF-19 detail; contextual historical illustration, separate from current evidence. This individual asset was not selected in this wave.","REGISTRY_UPLOADED_VERIFIED_NOT_RE_REQUESTED","","image/webp","567390","NOT_INDIVIDUALLY_DECODED_THIS_TASK","Registry containsText=false; native HTML supplies localized names. Not individually content-reviewed this wave."
"VIS-CIV-INF-20","images/civilization-atlas/infrastructure/VIS-CIV-INF-20.webp","content/civilization-atlas/visuals/civilization-visual-approved-bindings-v2.json; content/civilization-atlas/visuals/civilization-visual-owner-acceptance-2026-09-19.json","CIVILIZATION_INFRASTRUCTURE","/world/ registered source explorer","/world?visual=VIS-CIV-INF-20&atlas=trajectories&trajectories=LOAD_FUTURE_CAPACITY","Native Atlas contextual/detail reader","Fluid aspect ratio / full-resolution dialog","On selected source/detail","REGISTERED_DETAIL_AVAILABLE","Registered INF-20 detail; contextual historical illustration, separate from current evidence. This individual asset was not selected in this wave.","REGISTRY_UPLOADED_VERIFIED_NOT_RE_REQUESTED","","image/webp","525892","NOT_INDIVIDUALLY_DECODED_THIS_TASK","Registry containsText=false; native HTML supplies localized names. Not individually content-reviewed this wave."
"VIS-CIV-MAP-01","images/civilization-atlas/maps/VIS-CIV-MAP-01.webp","content/civilization-atlas/visuals/civilization-visual-approved-bindings-v2.json; content/civilization-atlas/visuals/civilization-visual-owner-acceptance-2026-09-19.json","GEOGRAPHIC_BASE","/world/ registered source explorer","/world?explore=visuals&familyFilter=GEOGRAPHIC_BASE&subjectFilter=MAP-01","Native Atlas contextual/detail reader","Fluid aspect ratio / full-resolution dialog","On selected source/detail","REGISTERED_DETAIL_AVAILABLE","Registered MAP-01 detail; contextual historical illustration, separate from current evidence. This individual asset was not selected in this wave.","REGISTRY_UPLOADED_VERIFIED_NOT_RE_REQUESTED","","image/webp","498962","NOT_INDIVIDUALLY_DECODED_THIS_TASK","Registry containsText=false; native HTML supplies localized names. Not individually content-reviewed this wave."
"VIS-CIV-MAP-02","images/civilization-atlas/maps/VIS-CIV-MAP-02.webp","content/civilization-atlas/visuals/civilization-visual-approved-bindings-v2.json; content/civilization-atlas/visuals/civilization-visual-owner-acceptance-2026-09-19.json","GEOGRAPHIC_BASE","/world/ registered source explorer","/world?explore=visuals&familyFilter=GEOGRAPHIC_BASE&subjectFilter=MAP-02","Native Atlas contextual/detail reader","Fluid aspect ratio / full-resolution dialog","On selected source/detail","REGISTERED_DETAIL_AVAILABLE","Registered MAP-02 detail; contextual historical illustration, separate from current evidence. This individual asset was not selected in this wave.","REGISTRY_UPLOADED_VERIFIED_NOT_RE_REQUESTED","","image/webp","444190","NOT_INDIVIDUALLY_DECODED_THIS_TASK","Registry containsText=false; native HTML supplies localized names. Not individually content-reviewed this wave."
"VIS-CIV-MAP-03","images/civilization-atlas/maps/VIS-CIV-MAP-03.webp","content/civilization-atlas/visuals/civilization-visual-approved-bindings-v2.json; content/civilization-atlas/visuals/civilization-visual-owner-acceptance-2026-09-19.json","GEOGRAPHIC_BASE","/world/ registered source explorer","/world?explore=visuals&familyFilter=GEOGRAPHIC_BASE&subjectFilter=MAP-03","Native Atlas contextual/detail reader","Fluid aspect ratio / full-resolution dialog","On selected source/detail","REGISTERED_DETAIL_AVAILABLE","Registered MAP-03 detail; contextual historical illustration, separate from current evidence. This individual asset was not selected in this wave.","REGISTRY_UPLOADED_VERIFIED_NOT_RE_REQUESTED","","image/webp","590802","NOT_INDIVIDUALLY_DECODED_THIS_TASK","Registry containsText=false; native HTML supplies localized names. Not individually content-reviewed this wave."
"VIS-CIV-MAP-04","images/civilization-atlas/maps/VIS-CIV-MAP-04.webp","content/civilization-atlas/visuals/civilization-visual-approved-bindings-v2.json; content/civilization-atlas/visuals/civilization-visual-owner-acceptance-2026-09-19.json","GEOGRAPHIC_BASE","/world/ registered source explorer","/world?explore=visuals&familyFilter=GEOGRAPHIC_BASE&subjectFilter=MAP-04","Native Atlas contextual/detail reader","Fluid aspect ratio / full-resolution dialog","On selected source/detail","REGISTERED_DETAIL_AVAILABLE","Registered MAP-04 detail; contextual historical illustration, separate from current evidence. This individual asset was not selected in this wave.","REGISTRY_UPLOADED_VERIFIED_NOT_RE_REQUESTED","","image/webp","561206","NOT_INDIVIDUALLY_DECODED_THIS_TASK","Registry containsText=false; native HTML supplies localized names. Not individually content-reviewed this wave."
"VIS-CIV-MAP-05","images/civilization-atlas/maps/VIS-CIV-MAP-05.webp","content/civilization-atlas/visuals/civilization-visual-approved-bindings-v2.json; content/civilization-atlas/visuals/civilization-visual-owner-acceptance-2026-09-19.json","GEOGRAPHIC_BASE","/world/ registered source explorer","/world?explore=visuals&familyFilter=GEOGRAPHIC_BASE&subjectFilter=MAP-05","Native Atlas contextual/detail reader","Fluid aspect ratio / full-resolution dialog","On selected source/detail","REGISTERED_DETAIL_AVAILABLE","Registered MAP-05 detail; contextual historical illustration, separate from current evidence. This individual asset was not selected in this wave.","REGISTRY_UPLOADED_VERIFIED_NOT_RE_REQUESTED","","image/webp","619978","NOT_INDIVIDUALLY_DECODED_THIS_TASK","Registry containsText=false; native HTML supplies localized names. Not individually content-reviewed this wave."
"VIS-CIV-MAP-06","images/civilization-atlas/maps/VIS-CIV-MAP-06.webp","content/civilization-atlas/visuals/civilization-visual-approved-bindings-v2.json; content/civilization-atlas/visuals/civilization-visual-owner-acceptance-2026-09-19.json","GEOGRAPHIC_BASE","/world/ registered source explorer","/world?explore=visuals&familyFilter=GEOGRAPHIC_BASE&subjectFilter=MAP-06","Native Atlas contextual/detail reader","Fluid aspect ratio / full-resolution dialog","On selected source/detail","REGISTERED_DETAIL_AVAILABLE","Registered MAP-06 detail; contextual historical illustration, separate from current evidence. This individual asset was not selected in this wave.","REGISTRY_UPLOADED_VERIFIED_NOT_RE_REQUESTED","","image/webp","490868","NOT_INDIVIDUALLY_DECODED_THIS_TASK","Registry containsText=false; native HTML supplies localized names. Not individually content-reviewed this wave."
"VIS-CIV-MAP-07","images/civilization-atlas/maps/VIS-CIV-MAP-07.webp","content/civilization-atlas/visuals/civilization-visual-approved-bindings-v2.json; content/civilization-atlas/visuals/civilization-visual-owner-acceptance-2026-09-19.json","GEOGRAPHIC_BASE","/world/ registered source explorer","/world?explore=visuals&familyFilter=GEOGRAPHIC_BASE&subjectFilter=MAP-07","Native Atlas contextual/detail reader","Fluid aspect ratio / full-resolution dialog","On selected source/detail","REGISTERED_DETAIL_AVAILABLE","Registered MAP-07 detail; contextual historical illustration, separate from current evidence. This individual asset was not selected in this wave.","REGISTRY_UPLOADED_VERIFIED_NOT_RE_REQUESTED","","image/webp","536376","NOT_INDIVIDUALLY_DECODED_THIS_TASK","Registry containsText=false; native HTML supplies localized names. Not individually content-reviewed this wave."
"VIS-CIV-MAP-08","images/civilization-atlas/maps/VIS-CIV-MAP-08.webp","content/civilization-atlas/visuals/civilization-visual-approved-bindings-v2.json; content/civilization-atlas/visuals/civilization-visual-owner-acceptance-2026-09-19.json","GEOGRAPHIC_BASE","/world/ registered source explorer","/world?explore=visuals&familyFilter=GEOGRAPHIC_BASE&subjectFilter=MAP-08","Native Atlas contextual/detail reader","Fluid aspect ratio / full-resolution dialog","On selected source/detail","REGISTERED_DETAIL_AVAILABLE","Registered MAP-08 detail; contextual historical illustration, separate from current evidence. This individual asset was not selected in this wave.","REGISTRY_UPLOADED_VERIFIED_NOT_RE_REQUESTED","","image/webp","616696","NOT_INDIVIDUALLY_DECODED_THIS_TASK","Registry containsText=false; native HTML supplies localized names. Not individually content-reviewed this wave."
"VIS-CIV-MAP-09","images/civilization-atlas/maps/VIS-CIV-MAP-09.webp","content/civilization-atlas/visuals/civilization-visual-approved-bindings-v2.json; content/civilization-atlas/visuals/civilization-visual-owner-acceptance-2026-09-19.json","GEOGRAPHIC_BASE","/world/ registered source explorer","/world?explore=visuals&familyFilter=GEOGRAPHIC_BASE&subjectFilter=MAP-09","Native Atlas contextual/detail reader","Fluid aspect ratio / full-resolution dialog","On selected source/detail","REGISTERED_DETAIL_AVAILABLE","Registered MAP-09 detail; contextual historical illustration, separate from current evidence. This individual asset was not selected in this wave.","REGISTRY_UPLOADED_VERIFIED_NOT_RE_REQUESTED","","image/webp","583210","NOT_INDIVIDUALLY_DECODED_THIS_TASK","Registry containsText=false; native HTML supplies localized names. Not individually content-reviewed this wave."
"VIS-CIV-MAP-10","images/civilization-atlas/maps/VIS-CIV-MAP-10.webp","content/civilization-atlas/visuals/civilization-visual-approved-bindings-v2.json; content/civilization-atlas/visuals/civilization-visual-owner-acceptance-2026-09-19.json","GEOGRAPHIC_BASE","/world/ registered source explorer","/world?explore=visuals&familyFilter=GEOGRAPHIC_BASE&subjectFilter=MAP-10","Native Atlas contextual/detail reader","Fluid aspect ratio / full-resolution dialog","On selected source/detail","REGISTERED_DETAIL_AVAILABLE","Registered MAP-10 detail; contextual historical illustration, separate from current evidence. This individual asset was not selected in this wave.","REGISTRY_UPLOADED_VERIFIED_NOT_RE_REQUESTED","","image/webp","639668","NOT_INDIVIDUALLY_DECODED_THIS_TASK","Registry containsText=false; native HTML supplies localized names. Not individually content-reviewed this wave."
"VIS-CIV-HF-01","images/civilization-atlas/historical-figures/VIS-CIV-HF-01.webp","content/civilization-atlas/visuals/civilization-visual-approved-bindings-v2.json; content/civilization-atlas/visuals/civilization-visual-owner-acceptance-2026-09-19.json","HISTORICAL_FIGURE","/world/ registered source explorer","/world?visual=VIS-CIV-HF-01&atlas=timeline&period=T03","Native Atlas contextual/detail reader","Fluid aspect ratio / full-resolution dialog","On selected source/detail","REGISTERED_DETAIL_AVAILABLE","Registered HF-01 detail; contextual historical illustration, separate from current evidence. This individual asset was not selected in this wave.","REGISTRY_UPLOADED_VERIFIED_NOT_RE_REQUESTED","","image/webp","354092","NOT_INDIVIDUALLY_DECODED_THIS_TASK","Registry containsText=false; native HTML supplies localized names. Not individually content-reviewed this wave."
"VIS-CIV-HF-02","images/civilization-atlas/historical-figures/VIS-CIV-HF-02.webp","content/civilization-atlas/visuals/civilization-visual-approved-bindings-v2.json; content/civilization-atlas/visuals/civilization-visual-owner-acceptance-2026-09-19.json","HISTORICAL_FIGURE","/world/ registered source explorer","/world?visual=VIS-CIV-HF-02&atlas=timeline&period=T03","Native Atlas contextual/detail reader","Fluid aspect ratio / full-resolution dialog","On selected source/detail","REGISTERED_DETAIL_AVAILABLE","Registered HF-02 detail; contextual historical illustration, separate from current evidence. This individual asset was not selected in this wave.","REGISTRY_UPLOADED_VERIFIED_NOT_RE_REQUESTED","","image/webp","5694","NOT_INDIVIDUALLY_DECODED_THIS_TASK","Registry containsText=false; native HTML supplies localized names. Not individually content-reviewed this wave."
"VIS-CIV-HF-03","images/civilization-atlas/historical-figures/VIS-CIV-HF-03.webp","content/civilization-atlas/visuals/civilization-visual-approved-bindings-v2.json; content/civilization-atlas/visuals/civilization-visual-owner-acceptance-2026-09-19.json","HISTORICAL_FIGURE","/world/ registered source explorer","/world?visual=VIS-CIV-HF-03&atlas=timeline&period=T05","Native Atlas contextual/detail reader","Fluid aspect ratio / full-resolution dialog","On selected source/detail","REGISTERED_DETAIL_AVAILABLE","Registered HF-03 detail; contextual historical illustration, separate from current evidence. This individual asset was not selected in this wave.","REGISTRY_UPLOADED_VERIFIED_NOT_RE_REQUESTED","","image/webp","10518","NOT_INDIVIDUALLY_DECODED_THIS_TASK","Registry containsText=false; native HTML supplies localized names. Not individually content-reviewed this wave."
"VIS-CIV-HF-04","images/civilization-atlas/historical-figures/VIS-CIV-HF-04.webp","content/civilization-atlas/visuals/civilization-visual-approved-bindings-v2.json; content/civilization-atlas/visuals/civilization-visual-owner-acceptance-2026-09-19.json","HISTORICAL_FIGURE","/world/ registered source explorer","/world?visual=VIS-CIV-HF-04&atlas=timeline&period=T05","Native Atlas contextual/detail reader","Fluid aspect ratio / full-resolution dialog","On selected source/detail","REGISTERED_DETAIL_AVAILABLE","Registered HF-04 detail; contextual historical illustration, separate from current evidence. This individual asset was not selected in this wave.","REGISTRY_UPLOADED_VERIFIED_NOT_RE_REQUESTED","","image/webp","151642","NOT_INDIVIDUALLY_DECODED_THIS_TASK","Registry containsText=false; native HTML supplies localized names. Not individually content-reviewed this wave."
"VIS-CIV-HF-05","images/civilization-atlas/historical-figures/VIS-CIV-HF-05.webp","content/civilization-atlas/visuals/civilization-visual-approved-bindings-v2.json; content/civilization-atlas/visuals/civilization-visual-owner-acceptance-2026-09-19.json","HISTORICAL_FIGURE","/world/ registered source explorer","/world?visual=VIS-CIV-HF-05&atlas=timeline&period=T05","Native Atlas contextual/detail reader","Fluid aspect ratio / full-resolution dialog","On selected source/detail","REGISTERED_DETAIL_AVAILABLE","Registered HF-05 detail; contextual historical illustration, separate from current evidence. This individual asset was not selected in this wave.","REGISTRY_UPLOADED_VERIFIED_NOT_RE_REQUESTED","","image/webp","132996","NOT_INDIVIDUALLY_DECODED_THIS_TASK","Registry containsText=false; native HTML supplies localized names. Not individually content-reviewed this wave."
"VIS-CIV-HF-06","images/civilization-atlas/historical-figures/VIS-CIV-HF-06.webp","content/civilization-atlas/visuals/civilization-visual-approved-bindings-v2.json; content/civilization-atlas/visuals/civilization-visual-owner-acceptance-2026-09-19.json","HISTORICAL_FIGURE","/world/ registered source explorer","/world?visual=VIS-CIV-HF-06&atlas=timeline&period=T06","Native Atlas contextual/detail reader","Fluid aspect ratio / full-resolution dialog","On selected source/detail","REGISTERED_DETAIL_AVAILABLE","Registered HF-06 detail; contextual historical illustration, separate from current evidence. This individual asset was not selected in this wave.","REGISTRY_UPLOADED_VERIFIED_NOT_RE_REQUESTED","","image/webp","7234","NOT_INDIVIDUALLY_DECODED_THIS_TASK","Registry containsText=false; native HTML supplies localized names. Not individually content-reviewed this wave."
"VIS-CIV-HF-07","images/civilization-atlas/historical-figures/VIS-CIV-HF-07.webp","content/civilization-atlas/visuals/civilization-visual-approved-bindings-v2.json; content/civilization-atlas/visuals/civilization-visual-owner-acceptance-2026-09-19.json","HISTORICAL_FIGURE","/world/ registered source explorer","/world?visual=VIS-CIV-HF-07&atlas=timeline&period=T07","Native Atlas contextual/detail reader","Fluid aspect ratio / full-resolution dialog","On selected source/detail","REGISTERED_DETAIL_AVAILABLE","Registered HF-07 detail; contextual historical illustration, separate from current evidence. This individual asset was not selected in this wave.","REGISTRY_UPLOADED_VERIFIED_NOT_RE_REQUESTED","","image/webp","24426","NOT_INDIVIDUALLY_DECODED_THIS_TASK","Registry containsText=false; native HTML supplies localized names. Not individually content-reviewed this wave."
"VIS-CIV-HF-08","images/civilization-atlas/historical-figures/VIS-CIV-HF-08.webp","content/civilization-atlas/visuals/civilization-visual-approved-bindings-v2.json; content/civilization-atlas/visuals/civilization-visual-owner-acceptance-2026-09-19.json","HISTORICAL_FIGURE","/world/ registered source explorer","/world?visual=VIS-CIV-HF-08&atlas=timeline&period=T08","Native Atlas contextual/detail reader","Fluid aspect ratio / full-resolution dialog","On selected source/detail","REGISTERED_DETAIL_AVAILABLE","Registered HF-08 detail; contextual historical illustration, separate from current evidence. This individual asset was not selected in this wave.","REGISTRY_UPLOADED_VERIFIED_NOT_RE_REQUESTED","","image/webp","24500","NOT_INDIVIDUALLY_DECODED_THIS_TASK","Registry containsText=false; native HTML supplies localized names. Not individually content-reviewed this wave."
"VIS-CIV-HF-09","images/civilization-atlas/historical-figures/VIS-CIV-HF-09.webp","content/civilization-atlas/visuals/civilization-visual-approved-bindings-v2.json; content/civilization-atlas/visuals/civilization-visual-owner-acceptance-2026-09-19.json","HISTORICAL_FIGURE","/world/ registered source explorer","/world?visual=VIS-CIV-HF-09&atlas=timeline&period=T09","Native Atlas contextual/detail reader","Fluid aspect ratio / full-resolution dialog","On selected source/detail","REGISTERED_DETAIL_AVAILABLE","Registered HF-09 detail; contextual historical illustration, separate from current evidence. This individual asset was not selected in this wave.","REGISTRY_UPLOADED_VERIFIED_NOT_RE_REQUESTED","","image/webp","9368","NOT_INDIVIDUALLY_DECODED_THIS_TASK","Registry containsText=false; native HTML supplies localized names. Not individually content-reviewed this wave."
"VIS-CIV-HF-10","images/civilization-atlas/historical-figures/VIS-CIV-HF-10.webp","content/civilization-atlas/visuals/civilization-visual-approved-bindings-v2.json; content/civilization-atlas/visuals/civilization-visual-owner-acceptance-2026-09-19.json","HISTORICAL_FIGURE","/world/ registered source explorer","/world?visual=VIS-CIV-HF-10&atlas=timeline&period=T10","Native Atlas contextual/detail reader","Fluid aspect ratio / full-resolution dialog","On selected source/detail","REGISTERED_DETAIL_AVAILABLE","Registered HF-10 detail; contextual historical illustration, separate from current evidence. This individual asset was not selected in this wave.","REGISTRY_UPLOADED_VERIFIED_NOT_RE_REQUESTED","","image/webp","6748","NOT_INDIVIDUALLY_DECODED_THIS_TASK","Registry containsText=false; native HTML supplies localized names. Not individually content-reviewed this wave."
"VIS-CIV-HF-11","images/civilization-atlas/historical-figures/VIS-CIV-HF-11.webp","content/civilization-atlas/visuals/civilization-visual-approved-bindings-v2.json; content/civilization-atlas/visuals/civilization-visual-owner-acceptance-2026-09-19.json","HISTORICAL_FIGURE","/world/ registered source explorer","/world?visual=VIS-CIV-HF-11&atlas=timeline&period=T10","Native Atlas contextual/detail reader","Fluid aspect ratio / full-resolution dialog","On selected source/detail","REGISTERED_DETAIL_AVAILABLE","Registered HF-11 detail; contextual historical illustration, separate from current evidence. This individual asset was not selected in this wave.","REGISTRY_UPLOADED_VERIFIED_NOT_RE_REQUESTED","","image/webp","10480","NOT_INDIVIDUALLY_DECODED_THIS_TASK","Registry containsText=false; native HTML supplies localized names. Not individually content-reviewed this wave."
"VIS-CIV-HF-12","images/civilization-atlas/historical-figures/VIS-CIV-HF-12.webp","content/civilization-atlas/visuals/civilization-visual-approved-bindings-v2.json; content/civilization-atlas/visuals/civilization-visual-owner-acceptance-2026-09-19.json","HISTORICAL_FIGURE","/world/ registered source explorer","/world?visual=VIS-CIV-HF-12&atlas=timeline&period=T11","Native Atlas contextual/detail reader","Fluid aspect ratio / full-resolution dialog","On selected source/detail","REGISTERED_DETAIL_AVAILABLE","Registered HF-12 detail; contextual historical illustration, separate from current evidence. This individual asset was not selected in this wave.","REGISTRY_UPLOADED_VERIFIED_NOT_RE_REQUESTED","","image/webp","15620","NOT_INDIVIDUALLY_DECODED_THIS_TASK","Registry containsText=false; native HTML supplies localized names. Not individually content-reviewed this wave."
"VIS-CIV-HF-13","images/civilization-atlas/historical-figures/VIS-CIV-HF-13.webp","content/civilization-atlas/visuals/civilization-visual-approved-bindings-v2.json; content/civilization-atlas/visuals/civilization-visual-owner-acceptance-2026-09-19.json","HISTORICAL_FIGURE","/world/ registered source explorer","/world?visual=VIS-CIV-HF-13&atlas=timeline&period=T13","Native Atlas contextual/detail reader","Fluid aspect ratio / full-resolution dialog","On selected source/detail","REGISTERED_DETAIL_AVAILABLE","Registered HF-13 detail; contextual historical illustration, separate from current evidence. This individual asset was not selected in this wave.","REGISTRY_UPLOADED_VERIFIED_NOT_RE_REQUESTED","","image/webp","15372","NOT_INDIVIDUALLY_DECODED_THIS_TASK","Registry containsText=false; native HTML supplies localized names. Not individually content-reviewed this wave."
"VIS-CIV-HF-14","images/civilization-atlas/historical-figures/VIS-CIV-HF-14.webp","content/civilization-atlas/visuals/civilization-visual-approved-bindings-v2.json; content/civilization-atlas/visuals/civilization-visual-owner-acceptance-2026-09-19.json","HISTORICAL_FIGURE","/world/ registered source explorer","/world?visual=VIS-CIV-HF-14&atlas=timeline&period=T15","Native Atlas contextual/detail reader","Fluid aspect ratio / full-resolution dialog","On selected source/detail","REGISTERED_DETAIL_AVAILABLE","Registered HF-14 detail; contextual historical illustration, separate from current evidence. This individual asset was not selected in this wave.","REGISTRY_UPLOADED_VERIFIED_NOT_RE_REQUESTED","","image/webp","17034","NOT_INDIVIDUALLY_DECODED_THIS_TASK","Registry containsText=false; native HTML supplies localized names. Not individually content-reviewed this wave."
"VIS-CIV-HF-15","images/civilization-atlas/historical-figures/VIS-CIV-HF-15.webp","content/civilization-atlas/visuals/civilization-visual-approved-bindings-v2.json; content/civilization-atlas/visuals/civilization-visual-owner-acceptance-2026-09-19.json","HISTORICAL_FIGURE","/world/ registered source explorer","/world?visual=VIS-CIV-HF-15&atlas=timeline&period=T16","Native Atlas contextual/detail reader","Fluid aspect ratio / full-resolution dialog","On selected source/detail","REGISTERED_DETAIL_AVAILABLE","Registered HF-15 detail; contextual historical illustration, separate from current evidence. This individual asset was not selected in this wave.","REGISTRY_UPLOADED_VERIFIED_NOT_RE_REQUESTED","","image/webp","4428","NOT_INDIVIDUALLY_DECODED_THIS_TASK","Registry containsText=false; native HTML supplies localized names. Not individually content-reviewed this wave."
"VIS-CIV-HF-16","images/civilization-atlas/historical-figures/VIS-CIV-HF-16.webp","content/civilization-atlas/visuals/civilization-visual-approved-bindings-v2.json; content/civilization-atlas/visuals/civilization-visual-owner-acceptance-2026-09-19.json","HISTORICAL_FIGURE","/world/ registered source explorer","/world?visual=VIS-CIV-HF-16&atlas=timeline&period=T15","Native Atlas contextual/detail reader","Fluid aspect ratio / full-resolution dialog","On selected source/detail","REGISTERED_DETAIL_AVAILABLE","Registered HF-16 detail; contextual historical illustration, separate from current evidence. This individual asset was not selected in this wave.","REGISTRY_UPLOADED_VERIFIED_NOT_RE_REQUESTED","","image/webp","79722","NOT_INDIVIDUALLY_DECODED_THIS_TASK","Registry containsText=false; native HTML supplies localized names. Not individually content-reviewed this wave."
"VIS-CIV-FLAG-01","images/civilization-atlas/flags/VIS-CIV-FLAG-01.webp","content/civilization-atlas/visuals/civilization-visual-approved-bindings-v2.json; content/civilization-atlas/visuals/civilization-visual-owner-acceptance-2026-09-19.json","MODERN_FLAG","/world/ registered source explorer","/world?explore=visuals&familyFilter=MODERN_FLAG&subjectFilter=FLAG-01","Native Atlas contextual/detail reader","Fluid aspect ratio / full-resolution dialog","On selected source/detail","REGISTERED_DETAIL_AVAILABLE","Registered FLAG-01 detail; contextual historical illustration, separate from current evidence. This individual asset was not selected in this wave.","REGISTRY_UPLOADED_VERIFIED_NOT_RE_REQUESTED","","image/webp","117074","NOT_INDIVIDUALLY_DECODED_THIS_TASK","Registry containsText=false; native HTML supplies localized names. Not individually content-reviewed this wave."
"VIS-CIV-FLAG-02","images/civilization-atlas/flags/VIS-CIV-FLAG-02.webp","content/civilization-atlas/visuals/civilization-visual-approved-bindings-v2.json; content/civilization-atlas/visuals/civilization-visual-owner-acceptance-2026-09-19.json","MODERN_FLAG","/world/ registered source explorer","/world?explore=visuals&familyFilter=MODERN_FLAG&subjectFilter=FLAG-02","Native Atlas contextual/detail reader","Fluid aspect ratio / full-resolution dialog","On selected source/detail","REGISTERED_DETAIL_AVAILABLE","Registered FLAG-02 detail; contextual historical illustration, separate from current evidence. This individual asset was not selected in this wave.","REGISTRY_UPLOADED_VERIFIED_NOT_RE_REQUESTED","","image/webp","47622","NOT_INDIVIDUALLY_DECODED_THIS_TASK","Registry containsText=false; native HTML supplies localized names. Not individually content-reviewed this wave."
"VIS-CIV-FLAG-03","images/civilization-atlas/flags/VIS-CIV-FLAG-03.webp","content/civilization-atlas/visuals/civilization-visual-approved-bindings-v2.json; content/civilization-atlas/visuals/civilization-visual-owner-acceptance-2026-09-19.json","MODERN_FLAG","/world/ registered source explorer","/world?explore=visuals&familyFilter=MODERN_FLAG&subjectFilter=FLAG-03","Native Atlas contextual/detail reader","Fluid aspect ratio / full-resolution dialog","On selected source/detail","REGISTERED_DETAIL_AVAILABLE","Registered FLAG-03 detail; contextual historical illustration, separate from current evidence. This individual asset was not selected in this wave.","REGISTRY_UPLOADED_VERIFIED_NOT_RE_REQUESTED","","image/webp","35908","NOT_INDIVIDUALLY_DECODED_THIS_TASK","Registry containsText=false; native HTML supplies localized names. Not individually content-reviewed this wave."
"VIS-CIV-FLAG-04","images/civilization-atlas/flags/VIS-CIV-FLAG-04.webp","content/civilization-atlas/visuals/civilization-visual-approved-bindings-v2.json; content/civilization-atlas/visuals/civilization-visual-owner-acceptance-2026-09-19.json","MODERN_FLAG","/world/ registered source explorer","/world?explore=visuals&familyFilter=MODERN_FLAG&subjectFilter=FLAG-04","Native Atlas contextual/detail reader","Fluid aspect ratio / full-resolution dialog","On selected source/detail","REGISTERED_DETAIL_AVAILABLE","Registered FLAG-04 detail; contextual historical illustration, separate from current evidence. This individual asset was not selected in this wave.","REGISTRY_UPLOADED_VERIFIED_NOT_RE_REQUESTED","","image/webp","16926","NOT_INDIVIDUALLY_DECODED_THIS_TASK","Registry containsText=false; native HTML supplies localized names. Not individually content-reviewed this wave."
"VIS-CIV-FLAG-05","images/civilization-atlas/flags/VIS-CIV-FLAG-05.webp","content/civilization-atlas/visuals/civilization-visual-approved-bindings-v2.json; content/civilization-atlas/visuals/civilization-visual-owner-acceptance-2026-09-19.json","MODERN_FLAG","/world/ registered source explorer","/world?explore=visuals&familyFilter=MODERN_FLAG&subjectFilter=FLAG-05","Native Atlas contextual/detail reader","Fluid aspect ratio / full-resolution dialog","On selected source/detail","REGISTERED_DETAIL_AVAILABLE","Registered FLAG-05 detail; contextual historical illustration, separate from current evidence. This individual asset was not selected in this wave.","REGISTRY_UPLOADED_VERIFIED_NOT_RE_REQUESTED","","image/webp","454600","NOT_INDIVIDUALLY_DECODED_THIS_TASK","Registry containsText=false; native HTML supplies localized names. Not individually content-reviewed this wave."
"VIS-CIV-FLAG-06","images/civilization-atlas/flags/VIS-CIV-FLAG-06.webp","content/civilization-atlas/visuals/civilization-visual-approved-bindings-v2.json; content/civilization-atlas/visuals/civilization-visual-owner-acceptance-2026-09-19.json","MODERN_FLAG","/world/ registered source explorer","/world?explore=visuals&familyFilter=MODERN_FLAG&subjectFilter=FLAG-06","Native Atlas contextual/detail reader","Fluid aspect ratio / full-resolution dialog","On selected source/detail","REGISTERED_DETAIL_AVAILABLE","Registered FLAG-06 detail; contextual historical illustration, separate from current evidence. This individual asset was not selected in this wave.","REGISTRY_UPLOADED_VERIFIED_NOT_RE_REQUESTED","","image/webp","19030","NOT_INDIVIDUALLY_DECODED_THIS_TASK","Registry containsText=false; native HTML supplies localized names. Not individually content-reviewed this wave."
"VIS-CIV-FLAG-07","images/civilization-atlas/flags/VIS-CIV-FLAG-07.webp","content/civilization-atlas/visuals/civilization-visual-approved-bindings-v2.json; content/civilization-atlas/visuals/civilization-visual-owner-acceptance-2026-09-19.json","MODERN_FLAG","/world/ registered source explorer","/world?explore=visuals&familyFilter=MODERN_FLAG&subjectFilter=FLAG-07","Native Atlas contextual/detail reader","Fluid aspect ratio / full-resolution dialog","On selected source/detail","REGISTERED_DETAIL_AVAILABLE","Registered FLAG-07 detail; contextual historical illustration, separate from current evidence. This individual asset was not selected in this wave.","REGISTRY_UPLOADED_VERIFIED_NOT_RE_REQUESTED","","image/webp","7390","NOT_INDIVIDUALLY_DECODED_THIS_TASK","Registry containsText=false; native HTML supplies localized names. Not individually content-reviewed this wave."
"VIS-CIV-FLAG-08","images/civilization-atlas/flags/VIS-CIV-FLAG-08.webp","content/civilization-atlas/visuals/civilization-visual-approved-bindings-v2.json; content/civilization-atlas/visuals/civilization-visual-owner-acceptance-2026-09-19.json","MODERN_FLAG","/world/ registered source explorer","/world?explore=visuals&familyFilter=MODERN_FLAG&subjectFilter=FLAG-08","Native Atlas contextual/detail reader","Fluid aspect ratio / full-resolution dialog","On selected source/detail","REGISTERED_DETAIL_AVAILABLE","Registered FLAG-08 detail; contextual historical illustration, separate from current evidence. This individual asset was not selected in this wave.","REGISTRY_UPLOADED_VERIFIED_NOT_RE_REQUESTED","","image/webp","70694","NOT_INDIVIDUALLY_DECODED_THIS_TASK","Registry containsText=false; native HTML supplies localized names. Not individually content-reviewed this wave."
"VIS-CIV-FLAG-09","images/civilization-atlas/flags/VIS-CIV-FLAG-09.webp","content/civilization-atlas/visuals/civilization-visual-approved-bindings-v2.json; content/civilization-atlas/visuals/civilization-visual-owner-acceptance-2026-09-19.json","MODERN_FLAG","/world/ registered source explorer","/world?explore=visuals&familyFilter=MODERN_FLAG&subjectFilter=FLAG-09","Native Atlas contextual/detail reader","Fluid aspect ratio / full-resolution dialog","On selected source/detail","REGISTERED_DETAIL_AVAILABLE","Registered FLAG-09 detail; contextual historical illustration, separate from current evidence. This individual asset was not selected in this wave.","REGISTRY_UPLOADED_VERIFIED_NOT_RE_REQUESTED","","image/webp","79432","NOT_INDIVIDUALLY_DECODED_THIS_TASK","Registry containsText=false; native HTML supplies localized names. Not individually content-reviewed this wave."
"VIS-CIV-FLAG-10","images/civilization-atlas/flags/VIS-CIV-FLAG-10.webp","content/civilization-atlas/visuals/civilization-visual-approved-bindings-v2.json; content/civilization-atlas/visuals/civilization-visual-owner-acceptance-2026-09-19.json","MODERN_FLAG","/world/ registered source explorer","/world?explore=visuals&familyFilter=MODERN_FLAG&subjectFilter=FLAG-10","Native Atlas contextual/detail reader","Fluid aspect ratio / full-resolution dialog","On selected source/detail","REGISTERED_DETAIL_AVAILABLE","Registered FLAG-10 detail; contextual historical illustration, separate from current evidence. This individual asset was not selected in this wave.","REGISTRY_UPLOADED_VERIFIED_NOT_RE_REQUESTED","","image/webp","14732","NOT_INDIVIDUALLY_DECODED_THIS_TASK","Registry containsText=false; native HTML supplies localized names. Not individually content-reviewed this wave."
"VIS-CIV-FLAG-11","images/civilization-atlas/flags/VIS-CIV-FLAG-11.webp","content/civilization-atlas/visuals/civilization-visual-approved-bindings-v2.json; content/civilization-atlas/visuals/civilization-visual-owner-acceptance-2026-09-19.json","MODERN_FLAG","/world/ registered source explorer","/world?explore=visuals&familyFilter=MODERN_FLAG&subjectFilter=FLAG-11","Native Atlas contextual/detail reader","Fluid aspect ratio / full-resolution dialog","On selected source/detail","REGISTERED_DETAIL_AVAILABLE","Registered FLAG-11 detail; contextual historical illustration, separate from current evidence. This individual asset was not selected in this wave.","REGISTRY_UPLOADED_VERIFIED_NOT_RE_REQUESTED","","image/webp","214584","NOT_INDIVIDUALLY_DECODED_THIS_TASK","Registry containsText=false; native HTML supplies localized names. Not individually content-reviewed this wave."
"VIS-CIV-FLAG-12","images/civilization-atlas/flags/VIS-CIV-FLAG-12.webp","content/civilization-atlas/visuals/civilization-visual-approved-bindings-v2.json; content/civilization-atlas/visuals/civilization-visual-owner-acceptance-2026-09-19.json","MODERN_FLAG","/world/ registered source explorer","/world?explore=visuals&familyFilter=MODERN_FLAG&subjectFilter=FLAG-12","Native Atlas contextual/detail reader","Fluid aspect ratio / full-resolution dialog","On selected source/detail","REGISTERED_DETAIL_AVAILABLE","Registered FLAG-12 detail; contextual historical illustration, separate from current evidence. This individual asset was not selected in this wave.","REGISTRY_UPLOADED_VERIFIED_NOT_RE_REQUESTED","","image/webp","15578","NOT_INDIVIDUALLY_DECODED_THIS_TASK","Registry containsText=false; native HTML supplies localized names. Not individually content-reviewed this wave."
"VIS-CIV-FLAG-13","images/civilization-atlas/flags/VIS-CIV-FLAG-13.webp","content/civilization-atlas/visuals/civilization-visual-approved-bindings-v2.json; content/civilization-atlas/visuals/civilization-visual-owner-acceptance-2026-09-19.json","MODERN_FLAG","/world/ registered source explorer","/world?explore=visuals&familyFilter=MODERN_FLAG&subjectFilter=FLAG-13","Native Atlas contextual/detail reader","Fluid aspect ratio / full-resolution dialog","On selected source/detail","REGISTERED_DETAIL_AVAILABLE","Registered FLAG-13 detail; contextual historical illustration, separate from current evidence. This individual asset was not selected in this wave.","REGISTRY_UPLOADED_VERIFIED_NOT_RE_REQUESTED","","image/webp","2734","NOT_INDIVIDUALLY_DECODED_THIS_TASK","Registry containsText=false; native HTML supplies localized names. Not individually content-reviewed this wave."
"VIS-CIV-FLAG-14","images/civilization-atlas/flags/VIS-CIV-FLAG-14.webp","content/civilization-atlas/visuals/civilization-visual-approved-bindings-v2.json; content/civilization-atlas/visuals/civilization-visual-owner-acceptance-2026-09-19.json","MODERN_FLAG","/world/ registered source explorer","/world?explore=visuals&familyFilter=MODERN_FLAG&subjectFilter=FLAG-14","Native Atlas contextual/detail reader","Fluid aspect ratio / full-resolution dialog","On selected source/detail","REGISTERED_DETAIL_AVAILABLE","Registered FLAG-14 detail; contextual historical illustration, separate from current evidence. This individual asset was not selected in this wave.","REGISTRY_UPLOADED_VERIFIED_NOT_RE_REQUESTED","","image/webp","176422","NOT_INDIVIDUALLY_DECODED_THIS_TASK","Registry containsText=false; native HTML supplies localized names. Not individually content-reviewed this wave."
"VIS-CIV-FLAG-15","images/civilization-atlas/flags/VIS-CIV-FLAG-15.webp","content/civilization-atlas/visuals/civilization-visual-approved-bindings-v2.json; content/civilization-atlas/visuals/civilization-visual-owner-acceptance-2026-09-19.json","MODERN_FLAG","/world/ registered source explorer","/world?explore=visuals&familyFilter=MODERN_FLAG&subjectFilter=FLAG-15","Native Atlas contextual/detail reader","Fluid aspect ratio / full-resolution dialog","On selected source/detail","REGISTERED_DETAIL_AVAILABLE","Registered FLAG-15 detail; contextual historical illustration, separate from current evidence. This individual asset was not selected in this wave.","REGISTRY_UPLOADED_VERIFIED_NOT_RE_REQUESTED","","image/webp","20884","NOT_INDIVIDUALLY_DECODED_THIS_TASK","Registry containsText=false; native HTML supplies localized names. Not individually content-reviewed this wave."
"VIS-CIV-FLAG-16","images/civilization-atlas/flags/VIS-CIV-FLAG-16.webp","content/civilization-atlas/visuals/civilization-visual-approved-bindings-v2.json; content/civilization-atlas/visuals/civilization-visual-owner-acceptance-2026-09-19.json","MODERN_FLAG","/world/ registered source explorer","/world?explore=visuals&familyFilter=MODERN_FLAG&subjectFilter=FLAG-16","Native Atlas contextual/detail reader","Fluid aspect ratio / full-resolution dialog","On selected source/detail","REGISTERED_DETAIL_AVAILABLE","Registered FLAG-16 detail; contextual historical illustration, separate from current evidence. This individual asset was not selected in this wave.","REGISTRY_UPLOADED_VERIFIED_NOT_RE_REQUESTED","","image/webp","24614","NOT_INDIVIDUALLY_DECODED_THIS_TASK","Registry containsText=false; native HTML supplies localized names. Not individually content-reviewed this wave."
"VIS-CIV-FLAG-17","images/civilization-atlas/flags/VIS-CIV-FLAG-17.webp","content/civilization-atlas/visuals/civilization-visual-approved-bindings-v2.json; content/civilization-atlas/visuals/civilization-visual-owner-acceptance-2026-09-19.json","MODERN_FLAG","/world/ registered source explorer","/world?explore=visuals&familyFilter=MODERN_FLAG&subjectFilter=FLAG-17","Native Atlas contextual/detail reader","Fluid aspect ratio / full-resolution dialog","On selected source/detail","REGISTERED_DETAIL_AVAILABLE","Registered FLAG-17 detail; contextual historical illustration, separate from current evidence. This individual asset was not selected in this wave.","REGISTRY_UPLOADED_VERIFIED_NOT_RE_REQUESTED","","image/webp","77836","NOT_INDIVIDUALLY_DECODED_THIS_TASK","Registry containsText=false; native HTML supplies localized names. Not individually content-reviewed this wave."
"VIS-CIV-FLAG-18","images/civilization-atlas/flags/VIS-CIV-FLAG-18.webp","content/civilization-atlas/visuals/civilization-visual-approved-bindings-v2.json; content/civilization-atlas/visuals/civilization-visual-owner-acceptance-2026-09-19.json","MODERN_FLAG","/world/ registered source explorer","/world?explore=visuals&familyFilter=MODERN_FLAG&subjectFilter=FLAG-18","Native Atlas contextual/detail reader","Fluid aspect ratio / full-resolution dialog","On selected source/detail","REGISTERED_DETAIL_AVAILABLE","Registered FLAG-18 detail; contextual historical illustration, separate from current evidence. This individual asset was not selected in this wave.","REGISTRY_UPLOADED_VERIFIED_NOT_RE_REQUESTED","","image/webp","2826","NOT_INDIVIDUALLY_DECODED_THIS_TASK","Registry containsText=false; native HTML supplies localized names. Not individually content-reviewed this wave."
"VIS-CIV-FLAG-19","images/civilization-atlas/flags/VIS-CIV-FLAG-19.webp","content/civilization-atlas/visuals/civilization-visual-approved-bindings-v2.json; content/civilization-atlas/visuals/civilization-visual-owner-acceptance-2026-09-19.json","MODERN_FLAG","/world/ registered source explorer","/world?explore=visuals&familyFilter=MODERN_FLAG&subjectFilter=FLAG-19","Native Atlas contextual/detail reader","Fluid aspect ratio / full-resolution dialog","On selected source/detail","REGISTERED_DETAIL_AVAILABLE","Registered FLAG-19 detail; contextual historical illustration, separate from current evidence. This individual asset was not selected in this wave.","REGISTRY_UPLOADED_VERIFIED_NOT_RE_REQUESTED","","image/webp","30074","NOT_INDIVIDUALLY_DECODED_THIS_TASK","Registry containsText=false; native HTML supplies localized names. Not individually content-reviewed this wave."
"VIS-CIV-FLAG-20","images/civilization-atlas/flags/VIS-CIV-FLAG-20.webp","content/civilization-atlas/visuals/civilization-visual-approved-bindings-v2.json; content/civilization-atlas/visuals/civilization-visual-owner-acceptance-2026-09-19.json","MODERN_FLAG","/world/ registered source explorer","/world?explore=visuals&familyFilter=MODERN_FLAG&subjectFilter=FLAG-20","Native Atlas contextual/detail reader","Fluid aspect ratio / full-resolution dialog","On selected source/detail","REGISTERED_DETAIL_AVAILABLE","Registered FLAG-20 detail; contextual historical illustration, separate from current evidence. This individual asset was not selected in this wave.","REGISTRY_UPLOADED_VERIFIED_NOT_RE_REQUESTED","","image/webp","884","NOT_INDIVIDUALLY_DECODED_THIS_TASK","Registry containsText=false; native HTML supplies localized names. Not individually content-reviewed this wave."
"VIS-CIV-FLAG-21","images/civilization-atlas/flags/VIS-CIV-FLAG-21.webp","content/civilization-atlas/visuals/civilization-visual-approved-bindings-v2.json; content/civilization-atlas/visuals/civilization-visual-owner-acceptance-2026-09-19.json","MODERN_FLAG","/world/ registered source explorer","/world?explore=visuals&familyFilter=MODERN_FLAG&subjectFilter=FLAG-21","Native Atlas contextual/detail reader","Fluid aspect ratio / full-resolution dialog","On selected source/detail","REGISTERED_DETAIL_AVAILABLE","Registered FLAG-21 detail; contextual historical illustration, separate from current evidence. This individual asset was not selected in this wave.","REGISTRY_UPLOADED_VERIFIED_NOT_RE_REQUESTED","","image/webp","55064","NOT_INDIVIDUALLY_DECODED_THIS_TASK","Registry containsText=false; native HTML supplies localized names. Not individually content-reviewed this wave."
"VIS-CIV-FLAG-22","images/civilization-atlas/flags/VIS-CIV-FLAG-22.webp","content/civilization-atlas/visuals/civilization-visual-approved-bindings-v2.json; content/civilization-atlas/visuals/civilization-visual-owner-acceptance-2026-09-19.json","MODERN_FLAG","/world/ registered source explorer","/world?explore=visuals&familyFilter=MODERN_FLAG&subjectFilter=FLAG-22","Native Atlas contextual/detail reader","Fluid aspect ratio / full-resolution dialog","On selected source/detail","REGISTERED_DETAIL_AVAILABLE","Registered FLAG-22 detail; contextual historical illustration, separate from current evidence. This individual asset was not selected in this wave.","REGISTRY_UPLOADED_VERIFIED_NOT_RE_REQUESTED","","image/webp","348212","NOT_INDIVIDUALLY_DECODED_THIS_TASK","Registry containsText=false; native HTML supplies localized names. Not individually content-reviewed this wave."
"VIS-CIV-FLAG-23","images/civilization-atlas/flags/VIS-CIV-FLAG-23.webp","content/civilization-atlas/visuals/civilization-visual-approved-bindings-v2.json; content/civilization-atlas/visuals/civilization-visual-owner-acceptance-2026-09-19.json","MODERN_FLAG","/world/ registered source explorer","/world?explore=visuals&familyFilter=MODERN_FLAG&subjectFilter=FLAG-23","Native Atlas contextual/detail reader","Fluid aspect ratio / full-resolution dialog","On selected source/detail","REGISTERED_DETAIL_AVAILABLE","Registered FLAG-23 detail; contextual historical illustration, separate from current evidence. This individual asset was not selected in this wave.","REGISTRY_UPLOADED_VERIFIED_NOT_RE_REQUESTED","","image/webp","76146","NOT_INDIVIDUALLY_DECODED_THIS_TASK","Registry containsText=false; native HTML supplies localized names. Not individually content-reviewed this wave."
"VIS-CIV-FLAG-24","images/civilization-atlas/flags/VIS-CIV-FLAG-24.webp","content/civilization-atlas/visuals/civilization-visual-approved-bindings-v2.json; content/civilization-atlas/visuals/civilization-visual-owner-acceptance-2026-09-19.json","MODERN_FLAG","/world/ registered source explorer","/world?explore=visuals&familyFilter=MODERN_FLAG&subjectFilter=FLAG-24","Native Atlas contextual/detail reader","Fluid aspect ratio / full-resolution dialog","On selected source/detail","REGISTERED_DETAIL_AVAILABLE","Registered FLAG-24 detail; contextual historical illustration, separate from current evidence. This individual asset was not selected in this wave.","REGISTRY_UPLOADED_VERIFIED_NOT_RE_REQUESTED","","image/webp","822","NOT_INDIVIDUALLY_DECODED_THIS_TASK","Registry containsText=false; native HTML supplies localized names. Not individually content-reviewed this wave."
"WORLD_RECONFIGURATION_SNAPSHOT_1914","images/civilization-atlas/reconfiguration/WORLD_RECONFIGURATION_SNAPSHOT_1914.webp","content/civilization-atlas/visuals/civilization-visual-approved-bindings-v2.json; content/civilization-atlas/visuals/civilization-visual-owner-acceptance-2026-09-19.json","WORLD_RECONFIGURATION_SNAPSHOT","/world/ registered source explorer","/world?view=reconfiguration&atlas=snapshots&snapshot=WORLD_RECONFIGURATION_SNAPSHOT_1914&visual=WORLD_RECONFIGURATION_SNAPSHOT_1914#atlas","Native Atlas contextual/detail reader","Fluid aspect ratio / full-resolution dialog","On selected source/detail","REGISTERED_DETAIL_AVAILABLE","Registered WORLD_RECONFIGURATION_SNAPSHOT_1914 detail; contextual historical illustration, separate from current evidence. This individual asset was not selected in this wave.","REGISTRY_UPLOADED_VERIFIED_NOT_RE_REQUESTED","","image/webp","764948","NOT_INDIVIDUALLY_DECODED_THIS_TASK","Registry containsText=false; native HTML supplies localized names. Not individually content-reviewed this wave."
"WORLD_RECONFIGURATION_SNAPSHOT_1919","images/civilization-atlas/reconfiguration/WORLD_RECONFIGURATION_SNAPSHOT_1919.webp","content/civilization-atlas/visuals/civilization-visual-approved-bindings-v2.json; content/civilization-atlas/visuals/civilization-visual-owner-acceptance-2026-09-19.json","WORLD_RECONFIGURATION_SNAPSHOT","/world/ registered source explorer","/world?view=reconfiguration&atlas=snapshots&snapshot=WORLD_RECONFIGURATION_SNAPSHOT_1919&visual=WORLD_RECONFIGURATION_SNAPSHOT_1919#atlas","Native Atlas contextual/detail reader","Fluid aspect ratio / full-resolution dialog","On selected source/detail","REGISTERED_DETAIL_AVAILABLE","Registered WORLD_RECONFIGURATION_SNAPSHOT_1919 detail; contextual historical illustration, separate from current evidence. This individual asset was not selected in this wave.","REGISTRY_UPLOADED_VERIFIED_NOT_RE_REQUESTED","","image/webp","721502","NOT_INDIVIDUALLY_DECODED_THIS_TASK","Registry containsText=false; native HTML supplies localized names. Not individually content-reviewed this wave."
"WORLD_RECONFIGURATION_SNAPSHOT_1929","images/civilization-atlas/reconfiguration/WORLD_RECONFIGURATION_SNAPSHOT_1929.webp","content/civilization-atlas/visuals/civilization-visual-approved-bindings-v2.json; content/civilization-atlas/visuals/civilization-visual-owner-acceptance-2026-09-19.json","WORLD_RECONFIGURATION_SNAPSHOT","/world/ registered source explorer","/world?view=reconfiguration&atlas=snapshots&snapshot=WORLD_RECONFIGURATION_SNAPSHOT_1929&visual=WORLD_RECONFIGURATION_SNAPSHOT_1929#atlas","Native Atlas contextual/detail reader","Fluid aspect ratio / full-resolution dialog","On selected source/detail","REGISTERED_DETAIL_AVAILABLE","Registered WORLD_RECONFIGURATION_SNAPSHOT_1929 detail; contextual historical illustration, separate from current evidence. This individual asset was not selected in this wave.","REGISTRY_UPLOADED_VERIFIED_NOT_RE_REQUESTED","","image/webp","756536","NOT_INDIVIDUALLY_DECODED_THIS_TASK","Registry containsText=false; native HTML supplies localized names. Not individually content-reviewed this wave."
"WORLD_RECONFIGURATION_SNAPSHOT_1939","images/civilization-atlas/reconfiguration/WORLD_RECONFIGURATION_SNAPSHOT_1939.webp","content/civilization-atlas/visuals/civilization-visual-approved-bindings-v2.json; content/civilization-atlas/visuals/civilization-visual-owner-acceptance-2026-09-19.json","WORLD_RECONFIGURATION_SNAPSHOT","/world/ registered source explorer","/world?view=reconfiguration&atlas=snapshots&snapshot=WORLD_RECONFIGURATION_SNAPSHOT_1939&visual=WORLD_RECONFIGURATION_SNAPSHOT_1939#atlas","Native Atlas contextual/detail reader","Fluid aspect ratio / full-resolution dialog","On selected source/detail","REGISTERED_DETAIL_AVAILABLE","Registered WORLD_RECONFIGURATION_SNAPSHOT_1939 detail; contextual historical illustration, separate from current evidence. This individual asset was not selected in this wave.","REGISTRY_UPLOADED_VERIFIED_NOT_RE_REQUESTED","","image/webp","703798","NOT_INDIVIDUALLY_DECODED_THIS_TASK","Registry containsText=false; native HTML supplies localized names. Not individually content-reviewed this wave."
"WORLD_RECONFIGURATION_SNAPSHOT_1945","images/civilization-atlas/reconfiguration/WORLD_RECONFIGURATION_SNAPSHOT_1945.webp","content/civilization-atlas/visuals/civilization-visual-approved-bindings-v2.json; content/civilization-atlas/visuals/civilization-visual-owner-acceptance-2026-09-19.json","WORLD_RECONFIGURATION_SNAPSHOT","/world/ registered source explorer","/world?view=reconfiguration&atlas=snapshots&snapshot=WORLD_RECONFIGURATION_SNAPSHOT_1945&visual=WORLD_RECONFIGURATION_SNAPSHOT_1945#atlas","Native Atlas contextual/detail reader","Fluid aspect ratio / full-resolution dialog","On selected source/detail","REGISTERED_DETAIL_AVAILABLE","Registered WORLD_RECONFIGURATION_SNAPSHOT_1945 detail; contextual historical illustration, separate from current evidence. This individual asset was not selected in this wave.","REGISTRY_UPLOADED_VERIFIED_NOT_RE_REQUESTED","","image/webp","748392","NOT_INDIVIDUALLY_DECODED_THIS_TASK","Registry containsText=false; native HTML supplies localized names. Not individually content-reviewed this wave."
"WORLD_RECONFIGURATION_SNAPSHOT_1955","images/civilization-atlas/reconfiguration/WORLD_RECONFIGURATION_SNAPSHOT_1955.webp","content/civilization-atlas/visuals/civilization-visual-approved-bindings-v2.json; content/civilization-atlas/visuals/civilization-visual-owner-acceptance-2026-09-19.json","WORLD_RECONFIGURATION_SNAPSHOT","/world/ registered source explorer","/world?view=reconfiguration&atlas=snapshots&snapshot=WORLD_RECONFIGURATION_SNAPSHOT_1955&visual=WORLD_RECONFIGURATION_SNAPSHOT_1955#atlas","Native Atlas contextual/detail reader","Fluid aspect ratio / full-resolution dialog","On selected source/detail","REGISTERED_DETAIL_AVAILABLE","Registered WORLD_RECONFIGURATION_SNAPSHOT_1955 detail; contextual historical illustration, separate from current evidence. This individual asset was not selected in this wave.","REGISTRY_UPLOADED_VERIFIED_NOT_RE_REQUESTED","","image/webp","713262","NOT_INDIVIDUALLY_DECODED_THIS_TASK","Registry containsText=false; native HTML supplies localized names. Not individually content-reviewed this wave."
"WORLD_RECONFIGURATION_SNAPSHOT_1965","images/civilization-atlas/reconfiguration/WORLD_RECONFIGURATION_SNAPSHOT_1965.webp","content/civilization-atlas/visuals/civilization-visual-approved-bindings-v2.json; content/civilization-atlas/visuals/civilization-visual-owner-acceptance-2026-09-19.json","WORLD_RECONFIGURATION_SNAPSHOT","/world/ registered source explorer","/world?view=reconfiguration&atlas=snapshots&snapshot=WORLD_RECONFIGURATION_SNAPSHOT_1965&visual=WORLD_RECONFIGURATION_SNAPSHOT_1965#atlas","Native Atlas contextual/detail reader","Fluid aspect ratio / full-resolution dialog","On selected source/detail","REGISTERED_DETAIL_AVAILABLE","Registered WORLD_RECONFIGURATION_SNAPSHOT_1965 detail; contextual historical illustration, separate from current evidence. This individual asset was not selected in this wave.","REGISTRY_UPLOADED_VERIFIED_NOT_RE_REQUESTED","","image/webp","709328","NOT_INDIVIDUALLY_DECODED_THIS_TASK","Registry containsText=false; native HTML supplies localized names. Not individually content-reviewed this wave."
"WORLD_RECONFIGURATION_SNAPSHOT_1975","images/civilization-atlas/reconfiguration/WORLD_RECONFIGURATION_SNAPSHOT_1975.webp","content/civilization-atlas/visuals/civilization-visual-approved-bindings-v2.json; content/civilization-atlas/visuals/civilization-visual-owner-acceptance-2026-09-19.json","WORLD_RECONFIGURATION_SNAPSHOT","/world/ registered source explorer","/world?view=reconfiguration&atlas=snapshots&snapshot=WORLD_RECONFIGURATION_SNAPSHOT_1975&visual=WORLD_RECONFIGURATION_SNAPSHOT_1975#atlas","Native Atlas contextual/detail reader","Fluid aspect ratio / full-resolution dialog","On selected source/detail","REGISTERED_DETAIL_AVAILABLE","Registered WORLD_RECONFIGURATION_SNAPSHOT_1975 detail; contextual historical illustration, separate from current evidence. This individual asset was not selected in this wave.","REGISTRY_UPLOADED_VERIFIED_NOT_RE_REQUESTED","","image/webp","693040","NOT_INDIVIDUALLY_DECODED_THIS_TASK","Registry containsText=false; native HTML supplies localized names. Not individually content-reviewed this wave."
"WORLD_RECONFIGURATION_SNAPSHOT_1989","images/civilization-atlas/reconfiguration/WORLD_RECONFIGURATION_SNAPSHOT_1989.webp","content/civilization-atlas/visuals/civilization-visual-approved-bindings-v2.json; content/civilization-atlas/visuals/civilization-visual-owner-acceptance-2026-09-19.json","WORLD_RECONFIGURATION_SNAPSHOT","/world/ registered source explorer","/world?view=reconfiguration&atlas=snapshots&snapshot=WORLD_RECONFIGURATION_SNAPSHOT_1989&visual=WORLD_RECONFIGURATION_SNAPSHOT_1989#atlas","Native Atlas contextual/detail reader","Fluid aspect ratio / full-resolution dialog","On selected source/detail","REGISTERED_DETAIL_AVAILABLE","Registered WORLD_RECONFIGURATION_SNAPSHOT_1989 detail; contextual historical illustration, separate from current evidence. This individual asset was not selected in this wave.","REGISTRY_UPLOADED_VERIFIED_NOT_RE_REQUESTED","","image/webp","698992","NOT_INDIVIDUALLY_DECODED_THIS_TASK","Registry containsText=false; native HTML supplies localized names. Not individually content-reviewed this wave."
"WORLD_RECONFIGURATION_SNAPSHOT_2001","images/civilization-atlas/reconfiguration/WORLD_RECONFIGURATION_SNAPSHOT_2001.webp","content/civilization-atlas/visuals/civilization-visual-approved-bindings-v2.json; content/civilization-atlas/visuals/civilization-visual-owner-acceptance-2026-09-19.json","WORLD_RECONFIGURATION_SNAPSHOT","/world/ registered source explorer","/world?view=reconfiguration&atlas=snapshots&snapshot=WORLD_RECONFIGURATION_SNAPSHOT_2001&visual=WORLD_RECONFIGURATION_SNAPSHOT_2001#atlas","Native Atlas contextual/detail reader","Fluid aspect ratio / full-resolution dialog","On selected source/detail","REGISTERED_DETAIL_AVAILABLE","Registered WORLD_RECONFIGURATION_SNAPSHOT_2001 detail; contextual historical illustration, separate from current evidence. This individual asset was not selected in this wave.","REGISTRY_UPLOADED_VERIFIED_NOT_RE_REQUESTED","","image/webp","730166","NOT_INDIVIDUALLY_DECODED_THIS_TASK","Registry containsText=false; native HTML supplies localized names. Not individually content-reviewed this wave."
"WORLD_RECONFIGURATION_SNAPSHOT_2008","images/civilization-atlas/reconfiguration/WORLD_RECONFIGURATION_SNAPSHOT_2008.webp","content/civilization-atlas/visuals/civilization-visual-approved-bindings-v2.json; content/civilization-atlas/visuals/civilization-visual-owner-acceptance-2026-09-19.json","WORLD_RECONFIGURATION_SNAPSHOT","/world/ registered source explorer","/world?view=reconfiguration&atlas=snapshots&snapshot=WORLD_RECONFIGURATION_SNAPSHOT_2008&visual=WORLD_RECONFIGURATION_SNAPSHOT_2008#atlas","Native Atlas contextual/detail reader","Fluid aspect ratio / full-resolution dialog","On selected source/detail","REGISTERED_DETAIL_AVAILABLE","Registered WORLD_RECONFIGURATION_SNAPSHOT_2008 detail; contextual historical illustration, separate from current evidence. This individual asset was not selected in this wave.","REGISTRY_UPLOADED_VERIFIED_NOT_RE_REQUESTED","","image/webp","735754","NOT_INDIVIDUALLY_DECODED_THIS_TASK","Registry containsText=false; native HTML supplies localized names. Not individually content-reviewed this wave."
"WORLD_RECONFIGURATION_SNAPSHOT_2026","images/civilization-atlas/reconfiguration/WORLD_RECONFIGURATION_SNAPSHOT_2026.webp","content/civilization-atlas/visuals/civilization-visual-approved-bindings-v2.json; content/civilization-atlas/visuals/civilization-visual-owner-acceptance-2026-09-19.json","WORLD_RECONFIGURATION_SNAPSHOT","/world/ registered source explorer","/world?view=reconfiguration&atlas=snapshots&snapshot=WORLD_RECONFIGURATION_SNAPSHOT_2026&visual=WORLD_RECONFIGURATION_SNAPSHOT_2026#atlas","Native Atlas contextual/detail reader","Fluid aspect ratio / full-resolution dialog","On selected source/detail","REGISTERED_DETAIL_AVAILABLE","Registered WORLD_RECONFIGURATION_SNAPSHOT_2026 detail; contextual historical illustration, separate from current evidence. This individual asset was not selected in this wave.","REGISTRY_UPLOADED_VERIFIED_NOT_RE_REQUESTED","","image/webp","735046","NOT_INDIVIDUALLY_DECODED_THIS_TASK","Registry containsText=false; native HTML supplies localized names. Not individually content-reviewed this wave."
