"URL","sourceOwner","sourceSHA256","languageOwner","scriptEntries","visualOwner","functionalEntries","access","canonicalURL","httpStatus","initialIssue","repair","localStatus","enDesktop","zhMobile","deployment","liveStatus"
"/about/founder/","about/founder/index.html","375fefcbab02cefb2c185b65a873d54c0d0a64f8f490731baf96ae1572e14f20","locale-bootstrap + /assets/js/locale-bootstrap.js; /assets/js/public-shell.js; /assets/js/pages/founder-publication-r1.js?v=20261010-human-r2","/assets/js/locale-bootstrap.js; /assets/js/public-shell.js; /assets/js/pages/founder-publication-r1.js?v=20261010-human-r2","Native source/template","","PUBLIC","/about/founder/","200","See preserved BROWSER.json / SOURCE-CHECKS-BEFORE.json; historical export errors not reproduced at W0","Shared interface/visual/locale owners and route-specific repairs; original accepted content retained","PASS","BROWSER-FINAL.json: en/1440px 2026-10-10T16:07:04.278Z","BROWSER-FINAL.json: zh-Hans/390px 2026-10-10T16:07:05.016Z","NOT_DEPLOYED_BY_THIS_TASK","NOT_POST_DEPLOY_VERIFIED"
"/about/","about/index.html","154f26e8992f3cf1ea32382c6eb843a31cb94d036212f9c09e586b29e5d446f9","locale-bootstrap + /assets/js/locale-bootstrap.js; /assets/customer-ui/js/shell.js","/assets/js/locale-bootstrap.js; /assets/customer-ui/js/shell.js; /assets/customer-ui/js/public-index-copy.js","Native source/template","/search/; /knowledge/ask/","PUBLIC","/about/","200","See preserved BROWSER.json / SOURCE-CHECKS-BEFORE.json; historical export errors not reproduced at W0","Shared interface/visual/locale owners and route-specific repairs; original accepted content retained","PASS","BROWSER-FINAL.json: en/1440px 2026-10-10T16:06:48.033Z","BROWSER-FINAL.json: zh-Hans/390px 2026-10-10T16:06:47.701Z","NOT_DEPLOYED_BY_THIS_TASK","NOT_POST_DEPLOY_VERIFIED"
"/about/reality-navigation/","about/reality-navigation/index.html","7f7c6550c6d58bbe81437daf8526cbbfbfa167853dad95ec12d5ff735ea6b82f","locale-bootstrap + /assets/js/locale-bootstrap.js; /assets/js/public-shell.js","/assets/js/locale-bootstrap.js; /assets/js/public-shell.js; /assets/customer-ui/js/public-index-copy.js","Native source/template","","PUBLIC","/about/reality-navigation/","200","See preserved BROWSER.json / SOURCE-CHECKS-BEFORE.json; historical export errors not reproduced at W0","Shared interface/visual/locale owners and route-specific repairs; original accepted content retained","PASS","BROWSER-FINAL.json: en/1440px 2026-10-10T16:06:49.230Z","BROWSER-FINAL.json: zh-Hans/390px 2026-10-10T16:06:50.178Z","NOT_DEPLOYED_BY_THIS_TASK","NOT_POST_DEPLOY_VERIFIED"
"/academy/","academy/index.html","8f06a4e38433bbbac50695a13879865e775cc00210a103f69887d39cf64d8661","locale-bootstrap + /assets/js/locale-bootstrap.js; /assets/customer-ui/js/shell.js","/assets/js/locale-bootstrap.js; /assets/customer-ui/js/shell.js; /assets/customer-ui/js/surfaces/academy.js; /assets/customer-ui/js/public-index-copy.js; /assets/customer-ui/js/public-index-figures.js; /assets/customer-ui/js/surfaces/navigation-academy.js; /assets/customer-ui/js/surfaces/visual-binding-r5-guides.js; /assets/js/global-visual-r2.js","/assets/customer-ui/js/surfaces/visual-binding-r5-guides.js; /assets/js/global-visual-r2.js","/search/; /knowledge/ask/","PUBLIC","/academy/","200","See preserved BROWSER.json / SOURCE-CHECKS-BEFORE.json; historical export errors not reproduced at W0","Shared interface/visual/locale owners and route-specific repairs; original accepted content retained","PASS","BROWSER-CLOSURE.json: en/1440px 2026-10-10T19:09:28.966Z","BROWSER-CLOSURE.json: zh-Hans/390px 2026-10-10T19:09:29.186Z","NOT_DEPLOYED_BY_THIS_TASK","NOT_POST_DEPLOY_VERIFIED"
"/academy/lesson/","academy/lesson/index.html","db622270911c71f06b1017043b4a513d2b197e627c583d2a0a6dddcceecb7e4c","locale-bootstrap + /assets/js/locale-bootstrap.js; /assets/customer-ui/js/shell.js","/assets/js/locale-bootstrap.js; /assets/customer-ui/js/shell.js; /assets/customer-ui/js/surfaces/academy.js; /assets/customer-ui/js/surfaces/visual-binding-r5-guides.js","/assets/customer-ui/js/surfaces/visual-binding-r5-guides.js","/search/; /knowledge/ask/","PUBLIC","/academy/lesson/","200","See preserved BROWSER.json / SOURCE-CHECKS-BEFORE.json; historical export errors not reproduced at W0","Shared interface/visual/locale owners and route-specific repairs; original accepted content retained","PASS","BROWSER-FINAL.json: en/1440px 2026-10-10T16:06:53.205Z","BROWSER-FINAL.json: zh-Hans/390px 2026-10-10T16:06:53.246Z","NOT_DEPLOYED_BY_THIS_TASK","NOT_POST_DEPLOY_VERIFIED"
"/academy-lesson.html","academy-lesson.html","7ca7325414ddf3bde3660c487320883936cfaee8e0e70de1c2f48b1c184f1978","locale-bootstrap + /assets/js/locale-bootstrap.js; /assets/js/public-shell.js; /assets/js/pages/academy.js","/assets/js/locale-bootstrap.js; /assets/js/public-shell.js; /assets/js/pages/academy.js","Native source/template","/search/; /knowledge/ask/","PUBLIC","/academy/lesson/","200","See preserved BROWSER.json / SOURCE-CHECKS-BEFORE.json; historical export errors not reproduced at W0","Shared interface/visual/locale owners and route-specific repairs; original accepted content retained","PASS","BROWSER-FINAL.json: en/1440px 2026-10-10T16:06:57.217Z","BROWSER-FINAL.json: zh-Hans/390px 2026-10-10T16:06:58.392Z","NOT_DEPLOYED_BY_THIS_TASK","NOT_POST_DEPLOY_VERIFIED"
"/academy.html","academy.html","5734723247405db883f6a337a9cc69fafa4cab4a6ca5f37e054975234c1b39ee","locale-bootstrap + /assets/js/locale-bootstrap.js; /assets/js/public-shell.js; /assets/js/pages/academy.js; /assets/js/pages/service-continuity-visuals.js; /assets/js/pages/client-production-surfaces.js","/assets/js/locale-bootstrap.js; /assets/js/public-shell.js; /assets/js/pages/academy.js; /assets/js/pages/service-continuity-visuals.js; /assets/js/pages/client-production-surfaces.js","/assets/js/pages/service-continuity-visuals.js","/search/; /knowledge/ask/","PUBLIC","/academy/","200","See preserved BROWSER.json / SOURCE-CHECKS-BEFORE.json; historical export errors not reproduced at W0","Shared interface/visual/locale owners and route-specific repairs; original accepted content retained","PASS","BROWSER-FINAL.json: en/1440px 2026-10-10T16:06:58.960Z","BROWSER-FINAL.json: zh-Hans/390px 2026-10-10T16:06:59.555Z","NOT_DEPLOYED_BY_THIS_TASK","NOT_POST_DEPLOY_VERIFIED"
"/account/","account/index.html","a388467c64e8c658ad94cc6ae73a64c7eb7dd79b67d1f80fa6ba205b8f4a9d25","locale-bootstrap + /assets/js/locale-bootstrap.js; /assets/customer-ui/js/shell.js","/assets/js/locale-bootstrap.js; /assets/customer-ui/js/shell.js; /assets/customer-ui/js/surfaces/account.js; /assets/customer-ui/js/surfaces/visual-binding-r5-guides.js; /assets/js/global-visual-r2.js","/assets/customer-ui/js/surfaces/visual-binding-r5-guides.js; /assets/js/global-visual-r2.js","/search/; /knowledge/ask/","PUBLIC_ENTRY; account/entitlement required for protected actions","/account/","200","See preserved BROWSER.json / SOURCE-CHECKS-BEFORE.json; historical export errors not reproduced at W0","Shared interface/visual/locale owners and route-specific repairs; original accepted content retained","PASS","BROWSER-CLOSURE.json: en/1440px 2026-10-10T19:09:31.481Z","BROWSER-CLOSURE.json: zh-Hans/390px 2026-10-10T19:09:31.707Z","NOT_DEPLOYED_BY_THIS_TASK","NOT_POST_DEPLOY_VERIFIED"
"/account-my-reality.html","account-my-reality.html","a977c79afec1a984acc97b2b8586c7afdafe7060243344e6e8563ac5f196bd9b","locale-bootstrap + /assets/js/locale-bootstrap.js; /assets/js/public-shell.js","/assets/js/locale-bootstrap.js; /assets/js/public-shell.js","Native source/template","","PUBLIC_ENTRY; account/entitlement required for protected actions","/account-my-reality.html","200","See preserved BROWSER.json / SOURCE-CHECKS-BEFORE.json; historical export errors not reproduced at W0","Shared interface/visual/locale owners and route-specific repairs; original accepted content retained","PASS","BROWSER-FINAL.json: en/1440px 2026-10-10T16:07:04.288Z","BROWSER-FINAL.json: zh-Hans/390px 2026-10-10T16:07:05.356Z","NOT_DEPLOYED_BY_THIS_TASK","NOT_POST_DEPLOY_VERIFIED"
"/account.html","account.html","79aec4df23dc9cf12df120442316f24e456388bd277b3ed08cb81bac0c05ac46","locale-bootstrap + /assets/js/locale-bootstrap.js; /assets/js/public-shell.js; /assets/js/pages/account-cka.js; /assets/js/pages/service-continuity-visuals.js; /assets/js/pages/account-method-status-v2.js","/assets/js/locale-bootstrap.js; /assets/js/public-shell.js; /assets/js/pages/account-cka.js; /assets/js/pages/service-continuity-visuals.js; /assets/js/pages/account-method-status-v2.js","/assets/js/pages/service-continuity-visuals.js","/search/; /knowledge/ask/","PUBLIC_ENTRY; account/entitlement required for protected actions","/account/","200","See preserved BROWSER.json / SOURCE-CHECKS-BEFORE.json; historical export errors not reproduced at W0","Shared interface/visual/locale owners and route-specific repairs; original accepted content retained","PASS","BROWSER-FINAL.json: en/1440px 2026-10-10T16:07:08.975Z","BROWSER-FINAL.json: zh-Hans/390px 2026-10-10T16:07:13.252Z","NOT_DEPLOYED_BY_THIS_TASK","NOT_POST_DEPLOY_VERIFIED"
"/ai-disclosure.html","ai-disclosure.html","4ad30ad7a4afdc59b37819e7844566ef60b3bffb24b87ced4aa0b47ff8334dd0","locale-bootstrap + /assets/js/locale-bootstrap.js; /assets/js/public-shell.js; /assets/js/pages/brand-research-commerce-legal.js","/assets/js/locale-bootstrap.js; /assets/js/public-shell.js; /assets/js/pages/brand-research-commerce-legal.js","Native source/template","","PUBLIC","/ai-disclosure.html","200","See preserved BROWSER.json / SOURCE-CHECKS-BEFORE.json; historical export errors not reproduced at W0","Shared interface/visual/locale owners and route-specific repairs; original accepted content retained","PASS","BROWSER-FINAL.json: en/1440px 2026-10-10T16:07:11.644Z","BROWSER-FINAL.json: zh-Hans/390px 2026-10-10T16:07:13.549Z","NOT_DEPLOYED_BY_THIS_TASK","NOT_POST_DEPLOY_VERIFIED"
"/articles/ai-formation-from-civilizational-capability.html","articles/ai-formation-from-civilizational-capability.html","a279895c5a407c16df550af4f6ce382e3f12165b3870835f9b872c89e5af2c0e","locale-bootstrap + /assets/js/locale-bootstrap.js; /assets/customer-ui/js/shell.js","/assets/js/locale-bootstrap.js; /assets/customer-ui/js/shell.js; /assets/customer-ui/js/surfaces/article.js","Native source/template","/search/; /knowledge/ask/","PUBLIC","/articles/ai-formation-from-civilizational-capability.html","200","See preserved BROWSER.json / SOURCE-CHECKS-BEFORE.json; historical export errors not reproduced at W0","Shared interface/visual/locale owners and route-specific repairs; original accepted content retained","PASS","BROWSER-FINAL.json: en/1440px 2026-10-10T16:07:12.671Z","BROWSER-FINAL.json: zh-Hans/390px 2026-10-10T16:07:12.368Z","NOT_DEPLOYED_BY_THIS_TASK","NOT_POST_DEPLOY_VERIFIED"
"/articles/body-becomes-layered-and-finite-reality-carrier.html","articles/body-becomes-layered-and-finite-reality-carrier.html","b8e07f907a434491c8b0f62579c43fcfe9cd78acc44c6aa7cd72c2a118c9921f","locale-bootstrap + /assets/js/locale-bootstrap.js; /assets/customer-ui/js/shell.js","/assets/js/locale-bootstrap.js; /assets/customer-ui/js/shell.js; /assets/customer-ui/js/surfaces/article.js","Native source/template","/search/; /knowledge/ask/","PUBLIC","/articles/body-becomes-layered-and-finite-reality-carrier.html","200","See preserved BROWSER.json / SOURCE-CHECKS-BEFORE.json; historical export errors not reproduced at W0","Shared interface/visual/locale owners and route-specific repairs; original accepted content retained","PASS","BROWSER-FINAL.json: en/1440px 2026-10-10T16:07:14.738Z","BROWSER-FINAL.json: zh-Hans/390px 2026-10-10T16:07:18.444Z","NOT_DEPLOYED_BY_THIS_TASK","NOT_POST_DEPLOY_VERIFIED"
"/articles/book3-article-001.html","articles/book3-article-001.html","95dca1d9b975cbd5da2a60fc96bc7323c07907cd88489e514fff2b57cddcf487","locale-bootstrap + /assets/js/locale-bootstrap.js; /assets/customer-ui/js/shell.js","/assets/js/locale-bootstrap.js; /assets/customer-ui/js/shell.js; /assets/customer-ui/js/surfaces/article.js","Native source/template","/search/; /knowledge/ask/","PUBLIC","/articles/book3-article-001.html","200","See preserved BROWSER.json / SOURCE-CHECKS-BEFORE.json; historical export errors not reproduced at W0","Shared interface/visual/locale owners and route-specific repairs; original accepted content retained","PASS","BROWSER-FINAL.json: en/1440px 2026-10-10T16:07:18.991Z","BROWSER-FINAL.json: zh-Hans/390px 2026-10-10T16:07:19.479Z","NOT_DEPLOYED_BY_THIS_TASK","NOT_POST_DEPLOY_VERIFIED"
"/articles/book3-article-002.html","articles/book3-article-002.html","f3cc8fb883b91e207a869c6226754232012b09c1a6a52a6811f9e469f47fd6e5","locale-bootstrap + /assets/js/locale-bootstrap.js; /assets/customer-ui/js/shell.js","/assets/js/locale-bootstrap.js; /assets/customer-ui/js/shell.js; /assets/customer-ui/js/surfaces/article.js","Native source/template","/search/; /knowledge/ask/","PUBLIC","/articles/book3-article-002.html","200","See preserved BROWSER.json / SOURCE-CHECKS-BEFORE.json; historical export errors not reproduced at W0","Shared interface/visual/locale owners and route-specific repairs; original accepted content retained","PASS","BROWSER-FINAL.json: en/1440px 2026-10-10T16:07:19.954Z","BROWSER-FINAL.json: zh-Hans/390px 2026-10-10T16:07:19.952Z","NOT_DEPLOYED_BY_THIS_TASK","NOT_POST_DEPLOY_VERIFIED"
"/articles/book3-article-003.html","articles/book3-article-003.html","58b43d85ccc097e29a3f523c8c7b92fe94b3e18586f1f806a90563e8c2e641d4","locale-bootstrap + /assets/js/locale-bootstrap.js; /assets/customer-ui/js/shell.js","/assets/js/locale-bootstrap.js; /assets/customer-ui/js/shell.js; /assets/customer-ui/js/surfaces/article.js","Native source/template","/search/; /knowledge/ask/","PUBLIC","/articles/book3-article-003.html","200","See preserved BROWSER.json / SOURCE-CHECKS-BEFORE.json; historical export errors not reproduced at W0","Shared interface/visual/locale owners and route-specific repairs; original accepted content retained","PASS","BROWSER-FINAL.json: en/1440px 2026-10-10T16:07:20.786Z","BROWSER-FINAL.json: zh-Hans/390px 2026-10-10T16:07:25.028Z","NOT_DEPLOYED_BY_THIS_TASK","NOT_POST_DEPLOY_VERIFIED"
"/articles/book3-article-004.html","articles/book3-article-004.html","8a13643f9329f3d9992addee9ae048d7a09f302a94fab1d3d491c6fa401a8086","locale-bootstrap + /assets/js/locale-bootstrap.js; /assets/customer-ui/js/shell.js","/assets/js/locale-bootstrap.js; /assets/customer-ui/js/shell.js; /assets/customer-ui/js/surfaces/article.js","Native source/template","/search/; /knowledge/ask/","PUBLIC","/articles/book3-article-004.html","200","See preserved BROWSER.json / SOURCE-CHECKS-BEFORE.json; historical export errors not reproduced at W0","Shared interface/visual/locale owners and route-specific repairs; original accepted content retained","PASS","BROWSER-FINAL.json: en/1440px 2026-10-10T16:07:25.026Z","BROWSER-FINAL.json: zh-Hans/390px 2026-10-10T16:07:25.757Z","NOT_DEPLOYED_BY_THIS_TASK","NOT_POST_DEPLOY_VERIFIED"
"/articles/book3-article-005.html","articles/book3-article-005.html","25095dba478567a2a2ba721043873ea627d7f9dc2dac5e54136fec12b63881eb","locale-bootstrap + /assets/js/locale-bootstrap.js; /assets/customer-ui/js/shell.js","/assets/js/locale-bootstrap.js; /assets/customer-ui/js/shell.js; /assets/customer-ui/js/surfaces/article.js","Native source/template","/search/; /knowledge/ask/","PUBLIC","/articles/book3-article-005.html","200","See preserved BROWSER.json / SOURCE-CHECKS-BEFORE.json; historical export errors not reproduced at W0","Shared interface/visual/locale owners and route-specific repairs; original accepted content retained","PASS","BROWSER-FINAL.json: en/1440px 2026-10-10T16:07:26.207Z","BROWSER-FINAL.json: zh-Hans/390px 2026-10-10T16:07:26.212Z","NOT_DEPLOYED_BY_THIS_TASK","NOT_POST_DEPLOY_VERIFIED"
"/articles/book3-article-006.html","articles/book3-article-006.html","0585c5a69b7f2921fc6bb54ab962506c7326b117418359960eb48c6d9b486dfc","locale-bootstrap + /assets/js/locale-bootstrap.js; /assets/customer-ui/js/shell.js","/assets/js/locale-bootstrap.js; /assets/customer-ui/js/shell.js; /assets/customer-ui/js/surfaces/article.js","Native source/template","/search/; /knowledge/ask/","PUBLIC","/articles/book3-article-006.html","200","See preserved BROWSER.json / SOURCE-CHECKS-BEFORE.json; historical export errors not reproduced at W0","Shared interface/visual/locale owners and route-specific repairs; original accepted content retained","PASS","BROWSER-FINAL.json: en/1440px 2026-10-10T16:07:26.980Z","BROWSER-FINAL.json: zh-Hans/390px 2026-10-10T16:07:29.363Z","NOT_DEPLOYED_BY_THIS_TASK","NOT_POST_DEPLOY_VERIFIED"
"/articles/book3-article-007.html","articles/book3-article-007.html","a0013bd39deec757da09275904b7ad03e3a16893779f82beb4adb5b818c5911e","locale-bootstrap + /assets/js/locale-bootstrap.js; /assets/customer-ui/js/shell.js","/assets/js/locale-bootstrap.js; /assets/customer-ui/js/shell.js; /assets/customer-ui/js/surfaces/article.js","Native source/template","/search/; /knowledge/ask/","PUBLIC","/articles/book3-article-007.html","200","See preserved BROWSER.json / SOURCE-CHECKS-BEFORE.json; historical export errors not reproduced at W0","Shared interface/visual/locale owners and route-specific repairs; original accepted content retained","PASS","BROWSER-FINAL.json: en/1440px 2026-10-10T16:07:29.731Z","BROWSER-FINAL.json: zh-Hans/390px 2026-10-10T16:07:30.033Z","NOT_DEPLOYED_BY_THIS_TASK","NOT_POST_DEPLOY_VERIFIED"
"/articles/book3-article-008.html","articles/book3-article-008.html","48bed46c0f079dee5725284e83fb5e46193425910e3c0c8e5320407877839677","locale-bootstrap + /assets/js/locale-bootstrap.js; /assets/customer-ui/js/shell.js","/assets/js/locale-bootstrap.js; /assets/customer-ui/js/shell.js; /assets/customer-ui/js/surfaces/article.js","Native source/template","/search/; /knowledge/ask/","PUBLIC","/articles/book3-article-008.html","200","See preserved BROWSER.json / SOURCE-CHECKS-BEFORE.json; historical export errors not reproduced at W0","Shared interface/visual/locale owners and route-specific repairs; original accepted content retained","PASS","BROWSER-FINAL.json: en/1440px 2026-10-10T16:07:30.606Z","BROWSER-FINAL.json: zh-Hans/390px 2026-10-10T16:07:30.342Z","NOT_DEPLOYED_BY_THIS_TASK","NOT_POST_DEPLOY_VERIFIED"
"/articles/book3-article-009.html","articles/book3-article-009.html","1b0a827f38df967f10e430ea33b6b99af6f5b941d391cd6c0fcac92330dc79d8","locale-bootstrap + /assets/js/locale-bootstrap.js; /assets/customer-ui/js/shell.js","/assets/js/locale-bootstrap.js; /assets/customer-ui/js/shell.js; /assets/customer-ui/js/surfaces/article.js","Native source/template","/search/; /knowledge/ask/","PUBLIC","/articles/book3-article-009.html","200","See preserved BROWSER.json / SOURCE-CHECKS-BEFORE.json; historical export errors not reproduced at W0","Shared interface/visual/locale owners and route-specific repairs; original accepted content retained","PASS","BROWSER-FINAL.json: en/1440px 2026-10-10T16:07:30.360Z","BROWSER-FINAL.json: zh-Hans/390px 2026-10-10T16:07:33.700Z","NOT_DEPLOYED_BY_THIS_TASK","NOT_POST_DEPLOY_VERIFIED"
"/articles/book3-article-010.html","articles/book3-article-010.html","62eb587e5f120d1f48c25dde455fd1d6a1854965dff3d0be8f2c1a708556aa46","locale-bootstrap + /assets/js/locale-bootstrap.js; /assets/customer-ui/js/shell.js","/assets/js/locale-bootstrap.js; /assets/customer-ui/js/shell.js; /assets/customer-ui/js/surfaces/article.js","Native source/template","/search/; /knowledge/ask/","PUBLIC","/articles/book3-article-010.html","200","See preserved BROWSER.json / SOURCE-CHECKS-BEFORE.json; historical export errors not reproduced at W0","Shared interface/visual/locale owners and route-specific repairs; original accepted content retained","PASS","BROWSER-FINAL.json: en/1440px 2026-10-10T16:07:33.707Z","BROWSER-FINAL.json: zh-Hans/390px 2026-10-10T16:07:33.699Z","NOT_DEPLOYED_BY_THIS_TASK","NOT_POST_DEPLOY_VERIFIED"
"/articles/book3-article-011.html","articles/book3-article-011.html","1edf448175ae90d808f96a6b02d3ea57644f5c24148af6865c4ca6d68f44d47b","locale-bootstrap + /assets/js/locale-bootstrap.js; /assets/customer-ui/js/shell.js","/assets/js/locale-bootstrap.js; /assets/customer-ui/js/shell.js; /assets/customer-ui/js/surfaces/article.js","Native source/template","/search/; /knowledge/ask/","PUBLIC","/articles/book3-article-011.html","200","See preserved BROWSER.json / SOURCE-CHECKS-BEFORE.json; historical export errors not reproduced at W0","Shared interface/visual/locale owners and route-specific repairs; original accepted content retained","PASS","BROWSER-FINAL.json: en/1440px 2026-10-10T16:07:34.291Z","BROWSER-FINAL.json: zh-Hans/390px 2026-10-10T16:07:34.292Z","NOT_DEPLOYED_BY_THIS_TASK","NOT_POST_DEPLOY_VERIFIED"
"/articles/book3-article-012.html","articles/book3-article-012.html","47316b6869ef440150974f4e9f2212bb41dcbc72f9c134ccb7c9591b3a3aab58","locale-bootstrap + /assets/js/locale-bootstrap.js; /assets/customer-ui/js/shell.js","/assets/js/locale-bootstrap.js; /assets/customer-ui/js/shell.js; /assets/customer-ui/js/surfaces/article.js","Native source/template","/search/; /knowledge/ask/","PUBLIC","/articles/book3-article-012.html","200","See preserved BROWSER.json / SOURCE-CHECKS-BEFORE.json; historical export errors not reproduced at W0","Shared interface/visual/locale owners and route-specific repairs; original accepted content retained","PASS","BROWSER-FINAL.json: en/1440px 2026-10-10T16:07:34.843Z","BROWSER-FINAL.json: zh-Hans/390px 2026-10-10T16:07:38.358Z","NOT_DEPLOYED_BY_THIS_TASK","NOT_POST_DEPLOY_VERIFIED"
"/articles/book3-article-013.html","articles/book3-article-013.html","1d71cd329aefe687e333c9eb8b46295e267d477327aa9feccd045872a1cc5ea7","locale-bootstrap + /assets/js/locale-bootstrap.js; /assets/customer-ui/js/shell.js","/assets/js/locale-bootstrap.js; /assets/customer-ui/js/shell.js; /assets/customer-ui/js/surfaces/article.js","Native source/template","/search/; /knowledge/ask/","PUBLIC","/articles/book3-article-013.html","200","See preserved BROWSER.json / SOURCE-CHECKS-BEFORE.json; historical export errors not reproduced at W0","Shared interface/visual/locale owners and route-specific repairs; original accepted content retained","PASS","BROWSER-FINAL.json: en/1440px 2026-10-10T16:07:38.068Z","BROWSER-FINAL.json: zh-Hans/390px 2026-10-10T16:07:38.366Z","NOT_DEPLOYED_BY_THIS_TASK","NOT_POST_DEPLOY_VERIFIED"
"/articles/book3-article-014.html","articles/book3-article-014.html","b11222242588a765f9b486036186660ebead799979fe0788f73b8ba67b4e1c05","locale-bootstrap + /assets/js/locale-bootstrap.js; /assets/customer-ui/js/shell.js","/assets/js/locale-bootstrap.js; /assets/customer-ui/js/shell.js; /assets/customer-ui/js/surfaces/article.js","Native source/template","/search/; /knowledge/ask/","PUBLIC","/articles/book3-article-014.html","200","See preserved BROWSER.json / SOURCE-CHECKS-BEFORE.json; historical export errors not reproduced at W0","Shared interface/visual/locale owners and route-specific repairs; original accepted content retained","PASS","BROWSER-FINAL.json: en/1440px 2026-10-10T16:07:39.021Z","BROWSER-FINAL.json: zh-Hans/390px 2026-10-10T16:07:38.787Z","NOT_DEPLOYED_BY_THIS_TASK","NOT_POST_DEPLOY_VERIFIED"
"/articles/book3-article-015.html","articles/book3-article-015.html","de60396c44e3eec4d63d817204d77493f94a9e70eab480478006878e216df691","locale-bootstrap + /assets/js/locale-bootstrap.js; /assets/customer-ui/js/shell.js","/assets/js/locale-bootstrap.js; /assets/customer-ui/js/shell.js; /assets/customer-ui/js/surfaces/article.js","Native source/template","/search/; /knowledge/ask/","PUBLIC","/articles/book3-article-015.html","200","See preserved BROWSER.json / SOURCE-CHECKS-BEFORE.json; historical export errors not reproduced at W0","Shared interface/visual/locale owners and route-specific repairs; original accepted content retained","PASS","BROWSER-FINAL.json: en/1440px 2026-10-10T16:07:39.449Z","BROWSER-FINAL.json: zh-Hans/390px 2026-10-10T16:07:41.768Z","NOT_DEPLOYED_BY_THIS_TASK","NOT_POST_DEPLOY_VERIFIED"
"/articles/book3-article-016.html","articles/book3-article-016.html","bb9b3cb4ce941a5ca99d90e3f083af7fd08c617ab2ec3b9a28e2bfdaf1bcda72","locale-bootstrap + /assets/js/locale-bootstrap.js; /assets/customer-ui/js/shell.js","/assets/js/locale-bootstrap.js; /assets/customer-ui/js/shell.js; /assets/customer-ui/js/surfaces/article.js","Native source/template","/search/; /knowledge/ask/","PUBLIC","/articles/book3-article-016.html","200","See preserved BROWSER.json / SOURCE-CHECKS-BEFORE.json; historical export errors not reproduced at W0","Shared interface/visual/locale owners and route-specific repairs; original accepted content retained","PASS","BROWSER-FINAL.json: en/1440px 2026-10-10T16:07:42.052Z","BROWSER-FINAL.json: zh-Hans/390px 2026-10-10T16:07:42.333Z","NOT_DEPLOYED_BY_THIS_TASK","NOT_POST_DEPLOY_VERIFIED"
"/articles/book3-article-017.html","articles/book3-article-017.html","f35022e9460fa439e54e9ab9f24d866c1ef1e816222577982585df52fa1085e6","locale-bootstrap + /assets/js/locale-bootstrap.js; /assets/customer-ui/js/shell.js","/assets/js/locale-bootstrap.js; /assets/customer-ui/js/shell.js; /assets/customer-ui/js/surfaces/article.js","Native source/template","/search/; /knowledge/ask/","PUBLIC","/articles/book3-article-017.html","200","See preserved BROWSER.json / SOURCE-CHECKS-BEFORE.json; historical export errors not reproduced at W0","Shared interface/visual/locale owners and route-specific repairs; original accepted content retained","PASS","BROWSER-FINAL.json: en/1440px 2026-10-10T16:07:42.545Z","BROWSER-FINAL.json: zh-Hans/390px 2026-10-10T16:07:42.826Z","NOT_DEPLOYED_BY_THIS_TASK","NOT_POST_DEPLOY_VERIFIED"
"/articles/book3-article-018.html","articles/book3-article-018.html","36f3d3450d57f8d96f4326ac699f4b1cd07023bdb116d5d052ae1066cd50051c","locale-bootstrap + /assets/js/locale-bootstrap.js; /assets/customer-ui/js/shell.js","/assets/js/locale-bootstrap.js; /assets/customer-ui/js/shell.js; /assets/customer-ui/js/surfaces/article.js","Native source/template","/search/; /knowledge/ask/","PUBLIC","/articles/book3-article-018.html","200","See preserved BROWSER.json / SOURCE-CHECKS-BEFORE.json; historical export errors not reproduced at W0","Shared interface/visual/locale owners and route-specific repairs; original accepted content retained","PASS","BROWSER-FINAL.json: en/1440px 2026-10-10T16:07:43.224Z","BROWSER-FINAL.json: zh-Hans/390px 2026-10-10T16:07:45.576Z","NOT_DEPLOYED_BY_THIS_TASK","NOT_POST_DEPLOY_VERIFIED"
"/articles/book3-article-019.html","articles/book3-article-019.html","2bc2404ed47086819b437c032676b772bdde0d8bc6f5306f0bcd0a9459b5538e","locale-bootstrap + /assets/js/locale-bootstrap.js; /assets/customer-ui/js/shell.js","/assets/js/locale-bootstrap.js; /assets/customer-ui/js/shell.js; /assets/customer-ui/js/surfaces/article.js","Native source/template","/search/; /knowledge/ask/","PUBLIC","/articles/book3-article-019.html","200","See preserved BROWSER.json / SOURCE-CHECKS-BEFORE.json; historical export errors not reproduced at W0","Shared interface/visual/locale owners and route-specific repairs; original accepted content retained","PASS","BROWSER-FINAL.json: en/1440px 2026-10-10T16:07:45.878Z","BROWSER-FINAL.json: zh-Hans/390px 2026-10-10T16:07:45.893Z","NOT_DEPLOYED_BY_THIS_TASK","NOT_POST_DEPLOY_VERIFIED"
"/articles/book3-article-020.html","articles/book3-article-020.html","ca162648b0a17a0b1a4106d04cd88c0b45e5c8a27b1340dd421157c0d90817dd","locale-bootstrap + /assets/js/locale-bootstrap.js; /assets/customer-ui/js/shell.js","/assets/js/locale-bootstrap.js; /assets/customer-ui/js/shell.js; /assets/customer-ui/js/surfaces/article.js","Native source/template","/search/; /knowledge/ask/","PUBLIC","/articles/book3-article-020.html","200","See preserved BROWSER.json / SOURCE-CHECKS-BEFORE.json; historical export errors not reproduced at W0","Shared interface/visual/locale owners and route-specific repairs; original accepted content retained","PASS","BROWSER-FINAL.json: en/1440px 2026-10-10T16:07:46.371Z","BROWSER-FINAL.json: zh-Hans/390px 2026-10-10T16:07:46.678Z","NOT_DEPLOYED_BY_THIS_TASK","NOT_POST_DEPLOY_VERIFIED"
"/articles/book3-article-021.html","articles/book3-article-021.html","5ff539d04b4de316090d907e4b899b85d11415dd2f1d9a937a0f309c467af7db","locale-bootstrap + /assets/js/locale-bootstrap.js; /assets/customer-ui/js/shell.js","/assets/js/locale-bootstrap.js; /assets/customer-ui/js/shell.js; /assets/customer-ui/js/surfaces/article.js","Native source/template","/search/; /knowledge/ask/","PUBLIC","/articles/book3-article-021.html","200","See preserved BROWSER.json / SOURCE-CHECKS-BEFORE.json; historical export errors not reproduced at W0","Shared interface/visual/locale owners and route-specific repairs; original accepted content retained","PASS","BROWSER-FINAL.json: en/1440px 2026-10-10T16:07:47.090Z","BROWSER-FINAL.json: zh-Hans/390px 2026-10-10T16:07:49.311Z","NOT_DEPLOYED_BY_THIS_TASK","NOT_POST_DEPLOY_VERIFIED"
"/articles/book3-article-022.html","articles/book3-article-022.html","3b89284767756b1cf349b8d0c0ac06b1522c746a6bf3703994173c63d758e6a0","locale-bootstrap + /assets/js/locale-bootstrap.js; /assets/customer-ui/js/shell.js","/assets/js/locale-bootstrap.js; /assets/customer-ui/js/shell.js; /assets/customer-ui/js/surfaces/article.js","Native source/template","/search/; /knowledge/ask/","PUBLIC","/articles/book3-article-022.html","200","See preserved BROWSER.json / SOURCE-CHECKS-BEFORE.json; historical export errors not reproduced at W0","Shared interface/visual/locale owners and route-specific repairs; original accepted content retained","PASS","BROWSER-FINAL.json: en/1440px 2026-10-10T16:07:49.762Z","BROWSER-FINAL.json: zh-Hans/390px 2026-10-10T16:07:49.954Z","NOT_DEPLOYED_BY_THIS_TASK","NOT_POST_DEPLOY_VERIFIED"
"/articles/book3-article-023.html","articles/book3-article-023.html","837832e807578b1d829f4f2d444c470d77389e7386c4e7dc7b6c611d5182e86d","locale-bootstrap + /assets/js/locale-bootstrap.js; /assets/customer-ui/js/shell.js","/assets/js/locale-bootstrap.js; /assets/customer-ui/js/shell.js; /assets/customer-ui/js/surfaces/article.js","Native source/template","/search/; /knowledge/ask/","PUBLIC","/articles/book3-article-023.html","200","See preserved BROWSER.json / SOURCE-CHECKS-BEFORE.json; historical export errors not reproduced at W0","Shared interface/visual/locale owners and route-specific repairs; original accepted content retained","PASS","BROWSER-FINAL.json: en/1440px 2026-10-10T16:07:50.621Z","BROWSER-FINAL.json: zh-Hans/390px 2026-10-10T16:07:50.399Z","NOT_DEPLOYED_BY_THIS_TASK","NOT_POST_DEPLOY_VERIFIED"
"/articles/book3-article-024.html","articles/book3-article-024.html","ede032cb54c9200083f0dc038fb6817f3da69a97f01d6cd8ec109ad157289dd0","locale-bootstrap + /assets/js/locale-bootstrap.js; /assets/customer-ui/js/shell.js","/assets/js/locale-bootstrap.js; /assets/customer-ui/js/shell.js; /assets/customer-ui/js/surfaces/article.js","Native source/template","/search/; /knowledge/ask/","PUBLIC","/articles/book3-article-024.html","200","See preserved BROWSER.json / SOURCE-CHECKS-BEFORE.json; historical export errors not reproduced at W0","Shared interface/visual/locale owners and route-specific repairs; original accepted content retained","PASS","BROWSER-FINAL.json: en/1440px 2026-10-10T16:07:50.871Z","BROWSER-FINAL.json: zh-Hans/390px 2026-10-10T16:07:52.626Z","NOT_DEPLOYED_BY_THIS_TASK","NOT_POST_DEPLOY_VERIFIED"
"/articles/book3-article-025.html","articles/book3-article-025.html","1b2e9643c56ff656012c3f3a2a4ac142014abcb511e6c827a16ab7e9cf81883a","locale-bootstrap + /assets/js/locale-bootstrap.js; /assets/customer-ui/js/shell.js","/assets/js/locale-bootstrap.js; /assets/customer-ui/js/shell.js; /assets/customer-ui/js/surfaces/article.js","Native source/template","/search/; /knowledge/ask/","PUBLIC","/articles/book3-article-025.html","200","See preserved BROWSER.json / SOURCE-CHECKS-BEFORE.json; historical export errors not reproduced at W0","Shared interface/visual/locale owners and route-specific repairs; original accepted content retained","PASS","BROWSER-FINAL.json: en/1440px 2026-10-10T16:07:53.685Z","BROWSER-FINAL.json: zh-Hans/390px 2026-10-10T16:07:53.695Z","NOT_DEPLOYED_BY_THIS_TASK","NOT_POST_DEPLOY_VERIFIED"
"/articles/book3-article-026.html","articles/book3-article-026.html","d3c08a63eb18730f90b5af3dd4c5157e23c23e5194a1fb39621a984204adad1d","locale-bootstrap + /assets/js/locale-bootstrap.js; /assets/customer-ui/js/shell.js","/assets/js/locale-bootstrap.js; /assets/customer-ui/js/shell.js; /assets/customer-ui/js/surfaces/article.js","Native source/template","/search/; /knowledge/ask/","PUBLIC","/articles/book3-article-026.html","200","See preserved BROWSER.json / SOURCE-CHECKS-BEFORE.json; historical export errors not reproduced at W0","Shared interface/visual/locale owners and route-specific repairs; original accepted content retained","PASS","BROWSER-FINAL.json: en/1440px 2026-10-10T16:07:54.609Z","BROWSER-FINAL.json: zh-Hans/390px 2026-10-10T16:07:54.610Z","NOT_DEPLOYED_BY_THIS_TASK","NOT_POST_DEPLOY_VERIFIED"
"/articles/book3-article-027.html","articles/book3-article-027.html","5be54baf6c75530123b10370bbd297867a5989e7edc72c5141322ba22db7cc4c","locale-bootstrap + /assets/js/locale-bootstrap.js; /assets/customer-ui/js/shell.js","/assets/js/locale-bootstrap.js; /assets/customer-ui/js/shell.js; /assets/customer-ui/js/surfaces/article.js","Native source/template","/search/; /knowledge/ask/","PUBLIC","/articles/book3-article-027.html","200","See preserved BROWSER.json / SOURCE-CHECKS-BEFORE.json; historical export errors not reproduced at W0","Shared interface/visual/locale owners and route-specific repairs; original accepted content retained","PASS","BROWSER-FINAL.json: en/1440px 2026-10-10T16:07:55.212Z","BROWSER-FINAL.json: zh-Hans/390px 2026-10-10T16:07:56.218Z","NOT_DEPLOYED_BY_THIS_TASK","NOT_POST_DEPLOY_VERIFIED"
"/articles/book3-article-028.html","articles/book3-article-028.html","7cf5449ff32f49760037358d3c087030953102d586f4d0d7706051d9b053c5a0","locale-bootstrap + /assets/js/locale-bootstrap.js; /assets/customer-ui/js/shell.js","/assets/js/locale-bootstrap.js; /assets/customer-ui/js/shell.js; /assets/customer-ui/js/surfaces/article.js","Native source/template","/search/; /knowledge/ask/","PUBLIC","/articles/book3-article-028.html","200","See preserved BROWSER.json / SOURCE-CHECKS-BEFORE.json; historical export errors not reproduced at W0","Shared interface/visual/locale owners and route-specific repairs; original accepted content retained","PASS","BROWSER-FINAL.json: en/1440px 2026-10-10T16:07:57.313Z","BROWSER-FINAL.json: zh-Hans/390px 2026-10-10T16:07:57.321Z","NOT_DEPLOYED_BY_THIS_TASK","NOT_POST_DEPLOY_VERIFIED"
"/articles/book3-article-029.html","articles/book3-article-029.html","466f1a394bc3439e55e1c24cb7497524ae8f1be85cef89ce1a71d84e93d7ff03","locale-bootstrap + /assets/js/locale-bootstrap.js; /assets/customer-ui/js/shell.js","/assets/js/locale-bootstrap.js; /assets/customer-ui/js/shell.js; /assets/customer-ui/js/surfaces/article.js","Native source/template","/search/; /knowledge/ask/","PUBLIC","/articles/book3-article-029.html","200","See preserved BROWSER.json / SOURCE-CHECKS-BEFORE.json; historical export errors not reproduced at W0","Shared interface/visual/locale owners and route-specific repairs; original accepted content retained","PASS","BROWSER-FINAL.json: en/1440px 2026-10-10T16:07:58.196Z","BROWSER-FINAL.json: zh-Hans/390px 2026-10-10T16:07:58.197Z","NOT_DEPLOYED_BY_THIS_TASK","NOT_POST_DEPLOY_VERIFIED"
"/articles/book3-article-030.html","articles/book3-article-030.html","45eeb805e4169029d7ea87021bb748b8d95f87f89712a84eb0d1441062ff6f2d","locale-bootstrap + /assets/js/locale-bootstrap.js; /assets/customer-ui/js/shell.js","/assets/js/locale-bootstrap.js; /assets/customer-ui/js/shell.js; /assets/customer-ui/js/surfaces/article.js","Native source/template","/search/; /knowledge/ask/","PUBLIC","/articles/book3-article-030.html","200","See preserved BROWSER.json / SOURCE-CHECKS-BEFORE.json; historical export errors not reproduced at W0","Shared interface/visual/locale owners and route-specific repairs; original accepted content retained","PASS","BROWSER-FINAL.json: en/1440px 2026-10-10T16:07:58.824Z","BROWSER-FINAL.json: zh-Hans/390px 2026-10-10T16:07:59.620Z","NOT_DEPLOYED_BY_THIS_TASK","NOT_POST_DEPLOY_VERIFIED"
"/articles/book3-article-031.html","articles/book3-article-031.html","2377a03000684345eef3508c0bf35111767738132a4257eb979c271bd0227d6c","locale-bootstrap + /assets/js/locale-bootstrap.js; /assets/customer-ui/js/shell.js","/assets/js/locale-bootstrap.js; /assets/customer-ui/js/shell.js; /assets/customer-ui/js/surfaces/article.js","Native source/template","/search/; /knowledge/ask/","PUBLIC","/articles/book3-article-031.html","200","See preserved BROWSER.json / SOURCE-CHECKS-BEFORE.json; historical export errors not reproduced at W0","Shared interface/visual/locale owners and route-specific repairs; original accepted content retained","PASS","BROWSER-FINAL.json: en/1440px 2026-10-10T16:08:00.925Z","BROWSER-FINAL.json: zh-Hans/390px 2026-10-10T16:08:00.923Z","NOT_DEPLOYED_BY_THIS_TASK","NOT_POST_DEPLOY_VERIFIED"
"/articles/book3-article-032.html","articles/book3-article-032.html","d6118f148b0738559b5113571efaeb0ebcbba09e6a84d2aac7c449ca8c2e1feb","locale-bootstrap + /assets/js/locale-bootstrap.js; /assets/customer-ui/js/shell.js","/assets/js/locale-bootstrap.js; /assets/customer-ui/js/shell.js; /assets/customer-ui/js/surfaces/article.js","Native source/template","/search/; /knowledge/ask/","PUBLIC","/articles/book3-article-032.html","200","See preserved BROWSER.json / SOURCE-CHECKS-BEFORE.json; historical export errors not reproduced at W0","Shared interface/visual/locale owners and route-specific repairs; original accepted content retained","PASS","BROWSER-FINAL.json: en/1440px 2026-10-10T16:08:01.829Z","BROWSER-FINAL.json: zh-Hans/390px 2026-10-10T16:08:01.830Z","NOT_DEPLOYED_BY_THIS_TASK","NOT_POST_DEPLOY_VERIFIED"
"/articles/book3-article-033.html","articles/book3-article-033.html","7c504b9679276afc5227521c0da157f5eaf59f197f3f71d821d1c46c7e02af24","locale-bootstrap + /assets/js/locale-bootstrap.js; /assets/customer-ui/js/shell.js","/assets/js/locale-bootstrap.js; /assets/customer-ui/js/shell.js; /assets/customer-ui/js/surfaces/article.js","Native source/template","/search/; /knowledge/ask/","PUBLIC","/articles/book3-article-033.html","200","See preserved BROWSER.json / SOURCE-CHECKS-BEFORE.json; historical export errors not reproduced at W0","Shared interface/visual/locale owners and route-specific repairs; original accepted content retained","PASS","BROWSER-FINAL.json: en/1440px 2026-10-10T16:08:02.340Z","BROWSER-FINAL.json: zh-Hans/390px 2026-10-10T16:08:02.734Z","NOT_DEPLOYED_BY_THIS_TASK","NOT_POST_DEPLOY_VERIFIED"
"/articles/book3-article-034.html","articles/book3-article-034.html","5d31a574ebcafd03b615ba4c3fd143e9c2cb95b86917bfecd6b125626a645f6d","locale-bootstrap + /assets/js/locale-bootstrap.js; /assets/customer-ui/js/shell.js","/assets/js/locale-bootstrap.js; /assets/customer-ui/js/shell.js; /assets/customer-ui/js/surfaces/article.js","Native source/template","/search/; /knowledge/ask/","PUBLIC","/articles/book3-article-034.html","200","See preserved BROWSER.json / SOURCE-CHECKS-BEFORE.json; historical export errors not reproduced at W0","Shared interface/visual/locale owners and route-specific repairs; original accepted content retained","PASS","BROWSER-FINAL.json: en/1440px 2026-10-10T16:08:04.562Z","BROWSER-FINAL.json: zh-Hans/390px 2026-10-10T16:08:04.875Z","NOT_DEPLOYED_BY_THIS_TASK","NOT_POST_DEPLOY_VERIFIED"
"/articles/book3-article-035.html","articles/book3-article-035.html","8cbaefcf48032bc271601093a001dbc5db6e2aae6cd93198d46c362f783bb36c","locale-bootstrap + /assets/js/locale-bootstrap.js; /assets/customer-ui/js/shell.js","/assets/js/locale-bootstrap.js; /assets/customer-ui/js/shell.js; /assets/customer-ui/js/surfaces/article.js","Native source/template","/search/; /knowledge/ask/","PUBLIC","/articles/book3-article-035.html","200","See preserved BROWSER.json / SOURCE-CHECKS-BEFORE.json; historical export errors not reproduced at W0","Shared interface/visual/locale owners and route-specific repairs; original accepted content retained","PASS","BROWSER-FINAL.json: en/1440px 2026-10-10T16:08:05.548Z","BROWSER-FINAL.json: zh-Hans/390px 2026-10-10T16:08:05.777Z","NOT_DEPLOYED_BY_THIS_TASK","NOT_POST_DEPLOY_VERIFIED"
"/articles/book3-article-036.html","articles/book3-article-036.html","98ac26b182e4e324a86b18198de6cb7fb70c095ec05ec45c58f8d209f1b21010","locale-bootstrap + /assets/js/locale-bootstrap.js; /assets/customer-ui/js/shell.js","/assets/js/locale-bootstrap.js; /assets/customer-ui/js/shell.js; /assets/customer-ui/js/surfaces/article.js","Native source/template","/search/; /knowledge/ask/","PUBLIC","/articles/book3-article-036.html","200","See preserved BROWSER.json / SOURCE-CHECKS-BEFORE.json; historical export errors not reproduced at W0","Shared interface/visual/locale owners and route-specific repairs; original accepted content retained","PASS","BROWSER-FINAL.json: en/1440px 2026-10-10T16:08:06.010Z","BROWSER-FINAL.json: zh-Hans/390px 2026-10-10T16:08:06.625Z","NOT_DEPLOYED_BY_THIS_TASK","NOT_POST_DEPLOY_VERIFIED"
"/articles/book3-article-037.html","articles/book3-article-037.html","69fc32ae66a26862a15c3c9fe063a465133100e986e6725d3eff9512ee8c7ece","locale-bootstrap + /assets/js/locale-bootstrap.js; /assets/customer-ui/js/shell.js","/assets/js/locale-bootstrap.js; /assets/customer-ui/js/shell.js; /assets/customer-ui/js/surfaces/article.js","Native source/template","/search/; /knowledge/ask/","PUBLIC","/articles/book3-article-037.html","200","See preserved BROWSER.json / SOURCE-CHECKS-BEFORE.json; historical export errors not reproduced at W0","Shared interface/visual/locale owners and route-specific repairs; original accepted content retained","PASS","BROWSER-FINAL.json: en/1440px 2026-10-10T16:08:08.110Z","BROWSER-FINAL.json: zh-Hans/390px 2026-10-10T16:08:08.576Z","NOT_DEPLOYED_BY_THIS_TASK","NOT_POST_DEPLOY_VERIFIED"
"/articles/book3-article-038.html","articles/book3-article-038.html","111d240d79892ff65f4f8bf7d46932a88a93fc0ee878a2691cfb0eeb77836de2","locale-bootstrap + /assets/js/locale-bootstrap.js; /assets/customer-ui/js/shell.js","/assets/js/locale-bootstrap.js; /assets/customer-ui/js/shell.js; /assets/customer-ui/js/surfaces/article.js","Native source/template","/search/; /knowledge/ask/","PUBLIC","/articles/book3-article-038.html","200","See preserved BROWSER.json / SOURCE-CHECKS-BEFORE.json; historical export errors not reproduced at W0","Shared interface/visual/locale owners and route-specific repairs; original accepted content retained","PASS","BROWSER-FINAL.json: en/1440px 2026-10-10T16:08:09.043Z","BROWSER-FINAL.json: zh-Hans/390px 2026-10-10T16:08:09.051Z","NOT_DEPLOYED_BY_THIS_TASK","NOT_POST_DEPLOY_VERIFIED"
"/articles/book3-article-039.html","articles/book3-article-039.html","63f7ce12d2105f0b51c829201323638d37aabddf8b673c186372776ad3e7ac84","locale-bootstrap + /assets/js/locale-bootstrap.js; /assets/customer-ui/js/shell.js","/assets/js/locale-bootstrap.js; /assets/customer-ui/js/shell.js; /assets/customer-ui/js/surfaces/article.js","Native source/template","/search/; /knowledge/ask/","PUBLIC","/articles/book3-article-039.html","200","See preserved BROWSER.json / SOURCE-CHECKS-BEFORE.json; historical export errors not reproduced at W0","Shared interface/visual/locale owners and route-specific repairs; original accepted content retained","PASS","BROWSER-FINAL.json: en/1440px 2026-10-10T16:08:09.741Z","BROWSER-FINAL.json: zh-Hans/390px 2026-10-10T16:08:10.121Z","NOT_DEPLOYED_BY_THIS_TASK","NOT_POST_DEPLOY_VERIFIED"
"/articles/book3-article-040.html","articles/book3-article-040.html","b1be6c5dc1469eac201fa275ece42a4c341639092b687b7bd72c343ebe792550","locale-bootstrap + /assets/js/locale-bootstrap.js; /assets/customer-ui/js/shell.js","/assets/js/locale-bootstrap.js; /assets/customer-ui/js/shell.js; /assets/customer-ui/js/surfaces/article.js","Native source/template","/search/; /knowledge/ask/","PUBLIC","/articles/book3-article-040.html","200","See preserved BROWSER.json / SOURCE-CHECKS-BEFORE.json; historical export errors not reproduced at W0","Shared interface/visual/locale owners and route-specific repairs; original accepted content retained","PASS","BROWSER-FINAL.json: en/1440px 2026-10-10T16:08:11.699Z","BROWSER-FINAL.json: zh-Hans/390px 2026-10-10T16:08:12.441Z","NOT_DEPLOYED_BY_THIS_TASK","NOT_POST_DEPLOY_VERIFIED"
"/articles/book3-article-041.html","articles/book3-article-041.html","bf09b7535162e88d46edad8b8d72bdc23cffe51dbb2892881e68ce4746ab5720","locale-bootstrap + /assets/js/locale-bootstrap.js; /assets/customer-ui/js/shell.js","/assets/js/locale-bootstrap.js; /assets/customer-ui/js/shell.js; /assets/customer-ui/js/surfaces/article.js","Native source/template","/search/; /knowledge/ask/","PUBLIC","/articles/book3-article-041.html","200","See preserved BROWSER.json / SOURCE-CHECKS-BEFORE.json; historical export errors not reproduced at W0","Shared interface/visual/locale owners and route-specific repairs; original accepted content retained","PASS","BROWSER-FINAL.json: en/1440px 2026-10-10T16:08:12.855Z","BROWSER-FINAL.json: zh-Hans/390px 2026-10-10T16:08:12.853Z","NOT_DEPLOYED_BY_THIS_TASK","NOT_POST_DEPLOY_VERIFIED"
"/articles/book3-article-042.html","articles/book3-article-042.html","a3eb357ca3d054514deb160e8a0598b22b993998d172112b43e36c3b0c0ec0a7","locale-bootstrap + /assets/js/locale-bootstrap.js; /assets/customer-ui/js/shell.js","/assets/js/locale-bootstrap.js; /assets/customer-ui/js/shell.js; /assets/customer-ui/js/surfaces/article.js","Native source/template","/search/; /knowledge/ask/","PUBLIC","/articles/book3-article-042.html","200","See preserved BROWSER.json / SOURCE-CHECKS-BEFORE.json; historical export errors not reproduced at W0","Shared interface/visual/locale owners and route-specific repairs; original accepted content retained","PASS","BROWSER-FINAL.json: en/1440px 2026-10-10T16:08:13.308Z","BROWSER-FINAL.json: zh-Hans/390px 2026-10-10T16:08:13.737Z","NOT_DEPLOYED_BY_THIS_TASK","NOT_POST_DEPLOY_VERIFIED"
"/articles/book3-article-043.html","articles/book3-article-043.html","e52bd9085465531a5fcafdb7e9eaa31711ac5a1b1b6ccfb0f57c4690e3d41f49","locale-bootstrap + /assets/js/locale-bootstrap.js; /assets/customer-ui/js/shell.js","/assets/js/locale-bootstrap.js; /assets/customer-ui/js/shell.js; /assets/customer-ui/js/surfaces/article.js","Native source/template","/search/; /knowledge/ask/","PUBLIC","/articles/book3-article-043.html","200","See preserved BROWSER.json / SOURCE-CHECKS-BEFORE.json; historical export errors not reproduced at W0","Shared interface/visual/locale owners and route-specific repairs; original accepted content retained","PASS","BROWSER-FINAL.json: en/1440px 2026-10-10T16:08:15.254Z","BROWSER-FINAL.json: zh-Hans/390px 2026-10-10T16:08:16.183Z","NOT_DEPLOYED_BY_THIS_TASK","NOT_POST_DEPLOY_VERIFIED"
"/articles/book3-article-044.html","articles/book3-article-044.html","896d282b496b915acc802e90ec569115ea4a22b52abe2541427fca844bb9b689","locale-bootstrap + /assets/js/locale-bootstrap.js; /assets/customer-ui/js/shell.js","/assets/js/locale-bootstrap.js; /assets/customer-ui/js/shell.js; /assets/customer-ui/js/surfaces/article.js","Native source/template","/search/; /knowledge/ask/","PUBLIC","/articles/book3-article-044.html","200","See preserved BROWSER.json / SOURCE-CHECKS-BEFORE.json; historical export errors not reproduced at W0","Shared interface/visual/locale owners and route-specific repairs; original accepted content retained","PASS","BROWSER-FINAL.json: en/1440px 2026-10-10T16:08:16.270Z","BROWSER-FINAL.json: zh-Hans/390px 2026-10-10T16:08:16.271Z","NOT_DEPLOYED_BY_THIS_TASK","NOT_POST_DEPLOY_VERIFIED"
"/articles/book3-article-045.html","articles/book3-article-045.html","e589317340ad26ca3fe2c380439c2c9da11e7247d66e85768c705eb64838f080","locale-bootstrap + /assets/js/locale-bootstrap.js; /assets/customer-ui/js/shell.js","/assets/js/locale-bootstrap.js; /assets/customer-ui/js/shell.js; /assets/customer-ui/js/surfaces/article.js","Native source/template","/search/; /knowledge/ask/","PUBLIC","/articles/book3-article-045.html","200","See preserved BROWSER.json / SOURCE-CHECKS-BEFORE.json; historical export errors not reproduced at W0","Shared interface/visual/locale owners and route-specific repairs; original accepted content retained","PASS","BROWSER-FINAL.json: en/1440px 2026-10-10T16:08:17.103Z","BROWSER-FINAL.json: zh-Hans/390px 2026-10-10T16:08:17.098Z","NOT_DEPLOYED_BY_THIS_TASK","NOT_POST_DEPLOY_VERIFIED"
"/articles/book3-article-046.html","articles/book3-article-046.html","eb5401919f8d073d1cc724c82c93f8aaa20dc016fcbeeca2460415872471f1b7","locale-bootstrap + /assets/js/locale-bootstrap.js; /assets/customer-ui/js/shell.js","/assets/js/locale-bootstrap.js; /assets/customer-ui/js/shell.js; /assets/customer-ui/js/surfaces/article.js","Native source/template","/search/; /knowledge/ask/","PUBLIC","/articles/book3-article-046.html","200","See preserved BROWSER.json / SOURCE-CHECKS-BEFORE.json; historical export errors not reproduced at W0","Shared interface/visual/locale owners and route-specific repairs; original accepted content retained","PASS","BROWSER-FINAL.json: en/1440px 2026-10-10T16:08:19.022Z","BROWSER-FINAL.json: zh-Hans/390px 2026-10-10T16:08:19.627Z","NOT_DEPLOYED_BY_THIS_TASK","NOT_POST_DEPLOY_VERIFIED"
"/articles/book3-article-047.html","articles/book3-article-047.html","34d425a06055b7486134dba1c001ca47b89658b6e1879fcf4a75330d05ad599a","locale-bootstrap + /assets/js/locale-bootstrap.js; /assets/customer-ui/js/shell.js","/assets/js/locale-bootstrap.js; /assets/customer-ui/js/shell.js; /assets/customer-ui/js/surfaces/article.js","Native source/template","/search/; /knowledge/ask/","PUBLIC","/articles/book3-article-047.html","200","See preserved BROWSER.json / SOURCE-CHECKS-BEFORE.json; historical export errors not reproduced at W0","Shared interface/visual/locale owners and route-specific repairs; original accepted content retained","PASS","BROWSER-FINAL.json: en/1440px 2026-10-10T16:08:20.068Z","BROWSER-FINAL.json: zh-Hans/390px 2026-10-10T16:08:19.626Z","NOT_DEPLOYED_BY_THIS_TASK","NOT_POST_DEPLOY_VERIFIED"
"/articles/book3-article-048.html","articles/book3-article-048.html","62596ab87bfef5ab1c1ea2101e0d078e0dbfbf05f14d76370fc985d7d5f3148d","locale-bootstrap + /assets/js/locale-bootstrap.js; /assets/customer-ui/js/shell.js","/assets/js/locale-bootstrap.js; /assets/customer-ui/js/shell.js; /assets/customer-ui/js/surfaces/article.js","Native source/template","/search/; /knowledge/ask/","PUBLIC","/articles/book3-article-048.html","200","See preserved BROWSER.json / SOURCE-CHECKS-BEFORE.json; historical export errors not reproduced at W0","Shared interface/visual/locale owners and route-specific repairs; original accepted content retained","PASS","BROWSER-FINAL.json: en/1440px 2026-10-10T16:08:20.693Z","BROWSER-FINAL.json: zh-Hans/390px 2026-10-10T16:08:20.708Z","NOT_DEPLOYED_BY_THIS_TASK","NOT_POST_DEPLOY_VERIFIED"
"/articles/book4-article-001.html","articles/book4-article-001.html","61b9578d5e75e9872987c5b9f47d01a161886f719be890ee5332ffa1f0194453","locale-bootstrap + /assets/js/locale-bootstrap.js; /assets/customer-ui/js/shell.js","/assets/js/locale-bootstrap.js; /assets/customer-ui/js/shell.js; /assets/customer-ui/js/surfaces/article.js","Native source/template","/search/; /knowledge/ask/","PUBLIC","/articles/book4-article-001.html","200","See preserved BROWSER.json / SOURCE-CHECKS-BEFORE.json; historical export errors not reproduced at W0","Shared interface/visual/locale owners and route-specific repairs; original accepted content retained","PASS","BROWSER-FINAL.json: en/1440px 2026-10-10T16:08:23.270Z","BROWSER-FINAL.json: zh-Hans/390px 2026-10-10T16:08:24.082Z","NOT_DEPLOYED_BY_THIS_TASK","NOT_POST_DEPLOY_VERIFIED"
"/articles/book4-article-002.html","articles/book4-article-002.html","ff79dab00e4226a833d2bbce3363bcd169c6ea2252c92e6e0a0b67cd352134cf","locale-bootstrap + /assets/js/locale-bootstrap.js; /assets/customer-ui/js/shell.js","/assets/js/locale-bootstrap.js; /assets/customer-ui/js/shell.js; /assets/customer-ui/js/surfaces/article.js","Native source/template","/search/; /knowledge/ask/","PUBLIC","/articles/book4-article-002.html","200","See preserved BROWSER.json / SOURCE-CHECKS-BEFORE.json; historical export errors not reproduced at W0","Shared interface/visual/locale owners and route-specific repairs; original accepted content retained","PASS","BROWSER-FINAL.json: en/1440px 2026-10-10T16:08:24.074Z","BROWSER-FINAL.json: zh-Hans/390px 2026-10-10T16:08:24.070Z","NOT_DEPLOYED_BY_THIS_TASK","NOT_POST_DEPLOY_VERIFIED"
"/articles/book4-article-003.html","articles/book4-article-003.html","0dc96317a9524b32e4bee08a4258e31c5f90388e3364277694f59bd06f1a3388","locale-bootstrap + /assets/js/locale-bootstrap.js; /assets/customer-ui/js/shell.js","/assets/js/locale-bootstrap.js; /assets/customer-ui/js/shell.js; /assets/customer-ui/js/surfaces/article.js","Native source/template","/search/; /knowledge/ask/","PUBLIC","/articles/book4-article-003.html","200","See preserved BROWSER.json / SOURCE-CHECKS-BEFORE.json; historical export errors not reproduced at W0","Shared interface/visual/locale owners and route-specific repairs; original accepted content retained","PASS","BROWSER-FINAL.json: en/1440px 2026-10-10T16:08:25.068Z","BROWSER-FINAL.json: zh-Hans/390px 2026-10-10T16:08:25.085Z","NOT_DEPLOYED_BY_THIS_TASK","NOT_POST_DEPLOY_VERIFIED"
"/articles/book4-article-004.html","articles/book4-article-004.html","2e5e759c03f53104fe99454e806c00d5f75dc9b3f7fc754941bca8726d20e015","locale-bootstrap + /assets/js/locale-bootstrap.js; /assets/customer-ui/js/shell.js","/assets/js/locale-bootstrap.js; /assets/customer-ui/js/shell.js; /assets/customer-ui/js/surfaces/article.js","Native source/template","/search/; /knowledge/ask/","PUBLIC","/articles/book4-article-004.html","200","See preserved BROWSER.json / SOURCE-CHECKS-BEFORE.json; historical export errors not reproduced at W0","Shared interface/visual/locale owners and route-specific repairs; original accepted content retained","PASS","BROWSER-FINAL.json: en/1440px 2026-10-10T16:08:27.512Z","BROWSER-FINAL.json: zh-Hans/390px 2026-10-10T16:08:28.402Z","NOT_DEPLOYED_BY_THIS_TASK","NOT_POST_DEPLOY_VERIFIED"
"/articles/book4-article-005.html","articles/book4-article-005.html","ec3f4993556fc1965a71c329c515087a836026e349b383580599f15229f5fb28","locale-bootstrap + /assets/js/locale-bootstrap.js; /assets/customer-ui/js/shell.js","/assets/js/locale-bootstrap.js; /assets/customer-ui/js/shell.js; /assets/customer-ui/js/surfaces/article.js","Native source/template","/search/; /knowledge/ask/","PUBLIC","/articles/book4-article-005.html","200","See preserved BROWSER.json / SOURCE-CHECKS-BEFORE.json; historical export errors not reproduced at W0","Shared interface/visual/locale owners and route-specific repairs; original accepted content retained","PASS","BROWSER-FINAL.json: en/1440px 2026-10-10T16:08:28.458Z","BROWSER-FINAL.json: zh-Hans/390px 2026-10-10T16:08:28.406Z","NOT_DEPLOYED_BY_THIS_TASK","NOT_POST_DEPLOY_VERIFIED"
"/articles/book4-article-006.html","articles/book4-article-006.html","3227cbc87a2c22f9256702558a41b367f8ecffb888d84995d7765a80e092d914","locale-bootstrap + /assets/js/locale-bootstrap.js; /assets/customer-ui/js/shell.js","/assets/js/locale-bootstrap.js; /assets/customer-ui/js/shell.js; /assets/customer-ui/js/surfaces/article.js","Native source/template","/search/; /knowledge/ask/","PUBLIC","/articles/book4-article-006.html","200","See preserved BROWSER.json / SOURCE-CHECKS-BEFORE.json; historical export errors not reproduced at W0","Shared interface/visual/locale owners and route-specific repairs; original accepted content retained","PASS","BROWSER-FINAL.json: en/1440px 2026-10-10T16:08:29.603Z","BROWSER-FINAL.json: zh-Hans/390px 2026-10-10T16:08:29.619Z","NOT_DEPLOYED_BY_THIS_TASK","NOT_POST_DEPLOY_VERIFIED"
"/articles/book4-article-007.html","articles/book4-article-007.html","53b9847d2bd6f7ca019fca1ba2d6705149f663b45d2cbfcae1eff293ecad3b0d","locale-bootstrap + /assets/js/locale-bootstrap.js; /assets/customer-ui/js/shell.js","/assets/js/locale-bootstrap.js; /assets/customer-ui/js/shell.js; /assets/customer-ui/js/surfaces/article.js","Native source/template","/search/; /knowledge/ask/","PUBLIC","/articles/book4-article-007.html","200","See preserved BROWSER.json / SOURCE-CHECKS-BEFORE.json; historical export errors not reproduced at W0","Shared interface/visual/locale owners and route-specific repairs; original accepted content retained","PASS","BROWSER-FINAL.json: en/1440px 2026-10-10T16:08:31.947Z","BROWSER-FINAL.json: zh-Hans/390px 2026-10-10T16:08:32.765Z","NOT_DEPLOYED_BY_THIS_TASK","NOT_POST_DEPLOY_VERIFIED"
"/articles/book4-article-008.html","articles/book4-article-008.html","5954feef9532d729fe48f928a2d5e6c79ef3f2a32647ab649d3ab41f436466a6","locale-bootstrap + /assets/js/locale-bootstrap.js; /assets/customer-ui/js/shell.js","/assets/js/locale-bootstrap.js; /assets/customer-ui/js/shell.js; /assets/customer-ui/js/surfaces/article.js","Native source/template","/search/; /knowledge/ask/","PUBLIC","/articles/book4-article-008.html","200","See preserved BROWSER.json / SOURCE-CHECKS-BEFORE.json; historical export errors not reproduced at W0","Shared interface/visual/locale owners and route-specific repairs; original accepted content retained","PASS","BROWSER-FINAL.json: en/1440px 2026-10-10T16:08:32.986Z","BROWSER-FINAL.json: zh-Hans/390px 2026-10-10T16:08:33.270Z","NOT_DEPLOYED_BY_THIS_TASK","NOT_POST_DEPLOY_VERIFIED"
"/articles/book4-article-009.html","articles/book4-article-009.html","012660ec51d6d38e381a42a03c55aaed13e2bdff0386c4d47d06b515204f7663","locale-bootstrap + /assets/js/locale-bootstrap.js; /assets/customer-ui/js/shell.js","/assets/js/locale-bootstrap.js; /assets/customer-ui/js/shell.js; /assets/customer-ui/js/surfaces/article.js","Native source/template","/search/; /knowledge/ask/","PUBLIC","/articles/book4-article-009.html","200","See preserved BROWSER.json / SOURCE-CHECKS-BEFORE.json; historical export errors not reproduced at W0","Shared interface/visual/locale owners and route-specific repairs; original accepted content retained","PASS","BROWSER-FINAL.json: en/1440px 2026-10-10T16:08:33.704Z","BROWSER-FINAL.json: zh-Hans/390px 2026-10-10T16:08:33.703Z","NOT_DEPLOYED_BY_THIS_TASK","NOT_POST_DEPLOY_VERIFIED"
"/articles/book4-article-010.html","articles/book4-article-010.html","5627980bc4f7e41f0f74b30e26be18588eb95f1730a61428d15d22512ca1db89","locale-bootstrap + /assets/js/locale-bootstrap.js; /assets/customer-ui/js/shell.js","/assets/js/locale-bootstrap.js; /assets/customer-ui/js/shell.js; /assets/customer-ui/js/surfaces/article.js","Native source/template","/search/; /knowledge/ask/","PUBLIC","/articles/book4-article-010.html","200","See preserved BROWSER.json / SOURCE-CHECKS-BEFORE.json; historical export errors not reproduced at W0","Shared interface/visual/locale owners and route-specific repairs; original accepted content retained","PASS","BROWSER-FINAL.json: en/1440px 2026-10-10T16:08:35.382Z","BROWSER-FINAL.json: zh-Hans/390px 2026-10-10T16:08:36.189Z","NOT_DEPLOYED_BY_THIS_TASK","NOT_POST_DEPLOY_VERIFIED"
"/articles/book4-article-011.html","articles/book4-article-011.html","f747ce0676dfa6c0794f634e3e0c53a89e5bb7bda9cf980dd701139df4404782","locale-bootstrap + /assets/js/locale-bootstrap.js; /assets/customer-ui/js/shell.js","/assets/js/locale-bootstrap.js; /assets/customer-ui/js/shell.js; /assets/customer-ui/js/surfaces/article.js","Native source/template","/search/; /knowledge/ask/","PUBLIC","/articles/book4-article-011.html","200","See preserved BROWSER.json / SOURCE-CHECKS-BEFORE.json; historical export errors not reproduced at W0","Shared interface/visual/locale owners and route-specific repairs; original accepted content retained","PASS","BROWSER-FINAL.json: en/1440px 2026-10-10T16:08:36.189Z","BROWSER-FINAL.json: zh-Hans/390px 2026-10-10T16:08:36.558Z","NOT_DEPLOYED_BY_THIS_TASK","NOT_POST_DEPLOY_VERIFIED"
"/articles/book4-article-012.html","articles/book4-article-012.html","8ff3e6b1a3496f10c0315825da5cb2493b1827795364adb379d86f4f96def7f4","locale-bootstrap + /assets/js/locale-bootstrap.js; /assets/customer-ui/js/shell.js","/assets/js/locale-bootstrap.js; /assets/customer-ui/js/shell.js; /assets/customer-ui/js/surfaces/article.js","Native source/template","/search/; /knowledge/ask/","PUBLIC","/articles/book4-article-012.html","200","See preserved BROWSER.json / SOURCE-CHECKS-BEFORE.json; historical export errors not reproduced at W0","Shared interface/visual/locale owners and route-specific repairs; original accepted content retained","PASS","BROWSER-FINAL.json: en/1440px 2026-10-10T16:08:37.231Z","BROWSER-FINAL.json: zh-Hans/390px 2026-10-10T16:08:37.232Z","NOT_DEPLOYED_BY_THIS_TASK","NOT_POST_DEPLOY_VERIFIED"
"/articles/book4-article-013.html","articles/book4-article-013.html","bf199bd677be2d5abcb102f27ec6c2e3edf2475b8c99a189b91ca439bd4c3be3","locale-bootstrap + /assets/js/locale-bootstrap.js; /assets/customer-ui/js/shell.js","/assets/js/locale-bootstrap.js; /assets/customer-ui/js/shell.js; /assets/customer-ui/js/surfaces/article.js","Native source/template","/search/; /knowledge/ask/","PUBLIC","/articles/book4-article-013.html","200","See preserved BROWSER.json / SOURCE-CHECKS-BEFORE.json; historical export errors not reproduced at W0","Shared interface/visual/locale owners and route-specific repairs; original accepted content retained","PASS","BROWSER-FINAL.json: en/1440px 2026-10-10T16:08:39.236Z","BROWSER-FINAL.json: zh-Hans/390px 2026-10-10T16:08:39.857Z","NOT_DEPLOYED_BY_THIS_TASK","NOT_POST_DEPLOY_VERIFIED"
"/articles/book4-article-014.html","articles/book4-article-014.html","ee9ae24e1c58854c3daba4e8b4a7f29821f197ddef1b31b6c86fe67e0886bfea","locale-bootstrap + /assets/js/locale-bootstrap.js; /assets/customer-ui/js/shell.js","/assets/js/locale-bootstrap.js; /assets/customer-ui/js/shell.js; /assets/customer-ui/js/surfaces/article.js","Native source/template","/search/; /knowledge/ask/","PUBLIC","/articles/book4-article-014.html","200","See preserved BROWSER.json / SOURCE-CHECKS-BEFORE.json; historical export errors not reproduced at W0","Shared interface/visual/locale owners and route-specific repairs; original accepted content retained","PASS","BROWSER-FINAL.json: en/1440px 2026-10-10T16:08:39.858Z","BROWSER-FINAL.json: zh-Hans/390px 2026-10-10T16:08:39.851Z","NOT_DEPLOYED_BY_THIS_TASK","NOT_POST_DEPLOY_VERIFIED"
"/articles/book4-article-015.html","articles/book4-article-015.html","74722216fd5f5e506c196a31bbbeed679d5d83200274e54815f6e4652464a1b6","locale-bootstrap + /assets/js/locale-bootstrap.js; /assets/customer-ui/js/shell.js","/assets/js/locale-bootstrap.js; /assets/customer-ui/js/shell.js; /assets/customer-ui/js/surfaces/article.js","Native source/template","/search/; /knowledge/ask/","PUBLIC","/articles/book4-article-015.html","200","See preserved BROWSER.json / SOURCE-CHECKS-BEFORE.json; historical export errors not reproduced at W0","Shared interface/visual/locale owners and route-specific repairs; original accepted content retained","PASS","BROWSER-FINAL.json: en/1440px 2026-10-10T16:08:41.044Z","BROWSER-FINAL.json: zh-Hans/390px 2026-10-10T16:08:41.053Z","NOT_DEPLOYED_BY_THIS_TASK","NOT_POST_DEPLOY_VERIFIED"
"/articles/book4-article-016.html","articles/book4-article-016.html","5e682a99536832a840576793641e6f91541696f0134c0384c61d29ffe54208b8","locale-bootstrap + /assets/js/locale-bootstrap.js; /assets/customer-ui/js/shell.js","/assets/js/locale-bootstrap.js; /assets/customer-ui/js/shell.js; /assets/customer-ui/js/surfaces/article.js","Native source/template","/search/; /knowledge/ask/","PUBLIC","/articles/book4-article-016.html","200","See preserved BROWSER.json / SOURCE-CHECKS-BEFORE.json; historical export errors not reproduced at W0","Shared interface/visual/locale owners and route-specific repairs; original accepted content retained","PASS","BROWSER-FINAL.json: en/1440px 2026-10-10T16:08:42.886Z","BROWSER-FINAL.json: zh-Hans/390px 2026-10-10T16:08:44.009Z","NOT_DEPLOYED_BY_THIS_TASK","NOT_POST_DEPLOY_VERIFIED"
"/articles/book4-article-017.html","articles/book4-article-017.html","43c494c2ceae23b829b33fab80721294dda6719fd42cb53a9a5ff170143defa2","locale-bootstrap + /assets/js/locale-bootstrap.js; /assets/customer-ui/js/shell.js","/assets/js/locale-bootstrap.js; /assets/customer-ui/js/shell.js; /assets/customer-ui/js/surfaces/article.js","Native source/template","/search/; /knowledge/ask/","PUBLIC","/articles/book4-article-017.html","200","See preserved BROWSER.json / SOURCE-CHECKS-BEFORE.json; historical export errors not reproduced at W0","Shared interface/visual/locale owners and route-specific repairs; original accepted content retained","PASS","BROWSER-FINAL.json: en/1440px 2026-10-10T16:08:44.008Z","BROWSER-FINAL.json: zh-Hans/390px 2026-10-10T16:08:44.007Z","NOT_DEPLOYED_BY_THIS_TASK","NOT_POST_DEPLOY_VERIFIED"
"/articles/book4-article-018.html","articles/book4-article-018.html","d59d7d524785a891b67571ef2bd96732b4f8b0c9a9a8b8c6160bf6bc2ea4f7d9","locale-bootstrap + /assets/js/locale-bootstrap.js; /assets/customer-ui/js/shell.js","/assets/js/locale-bootstrap.js; /assets/customer-ui/js/shell.js; /assets/customer-ui/js/surfaces/article.js","Native source/template","/search/; /knowledge/ask/","PUBLIC","/articles/book4-article-018.html","200","See preserved BROWSER.json / SOURCE-CHECKS-BEFORE.json; historical export errors not reproduced at W0","Shared interface/visual/locale owners and route-specific repairs; original accepted content retained","PASS","BROWSER-FINAL.json: en/1440px 2026-10-10T16:08:45.155Z","BROWSER-FINAL.json: zh-Hans/390px 2026-10-10T16:08:45.141Z","NOT_DEPLOYED_BY_THIS_TASK","NOT_POST_DEPLOY_VERIFIED"
"/articles/book4-article-019.html","articles/book4-article-019.html","06ebe158cda855938aaec68cc1ed393b2a4a2ea6208d7b3d04727da43ca2a2a9","locale-bootstrap + /assets/js/locale-bootstrap.js; /assets/customer-ui/js/shell.js","/assets/js/locale-bootstrap.js; /assets/customer-ui/js/shell.js; /assets/customer-ui/js/surfaces/article.js","Native source/template","/search/; /knowledge/ask/","PUBLIC","/articles/book4-article-019.html","200","See preserved BROWSER.json / SOURCE-CHECKS-BEFORE.json; historical export errors not reproduced at W0","Shared interface/visual/locale owners and route-specific repairs; original accepted content retained","PASS","BROWSER-FINAL.json: en/1440px 2026-10-10T16:08:45.920Z","BROWSER-FINAL.json: zh-Hans/390px 2026-10-10T16:08:47.958Z","NOT_DEPLOYED_BY_THIS_TASK","NOT_POST_DEPLOY_VERIFIED"
"/articles/book4-article-020.html","articles/book4-article-020.html","ff4bbe1287537dd009fca0e31090ad4d41eb7f4e77ab0052fe17d63277f6fe83","locale-bootstrap + /assets/js/locale-bootstrap.js; /assets/customer-ui/js/shell.js","/assets/js/locale-bootstrap.js; /assets/customer-ui/js/shell.js; /assets/customer-ui/js/surfaces/article.js","Native source/template","/search/; /knowledge/ask/","PUBLIC","/articles/book4-article-020.html","200","See preserved BROWSER.json / SOURCE-CHECKS-BEFORE.json; historical export errors not reproduced at W0","Shared interface/visual/locale owners and route-specific repairs; original accepted content retained","PASS","BROWSER-FINAL.json: en/1440px 2026-10-10T16:08:48.013Z","BROWSER-FINAL.json: zh-Hans/390px 2026-10-10T16:08:48.012Z","NOT_DEPLOYED_BY_THIS_TASK","NOT_POST_DEPLOY_VERIFIED"
"/articles/book4-article-021.html","articles/book4-article-021.html","c5a636446f34009fd23f3cf9c3c337f4c9e8a716c86ed986ad026ccd09808319","locale-bootstrap + /assets/js/locale-bootstrap.js; /assets/customer-ui/js/shell.js","/assets/js/locale-bootstrap.js; /assets/customer-ui/js/shell.js; /assets/customer-ui/js/surfaces/article.js","Native source/template","/search/; /knowledge/ask/","PUBLIC","/articles/book4-article-021.html","200","See preserved BROWSER.json / SOURCE-CHECKS-BEFORE.json; historical export errors not reproduced at W0","Shared interface/visual/locale owners and route-specific repairs; original accepted content retained","PASS","BROWSER-FINAL.json: en/1440px 2026-10-10T16:08:49.058Z","BROWSER-FINAL.json: zh-Hans/390px 2026-10-10T16:08:49.051Z","NOT_DEPLOYED_BY_THIS_TASK","NOT_POST_DEPLOY_VERIFIED"
"/articles/book4-article-022.html","articles/book4-article-022.html","becce3936c50c75fd879b5c3c617f3c525b772752d514aa60bd492d10383881c","locale-bootstrap + /assets/js/locale-bootstrap.js; /assets/customer-ui/js/shell.js","/assets/js/locale-bootstrap.js; /assets/customer-ui/js/shell.js; /assets/customer-ui/js/surfaces/article.js","Native source/template","/search/; /knowledge/ask/","PUBLIC","/articles/book4-article-022.html","200","See preserved BROWSER.json / SOURCE-CHECKS-BEFORE.json; historical export errors not reproduced at W0","Shared interface/visual/locale owners and route-specific repairs; original accepted content retained","PASS","BROWSER-FINAL.json: en/1440px 2026-10-10T16:08:49.405Z","BROWSER-FINAL.json: zh-Hans/390px 2026-10-10T16:08:52.156Z","NOT_DEPLOYED_BY_THIS_TASK","NOT_POST_DEPLOY_VERIFIED"
"/articles/book4-article-023.html","articles/book4-article-023.html","e4d9ca6cf832dd666a5ef79c069b8811f8979d2e0685f07f90f2cc0add1998a5","locale-bootstrap + /assets/js/locale-bootstrap.js; /assets/customer-ui/js/shell.js","/assets/js/locale-bootstrap.js; /assets/customer-ui/js/shell.js; /assets/customer-ui/js/surfaces/article.js","Native source/template","/search/; /knowledge/ask/","PUBLIC","/articles/book4-article-023.html","200","See preserved BROWSER.json / SOURCE-CHECKS-BEFORE.json; historical export errors not reproduced at W0","Shared interface/visual/locale owners and route-specific repairs; original accepted content retained","PASS","BROWSER-FINAL.json: en/1440px 2026-10-10T16:08:51.990Z","BROWSER-FINAL.json: zh-Hans/390px 2026-10-10T16:08:51.997Z","NOT_DEPLOYED_BY_THIS_TASK","NOT_POST_DEPLOY_VERIFIED"
"/articles/book4-article-024.html","articles/book4-article-024.html","bb4ab52a4526156377b549b54f1d96f073116912182b2a4124a40822233872ee","locale-bootstrap + /assets/js/locale-bootstrap.js; /assets/customer-ui/js/shell.js","/assets/js/locale-bootstrap.js; /assets/customer-ui/js/shell.js; /assets/customer-ui/js/surfaces/article.js","Native source/template","/search/; /knowledge/ask/","PUBLIC","/articles/book4-article-024.html","200","See preserved BROWSER.json / SOURCE-CHECKS-BEFORE.json; historical export errors not reproduced at W0","Shared interface/visual/locale owners and route-specific repairs; original accepted content retained","PASS","BROWSER-FINAL.json: en/1440px 2026-10-10T16:08:53.359Z","BROWSER-FINAL.json: zh-Hans/390px 2026-10-10T16:08:53.362Z","NOT_DEPLOYED_BY_THIS_TASK","NOT_POST_DEPLOY_VERIFIED"
"/articles/book4-article-025.html","articles/book4-article-025.html","41e54cc2b778ed25ac846bce7cef7730bd948b0a821395bbbf4c8ba4efe33d2d","locale-bootstrap + /assets/js/locale-bootstrap.js; /assets/customer-ui/js/shell.js","/assets/js/locale-bootstrap.js; /assets/customer-ui/js/shell.js; /assets/customer-ui/js/surfaces/article.js","Native source/template","/search/; /knowledge/ask/","PUBLIC","/articles/book4-article-025.html","200","See preserved BROWSER.json / SOURCE-CHECKS-BEFORE.json; historical export errors not reproduced at W0","Shared interface/visual/locale owners and route-specific repairs; original accepted content retained","PASS","BROWSER-FINAL.json: en/1440px 2026-10-10T16:08:53.362Z","BROWSER-FINAL.json: zh-Hans/390px 2026-10-10T16:08:56.115Z","NOT_DEPLOYED_BY_THIS_TASK","NOT_POST_DEPLOY_VERIFIED"
"/articles/book4-article-026.html","articles/book4-article-026.html","8ee0544bb9b573dbd1fb22564559505aa7e402ec03a5858bc3971232601957cb","locale-bootstrap + /assets/js/locale-bootstrap.js; /assets/customer-ui/js/shell.js","/assets/js/locale-bootstrap.js; /assets/customer-ui/js/shell.js; /assets/customer-ui/js/surfaces/article.js","Native source/template","/search/; /knowledge/ask/","PUBLIC","/articles/book4-article-026.html","200","See preserved BROWSER.json / SOURCE-CHECKS-BEFORE.json; historical export errors not reproduced at W0","Shared interface/visual/locale owners and route-specific repairs; original accepted content retained","PASS","BROWSER-FINAL.json: en/1440px 2026-10-10T16:08:56.091Z","BROWSER-FINAL.json: zh-Hans/390px 2026-10-10T16:08:56.555Z","NOT_DEPLOYED_BY_THIS_TASK","NOT_POST_DEPLOY_VERIFIED"
"/articles/book4-article-027.html","articles/book4-article-027.html","f4a5422941cf7ebc2a4eaee2d432579b65610355500eff2a0f8e7eb5f65d7ad9","locale-bootstrap + /assets/js/locale-bootstrap.js; /assets/customer-ui/js/shell.js","/assets/js/locale-bootstrap.js; /assets/customer-ui/js/shell.js; /assets/customer-ui/js/surfaces/article.js","Native source/template","/search/; /knowledge/ask/","PUBLIC","/articles/book4-article-027.html","200","See preserved BROWSER.json / SOURCE-CHECKS-BEFORE.json; historical export errors not reproduced at W0","Shared interface/visual/locale owners and route-specific repairs; original accepted content retained","PASS","BROWSER-FINAL.json: en/1440px 2026-10-10T16:08:57.104Z","BROWSER-FINAL.json: zh-Hans/390px 2026-10-10T16:08:57.100Z","NOT_DEPLOYED_BY_THIS_TASK","NOT_POST_DEPLOY_VERIFIED"
"/articles/book4-article-028.html","articles/book4-article-028.html","2a6bb15ef3adaa57243e7b58967c88755fdadae36b24526fbc2940c86ba72a28","locale-bootstrap + /assets/js/locale-bootstrap.js; /assets/customer-ui/js/shell.js","/assets/js/locale-bootstrap.js; /assets/customer-ui/js/shell.js; /assets/customer-ui/js/surfaces/article.js","Native source/template","/search/; /knowledge/ask/","PUBLIC","/articles/book4-article-028.html","200","See preserved BROWSER.json / SOURCE-CHECKS-BEFORE.json; historical export errors not reproduced at W0","Shared interface/visual/locale owners and route-specific repairs; original accepted content retained","PASS","BROWSER-FINAL.json: en/1440px 2026-10-10T16:08:57.103Z","BROWSER-FINAL.json: zh-Hans/390px 2026-10-10T16:09:00.723Z","NOT_DEPLOYED_BY_THIS_TASK","NOT_POST_DEPLOY_VERIFIED"
"/articles/book4-article-029.html","articles/book4-article-029.html","ff26f378119324579d0acd551121488e0dbb9e88144ff4b9165082f5e662104d","locale-bootstrap + /assets/js/locale-bootstrap.js; /assets/customer-ui/js/shell.js","/assets/js/locale-bootstrap.js; /assets/customer-ui/js/shell.js; /assets/customer-ui/js/surfaces/article.js","Native source/template","/search/; /knowledge/ask/","PUBLIC","/articles/book4-article-029.html","200","See preserved BROWSER.json / SOURCE-CHECKS-BEFORE.json; historical export errors not reproduced at W0","Shared interface/visual/locale owners and route-specific repairs; original accepted content retained","PASS","BROWSER-FINAL.json: en/1440px 2026-10-10T16:09:00.723Z","BROWSER-FINAL.json: zh-Hans/390px 2026-10-10T16:09:00.725Z","NOT_DEPLOYED_BY_THIS_TASK","NOT_POST_DEPLOY_VERIFIED"
"/articles/book4-article-030.html","articles/book4-article-030.html","ba70fc77ba2a861a800713876d0334ab5742f3a5be795c406c3c9ccd94fc74d3","locale-bootstrap + /assets/js/locale-bootstrap.js; /assets/customer-ui/js/shell.js","/assets/js/locale-bootstrap.js; /assets/customer-ui/js/shell.js; /assets/customer-ui/js/surfaces/article.js","Native source/template","/search/; /knowledge/ask/","PUBLIC","/articles/book4-article-030.html","200","See preserved BROWSER.json / SOURCE-CHECKS-BEFORE.json; historical export errors not reproduced at W0","Shared interface/visual/locale owners and route-specific repairs; original accepted content retained","PASS","BROWSER-FINAL.json: en/1440px 2026-10-10T16:09:01.966Z","BROWSER-FINAL.json: zh-Hans/390px 2026-10-10T16:09:01.968Z","NOT_DEPLOYED_BY_THIS_TASK","NOT_POST_DEPLOY_VERIFIED"
"/articles/book4-article-031.html","articles/book4-article-031.html","b709636882345ed2024b4e20d857ebe8de3f7ac784e9e6b72c0f58c66be0d696","locale-bootstrap + /assets/js/locale-bootstrap.js; /assets/customer-ui/js/shell.js","/assets/js/locale-bootstrap.js; /assets/customer-ui/js/shell.js; /assets/customer-ui/js/surfaces/article.js","Native source/template","/search/; /knowledge/ask/","PUBLIC","/articles/book4-article-031.html","200","See preserved BROWSER.json / SOURCE-CHECKS-BEFORE.json; historical export errors not reproduced at W0","Shared interface/visual/locale owners and route-specific repairs; original accepted content retained","PASS","BROWSER-FINAL.json: en/1440px 2026-10-10T16:09:01.965Z","BROWSER-FINAL.json: zh-Hans/390px 2026-10-10T16:09:05.514Z","NOT_DEPLOYED_BY_THIS_TASK","NOT_POST_DEPLOY_VERIFIED"
"/articles/book4-article-032.html","articles/book4-article-032.html","1ba4ffcabdbb899d0b5bbe720ab8d0040c8354f3b3f0d3cab305b0b8945321d7","locale-bootstrap + /assets/js/locale-bootstrap.js; /assets/customer-ui/js/shell.js","/assets/js/locale-bootstrap.js; /assets/customer-ui/js/shell.js; /assets/customer-ui/js/surfaces/article.js","Native source/template","/search/; /knowledge/ask/","PUBLIC","/articles/book4-article-032.html","200","See preserved BROWSER.json / SOURCE-CHECKS-BEFORE.json; historical export errors not reproduced at W0","Shared interface/visual/locale owners and route-specific repairs; original accepted content retained","PASS","BROWSER-FINAL.json: en/1440px 2026-10-10T16:09:05.489Z","BROWSER-FINAL.json: zh-Hans/390px 2026-10-10T16:09:05.496Z","NOT_DEPLOYED_BY_THIS_TASK","NOT_POST_DEPLOY_VERIFIED"
"/articles/book4-article-033.html","articles/book4-article-033.html","8d7aee5f9b11d2dfc96b21835affb4edf8fe8c37679785718d5282e69aa7db51","locale-bootstrap + /assets/js/locale-bootstrap.js; /assets/customer-ui/js/shell.js","/assets/js/locale-bootstrap.js; /assets/customer-ui/js/shell.js; /assets/customer-ui/js/surfaces/article.js","Native source/template","/search/; /knowledge/ask/","PUBLIC","/articles/book4-article-033.html","200","See preserved BROWSER.json / SOURCE-CHECKS-BEFORE.json; historical export errors not reproduced at W0","Shared interface/visual/locale owners and route-specific repairs; original accepted content retained","PASS","BROWSER-FINAL.json: en/1440px 2026-10-10T16:09:06.520Z","BROWSER-FINAL.json: zh-Hans/390px 2026-10-10T16:09:06.528Z","NOT_DEPLOYED_BY_THIS_TASK","NOT_POST_DEPLOY_VERIFIED"
"/articles/book4-article-034.html","articles/book4-article-034.html","71761dc6a1abb7fd677b235778f8bb8e3848e2774f82761f8f9bf6c4b8bee36b","locale-bootstrap + /assets/js/locale-bootstrap.js; /assets/customer-ui/js/shell.js","/assets/js/locale-bootstrap.js; /assets/customer-ui/js/shell.js; /assets/customer-ui/js/surfaces/article.js","Native source/template","/search/; /knowledge/ask/","PUBLIC","/articles/book4-article-034.html","200","See preserved BROWSER.json / SOURCE-CHECKS-BEFORE.json; historical export errors not reproduced at W0","Shared interface/visual/locale owners and route-specific repairs; original accepted content retained","PASS","BROWSER-FINAL.json: en/1440px 2026-10-10T16:09:06.529Z","BROWSER-FINAL.json: zh-Hans/390px 2026-10-10T16:09:09.804Z","NOT_DEPLOYED_BY_THIS_TASK","NOT_POST_DEPLOY_VERIFIED"
"/articles/book4-article-035.html","articles/book4-article-035.html","15ed6d94ad5fc65a4d62e2c882f8fcf2b83bb01cd5fef8dc643d3794dd3b2839","locale-bootstrap + /assets/js/locale-bootstrap.js; /assets/customer-ui/js/shell.js","/assets/js/locale-bootstrap.js; /assets/customer-ui/js/shell.js; /assets/customer-ui/js/surfaces/article.js","Native source/template","/search/; /knowledge/ask/","PUBLIC","/articles/book4-article-035.html","200","See preserved BROWSER.json / SOURCE-CHECKS-BEFORE.json; historical export errors not reproduced at W0","Shared interface/visual/locale owners and route-specific repairs; original accepted content retained","PASS","BROWSER-FINAL.json: en/1440px 2026-10-10T16:09:08.843Z","BROWSER-FINAL.json: zh-Hans/390px 2026-10-10T16:09:09.804Z","NOT_DEPLOYED_BY_THIS_TASK","NOT_POST_DEPLOY_VERIFIED"
"/articles/book4-article-036.html","articles/book4-article-036.html","a7553205ffef1172677e072d7f1b7f64473f1b4b0584e8ba67f7f4bc41d2fbf3","locale-bootstrap + /assets/js/locale-bootstrap.js; /assets/customer-ui/js/shell.js","/assets/js/locale-bootstrap.js; /assets/customer-ui/js/shell.js; /assets/customer-ui/js/surfaces/article.js","Native source/template","/search/; /knowledge/ask/","PUBLIC","/articles/book4-article-036.html","200","See preserved BROWSER.json / SOURCE-CHECKS-BEFORE.json; historical export errors not reproduced at W0","Shared interface/visual/locale owners and route-specific repairs; original accepted content retained","PASS","BROWSER-FINAL.json: en/1440px 2026-10-10T16:09:10.587Z","BROWSER-FINAL.json: zh-Hans/390px 2026-10-10T16:09:10.589Z","NOT_DEPLOYED_BY_THIS_TASK","NOT_POST_DEPLOY_VERIFIED"
"/articles/book4-article-037.html","articles/book4-article-037.html","d31c77679f8ecd184639f1c482cdf2935046f89bc209e0079425be9ed8ed42e9","locale-bootstrap + /assets/js/locale-bootstrap.js; /assets/customer-ui/js/shell.js","/assets/js/locale-bootstrap.js; /assets/customer-ui/js/shell.js; /assets/customer-ui/js/surfaces/article.js","Native source/template","/search/; /knowledge/ask/","PUBLIC","/articles/book4-article-037.html","200","See preserved BROWSER.json / SOURCE-CHECKS-BEFORE.json; historical export errors not reproduced at W0","Shared interface/visual/locale owners and route-specific repairs; original accepted content retained","PASS","BROWSER-FINAL.json: en/1440px 2026-10-10T16:09:10.595Z","BROWSER-FINAL.json: zh-Hans/390px 2026-10-10T16:09:12.573Z","NOT_DEPLOYED_BY_THIS_TASK","NOT_POST_DEPLOY_VERIFIED"
"/articles/book4-article-038.html","articles/book4-article-038.html","12646ddc41195c249994a56052ad88e651cd6ec6bef5192f8dfec93216018a5a","locale-bootstrap + /assets/js/locale-bootstrap.js; /assets/customer-ui/js/shell.js","/assets/js/locale-bootstrap.js; /assets/customer-ui/js/shell.js; /assets/customer-ui/js/surfaces/article.js","Native source/template","/search/; /knowledge/ask/","PUBLIC","/articles/book4-article-038.html","200","See preserved BROWSER.json / SOURCE-CHECKS-BEFORE.json; historical export errors not reproduced at W0","Shared interface/visual/locale owners and route-specific repairs; original accepted content retained","PASS","BROWSER-FINAL.json: en/1440px 2026-10-10T16:09:13.491Z","BROWSER-FINAL.json: zh-Hans/390px 2026-10-10T16:09:13.490Z","NOT_DEPLOYED_BY_THIS_TASK","NOT_POST_DEPLOY_VERIFIED"
"/articles/book4-article-039.html","articles/book4-article-039.html","8d0fc438e817f3c3f992c092cd2640278d2e33cef68fb4e5b69d7ee0d472729a","locale-bootstrap + /assets/js/locale-bootstrap.js; /assets/customer-ui/js/shell.js","/assets/js/locale-bootstrap.js; /assets/customer-ui/js/shell.js; /assets/customer-ui/js/surfaces/article.js","Native source/template","/search/; /knowledge/ask/","PUBLIC","/articles/book4-article-039.html","200","See preserved BROWSER.json / SOURCE-CHECKS-BEFORE.json; historical export errors not reproduced at W0","Shared interface/visual/locale owners and route-specific repairs; original accepted content retained","PASS","BROWSER-FINAL.json: en/1440px 2026-10-10T16:09:14.182Z","BROWSER-FINAL.json: zh-Hans/390px 2026-10-10T16:09:14.671Z","NOT_DEPLOYED_BY_THIS_TASK","NOT_POST_DEPLOY_VERIFIED"
"/articles/book4-article-040.html","articles/book4-article-040.html","5fa9039c61db113989426ef53b3f26a958d041388c7ed054ab506426e12fb445","locale-bootstrap + /assets/js/locale-bootstrap.js; /assets/customer-ui/js/shell.js","/assets/js/locale-bootstrap.js; /assets/customer-ui/js/shell.js; /assets/customer-ui/js/surfaces/article.js","Native source/template","/search/; /knowledge/ask/","PUBLIC","/articles/book4-article-040.html","200","See preserved BROWSER.json / SOURCE-CHECKS-BEFORE.json; historical export errors not reproduced at W0","Shared interface/visual/locale owners and route-specific repairs; original accepted content retained","PASS","BROWSER-FINAL.json: en/1440px 2026-10-10T16:09:14.682Z","BROWSER-FINAL.json: zh-Hans/390px 2026-10-10T16:09:16.450Z","NOT_DEPLOYED_BY_THIS_TASK","NOT_POST_DEPLOY_VERIFIED"
"/articles/book4-article-041.html","articles/book4-article-041.html","df6c306f7e17bfbfe277a181e135c51abfcd9f5423d414c211b0256d2aafec12","locale-bootstrap + /assets/js/locale-bootstrap.js; /assets/customer-ui/js/shell.js","/assets/js/locale-bootstrap.js; /assets/customer-ui/js/shell.js; /assets/customer-ui/js/surfaces/article.js","Native source/template","/search/; /knowledge/ask/","PUBLIC","/articles/book4-article-041.html","200","See preserved BROWSER.json / SOURCE-CHECKS-BEFORE.json; historical export errors not reproduced at W0","Shared interface/visual/locale owners and route-specific repairs; original accepted content retained","PASS","BROWSER-FINAL.json: en/1440px 2026-10-10T16:09:17.377Z","BROWSER-FINAL.json: zh-Hans/390px 2026-10-10T16:09:17.580Z","NOT_DEPLOYED_BY_THIS_TASK","NOT_POST_DEPLOY_VERIFIED"
"/articles/book4-article-042.html","articles/book4-article-042.html","a333d17aa1fc1cfd187937bf9053d9a94bd3cde58157b6b85602a7686a365c3c","locale-bootstrap + /assets/js/locale-bootstrap.js; /assets/customer-ui/js/shell.js","/assets/js/locale-bootstrap.js; /assets/customer-ui/js/shell.js; /assets/customer-ui/js/surfaces/article.js","Native source/template","/search/; /knowledge/ask/","PUBLIC","/articles/book4-article-042.html","200","See preserved BROWSER.json / SOURCE-CHECKS-BEFORE.json; historical export errors not reproduced at W0","Shared interface/visual/locale owners and route-specific repairs; original accepted content retained","PASS","BROWSER-FINAL.json: en/1440px 2026-10-10T16:09:18.156Z","BROWSER-FINAL.json: zh-Hans/390px 2026-10-10T16:09:18.369Z","NOT_DEPLOYED_BY_THIS_TASK","NOT_POST_DEPLOY_VERIFIED"
"/articles/book4-article-043.html","articles/book4-article-043.html","80b47fb12520171dc0b2437397891195dfbcc626575b7df7efaaf4af54e82dc2","locale-bootstrap + /assets/js/locale-bootstrap.js; /assets/customer-ui/js/shell.js","/assets/js/locale-bootstrap.js; /assets/customer-ui/js/shell.js; /assets/customer-ui/js/surfaces/article.js","Native source/template","/search/; /knowledge/ask/","PUBLIC","/articles/book4-article-043.html","200","See preserved BROWSER.json / SOURCE-CHECKS-BEFORE.json; historical export errors not reproduced at W0","Shared interface/visual/locale owners and route-specific repairs; original accepted content retained","PASS","BROWSER-FINAL.json: en/1440px 2026-10-10T16:09:18.360Z","BROWSER-FINAL.json: zh-Hans/390px 2026-10-10T16:09:20.751Z","NOT_DEPLOYED_BY_THIS_TASK","NOT_POST_DEPLOY_VERIFIED"
"/articles/book4-article-044.html","articles/book4-article-044.html","bf113dc043d2bd0106fa9dbeafeb7b5f90d8e6f5a2f76b98107832f8bf7e19f1","locale-bootstrap + /assets/js/locale-bootstrap.js; /assets/customer-ui/js/shell.js","/assets/js/locale-bootstrap.js; /assets/customer-ui/js/shell.js; /assets/customer-ui/js/surfaces/article.js","Native source/template","/search/; /knowledge/ask/","PUBLIC","/articles/book4-article-044.html","200","See preserved BROWSER.json / SOURCE-CHECKS-BEFORE.json; historical export errors not reproduced at W0","Shared interface/visual/locale owners and route-specific repairs; original accepted content retained","PASS","BROWSER-FINAL.json: en/1440px 2026-10-10T16:09:21.744Z","BROWSER-FINAL.json: zh-Hans/390px 2026-10-10T16:09:21.781Z","NOT_DEPLOYED_BY_THIS_TASK","NOT_POST_DEPLOY_VERIFIED"
"/articles/book4-article-045.html","articles/book4-article-045.html","6dccc3b915d2480b9a9857d149a5b4461747023ea4d9e96b1688dbd438850449","locale-bootstrap + /assets/js/locale-bootstrap.js; /assets/customer-ui/js/shell.js","/assets/js/locale-bootstrap.js; /assets/customer-ui/js/shell.js; /assets/customer-ui/js/surfaces/article.js","Native source/template","/search/; /knowledge/ask/","PUBLIC","/articles/book4-article-045.html","200","See preserved BROWSER.json / SOURCE-CHECKS-BEFORE.json; historical export errors not reproduced at W0","Shared interface/visual/locale owners and route-specific repairs; original accepted content retained","PASS","BROWSER-FINAL.json: en/1440px 2026-10-10T16:09:22.874Z","BROWSER-FINAL.json: zh-Hans/390px 2026-10-10T16:09:22.333Z","NOT_DEPLOYED_BY_THIS_TASK","NOT_POST_DEPLOY_VERIFIED"
"/articles/book4-article-046.html","articles/book4-article-046.html","097d33577c5a2414132115064550abcb8a8f244ea3338261ede94582b200ae21","locale-bootstrap + /assets/js/locale-bootstrap.js; /assets/customer-ui/js/shell.js","/assets/js/locale-bootstrap.js; /assets/customer-ui/js/shell.js; /assets/customer-ui/js/surfaces/article.js","Native source/template","/search/; /knowledge/ask/","PUBLIC","/articles/book4-article-046.html","200","See preserved BROWSER.json / SOURCE-CHECKS-BEFORE.json; historical export errors not reproduced at W0","Shared interface/visual/locale owners and route-specific repairs; original accepted content retained","PASS","BROWSER-FINAL.json: en/1440px 2026-10-10T16:09:22.875Z","BROWSER-FINAL.json: zh-Hans/390px 2026-10-10T16:09:25.195Z","NOT_DEPLOYED_BY_THIS_TASK","NOT_POST_DEPLOY_VERIFIED"
"/articles/book4-article-047.html","articles/book4-article-047.html","50bd20f3405e87d76094d66cc30a8acf2415d981b327b6af9691484e149edd20","locale-bootstrap + /assets/js/locale-bootstrap.js; /assets/customer-ui/js/shell.js","/assets/js/locale-bootstrap.js; /assets/customer-ui/js/shell.js; /assets/customer-ui/js/surfaces/article.js","Native source/template","/search/; /knowledge/ask/","PUBLIC","/articles/book4-article-047.html","200","See preserved BROWSER.json / SOURCE-CHECKS-BEFORE.json; historical export errors not reproduced at W0","Shared interface/visual/locale owners and route-specific repairs; original accepted content retained","PASS","BROWSER-FINAL.json: en/1440px 2026-10-10T16:09:25.947Z","BROWSER-FINAL.json: zh-Hans/390px 2026-10-10T16:09:25.943Z","NOT_DEPLOYED_BY_THIS_TASK","NOT_POST_DEPLOY_VERIFIED"
"/articles/book4-article-048.html","articles/book4-article-048.html","a145e17517c8cee54ecc02cccc49423988e8d12544e9f8c22ea9a454d136e3cf","locale-bootstrap + /assets/js/locale-bootstrap.js; /assets/customer-ui/js/shell.js","/assets/js/locale-bootstrap.js; /assets/customer-ui/js/shell.js; /assets/customer-ui/js/surfaces/article.js","Native source/template","/search/; /knowledge/ask/","PUBLIC","/articles/book4-article-048.html","200","See preserved BROWSER.json / SOURCE-CHECKS-BEFORE.json; historical export errors not reproduced at W0","Shared interface/visual/locale owners and route-specific repairs; original accepted content retained","PASS","BROWSER-FINAL.json: en/1440px 2026-10-10T16:09:26.220Z","BROWSER-FINAL.json: zh-Hans/390px 2026-10-10T16:09:27.161Z","NOT_DEPLOYED_BY_THIS_TASK","NOT_POST_DEPLOY_VERIFIED"
"/articles/book4-article-049.html","articles/book4-article-049.html","8733f56af4fcf342f7bba478b8f417c8b9a03909b89892eb774796f35755d297","locale-bootstrap + /assets/js/locale-bootstrap.js; /assets/customer-ui/js/shell.js","/assets/js/locale-bootstrap.js; /assets/customer-ui/js/shell.js; /assets/customer-ui/js/surfaces/article.js","Native source/template","/search/; /knowledge/ask/","PUBLIC","/articles/book4-article-049.html","200","See preserved BROWSER.json / SOURCE-CHECKS-BEFORE.json; historical export errors not reproduced at W0","Shared interface/visual/locale owners and route-specific repairs; original accepted content retained","PASS","BROWSER-FINAL.json: en/1440px 2026-10-10T16:09:27.171Z","BROWSER-FINAL.json: zh-Hans/390px 2026-10-10T16:09:29.005Z","NOT_DEPLOYED_BY_THIS_TASK","NOT_POST_DEPLOY_VERIFIED"
"/articles/book4-article-050.html","articles/book4-article-050.html","0c5d74a3983ad7edecded9b155ce01291891219623d4b47d31f7160bccd668e0","locale-bootstrap + /assets/js/locale-bootstrap.js; /assets/customer-ui/js/shell.js","/assets/js/locale-bootstrap.js; /assets/customer-ui/js/shell.js; /assets/customer-ui/js/surfaces/article.js","Native source/template","/search/; /knowledge/ask/","PUBLIC","/articles/book4-article-050.html","200","See preserved BROWSER.json / SOURCE-CHECKS-BEFORE.json; historical export errors not reproduced at W0","Shared interface/visual/locale owners and route-specific repairs; original accepted content retained","PASS","BROWSER-FINAL.json: en/1440px 2026-10-10T16:09:30.105Z","BROWSER-FINAL.json: zh-Hans/390px 2026-10-10T16:09:29.888Z","NOT_DEPLOYED_BY_THIS_TASK","NOT_POST_DEPLOY_VERIFIED"
"/articles/book4-article-051.html","articles/book4-article-051.html","01c8a63d7108e2177a0eb564a62be62927e0855f72a31682bdfb68761db3a505","locale-bootstrap + /assets/js/locale-bootstrap.js; /assets/customer-ui/js/shell.js","/assets/js/locale-bootstrap.js; /assets/customer-ui/js/shell.js; /assets/customer-ui/js/surfaces/article.js","Native source/template","/search/; /knowledge/ask/","PUBLIC","/articles/book4-article-051.html","200","See preserved BROWSER.json / SOURCE-CHECKS-BEFORE.json; historical export errors not reproduced at W0","Shared interface/visual/locale owners and route-specific repairs; original accepted content retained","PASS","BROWSER-FINAL.json: en/1440px 2026-10-10T16:09:30.438Z","BROWSER-FINAL.json: zh-Hans/390px 2026-10-10T16:09:30.860Z","NOT_DEPLOYED_BY_THIS_TASK","NOT_POST_DEPLOY_VERIFIED"
"/articles/book4-article-052.html","articles/book4-article-052.html","ee0d6f2152a8789efc27a17f61336d28faa41f1ae8941dba423a9e46aae8c626","locale-bootstrap + /assets/js/locale-bootstrap.js; /assets/customer-ui/js/shell.js","/assets/js/locale-bootstrap.js; /assets/customer-ui/js/shell.js; /assets/customer-ui/js/surfaces/article.js","Native source/template","/search/; /knowledge/ask/","PUBLIC","/articles/book4-article-052.html","200","See preserved BROWSER.json / SOURCE-CHECKS-BEFORE.json; historical export errors not reproduced at W0","Shared interface/visual/locale owners and route-specific repairs; original accepted content retained","PASS","BROWSER-FINAL.json: en/1440px 2026-10-10T16:09:30.939Z","BROWSER-FINAL.json: zh-Hans/390px 2026-10-10T16:09:32.809Z","NOT_DEPLOYED_BY_THIS_TASK","NOT_POST_DEPLOY_VERIFIED"
"/articles/book4-article-053.html","articles/book4-article-053.html","228507f663e2f9df006e93e3d51eaf71997151790bef52132c758ed1c2d87148","locale-bootstrap + /assets/js/locale-bootstrap.js; /assets/customer-ui/js/shell.js","/assets/js/locale-bootstrap.js; /assets/customer-ui/js/shell.js; /assets/customer-ui/js/surfaces/article.js","Native source/template","/search/; /knowledge/ask/","PUBLIC","/articles/book4-article-053.html","200","See preserved BROWSER.json / SOURCE-CHECKS-BEFORE.json; historical export errors not reproduced at W0","Shared interface/visual/locale owners and route-specific repairs; original accepted content retained","PASS","BROWSER-FINAL.json: en/1440px 2026-10-10T16:09:33.713Z","BROWSER-FINAL.json: zh-Hans/390px 2026-10-10T16:09:33.754Z","NOT_DEPLOYED_BY_THIS_TASK","NOT_POST_DEPLOY_VERIFIED"
"/articles/book5-american-conquests.html","articles/book5-american-conquests.html","1cc5dda780c9f490fac23875b1a3ad5ed4982e1fc8ef2426a9e7fed953fb8c34","locale-bootstrap + /assets/js/locale-bootstrap.js; /assets/customer-ui/js/shell.js","/assets/js/locale-bootstrap.js; /assets/customer-ui/js/shell.js; /assets/customer-ui/js/surfaces/article.js","Native source/template","/search/; /knowledge/ask/","PUBLIC","/articles/book5-american-conquests.html","200","See preserved BROWSER.json / SOURCE-CHECKS-BEFORE.json; historical export errors not reproduced at W0","Shared interface/visual/locale owners and route-specific repairs; original accepted content retained","PASS","BROWSER-FINAL.json: en/1440px 2026-10-10T16:09:34.186Z","BROWSER-FINAL.json: zh-Hans/390px 2026-10-10T16:09:34.811Z","NOT_DEPLOYED_BY_THIS_TASK","NOT_POST_DEPLOY_VERIFIED"
"/articles/book5-black-death-and-reorganization.html","articles/book5-black-death-and-reorganization.html","d69b52cbbc35904e0407ed428433ce061fe8ebd0ad2504eb127b932e63a50639","locale-bootstrap + /assets/js/locale-bootstrap.js; /assets/customer-ui/js/shell.js","/assets/js/locale-bootstrap.js; /assets/customer-ui/js/shell.js; /assets/customer-ui/js/surfaces/article.js","Native source/template","/search/; /knowledge/ask/","PUBLIC","/articles/book5-black-death-and-reorganization.html","200","See preserved BROWSER.json / SOURCE-CHECKS-BEFORE.json; historical export errors not reproduced at W0","Shared interface/visual/locale owners and route-specific repairs; original accepted content retained","PASS","BROWSER-FINAL.json: en/1440px 2026-10-10T16:09:35.049Z","BROWSER-FINAL.json: zh-Hans/390px 2026-10-10T16:09:36.782Z","NOT_DEPLOYED_BY_THIS_TASK","NOT_POST_DEPLOY_VERIFIED"
"/articles/book5-bronze-age-networks.html","articles/book5-bronze-age-networks.html","2ff60ee55a8ee6483511ce78cac43099364af6ca2ca212fecd85f3015115f497","locale-bootstrap + /assets/js/locale-bootstrap.js; /assets/customer-ui/js/shell.js","/assets/js/locale-bootstrap.js; /assets/customer-ui/js/shell.js; /assets/customer-ui/js/surfaces/article.js","Native source/template","/search/; /knowledge/ask/","PUBLIC","/articles/book5-bronze-age-networks.html","200","See preserved BROWSER.json / SOURCE-CHECKS-BEFORE.json; historical export errors not reproduced at W0","Shared interface/visual/locale owners and route-specific repairs; original accepted content retained","PASS","BROWSER-FINAL.json: en/1440px 2026-10-10T16:09:37.811Z","BROWSER-FINAL.json: zh-Hans/390px 2026-10-10T16:09:37.815Z","NOT_DEPLOYED_BY_THIS_TASK","NOT_POST_DEPLOY_VERIFIED"
"/articles/book5-byzantine-succession.html","articles/book5-byzantine-succession.html","1474760536cfc53d8ced26246a80101a42ef864d15bb95f0e36416714461315b","locale-bootstrap + /assets/js/locale-bootstrap.js; /assets/customer-ui/js/shell.js","/assets/js/locale-bootstrap.js; /assets/customer-ui/js/shell.js; /assets/customer-ui/js/surfaces/article.js","Native source/template","/search/; /knowledge/ask/","PUBLIC","/articles/book5-byzantine-succession.html","200","See preserved BROWSER.json / SOURCE-CHECKS-BEFORE.json; historical export errors not reproduced at W0","Shared interface/visual/locale owners and route-specific repairs; original accepted content retained","PASS","BROWSER-FINAL.json: en/1440px 2026-10-10T16:09:37.820Z","BROWSER-FINAL.json: zh-Hans/390px 2026-10-10T16:09:38.866Z","NOT_DEPLOYED_BY_THIS_TASK","NOT_POST_DEPLOY_VERIFIED"
"/articles/book5-civilization-continuity.html","articles/book5-civilization-continuity.html","2a134d1747c8ab0a3badbe689c01530787e11d6837f3f0649e9331c903f2e158","locale-bootstrap + /assets/js/locale-bootstrap.js; /assets/customer-ui/js/shell.js","/assets/js/locale-bootstrap.js; /assets/customer-ui/js/shell.js; /assets/customer-ui/js/surfaces/article.js","Native source/template","/search/; /knowledge/ask/","PUBLIC","/articles/book5-civilization-continuity.html","200","See preserved BROWSER.json / SOURCE-CHECKS-BEFORE.json; historical export errors not reproduced at W0","Shared interface/visual/locale owners and route-specific repairs; original accepted content retained","PASS","BROWSER-FINAL.json: en/1440px 2026-10-10T16:09:38.866Z","BROWSER-FINAL.json: zh-Hans/390px 2026-10-10T16:09:40.727Z","NOT_DEPLOYED_BY_THIS_TASK","NOT_POST_DEPLOY_VERIFIED"
"/articles/book5-civilization-scales.html","articles/book5-civilization-scales.html","d034e63fafa7942fd1ccd04e5186c259062775534a92ae70e2c7aeead3390a4a","locale-bootstrap + /assets/js/locale-bootstrap.js; /assets/customer-ui/js/shell.js","/assets/js/locale-bootstrap.js; /assets/customer-ui/js/shell.js; /assets/customer-ui/js/surfaces/article.js","Native source/template","/search/; /knowledge/ask/","PUBLIC","/articles/book5-civilization-scales.html","200","See preserved BROWSER.json / SOURCE-CHECKS-BEFORE.json; historical export errors not reproduced at W0","Shared interface/visual/locale owners and route-specific repairs; original accepted content retained","PASS","BROWSER-FINAL.json: en/1440px 2026-10-10T16:09:41.610Z","BROWSER-FINAL.json: zh-Hans/390px 2026-10-10T16:09:41.608Z","NOT_DEPLOYED_BY_THIS_TASK","NOT_POST_DEPLOY_VERIFIED"
"/articles/book5-civilizations-and-states.html","articles/book5-civilizations-and-states.html","b5cf55573c2bbe89f6d3d21d1932d98a576c9ee3308f9a57165d0dc288c0b736","locale-bootstrap + /assets/js/locale-bootstrap.js; /assets/customer-ui/js/shell.js","/assets/js/locale-bootstrap.js; /assets/customer-ui/js/shell.js; /assets/customer-ui/js/surfaces/article.js","Native source/template","/search/; /knowledge/ask/","PUBLIC","/articles/book5-civilizations-and-states.html","200","See preserved BROWSER.json / SOURCE-CHECKS-BEFORE.json; historical export errors not reproduced at W0","Shared interface/visual/locale owners and route-specific repairs; original accepted content retained","PASS","BROWSER-FINAL.json: en/1440px 2026-10-10T16:09:41.606Z","BROWSER-FINAL.json: zh-Hans/390px 2026-10-10T16:09:42.701Z","NOT_DEPLOYED_BY_THIS_TASK","NOT_POST_DEPLOY_VERIFIED"
"/articles/book5-classical-worlds.html","articles/book5-classical-worlds.html","9e1d04cc6d484b651c7bc96f5e166c91cf053df9f70ef1a656d3f7d16a1e5f96","locale-bootstrap + /assets/js/locale-bootstrap.js; /assets/customer-ui/js/shell.js","/assets/js/locale-bootstrap.js; /assets/customer-ui/js/shell.js; /assets/customer-ui/js/surfaces/article.js","Native source/template","/search/; /knowledge/ask/","PUBLIC","/articles/book5-classical-worlds.html","200","See preserved BROWSER.json / SOURCE-CHECKS-BEFORE.json; historical export errors not reproduced at W0","Shared interface/visual/locale owners and route-specific repairs; original accepted content retained","PASS","BROWSER-FINAL.json: en/1440px 2026-10-10T16:09:42.686Z","BROWSER-FINAL.json: zh-Hans/390px 2026-10-10T16:09:44.577Z","NOT_DEPLOYED_BY_THIS_TASK","NOT_POST_DEPLOY_VERIFIED"
"/articles/book5-colonial-order.html","articles/book5-colonial-order.html","f9c19f591289358b52fc7135e6952bdbf33be54060518335fcb4f910d84ac2ad","locale-bootstrap + /assets/js/locale-bootstrap.js; /assets/customer-ui/js/shell.js","/assets/js/locale-bootstrap.js; /assets/customer-ui/js/shell.js; /assets/customer-ui/js/surfaces/article.js","Native source/template","/search/; /knowledge/ask/","PUBLIC","/articles/book5-colonial-order.html","200","See preserved BROWSER.json / SOURCE-CHECKS-BEFORE.json; historical export errors not reproduced at W0","Shared interface/visual/locale owners and route-specific repairs; original accepted content retained","PASS","BROWSER-FINAL.json: en/1440px 2026-10-10T16:09:45.253Z","BROWSER-FINAL.json: zh-Hans/390px 2026-10-10T16:09:45.643Z","NOT_DEPLOYED_BY_THIS_TASK","NOT_POST_DEPLOY_VERIFIED"
"/articles/book5-columbian-exchange.html","articles/book5-columbian-exchange.html","a7e60a3b4199ebcc1484d56dce3dfb66f920d225e01a83208c8f7f0cc7dcfef8","locale-bootstrap + /assets/js/locale-bootstrap.js; /assets/customer-ui/js/shell.js","/assets/js/locale-bootstrap.js; /assets/customer-ui/js/shell.js; /assets/customer-ui/js/surfaces/article.js","Native source/template","/search/; /knowledge/ask/","PUBLIC","/articles/book5-columbian-exchange.html","200","See preserved BROWSER.json / SOURCE-CHECKS-BEFORE.json; historical export errors not reproduced at W0","Shared interface/visual/locale owners and route-specific repairs; original accepted content retained","PASS","BROWSER-FINAL.json: en/1440px 2026-10-10T16:09:45.611Z","BROWSER-FINAL.json: zh-Hans/390px 2026-10-10T16:09:46.495Z","NOT_DEPLOYED_BY_THIS_TASK","NOT_POST_DEPLOY_VERIFIED"
"/articles/book5-comparing-civilizations.html","articles/book5-comparing-civilizations.html","f5910a10d04c8e4bcdf9ed411f0de6d132bb97dd1b731b6b5ff05c7dc7d2998f","locale-bootstrap + /assets/js/locale-bootstrap.js; /assets/customer-ui/js/shell.js","/assets/js/locale-bootstrap.js; /assets/customer-ui/js/shell.js; /assets/customer-ui/js/surfaces/article.js","Native source/template","/search/; /knowledge/ask/","PUBLIC","/articles/book5-comparing-civilizations.html","200","See preserved BROWSER.json / SOURCE-CHECKS-BEFORE.json; historical export errors not reproduced at W0","Shared interface/visual/locale owners and route-specific repairs; original accepted content retained","PASS","BROWSER-FINAL.json: en/1440px 2026-10-10T16:09:46.494Z","BROWSER-FINAL.json: zh-Hans/390px 2026-10-10T16:09:47.761Z","NOT_DEPLOYED_BY_THIS_TASK","NOT_POST_DEPLOY_VERIFIED"
"/articles/book5-complexity-beyond-unity.html","articles/book5-complexity-beyond-unity.html","73e7942af8010c7e0bb258b9e4582f4d6106ee4ce4a56e6afb33891c2d88b504","locale-bootstrap + /assets/js/locale-bootstrap.js; /assets/customer-ui/js/shell.js","/assets/js/locale-bootstrap.js; /assets/customer-ui/js/shell.js; /assets/customer-ui/js/surfaces/article.js","Native source/template","/search/; /knowledge/ask/","PUBLIC","/articles/book5-complexity-beyond-unity.html","200","See preserved BROWSER.json / SOURCE-CHECKS-BEFORE.json; historical export errors not reproduced at W0","Shared interface/visual/locale owners and route-specific repairs; original accepted content retained","PASS","BROWSER-FINAL.json: en/1440px 2026-10-10T16:09:48.630Z","BROWSER-FINAL.json: zh-Hans/390px 2026-10-10T16:09:49.592Z","NOT_DEPLOYED_BY_THIS_TASK","NOT_POST_DEPLOY_VERIFIED"
"/articles/book5-continental-networks.html","articles/book5-continental-networks.html","548dc79123beeec1c47bb609c14e09a81e567c42769df49f9abf554233533e0a","locale-bootstrap + /assets/js/locale-bootstrap.js; /assets/customer-ui/js/shell.js","/assets/js/locale-bootstrap.js; /assets/customer-ui/js/shell.js; /assets/customer-ui/js/surfaces/article.js","Native source/template","/search/; /knowledge/ask/","PUBLIC","/articles/book5-continental-networks.html","200","See preserved BROWSER.json / SOURCE-CHECKS-BEFORE.json; historical export errors not reproduced at W0","Shared interface/visual/locale owners and route-specific repairs; original accepted content retained","PASS","BROWSER-FINAL.json: en/1440px 2026-10-10T16:09:49.878Z","BROWSER-FINAL.json: zh-Hans/390px 2026-10-10T16:09:50.674Z","NOT_DEPLOYED_BY_THIS_TASK","NOT_POST_DEPLOY_VERIFIED"
"/articles/book5-contingency-and-paths.html","articles/book5-contingency-and-paths.html","43f8824d5c94ac8ed8ca32ae2b04ac445fc38f0d5867ec77f6969a42bf091560","locale-bootstrap + /assets/js/locale-bootstrap.js; /assets/customer-ui/js/shell.js","/assets/js/locale-bootstrap.js; /assets/customer-ui/js/shell.js; /assets/customer-ui/js/surfaces/article.js","Native source/template","/search/; /knowledge/ask/","PUBLIC","/articles/book5-contingency-and-paths.html","200","See preserved BROWSER.json / SOURCE-CHECKS-BEFORE.json; historical export errors not reproduced at W0","Shared interface/visual/locale owners and route-specific repairs; original accepted content retained","PASS","BROWSER-FINAL.json: en/1440px 2026-10-10T16:09:50.673Z","BROWSER-FINAL.json: zh-Hans/390px 2026-10-10T16:09:51.622Z","NOT_DEPLOYED_BY_THIS_TASK","NOT_POST_DEPLOY_VERIFIED"
"/articles/book5-distance-language-memory.html","articles/book5-distance-language-memory.html","bff606c158e3a4e9ba929aa800fd732fb1cf849d865772a0daf8c451468b6710","locale-bootstrap + /assets/js/locale-bootstrap.js; /assets/customer-ui/js/shell.js","/assets/js/locale-bootstrap.js; /assets/customer-ui/js/shell.js; /assets/customer-ui/js/surfaces/article.js","Native source/template","/search/; /knowledge/ask/","PUBLIC","/articles/book5-distance-language-memory.html","200","See preserved BROWSER.json / SOURCE-CHECKS-BEFORE.json; historical export errors not reproduced at W0","Shared interface/visual/locale owners and route-specific repairs; original accepted content retained","PASS","BROWSER-FINAL.json: en/1440px 2026-10-10T16:09:52.262Z","BROWSER-FINAL.json: zh-Hans/390px 2026-10-10T16:09:53.135Z","NOT_DEPLOYED_BY_THIS_TASK","NOT_POST_DEPLOY_VERIFIED"
"/articles/book5-early-civilization-paths.html","articles/book5-early-civilization-paths.html","1a90b09a3d252a28761d54f28e147d124a3d6ed39696389b65c687c8b6828e93","locale-bootstrap + /assets/js/locale-bootstrap.js; /assets/customer-ui/js/shell.js","/assets/js/locale-bootstrap.js; /assets/customer-ui/js/shell.js; /assets/customer-ui/js/surfaces/article.js","Native source/template","/search/; /knowledge/ask/","PUBLIC","/articles/book5-early-civilization-paths.html","200","See preserved BROWSER.json / SOURCE-CHECKS-BEFORE.json; historical export errors not reproduced at W0","Shared interface/visual/locale owners and route-specific repairs; original accepted content retained","PASS","BROWSER-FINAL.json: en/1440px 2026-10-10T16:09:53.441Z","BROWSER-FINAL.json: zh-Hans/390px 2026-10-10T16:09:54.553Z","NOT_DEPLOYED_BY_THIS_TASK","NOT_POST_DEPLOY_VERIFIED"
"/articles/book5-energy-population-disease.html","articles/book5-energy-population-disease.html","f44c2592ebc08335e25452777bbadfba2adb231ba5c131ce98a645d7bd8c6317","locale-bootstrap + /assets/js/locale-bootstrap.js; /assets/customer-ui/js/shell.js","/assets/js/locale-bootstrap.js; /assets/customer-ui/js/shell.js; /assets/customer-ui/js/surfaces/article.js","Native source/template","/search/; /knowledge/ask/","PUBLIC","/articles/book5-energy-population-disease.html","200","See preserved BROWSER.json / SOURCE-CHECKS-BEFORE.json; historical export errors not reproduced at W0","Shared interface/visual/locale owners and route-specific repairs; original accepted content retained","PASS","BROWSER-FINAL.json: en/1440px 2026-10-10T16:09:54.545Z","BROWSER-FINAL.json: zh-Hans/390px 2026-10-10T16:09:55.706Z","NOT_DEPLOYED_BY_THIS_TASK","NOT_POST_DEPLOY_VERIFIED"
"/articles/book5-geography-water-food.html","articles/book5-geography-water-food.html","094538e4fa4640fc8ba2f8e31ed5c97e964b2d111f4ff9df6826231a2cc3b1a2","locale-bootstrap + /assets/js/locale-bootstrap.js; /assets/customer-ui/js/shell.js","/assets/js/locale-bootstrap.js; /assets/customer-ui/js/shell.js; /assets/customer-ui/js/surfaces/article.js","Native source/template","/search/; /knowledge/ask/","PUBLIC","/articles/book5-geography-water-food.html","200","See preserved BROWSER.json / SOURCE-CHECKS-BEFORE.json; historical export errors not reproduced at W0","Shared interface/visual/locale owners and route-specific repairs; original accepted content retained","PASS","BROWSER-FINAL.json: en/1440px 2026-10-10T16:09:56.118Z","BROWSER-FINAL.json: zh-Hans/390px 2026-10-10T16:09:56.699Z","NOT_DEPLOYED_BY_THIS_TASK","NOT_POST_DEPLOY_VERIFIED"
"/articles/book5-greek-world.html","articles/book5-greek-world.html","cadee33360f02a6b70641acfb329ac79c1059e8608aa9a27e6ec03e3cd690a98","locale-bootstrap + /assets/js/locale-bootstrap.js; /assets/customer-ui/js/shell.js","/assets/js/locale-bootstrap.js; /assets/customer-ui/js/shell.js; /assets/customer-ui/js/surfaces/article.js","Native source/template","/search/; /knowledge/ask/","PUBLIC","/articles/book5-greek-world.html","200","See preserved BROWSER.json / SOURCE-CHECKS-BEFORE.json; historical export errors not reproduced at W0","Shared interface/visual/locale owners and route-specific repairs; original accepted content retained","PASS","BROWSER-FINAL.json: en/1440px 2026-10-10T16:09:57.624Z","BROWSER-FINAL.json: zh-Hans/390px 2026-10-10T16:09:58.452Z","NOT_DEPLOYED_BY_THIS_TASK","NOT_POST_DEPLOY_VERIFIED"
"/articles/book5-industrial-divergence.html","articles/book5-industrial-divergence.html","41265dc1989e3acddfa15198793fc91603fed7dc279fe80de9c11977f85abd49","locale-bootstrap + /assets/js/locale-bootstrap.js; /assets/customer-ui/js/shell.js","/assets/js/locale-bootstrap.js; /assets/customer-ui/js/shell.js; /assets/customer-ui/js/surfaces/article.js","Native source/template","/search/; /knowledge/ask/","PUBLIC","/articles/book5-industrial-divergence.html","200","See preserved BROWSER.json / SOURCE-CHECKS-BEFORE.json; historical export errors not reproduced at W0","Shared interface/visual/locale owners and route-specific repairs; original accepted content retained","PASS","BROWSER-FINAL.json: en/1440px 2026-10-10T16:09:58.454Z","BROWSER-FINAL.json: zh-Hans/390px 2026-10-10T16:09:59.473Z","NOT_DEPLOYED_BY_THIS_TASK","NOT_POST_DEPLOY_VERIFIED"
"/articles/book5-industrial-organization.html","articles/book5-industrial-organization.html","2c8fb48bdf2353d98ac42eca5a3035503c9d5b40efdadf6c82ac1ec47724f144","locale-bootstrap + /assets/js/locale-bootstrap.js; /assets/customer-ui/js/shell.js","/assets/js/locale-bootstrap.js; /assets/customer-ui/js/shell.js; /assets/customer-ui/js/surfaces/article.js","Native source/template","/search/; /knowledge/ask/","PUBLIC","/articles/book5-industrial-organization.html","200","See preserved BROWSER.json / SOURCE-CHECKS-BEFORE.json; historical export errors not reproduced at W0","Shared interface/visual/locale owners and route-specific repairs; original accepted content retained","PASS","BROWSER-FINAL.json: en/1440px 2026-10-10T16:09:59.833Z","BROWSER-FINAL.json: zh-Hans/390px 2026-10-10T16:10:00.289Z","NOT_DEPLOYED_BY_THIS_TASK","NOT_POST_DEPLOY_VERIFIED"
"/articles/book5-industrial-threshold.html","articles/book5-industrial-threshold.html","43a8c4d7572a14578b87173719c422c6f3c91b7f684b510845211e09fcee455c","locale-bootstrap + /assets/js/locale-bootstrap.js; /assets/customer-ui/js/shell.js","/assets/js/locale-bootstrap.js; /assets/customer-ui/js/shell.js; /assets/customer-ui/js/surfaces/article.js","Native source/template","/search/; /knowledge/ask/","PUBLIC","/articles/book5-industrial-threshold.html","200","See preserved BROWSER.json / SOURCE-CHECKS-BEFORE.json; historical export errors not reproduced at W0","Shared interface/visual/locale owners and route-specific repairs; original accepted content retained","PASS","BROWSER-FINAL.json: en/1440px 2026-10-10T16:10:01.437Z","BROWSER-FINAL.json: zh-Hans/390px 2026-10-10T16:10:02.351Z","NOT_DEPLOYED_BY_THIS_TASK","NOT_POST_DEPLOY_VERIFIED"
"/articles/book5-influence-beyond-territory.html","articles/book5-influence-beyond-territory.html","d448501b4886cda1f25c65be274ddb9326af8abd3d0fdf6c441bf997d9e1a632","locale-bootstrap + /assets/js/locale-bootstrap.js; /assets/customer-ui/js/shell.js","/assets/js/locale-bootstrap.js; /assets/customer-ui/js/shell.js; /assets/customer-ui/js/surfaces/article.js","Native source/template","/search/; /knowledge/ask/","PUBLIC","/articles/book5-influence-beyond-territory.html","200","See preserved BROWSER.json / SOURCE-CHECKS-BEFORE.json; historical export errors not reproduced at W0","Shared interface/visual/locale owners and route-specific repairs; original accepted content retained","PASS","BROWSER-FINAL.json: en/1440px 2026-10-10T16:10:02.375Z","BROWSER-FINAL.json: zh-Hans/390px 2026-10-10T16:10:03.394Z","NOT_DEPLOYED_BY_THIS_TASK","NOT_POST_DEPLOY_VERIFIED"
"/articles/book5-iron-and-empires.html","articles/book5-iron-and-empires.html","2d6e2d7cec8fe4f43607087e4b8099b67a61e1bc2d94b7e20e3a169826b9f4f2","locale-bootstrap + /assets/js/locale-bootstrap.js; /assets/customer-ui/js/shell.js","/assets/js/locale-bootstrap.js; /assets/customer-ui/js/shell.js; /assets/customer-ui/js/surfaces/article.js","Native source/template","/search/; /knowledge/ask/","PUBLIC","/articles/book5-iron-and-empires.html","200","See preserved BROWSER.json / SOURCE-CHECKS-BEFORE.json; historical export errors not reproduced at W0","Shared interface/visual/locale owners and route-specific repairs; original accepted content retained","PASS","BROWSER-FINAL.json: en/1440px 2026-10-10T16:10:03.399Z","BROWSER-FINAL.json: zh-Hans/390px 2026-10-10T16:10:04.498Z","NOT_DEPLOYED_BY_THIS_TASK","NOT_POST_DEPLOY_VERIFIED"
"/articles/book5-modern-states-and-empires.html","articles/book5-modern-states-and-empires.html","8416314bbbf6457ea5a3c22205d34f8c73848dd9bea7e712eee11327891e8a3f","locale-bootstrap + /assets/js/locale-bootstrap.js; /assets/customer-ui/js/shell.js","/assets/js/locale-bootstrap.js; /assets/customer-ui/js/shell.js; /assets/customer-ui/js/surfaces/article.js","Native source/template","/search/; /knowledge/ask/","PUBLIC","/articles/book5-modern-states-and-empires.html","200","See preserved BROWSER.json / SOURCE-CHECKS-BEFORE.json; historical export errors not reproduced at W0","Shared interface/visual/locale owners and route-specific repairs; original accepted content retained","PASS","BROWSER-FINAL.json: en/1440px 2026-10-10T16:10:06.272Z","BROWSER-FINAL.json: zh-Hans/390px 2026-10-10T16:10:06.889Z","NOT_DEPLOYED_BY_THIS_TASK","NOT_POST_DEPLOY_VERIFIED"
"/articles/book5-mongol-connections.html","articles/book5-mongol-connections.html","71dee779b6dbd12c6478c622ae13f3df7757b6338e2a262f3c4968899ca9f0b5","locale-bootstrap + /assets/js/locale-bootstrap.js; /assets/customer-ui/js/shell.js","/assets/js/locale-bootstrap.js; /assets/customer-ui/js/shell.js; /assets/customer-ui/js/surfaces/article.js","Native source/template","/search/; /knowledge/ask/","PUBLIC","/articles/book5-mongol-connections.html","200","See preserved BROWSER.json / SOURCE-CHECKS-BEFORE.json; historical export errors not reproduced at W0","Shared interface/visual/locale owners and route-specific repairs; original accepted content retained","PASS","BROWSER-FINAL.json: en/1440px 2026-10-10T16:10:06.891Z","BROWSER-FINAL.json: zh-Hans/390px 2026-10-10T16:10:07.728Z","NOT_DEPLOYED_BY_THIS_TASK","NOT_POST_DEPLOY_VERIFIED"
"/articles/book5-multiple-modernities.html","articles/book5-multiple-modernities.html","94a3430460d5357fa2bb6e61e6fd9dc597702953d7e2ee338decb93e26a09df6","locale-bootstrap + /assets/js/locale-bootstrap.js; /assets/customer-ui/js/shell.js","/assets/js/locale-bootstrap.js; /assets/customer-ui/js/shell.js; /assets/customer-ui/js/surfaces/article.js","Native source/template","/search/; /knowledge/ask/","PUBLIC","/articles/book5-multiple-modernities.html","200","See preserved BROWSER.json / SOURCE-CHECKS-BEFORE.json; historical export errors not reproduced at W0","Shared interface/visual/locale owners and route-specific repairs; original accepted content retained","PASS","BROWSER-FINAL.json: en/1440px 2026-10-10T16:10:07.727Z","BROWSER-FINAL.json: zh-Hans/390px 2026-10-10T16:10:08.522Z","NOT_DEPLOYED_BY_THIS_TASK","NOT_POST_DEPLOY_VERIFIED"
"/articles/book5-ocean-and-desert-networks.html","articles/book5-ocean-and-desert-networks.html","501bf10fdc1306aaf1766d0a2989272f82be6ea28172b109a33b5b4a1120ae24","locale-bootstrap + /assets/js/locale-bootstrap.js; /assets/customer-ui/js/shell.js","/assets/js/locale-bootstrap.js; /assets/customer-ui/js/shell.js; /assets/customer-ui/js/surfaces/article.js","Native source/template","/search/; /knowledge/ask/","PUBLIC","/articles/book5-ocean-and-desert-networks.html","200","See preserved BROWSER.json / SOURCE-CHECKS-BEFORE.json; historical export errors not reproduced at W0","Shared interface/visual/locale owners and route-specific repairs; original accepted content retained","PASS","BROWSER-FINAL.json: en/1440px 2026-10-10T16:10:09.728Z","BROWSER-FINAL.json: zh-Hans/390px 2026-10-10T16:10:11.265Z","NOT_DEPLOYED_BY_THIS_TASK","NOT_POST_DEPLOY_VERIFIED"
"/articles/book5-oceanic-connections.html","articles/book5-oceanic-connections.html","e2075c96035aa97c9ebd481a7e0683a0651b3b5de338248425867e1bd83dd159","locale-bootstrap + /assets/js/locale-bootstrap.js; /assets/customer-ui/js/shell.js","/assets/js/locale-bootstrap.js; /assets/customer-ui/js/shell.js; /assets/customer-ui/js/surfaces/article.js","Native source/template","/search/; /knowledge/ask/","PUBLIC","/articles/book5-oceanic-connections.html","200","See preserved BROWSER.json / SOURCE-CHECKS-BEFORE.json; historical export errors not reproduced at W0","Shared interface/visual/locale owners and route-specific repairs; original accepted content retained","PASS","BROWSER-FINAL.json: en/1440px 2026-10-10T16:10:11.267Z","BROWSER-FINAL.json: zh-Hans/390px 2026-10-10T16:10:12.093Z","NOT_DEPLOYED_BY_THIS_TASK","NOT_POST_DEPLOY_VERIFIED"
"/articles/book5-paths-of-reform.html","articles/book5-paths-of-reform.html","bec8f18cbf5efe1d628b78338a12e34848e9379b5ae4680d8b4dab094211e00d","locale-bootstrap + /assets/js/locale-bootstrap.js; /assets/customer-ui/js/shell.js","/assets/js/locale-bootstrap.js; /assets/customer-ui/js/shell.js; /assets/customer-ui/js/surfaces/article.js","Native source/template","/search/; /knowledge/ask/","PUBLIC","/articles/book5-paths-of-reform.html","200","See preserved BROWSER.json / SOURCE-CHECKS-BEFORE.json; historical export errors not reproduced at W0","Shared interface/visual/locale owners and route-specific repairs; original accepted content retained","PASS","BROWSER-FINAL.json: en/1440px 2026-10-10T16:10:11.665Z","BROWSER-FINAL.json: zh-Hans/390px 2026-10-10T16:10:12.495Z","NOT_DEPLOYED_BY_THIS_TASK","NOT_POST_DEPLOY_VERIFIED"
"/articles/book5-qin-han-coordination.html","articles/book5-qin-han-coordination.html","6ff0de7aa79d21e48a6fd74bd74244703912abd93a3ae53393bbbc6176eed12c","locale-bootstrap + /assets/js/locale-bootstrap.js; /assets/customer-ui/js/shell.js","/assets/js/locale-bootstrap.js; /assets/customer-ui/js/shell.js; /assets/customer-ui/js/surfaces/article.js","Native source/template","/search/; /knowledge/ask/","PUBLIC","/articles/book5-qin-han-coordination.html","200","See preserved BROWSER.json / SOURCE-CHECKS-BEFORE.json; historical export errors not reproduced at W0","Shared interface/visual/locale owners and route-specific repairs; original accepted content retained","PASS","BROWSER-FINAL.json: en/1440px 2026-10-10T16:10:14.431Z","BROWSER-FINAL.json: zh-Hans/390px 2026-10-10T16:10:14.925Z","NOT_DEPLOYED_BY_THIS_TASK","NOT_POST_DEPLOY_VERIFIED"
"/articles/book5-religious-continuity.html","articles/book5-religious-continuity.html","6292ab8c4d369464a6c0fc99c55d9352a46ad3e8e81b4750aec0cb03313b669b","locale-bootstrap + /assets/js/locale-bootstrap.js; /assets/customer-ui/js/shell.js","/assets/js/locale-bootstrap.js; /assets/customer-ui/js/shell.js; /assets/customer-ui/js/surfaces/article.js","Native source/template","/search/; /knowledge/ask/","PUBLIC","/articles/book5-religious-continuity.html","200","See preserved BROWSER.json / SOURCE-CHECKS-BEFORE.json; historical export errors not reproduced at W0","Shared interface/visual/locale owners and route-specific repairs; original accepted content retained","PASS","BROWSER-FINAL.json: en/1440px 2026-10-10T16:10:14.959Z","BROWSER-FINAL.json: zh-Hans/390px 2026-10-10T16:10:14.960Z","NOT_DEPLOYED_BY_THIS_TASK","NOT_POST_DEPLOY_VERIFIED"
"/articles/book5-religious-networks.html","articles/book5-religious-networks.html","be86abe4ac5b4cff9f22c74fc41543b612670f40316cdc7215183384bbc08ba0","locale-bootstrap + /assets/js/locale-bootstrap.js; /assets/customer-ui/js/shell.js","/assets/js/locale-bootstrap.js; /assets/customer-ui/js/shell.js; /assets/customer-ui/js/surfaces/article.js","Native source/template","/search/; /knowledge/ask/","PUBLIC","/articles/book5-religious-networks.html","200","See preserved BROWSER.json / SOURCE-CHECKS-BEFORE.json; historical export errors not reproduced at W0","Shared interface/visual/locale owners and route-specific repairs; original accepted content retained","PASS","BROWSER-FINAL.json: en/1440px 2026-10-10T16:10:15.837Z","BROWSER-FINAL.json: zh-Hans/390px 2026-10-10T16:10:15.838Z","NOT_DEPLOYED_BY_THIS_TASK","NOT_POST_DEPLOY_VERIFIED"
"/articles/book5-river-civilizations.html","articles/book5-river-civilizations.html","0bcff45fc70930ad76142244fd1579956cb250967616c3a4fd1485d5fba5f6c7","locale-bootstrap + /assets/js/locale-bootstrap.js; /assets/customer-ui/js/shell.js","/assets/js/locale-bootstrap.js; /assets/customer-ui/js/shell.js; /assets/customer-ui/js/surfaces/article.js","Native source/template","/search/; /knowledge/ask/","PUBLIC","/articles/book5-river-civilizations.html","200","See preserved BROWSER.json / SOURCE-CHECKS-BEFORE.json; historical export errors not reproduced at W0","Shared interface/visual/locale owners and route-specific repairs; original accepted content retained","PASS","BROWSER-FINAL.json: en/1440px 2026-10-10T16:10:17.935Z","BROWSER-FINAL.json: zh-Hans/390px 2026-10-10T16:10:18.859Z","NOT_DEPLOYED_BY_THIS_TASK","NOT_POST_DEPLOY_VERIFIED"
"/articles/book5-roman-expansion.html","articles/book5-roman-expansion.html","769e4a111d88b477c70cb5a67489c86e3cf75009690673f1718125a03abdde21","locale-bootstrap + /assets/js/locale-bootstrap.js; /assets/customer-ui/js/shell.js","/assets/js/locale-bootstrap.js; /assets/customer-ui/js/shell.js; /assets/customer-ui/js/surfaces/article.js","Native source/template","/search/; /knowledge/ask/","PUBLIC","/articles/book5-roman-expansion.html","200","See preserved BROWSER.json / SOURCE-CHECKS-BEFORE.json; historical export errors not reproduced at W0","Shared interface/visual/locale owners and route-specific repairs; original accepted content retained","PASS","BROWSER-FINAL.json: en/1440px 2026-10-10T16:10:18.858Z","BROWSER-FINAL.json: zh-Hans/390px 2026-10-10T16:10:18.860Z","NOT_DEPLOYED_BY_THIS_TASK","NOT_POST_DEPLOY_VERIFIED"
"/articles/book5-settlement-and-cities.html","articles/book5-settlement-and-cities.html","0ca35b37cae94a6e625045035ed7682d113ffa2e40e500ad3f5423b0033e6bfe","locale-bootstrap + /assets/js/locale-bootstrap.js; /assets/customer-ui/js/shell.js","/assets/js/locale-bootstrap.js; /assets/customer-ui/js/shell.js; /assets/customer-ui/js/surfaces/article.js","Native source/template","/search/; /knowledge/ask/","PUBLIC","/articles/book5-settlement-and-cities.html","200","See preserved BROWSER.json / SOURCE-CHECKS-BEFORE.json; historical export errors not reproduced at W0","Shared interface/visual/locale owners and route-specific repairs; original accepted content retained","PASS","BROWSER-FINAL.json: en/1440px 2026-10-10T16:10:20.707Z","BROWSER-FINAL.json: zh-Hans/390px 2026-10-10T16:10:20.706Z","NOT_DEPLOYED_BY_THIS_TASK","NOT_POST_DEPLOY_VERIFIED"
"/articles/book5-silver-and-global-connections.html","articles/book5-silver-and-global-connections.html","72a2758f9fd867d76b00546637db0cc3c1ae08e59141e44f864464756531a5bd","locale-bootstrap + /assets/js/locale-bootstrap.js; /assets/customer-ui/js/shell.js","/assets/js/locale-bootstrap.js; /assets/customer-ui/js/shell.js; /assets/customer-ui/js/surfaces/article.js","Native source/template","/search/; /knowledge/ask/","PUBLIC","/articles/book5-silver-and-global-connections.html","200","See preserved BROWSER.json / SOURCE-CHECKS-BEFORE.json; historical export errors not reproduced at W0","Shared interface/visual/locale owners and route-specific repairs; original accepted content retained","PASS","BROWSER-FINAL.json: en/1440px 2026-10-10T16:10:22.981Z","BROWSER-FINAL.json: zh-Hans/390px 2026-10-10T16:10:24.110Z","NOT_DEPLOYED_BY_THIS_TASK","NOT_POST_DEPLOY_VERIFIED"
"/articles/book5-song-china.html","articles/book5-song-china.html","9b8519094c01a8d71cc9e0ffd61a2a685961a8044fe56ca607d7ae6c5bcb053a","locale-bootstrap + /assets/js/locale-bootstrap.js; /assets/customer-ui/js/shell.js","/assets/js/locale-bootstrap.js; /assets/customer-ui/js/shell.js; /assets/customer-ui/js/surfaces/article.js","Native source/template","/search/; /knowledge/ask/","PUBLIC","/articles/book5-song-china.html","200","See preserved BROWSER.json / SOURCE-CHECKS-BEFORE.json; historical export errors not reproduced at W0","Shared interface/visual/locale owners and route-specific repairs; original accepted content retained","PASS","BROWSER-FINAL.json: en/1440px 2026-10-10T16:10:24.149Z","BROWSER-FINAL.json: zh-Hans/390px 2026-10-10T16:10:24.442Z","NOT_DEPLOYED_BY_THIS_TASK","NOT_POST_DEPLOY_VERIFIED"
"/articles/book5-sumerian-cities.html","articles/book5-sumerian-cities.html","786636db1eac363a5c58eb4ff5f55950abd5578743b1e0dea36a7bb49e9d998a","locale-bootstrap + /assets/js/locale-bootstrap.js; /assets/customer-ui/js/shell.js","/assets/js/locale-bootstrap.js; /assets/customer-ui/js/shell.js; /assets/customer-ui/js/surfaces/article.js","Native source/template","/search/; /knowledge/ask/","PUBLIC","/articles/book5-sumerian-cities.html","200","See preserved BROWSER.json / SOURCE-CHECKS-BEFORE.json; historical export errors not reproduced at W0","Shared interface/visual/locale owners and route-specific repairs; original accepted content retained","PASS","BROWSER-CLOSURE.json: en/1440px 2026-10-10T19:09:33.482Z","BROWSER-CLOSURE.json: zh-Hans/390px 2026-10-10T19:09:33.908Z","NOT_DEPLOYED_BY_THIS_TASK","NOT_POST_DEPLOY_VERIFIED"
"/articles/book5-tang-and-abbasid.html","articles/book5-tang-and-abbasid.html","b812f71df55081cbd7288d0c4c576782f3e39d49687fd15b2e1395d07fb50989","locale-bootstrap + /assets/js/locale-bootstrap.js; /assets/customer-ui/js/shell.js","/assets/js/locale-bootstrap.js; /assets/customer-ui/js/shell.js; /assets/customer-ui/js/surfaces/article.js","Native source/template","/search/; /knowledge/ask/","PUBLIC","/articles/book5-tang-and-abbasid.html","200","See preserved BROWSER.json / SOURCE-CHECKS-BEFORE.json; historical export errors not reproduced at W0","Shared interface/visual/locale owners and route-specific repairs; original accepted content retained","PASS","BROWSER-CLOSURE.json: en/1440px 2026-10-10T19:09:35.868Z","BROWSER-CLOSURE.json: zh-Hans/390px 2026-10-10T19:09:36.167Z","NOT_DEPLOYED_BY_THIS_TASK","NOT_POST_DEPLOY_VERIFIED"
"/articles/book5-translation-and-knowledge.html","articles/book5-translation-and-knowledge.html","a6528eababdb0aafa8ddeb9ed34faf8a623a9735edd677c1f734c2e88fd0820e","locale-bootstrap + /assets/js/locale-bootstrap.js; /assets/customer-ui/js/shell.js","/assets/js/locale-bootstrap.js; /assets/customer-ui/js/shell.js; /assets/customer-ui/js/surfaces/article.js","Native source/template","/search/; /knowledge/ask/","PUBLIC","/articles/book5-translation-and-knowledge.html","200","See preserved BROWSER.json / SOURCE-CHECKS-BEFORE.json; historical export errors not reproduced at W0","Shared interface/visual/locale owners and route-specific repairs; original accepted content retained","PASS","BROWSER-CLOSURE.json: en/1440px 2026-10-10T19:09:37.975Z","BROWSER-CLOSURE.json: zh-Hans/390px 2026-10-10T19:09:38.273Z","NOT_DEPLOYED_BY_THIS_TASK","NOT_POST_DEPLOY_VERIFIED"
"/articles/book5-unequal-modernities.html","articles/book5-unequal-modernities.html","0fb39534b9a7ec8eedd9f1b8e882709ca68821fd90d2145206c27e23414a627d","locale-bootstrap + /assets/js/locale-bootstrap.js; /assets/customer-ui/js/shell.js","/assets/js/locale-bootstrap.js; /assets/customer-ui/js/shell.js; /assets/customer-ui/js/surfaces/article.js","Native source/template","/search/; /knowledge/ask/","PUBLIC","/articles/book5-unequal-modernities.html","200","See preserved BROWSER.json / SOURCE-CHECKS-BEFORE.json; historical export errors not reproduced at W0","Shared interface/visual/locale owners and route-specific repairs; original accepted content retained","PASS","BROWSER-CLOSURE.json: en/1440px 2026-10-10T19:09:40.000Z","BROWSER-CLOSURE.json: zh-Hans/390px 2026-10-10T19:09:40.415Z","NOT_DEPLOYED_BY_THIS_TASK","NOT_POST_DEPLOY_VERIFIED"
"/articles/book6-africa-latin-america-nonalignment.html","articles/book6-africa-latin-america-nonalignment.html","d9f144cb38ace1d42cc84663f807341e8270c269b56ff4101ef532d3dad412e1","locale-bootstrap + /assets/js/locale-bootstrap.js; /assets/customer-ui/js/shell.js","/assets/js/locale-bootstrap.js; /assets/customer-ui/js/shell.js; /assets/customer-ui/js/surfaces/article.js","Native source/template","/search/; /knowledge/ask/","PUBLIC","/articles/book6-africa-latin-america-nonalignment.html","200","See preserved BROWSER.json / SOURCE-CHECKS-BEFORE.json; historical export errors not reproduced at W0","Shared interface/visual/locale owners and route-specific repairs; original accepted content retained","PASS","BROWSER-FINAL.json: en/1440px 2026-10-10T18:46:28.429Z","BROWSER-FINAL.json: zh-Hans/390px 2026-10-10T18:46:28.636Z","NOT_DEPLOYED_BY_THIS_TASK","NOT_POST_DEPLOY_VERIFIED"
"/articles/book6-borders-revolution-soviet-runtime.html","articles/book6-borders-revolution-soviet-runtime.html","d942a4f98585acfc9e3108eb5290a36d62a9b5bd358494e90e7e0839bae8a53b","locale-bootstrap + /assets/js/locale-bootstrap.js; /assets/customer-ui/js/shell.js","/assets/js/locale-bootstrap.js; /assets/customer-ui/js/shell.js; /assets/customer-ui/js/surfaces/article.js","Native source/template","/search/; /knowledge/ask/","PUBLIC","/articles/book6-borders-revolution-soviet-runtime.html","200","See preserved BROWSER.json / SOURCE-CHECKS-BEFORE.json; historical export errors not reproduced at W0","Shared interface/visual/locale owners and route-specific repairs; original accepted content retained","PASS","BROWSER-FINAL.json: en/1440px 2026-10-10T18:46:28.706Z","BROWSER-FINAL.json: zh-Hans/390px 2026-10-10T18:46:28.629Z","NOT_DEPLOYED_BY_THIS_TASK","NOT_POST_DEPLOY_VERIFIED"
"/articles/book6-carrier-migration-projection-thresholds.html","articles/book6-carrier-migration-projection-thresholds.html","ccced5f21ac55281cbba644744642d5acaedf297a9bc6fb465b8982c58d7b5e6","locale-bootstrap + /assets/js/locale-bootstrap.js; /assets/customer-ui/js/shell.js","/assets/js/locale-bootstrap.js; /assets/customer-ui/js/shell.js; /assets/customer-ui/js/surfaces/article.js","Native source/template","/search/; /knowledge/ask/","PUBLIC","/articles/book6-carrier-migration-projection-thresholds.html","200","See preserved BROWSER.json / SOURCE-CHECKS-BEFORE.json; historical export errors not reproduced at W0","Shared interface/visual/locale owners and route-specific repairs; original accepted content retained","PASS","BROWSER-FINAL.json: en/1440px 2026-10-10T18:46:29.996Z","BROWSER-FINAL.json: zh-Hans/390px 2026-10-10T18:46:36.873Z","NOT_DEPLOYED_BY_THIS_TASK","NOT_POST_DEPLOY_VERIFIED"
"/articles/book6-connection-mobility-future-capacity.html","articles/book6-connection-mobility-future-capacity.html","98b80a24becb8224bbac2d8dce517bf950c3874e73d1c0a3e4fe3a6da6ef2ed5","locale-bootstrap + /assets/js/locale-bootstrap.js; /assets/customer-ui/js/shell.js","/assets/js/locale-bootstrap.js; /assets/customer-ui/js/shell.js; /assets/customer-ui/js/surfaces/article.js","Native source/template","/search/; /knowledge/ask/","PUBLIC","/articles/book6-connection-mobility-future-capacity.html","200","See preserved BROWSER.json / SOURCE-CHECKS-BEFORE.json; historical export errors not reproduced at W0","Shared interface/visual/locale owners and route-specific repairs; original accepted content retained","PASS","BROWSER-FINAL.json: en/1440px 2026-10-10T18:46:36.874Z","BROWSER-FINAL.json: zh-Hans/390px 2026-10-10T18:46:38.032Z","NOT_DEPLOYED_BY_THIS_TASK","NOT_POST_DEPLOY_VERIFIED"
"/articles/book6-decolonization-borders-india.html","articles/book6-decolonization-borders-india.html","be393af722663dec3ff9957777465f6e96905f50d7d4aafeb0aa932bf5a61390","locale-bootstrap + /assets/js/locale-bootstrap.js; /assets/customer-ui/js/shell.js","/assets/js/locale-bootstrap.js; /assets/customer-ui/js/shell.js; /assets/customer-ui/js/surfaces/article.js","Native source/template","/search/; /knowledge/ask/","PUBLIC","/articles/book6-decolonization-borders-india.html","200","See preserved BROWSER.json / SOURCE-CHECKS-BEFORE.json; historical export errors not reproduced at W0","Shared interface/visual/locale owners and route-specific repairs; original accepted content retained","PASS","BROWSER-FINAL.json: en/1440px 2026-10-10T18:46:36.876Z","BROWSER-FINAL.json: zh-Hans/390px 2026-10-10T18:46:38.151Z","NOT_DEPLOYED_BY_THIS_TASK","NOT_POST_DEPLOY_VERIFIED"
"/articles/book6-developmentalism-industrialization-outcomes.html","articles/book6-developmentalism-industrialization-outcomes.html","7614fe8b3bff40488eb62ef9f6bc85748cf5328f461a933a09fd8dce771aefd2","locale-bootstrap + /assets/js/locale-bootstrap.js; /assets/customer-ui/js/shell.js","/assets/js/locale-bootstrap.js; /assets/customer-ui/js/shell.js; /assets/customer-ui/js/surfaces/article.js","Native source/template","/search/; /knowledge/ask/","PUBLIC","/articles/book6-developmentalism-industrialization-outcomes.html","200","See preserved BROWSER.json / SOURCE-CHECKS-BEFORE.json; historical export errors not reproduced at W0","Shared interface/visual/locale owners and route-specific repairs; original accepted content retained","PASS","BROWSER-FINAL.json: en/1440px 2026-10-10T18:46:38.714Z","BROWSER-FINAL.json: zh-Hans/390px 2026-10-10T18:46:43.440Z","NOT_DEPLOYED_BY_THIS_TASK","NOT_POST_DEPLOY_VERIFIED"
"/articles/book6-environment-work-income.html","articles/book6-environment-work-income.html","72112aacafb0bb1a16ab21e376eee7abfbeefccfe5bd73c6cc2c9e2755f430b4","locale-bootstrap + /assets/js/locale-bootstrap.js; /assets/customer-ui/js/shell.js","/assets/js/locale-bootstrap.js; /assets/customer-ui/js/shell.js; /assets/customer-ui/js/surfaces/article.js","Native source/template","/search/; /knowledge/ask/","PUBLIC","/articles/book6-environment-work-income.html","200","See preserved BROWSER.json / SOURCE-CHECKS-BEFORE.json; historical export errors not reproduced at W0","Shared interface/visual/locale owners and route-specific repairs; original accepted content retained","PASS","BROWSER-FINAL.json: en/1440px 2026-10-10T18:46:43.443Z","BROWSER-FINAL.json: zh-Hans/390px 2026-10-10T18:46:43.447Z","NOT_DEPLOYED_BY_THIS_TASK","NOT_POST_DEPLOY_VERIFIED"
"/articles/book6-expansion-future-atlas.html","articles/book6-expansion-future-atlas.html","40e0e9749a6c3f47e609469b71c0243268270af21f6dd2e6bbd2ff5fe7a1f3f1","locale-bootstrap + /assets/js/locale-bootstrap.js; /assets/customer-ui/js/shell.js","/assets/js/locale-bootstrap.js; /assets/customer-ui/js/shell.js; /assets/customer-ui/js/surfaces/article.js","Native source/template","/search/; /knowledge/ask/","PUBLIC","/articles/book6-expansion-future-atlas.html","200","See preserved BROWSER.json / SOURCE-CHECKS-BEFORE.json; historical export errors not reproduced at W0","Shared interface/visual/locale owners and route-specific repairs; original accepted content retained","PASS","BROWSER-FINAL.json: en/1440px 2026-10-10T18:46:43.444Z","BROWSER-FINAL.json: zh-Hans/390px 2026-10-10T18:46:46.026Z","NOT_DEPLOYED_BY_THIS_TASK","NOT_POST_DEPLOY_VERIFIED"
"/articles/book6-finance-multinationals-computers.html","articles/book6-finance-multinationals-computers.html","62c7082f99945998268871725ead5d231065fd3ee94f2f2c4ae0dc1b72420bc2","locale-bootstrap + /assets/js/locale-bootstrap.js; /assets/customer-ui/js/shell.js","/assets/js/locale-bootstrap.js; /assets/customer-ui/js/shell.js; /assets/customer-ui/js/surfaces/article.js","Native source/template","/search/; /knowledge/ask/","PUBLIC","/articles/book6-finance-multinationals-computers.html","200","See preserved BROWSER.json / SOURCE-CHECKS-BEFORE.json; historical export errors not reproduced at W0","Shared interface/visual/locale owners and route-specific repairs; original accepted content retained","PASS","BROWSER-FINAL.json: en/1440px 2026-10-10T18:46:46.032Z","BROWSER-FINAL.json: zh-Hans/390px 2026-10-10T18:46:49.306Z","NOT_DEPLOYED_BY_THIS_TASK","NOT_POST_DEPLOY_VERIFIED"
"/articles/book6-globalization-containerization-oil.html","articles/book6-globalization-containerization-oil.html","271b7de3e8330a23bd155f9fe02684fd9609cf8bdd913d8ac6561aa2ddbadefa","locale-bootstrap + /assets/js/locale-bootstrap.js; /assets/customer-ui/js/shell.js","/assets/js/locale-bootstrap.js; /assets/customer-ui/js/shell.js; /assets/customer-ui/js/surfaces/article.js","Native source/template","/search/; /knowledge/ask/","PUBLIC","/articles/book6-globalization-containerization-oil.html","200","See preserved BROWSER.json / SOURCE-CHECKS-BEFORE.json; historical export errors not reproduced at W0","Shared interface/visual/locale owners and route-specific repairs; original accepted content retained","PASS","BROWSER-FINAL.json: en/1440px 2026-10-10T18:46:49.266Z","BROWSER-FINAL.json: zh-Hans/390px 2026-10-10T18:46:50.326Z","NOT_DEPLOYED_BY_THIS_TASK","NOT_POST_DEPLOY_VERIFIED"
"/articles/book6-health-happiness-security.html","articles/book6-health-happiness-security.html","bce198bd298f4a7d609930caaaa2ab5e7a9c35b212eecd2c46da6c4a4936d6a3","locale-bootstrap + /assets/js/locale-bootstrap.js; /assets/customer-ui/js/shell.js","/assets/js/locale-bootstrap.js; /assets/customer-ui/js/shell.js; /assets/customer-ui/js/surfaces/article.js","Native source/template","/search/; /knowledge/ask/","PUBLIC","/articles/book6-health-happiness-security.html","200","See preserved BROWSER.json / SOURCE-CHECKS-BEFORE.json; historical export errors not reproduced at W0","Shared interface/visual/locale owners and route-specific repairs; original accepted content retained","PASS","BROWSER-FINAL.json: en/1440px 2026-10-10T18:46:51.392Z","BROWSER-FINAL.json: zh-Hans/390px 2026-10-10T18:46:51.984Z","NOT_DEPLOYED_BY_THIS_TASK","NOT_POST_DEPLOY_VERIFIED"
"/articles/book6-housing-time-work-pressure.html","articles/book6-housing-time-work-pressure.html","254c35a984ecc71c64f9904bbfc483d0aee838cca2480d87a59ffa0cf3c6564e","locale-bootstrap + /assets/js/locale-bootstrap.js; /assets/customer-ui/js/shell.js","/assets/js/locale-bootstrap.js; /assets/customer-ui/js/shell.js; /assets/customer-ui/js/surfaces/article.js","Native source/template","/search/; /knowledge/ask/","PUBLIC","/articles/book6-housing-time-work-pressure.html","200","See preserved BROWSER.json / SOURCE-CHECKS-BEFORE.json; historical export errors not reproduced at W0","Shared interface/visual/locale owners and route-specific repairs; original accepted content retained","PASS","BROWSER-FINAL.json: en/1440px 2026-10-10T18:46:53.288Z","BROWSER-FINAL.json: zh-Hans/390px 2026-10-10T18:46:54.107Z","NOT_DEPLOYED_BY_THIS_TASK","NOT_POST_DEPLOY_VERIFIED"
"/articles/book6-internet-supply-chains-global-cities.html","articles/book6-internet-supply-chains-global-cities.html","71b6c51f4c0ae99ce1c7b7892811a014215e2c7e146895d649915fd867871a69","locale-bootstrap + /assets/js/locale-bootstrap.js; /assets/customer-ui/js/shell.js","/assets/js/locale-bootstrap.js; /assets/customer-ui/js/shell.js; /assets/customer-ui/js/surfaces/article.js","Native source/template","/search/; /knowledge/ask/","PUBLIC","/articles/book6-internet-supply-chains-global-cities.html","200","See preserved BROWSER.json / SOURCE-CHECKS-BEFORE.json; historical export errors not reproduced at W0","Shared interface/visual/locale owners and route-specific repairs; original accepted content retained","PASS","BROWSER-FINAL.json: en/1440px 2026-10-10T18:46:55.411Z","BROWSER-FINAL.json: zh-Hans/390px 2026-10-10T18:46:55.415Z","NOT_DEPLOYED_BY_THIS_TASK","NOT_POST_DEPLOY_VERIFIED"
"/articles/book6-interwar-economy-crisis-mobilization.html","articles/book6-interwar-economy-crisis-mobilization.html","24bb1cde16b1df872bb42bd667137898a68db7962a1c78fb4cf743f68c6aef4a","locale-bootstrap + /assets/js/locale-bootstrap.js; /assets/customer-ui/js/shell.js","/assets/js/locale-bootstrap.js; /assets/customer-ui/js/shell.js; /assets/customer-ui/js/surfaces/article.js","Native source/template","/search/; /knowledge/ask/","PUBLIC","/articles/book6-interwar-economy-crisis-mobilization.html","200","See preserved BROWSER.json / SOURCE-CHECKS-BEFORE.json; historical export errors not reproduced at W0","Shared interface/visual/locale owners and route-specific repairs; original accepted content retained","PASS","BROWSER-FINAL.json: en/1440px 2026-10-10T18:46:57.121Z","BROWSER-FINAL.json: zh-Hans/390px 2026-10-10T18:46:58.855Z","NOT_DEPLOYED_BY_THIS_TASK","NOT_POST_DEPLOY_VERIFIED"
"/articles/book6-japan-east-asia-cold-war.html","articles/book6-japan-east-asia-cold-war.html","c79353622ff524fc3a1643672b0bb0c9f6a0d81dfb3ed3be061ac3f2e20f0365","locale-bootstrap + /assets/js/locale-bootstrap.js; /assets/customer-ui/js/shell.js","/assets/js/locale-bootstrap.js; /assets/customer-ui/js/shell.js; /assets/customer-ui/js/surfaces/article.js","Native source/template","/search/; /knowledge/ask/","PUBLIC","/articles/book6-japan-east-asia-cold-war.html","200","See preserved BROWSER.json / SOURCE-CHECKS-BEFORE.json; historical export errors not reproduced at W0","Shared interface/visual/locale owners and route-specific repairs; original accepted content retained","PASS","BROWSER-FINAL.json: en/1440px 2026-10-10T18:46:59.887Z","BROWSER-FINAL.json: zh-Hans/390px 2026-10-10T18:46:59.886Z","NOT_DEPLOYED_BY_THIS_TASK","NOT_POST_DEPLOY_VERIFIED"
"/articles/book6-migration-platforms-systemic-risk.html","articles/book6-migration-platforms-systemic-risk.html","5f91dd3765c4d456b5a261735fad1466e1f2fd3d2488b3a83d7147723fa5c429","locale-bootstrap + /assets/js/locale-bootstrap.js; /assets/customer-ui/js/shell.js","/assets/js/locale-bootstrap.js; /assets/customer-ui/js/shell.js; /assets/customer-ui/js/surfaces/article.js","Native source/template","/search/; /knowledge/ask/","PUBLIC","/articles/book6-migration-platforms-systemic-risk.html","200","See preserved BROWSER.json / SOURCE-CHECKS-BEFORE.json; historical export errors not reproduced at W0","Shared interface/visual/locale owners and route-specific repairs; original accepted content retained","PASS","BROWSER-FINAL.json: en/1440px 2026-10-10T18:47:00.933Z","BROWSER-FINAL.json: zh-Hans/390px 2026-10-10T18:47:00.936Z","NOT_DEPLOYED_BY_THIS_TASK","NOT_POST_DEPLOY_VERIFIED"
"/articles/book6-network-platform-ai-infrastructure.html","articles/book6-network-platform-ai-infrastructure.html","214c95b6d9706b29831846c39e50d7f1959f67a4cd1e56ca5e96535a00b9229c","locale-bootstrap + /assets/js/locale-bootstrap.js; /assets/customer-ui/js/shell.js","/assets/js/locale-bootstrap.js; /assets/customer-ui/js/shell.js; /assets/customer-ui/js/surfaces/article.js","Native source/template","/search/; /knowledge/ask/","PUBLIC","/articles/book6-network-platform-ai-infrastructure.html","200","See preserved BROWSER.json / SOURCE-CHECKS-BEFORE.json; historical export errors not reproduced at W0","Shared interface/visual/locale owners and route-specific repairs; original accepted content retained","PASS","BROWSER-FINAL.json: en/1440px 2026-10-10T18:47:03.108Z","BROWSER-FINAL.json: zh-Hans/390px 2026-10-10T18:47:04.153Z","NOT_DEPLOYED_BY_THIS_TASK","NOT_POST_DEPLOY_VERIFIED"
"/articles/book6-south-asia-southeast-asia-middle-east.html","articles/book6-south-asia-southeast-asia-middle-east.html","66908676236e8010c51b07c4ee39e1539cb69a438ffe9b880835cdb4cecf9920","locale-bootstrap + /assets/js/locale-bootstrap.js; /assets/customer-ui/js/shell.js","/assets/js/locale-bootstrap.js; /assets/customer-ui/js/shell.js; /assets/customer-ui/js/surfaces/article.js","Native source/template","/search/; /knowledge/ask/","PUBLIC","/articles/book6-south-asia-southeast-asia-middle-east.html","200","See preserved BROWSER.json / SOURCE-CHECKS-BEFORE.json; historical export errors not reproduced at W0","Shared interface/visual/locale owners and route-specific repairs; original accepted content retained","PASS","BROWSER-FINAL.json: en/1440px 2026-10-10T18:47:04.555Z","BROWSER-FINAL.json: zh-Hans/390px 2026-10-10T18:47:04.620Z","NOT_DEPLOYED_BY_THIS_TASK","NOT_POST_DEPLOY_VERIFIED"
"/articles/book6-soviet-bloc-and-china.html","articles/book6-soviet-bloc-and-china.html","dcc9838f9649932c432fcb46a32b94e7a66ac6d4c20ccf6ec70fd672173b2b04","locale-bootstrap + /assets/js/locale-bootstrap.js; /assets/customer-ui/js/shell.js","/assets/js/locale-bootstrap.js; /assets/customer-ui/js/shell.js; /assets/customer-ui/js/surfaces/article.js","Native source/template","/search/; /knowledge/ask/","PUBLIC","/articles/book6-soviet-bloc-and-china.html","200","See preserved BROWSER.json / SOURCE-CHECKS-BEFORE.json; historical export errors not reproduced at W0","Shared interface/visual/locale owners and route-specific repairs; original accepted content retained","PASS","BROWSER-FINAL.json: en/1440px 2026-10-10T18:47:05.532Z","BROWSER-FINAL.json: zh-Hans/390px 2026-10-10T18:47:05.533Z","NOT_DEPLOYED_BY_THIS_TASK","NOT_POST_DEPLOY_VERIFIED"
"/articles/book6-speed-cost-threshold.html","articles/book6-speed-cost-threshold.html","3df4454c877dad8e8b9d61822f9d76057b05bc6c2ce8ef622d7ee85b3fb5a8a0","locale-bootstrap + /assets/js/locale-bootstrap.js; /assets/customer-ui/js/shell.js","/assets/js/locale-bootstrap.js; /assets/customer-ui/js/shell.js; /assets/customer-ui/js/surfaces/article.js","Native source/template","/search/; /knowledge/ask/","PUBLIC","/articles/book6-speed-cost-threshold.html","200","See preserved BROWSER.json / SOURCE-CHECKS-BEFORE.json; historical export errors not reproduced at W0","Shared interface/visual/locale owners and route-specific repairs; original accepted content retained","PASS","BROWSER-FINAL.json: en/1440px 2026-10-10T18:47:11.449Z","BROWSER-FINAL.json: zh-Hans/390px 2026-10-10T18:47:13.644Z","NOT_DEPLOYED_BY_THIS_TASK","NOT_POST_DEPLOY_VERIFIED"
"/articles/book6-stage-capacity-alignment-resilience.html","articles/book6-stage-capacity-alignment-resilience.html","9be8eea53f493ce530da052f9b07b1c2bbbb14bc00e170276aa1a4f595f18d45","locale-bootstrap + /assets/js/locale-bootstrap.js; /assets/customer-ui/js/shell.js","/assets/js/locale-bootstrap.js; /assets/customer-ui/js/shell.js; /assets/customer-ui/js/surfaces/article.js","Native source/template","/search/; /knowledge/ask/","PUBLIC","/articles/book6-stage-capacity-alignment-resilience.html","200","See preserved BROWSER.json / SOURCE-CHECKS-BEFORE.json; historical export errors not reproduced at W0","Shared interface/visual/locale owners and route-specific repairs; original accepted content retained","PASS","BROWSER-FINAL.json: en/1440px 2026-10-10T18:47:14.169Z","BROWSER-FINAL.json: zh-Hans/390px 2026-10-10T18:47:14.172Z","NOT_DEPLOYED_BY_THIS_TASK","NOT_POST_DEPLOY_VERIFIED"
"/articles/book6-succession-reform-revolution.html","articles/book6-succession-reform-revolution.html","5904f94e9ab3bb665eca156429ed6853edf34f0aec7001a6cb7b11ee64d0df89","locale-bootstrap + /assets/js/locale-bootstrap.js; /assets/customer-ui/js/shell.js","/assets/js/locale-bootstrap.js; /assets/customer-ui/js/shell.js; /assets/customer-ui/js/surfaces/article.js","Native source/template","/search/; /knowledge/ask/","PUBLIC","/articles/book6-succession-reform-revolution.html","200","See preserved BROWSER.json / SOURCE-CHECKS-BEFORE.json; historical export errors not reproduced at W0","Shared interface/visual/locale owners and route-specific repairs; original accepted content retained","PASS","BROWSER-FINAL.json: en/1440px 2026-10-10T18:47:16.949Z","BROWSER-FINAL.json: zh-Hans/390px 2026-10-10T18:47:16.013Z","NOT_DEPLOYED_BY_THIS_TASK","NOT_POST_DEPLOY_VERIFIED"
"/articles/book6-un-reconstruction-european-integration.html","articles/book6-un-reconstruction-european-integration.html","f47fbffb978db73029f8d6b3814d5229f280eb30ce7d608577c899bec2cb2300","locale-bootstrap + /assets/js/locale-bootstrap.js; /assets/customer-ui/js/shell.js","/assets/js/locale-bootstrap.js; /assets/customer-ui/js/shell.js; /assets/customer-ui/js/surfaces/article.js","Native source/template","/search/; /knowledge/ask/","PUBLIC","/articles/book6-un-reconstruction-european-integration.html","200","See preserved BROWSER.json / SOURCE-CHECKS-BEFORE.json; historical export errors not reproduced at W0","Shared interface/visual/locale owners and route-specific repairs; original accepted content retained","PASS","BROWSER-FINAL.json: en/1440px 2026-10-10T18:47:18.661Z","BROWSER-FINAL.json: zh-Hans/390px 2026-10-10T18:47:19.198Z","NOT_DEPLOYED_BY_THIS_TASK","NOT_POST_DEPLOY_VERIFIED"
"/articles/book6-us-system-bretton-woods-dollar.html","articles/book6-us-system-bretton-woods-dollar.html","8e169430ef77f8c825a23780b8007614be8a672263b5306fc072c48c46b9ebb6","locale-bootstrap + /assets/js/locale-bootstrap.js; /assets/customer-ui/js/shell.js","/assets/js/locale-bootstrap.js; /assets/customer-ui/js/shell.js; /assets/customer-ui/js/surfaces/article.js","Native source/template","/search/; /knowledge/ask/","PUBLIC","/articles/book6-us-system-bretton-woods-dollar.html","200","See preserved BROWSER.json / SOURCE-CHECKS-BEFORE.json; historical export errors not reproduced at W0","Shared interface/visual/locale owners and route-specific repairs; original accepted content retained","PASS","BROWSER-FINAL.json: en/1440px 2026-10-10T18:47:19.902Z","BROWSER-FINAL.json: zh-Hans/390px 2026-10-10T18:47:19.903Z","NOT_DEPLOYED_BY_THIS_TASK","NOT_POST_DEPLOY_VERIFIED"
"/articles/book6-war-crisis-external-pressure.html","articles/book6-war-crisis-external-pressure.html","f8885d00fbf62b6e307aa8d971a0b2828c230cc1abb335d2aa5fc7e9bf705cd8","locale-bootstrap + /assets/js/locale-bootstrap.js; /assets/customer-ui/js/shell.js","/assets/js/locale-bootstrap.js; /assets/customer-ui/js/shell.js; /assets/customer-ui/js/surfaces/article.js","Native source/template","/search/; /knowledge/ask/","PUBLIC","/articles/book6-war-crisis-external-pressure.html","200","See preserved BROWSER.json / SOURCE-CHECKS-BEFORE.json; historical export errors not reproduced at W0","Shared interface/visual/locale owners and route-specific repairs; original accepted content retained","PASS","BROWSER-FINAL.json: en/1440px 2026-10-10T18:47:21.166Z","BROWSER-FINAL.json: zh-Hans/390px 2026-10-10T18:47:22.079Z","NOT_DEPLOYED_BY_THIS_TASK","NOT_POST_DEPLOY_VERIFIED"
"/articles/book6-what-is-reconfiguration.html","articles/book6-what-is-reconfiguration.html","3157da4c6d415af89c2295a6012b10175319131e81c036f6c5fcf344cb443f27","locale-bootstrap + /assets/js/locale-bootstrap.js; /assets/customer-ui/js/shell.js","/assets/js/locale-bootstrap.js; /assets/customer-ui/js/shell.js; /assets/customer-ui/js/surfaces/article.js","Native source/template","/search/; /knowledge/ask/","PUBLIC","/articles/book6-what-is-reconfiguration.html","200","See preserved BROWSER.json / SOURCE-CHECKS-BEFORE.json; historical export errors not reproduced at W0","Shared interface/visual/locale owners and route-specific repairs; original accepted content retained","PASS","BROWSER-FINAL.json: en/1440px 2026-10-10T18:47:23.776Z","BROWSER-FINAL.json: zh-Hans/390px 2026-10-10T18:47:25.034Z","NOT_DEPLOYED_BY_THIS_TASK","NOT_POST_DEPLOY_VERIFIED"
"/articles/book6-world-war-one-and-empires.html","articles/book6-world-war-one-and-empires.html","9b32848fc53617e84b994c70025b3562ebdc5a5c4472350288613869acca7ab2","locale-bootstrap + /assets/js/locale-bootstrap.js; /assets/customer-ui/js/shell.js","/assets/js/locale-bootstrap.js; /assets/customer-ui/js/shell.js; /assets/customer-ui/js/surfaces/article.js","Native source/template","/search/; /knowledge/ask/","PUBLIC","/articles/book6-world-war-one-and-empires.html","200","See preserved BROWSER.json / SOURCE-CHECKS-BEFORE.json; historical export errors not reproduced at W0","Shared interface/visual/locale owners and route-specific repairs; original accepted content retained","PASS","BROWSER-FINAL.json: en/1440px 2026-10-10T18:47:26.984Z","BROWSER-FINAL.json: zh-Hans/390px 2026-10-10T18:47:27.004Z","NOT_DEPLOYED_BY_THIS_TASK","NOT_POST_DEPLOY_VERIFIED"
"/articles/book6-world-war-two-genocide-nuclear-age.html","articles/book6-world-war-two-genocide-nuclear-age.html","f167224d78867d5d0ecfe6515c5024e84ada862e943f75f2ecfc111a0807d84a","locale-bootstrap + /assets/js/locale-bootstrap.js; /assets/customer-ui/js/shell.js","/assets/js/locale-bootstrap.js; /assets/customer-ui/js/shell.js; /assets/customer-ui/js/surfaces/article.js","Native source/template","/search/; /knowledge/ask/","PUBLIC","/articles/book6-world-war-two-genocide-nuclear-age.html","200","See preserved BROWSER.json / SOURCE-CHECKS-BEFORE.json; historical export errors not reproduced at W0","Shared interface/visual/locale owners and route-specific repairs; original accepted content retained","PASS","BROWSER-FINAL.json: en/1440px 2026-10-10T18:47:28.050Z","BROWSER-FINAL.json: zh-Hans/390px 2026-10-10T18:47:29.115Z","NOT_DEPLOYED_BY_THIS_TASK","NOT_POST_DEPLOY_VERIFIED"
"/articles/civilization-acceleration-ai-attention-time-productivity.html","articles/civilization-acceleration-ai-attention-time-productivity.html","ebdb888f9382a4e89c6477a028edbb2ed9a5362f9674f4ac6438147130d12237","locale-bootstrap + /assets/js/locale-bootstrap.js; /assets/customer-ui/js/shell.js","/assets/js/locale-bootstrap.js; /assets/customer-ui/js/shell.js; /assets/customer-ui/js/surfaces/article.js","Native source/template","/search/; /knowledge/ask/","PUBLIC","/articles/civilization-acceleration-ai-attention-time-productivity.html","200","See preserved BROWSER.json / SOURCE-CHECKS-BEFORE.json; historical export errors not reproduced at W0","Shared interface/visual/locale owners and route-specific repairs; original accepted content retained","PASS","BROWSER-FINAL.json: en/1440px 2026-10-10T18:47:30.918Z","BROWSER-FINAL.json: zh-Hans/390px 2026-10-10T18:47:31.322Z","NOT_DEPLOYED_BY_THIS_TASK","NOT_POST_DEPLOY_VERIFIED"
"/articles/civilization-network-infrastructure-attention-economy.html","articles/civilization-network-infrastructure-attention-economy.html","0aa29621137ceed890465b3262d9546ff8bc165fb846ef701131ba417a178d49","locale-bootstrap + /assets/js/locale-bootstrap.js; /assets/customer-ui/js/shell.js","/assets/js/locale-bootstrap.js; /assets/customer-ui/js/shell.js; /assets/customer-ui/js/surfaces/article.js","Native source/template","/search/; /knowledge/ask/","PUBLIC","/articles/civilization-network-infrastructure-attention-economy.html","200","See preserved BROWSER.json / SOURCE-CHECKS-BEFORE.json; historical export errors not reproduced at W0","Shared interface/visual/locale owners and route-specific repairs; original accepted content retained","PASS","BROWSER-FINAL.json: en/1440px 2026-10-10T18:47:31.882Z","BROWSER-FINAL.json: zh-Hans/390px 2026-10-10T18:47:31.881Z","NOT_DEPLOYED_BY_THIS_TASK","NOT_POST_DEPLOY_VERIFIED"
"/articles/collective-attention-algorithm-viral-runtime.html","articles/collective-attention-algorithm-viral-runtime.html","6d9220e59eb5e57ba44326166a05ffaaf55db1fd30c2113b50e22b1f608f5f9c","locale-bootstrap + /assets/js/locale-bootstrap.js; /assets/customer-ui/js/shell.js","/assets/js/locale-bootstrap.js; /assets/customer-ui/js/shell.js; /assets/customer-ui/js/surfaces/article.js","Native source/template","/search/; /knowledge/ask/","PUBLIC","/articles/collective-attention-algorithm-viral-runtime.html","200","See preserved BROWSER.json / SOURCE-CHECKS-BEFORE.json; historical export errors not reproduced at W0","Shared interface/visual/locale owners and route-specific repairs; original accepted content retained","PASS","BROWSER-FINAL.json: en/1440px 2026-10-10T18:47:32.589Z","BROWSER-FINAL.json: zh-Hans/390px 2026-10-10T18:47:33.276Z","NOT_DEPLOYED_BY_THIS_TASK","NOT_POST_DEPLOY_VERIFIED"
"/articles/collective-limits-fragmentation-collapse-reconfiguration-maintenance.html","articles/collective-limits-fragmentation-collapse-reconfiguration-maintenance.html","82c3a77ba738f5023a8c520ce1c334d1bb07af09b0beba30fbbc077360912f87","locale-bootstrap + /assets/js/locale-bootstrap.js; /assets/customer-ui/js/shell.js","/assets/js/locale-bootstrap.js; /assets/customer-ui/js/shell.js; /assets/customer-ui/js/surfaces/article.js","Native source/template","/search/; /knowledge/ask/","PUBLIC","/articles/collective-limits-fragmentation-collapse-reconfiguration-maintenance.html","200","See preserved BROWSER.json / SOURCE-CHECKS-BEFORE.json; historical export errors not reproduced at W0","Shared interface/visual/locale owners and route-specific repairs; original accepted content retained","PASS","BROWSER-FINAL.json: en/1440px 2026-10-10T18:47:35.175Z","BROWSER-FINAL.json: zh-Hans/390px 2026-10-10T18:47:35.964Z","NOT_DEPLOYED_BY_THIS_TASK","NOT_POST_DEPLOY_VERIFIED"
"/articles/collective-priority-scarcity-reward-incentive.html","articles/collective-priority-scarcity-reward-incentive.html","8e4c0003b711d41498a83210245f06fd581cd1bc1667b68d69e8d8fa3a9d37f6","locale-bootstrap + /assets/js/locale-bootstrap.js; /assets/customer-ui/js/shell.js","/assets/js/locale-bootstrap.js; /assets/customer-ui/js/shell.js; /assets/customer-ui/js/surfaces/article.js","Native source/template","/search/; /knowledge/ask/","PUBLIC","/articles/collective-priority-scarcity-reward-incentive.html","200","See preserved BROWSER.json / SOURCE-CHECKS-BEFORE.json; historical export errors not reproduced at W0","Shared interface/visual/locale owners and route-specific repairs; original accepted content retained","PASS","BROWSER-FINAL.json: en/1440px 2026-10-10T18:47:36.222Z","BROWSER-FINAL.json: zh-Hans/390px 2026-10-10T18:47:36.624Z","NOT_DEPLOYED_BY_THIS_TASK","NOT_POST_DEPLOY_VERIFIED"
"/articles/collective-time-generation-memory-deadline-time-debt.html","articles/collective-time-generation-memory-deadline-time-debt.html","d0d951783a24e4f89aaa4f37b35cccdb3a33fd0d689dd340eb012d23f04eb213","locale-bootstrap + /assets/js/locale-bootstrap.js; /assets/customer-ui/js/shell.js","/assets/js/locale-bootstrap.js; /assets/customer-ui/js/shell.js; /assets/customer-ui/js/surfaces/article.js","Native source/template","/search/; /knowledge/ask/","PUBLIC","/articles/collective-time-generation-memory-deadline-time-debt.html","200","See preserved BROWSER.json / SOURCE-CHECKS-BEFORE.json; historical export errors not reproduced at W0","Shared interface/visual/locale owners and route-specific repairs; original accepted content retained","PASS","BROWSER-FINAL.json: en/1440px 2026-10-10T18:47:36.968Z","BROWSER-FINAL.json: zh-Hans/390px 2026-10-10T18:47:37.588Z","NOT_DEPLOYED_BY_THIS_TASK","NOT_POST_DEPLOY_VERIFIED"
"/articles/consciousness-visibility-experience-and-self-model.html","articles/consciousness-visibility-experience-and-self-model.html","bfb240311a52040bb80c8ac028b7f367f12f888c283330653aabc13661f2b362","locale-bootstrap + /assets/js/locale-bootstrap.js; /assets/customer-ui/js/shell.js","/assets/js/locale-bootstrap.js; /assets/customer-ui/js/shell.js; /assets/customer-ui/js/surfaces/article.js","Native source/template","/search/; /knowledge/ask/","PUBLIC","/articles/consciousness-visibility-experience-and-self-model.html","200","See preserved BROWSER.json / SOURCE-CHECKS-BEFORE.json; historical export errors not reproduced at W0","Shared interface/visual/locale owners and route-specific repairs; original accepted content retained","PASS","BROWSER-FINAL.json: en/1440px 2026-10-10T18:47:39.643Z","BROWSER-FINAL.json: zh-Hans/390px 2026-10-10T18:47:40.449Z","NOT_DEPLOYED_BY_THIS_TASK","NOT_POST_DEPLOY_VERIFIED"
"/articles/continuous-consciousness-time-memory-and-simulation.html","articles/continuous-consciousness-time-memory-and-simulation.html","93e8b83b5106c905ffcff4378b408d72d6c0deb8e4dfbd4bd10821b5a2bfea5e","locale-bootstrap + /assets/js/locale-bootstrap.js; /assets/customer-ui/js/shell.js","/assets/js/locale-bootstrap.js; /assets/customer-ui/js/shell.js; /assets/customer-ui/js/surfaces/article.js","Native source/template","/search/; /knowledge/ask/","PUBLIC","/articles/continuous-consciousness-time-memory-and-simulation.html","200","See preserved BROWSER.json / SOURCE-CHECKS-BEFORE.json; historical export errors not reproduced at W0","Shared interface/visual/locale owners and route-specific repairs; original accepted content retained","PASS","BROWSER-FINAL.json: en/1440px 2026-10-10T18:47:40.447Z","BROWSER-FINAL.json: zh-Hans/390px 2026-10-10T18:47:41.138Z","NOT_DEPLOYED_BY_THIS_TASK","NOT_POST_DEPLOY_VERIFIED"
"/articles/culture-economic-runtime-value-storage-credit.html","articles/culture-economic-runtime-value-storage-credit.html","794821f734c0c4b1a1c500e7625b03e12ab8e1f7fb948d298b921f25e3ca4bce","locale-bootstrap + /assets/js/locale-bootstrap.js; /assets/customer-ui/js/shell.js","/assets/js/locale-bootstrap.js; /assets/customer-ui/js/shell.js; /assets/customer-ui/js/surfaces/article.js","Native source/template","/search/; /knowledge/ask/","PUBLIC","/articles/culture-economic-runtime-value-storage-credit.html","200","See preserved BROWSER.json / SOURCE-CHECKS-BEFORE.json; historical export errors not reproduced at W0","Shared interface/visual/locale owners and route-specific repairs; original accepted content retained","PASS","BROWSER-FINAL.json: en/1440px 2026-10-10T18:47:41.491Z","BROWSER-FINAL.json: zh-Hans/390px 2026-10-10T18:47:42.038Z","NOT_DEPLOYED_BY_THIS_TASK","NOT_POST_DEPLOY_VERIFIED"
"/articles/decision-choice-and-internal-conflict.html","articles/decision-choice-and-internal-conflict.html","d1199bab69cedc19a62e48085e8f59b3b827e908ceb4f333af5df3ed8cde760e","locale-bootstrap + /assets/js/locale-bootstrap.js; /assets/customer-ui/js/shell.js","/assets/js/locale-bootstrap.js; /assets/customer-ui/js/shell.js; /assets/customer-ui/js/surfaces/article.js","Native source/template","/search/; /knowledge/ask/","PUBLIC","/articles/decision-choice-and-internal-conflict.html","200","See preserved BROWSER.json / SOURCE-CHECKS-BEFORE.json; historical export errors not reproduced at W0","Shared interface/visual/locale owners and route-specific repairs; original accepted content retained","PASS","BROWSER-FINAL.json: en/1440px 2026-10-10T18:47:44.658Z","BROWSER-FINAL.json: zh-Hans/390px 2026-10-10T18:47:45.971Z","NOT_DEPLOYED_BY_THIS_TASK","NOT_POST_DEPLOY_VERIFIED"
"/articles/dependency-fixed-connections-and-shared-reality-ecology.html","articles/dependency-fixed-connections-and-shared-reality-ecology.html","c9763602670ed733589c9fad9345cb19a6079e6753dea78b48b07906fc682652","locale-bootstrap + /assets/js/locale-bootstrap.js; /assets/customer-ui/js/shell.js","/assets/js/locale-bootstrap.js; /assets/customer-ui/js/shell.js; /assets/customer-ui/js/surfaces/article.js","Native source/template","/search/; /knowledge/ask/","PUBLIC","/articles/dependency-fixed-connections-and-shared-reality-ecology.html","200","See preserved BROWSER.json / SOURCE-CHECKS-BEFORE.json; historical export errors not reproduced at W0","Shared interface/visual/locale owners and route-specific repairs; original accepted content retained","PASS","BROWSER-FINAL.json: en/1440px 2026-10-10T18:47:45.690Z","BROWSER-FINAL.json: zh-Hans/390px 2026-10-10T18:47:45.669Z","NOT_DEPLOYED_BY_THIS_TASK","NOT_POST_DEPLOY_VERIFIED"
"/articles/direction-position-and-coordinates-form-navigation.html","articles/direction-position-and-coordinates-form-navigation.html","29e0e799bf90aade315ab3e29da44a76d2d0d6f19d29821f060bad26c70fc02c","locale-bootstrap + /assets/js/locale-bootstrap.js; /assets/customer-ui/js/shell.js","/assets/js/locale-bootstrap.js; /assets/customer-ui/js/shell.js; /assets/customer-ui/js/surfaces/article.js","Native source/template","/search/; /knowledge/ask/","PUBLIC","/articles/direction-position-and-coordinates-form-navigation.html","200","See preserved BROWSER.json / SOURCE-CHECKS-BEFORE.json; historical export errors not reproduced at W0","Shared interface/visual/locale owners and route-specific repairs; original accepted content retained","PASS","BROWSER-FINAL.json: en/1440px 2026-10-10T18:47:46.203Z","BROWSER-FINAL.json: zh-Hans/390px 2026-10-10T18:47:46.765Z","NOT_DEPLOYED_BY_THIS_TASK","NOT_POST_DEPLOY_VERIFIED"
"/articles/emotion-adaptation-observation-and-compression.html","articles/emotion-adaptation-observation-and-compression.html","58c4780a8f3fb0e8fb960933be0eee2f2aacbaba190a509efa5013cd7fc8fbc9","locale-bootstrap + /assets/js/locale-bootstrap.js; /assets/customer-ui/js/shell.js","/assets/js/locale-bootstrap.js; /assets/customer-ui/js/shell.js; /assets/customer-ui/js/surfaces/article.js","Native source/template","/search/; /knowledge/ask/","PUBLIC","/articles/emotion-adaptation-observation-and-compression.html","200","See preserved BROWSER.json / SOURCE-CHECKS-BEFORE.json; historical export errors not reproduced at W0","Shared interface/visual/locale owners and route-specific repairs; original accepted content retained","PASS","BROWSER-FINAL.json: en/1440px 2026-10-10T18:47:50.245Z","BROWSER-FINAL.json: zh-Hans/390px 2026-10-10T18:47:50.723Z","NOT_DEPLOYED_BY_THIS_TASK","NOT_POST_DEPLOY_VERIFIED"
"/articles/emotion-prediction-regulation-distortion-and-adaptation.html","articles/emotion-prediction-regulation-distortion-and-adaptation.html","17c5d33a1d7055034a46968d0c7b7542ec920f97f47751349d0e5c25d16e210c","locale-bootstrap + /assets/js/locale-bootstrap.js; /assets/customer-ui/js/shell.js","/assets/js/locale-bootstrap.js; /assets/customer-ui/js/shell.js; /assets/customer-ui/js/surfaces/article.js","Native source/template","/search/; /knowledge/ask/","PUBLIC","/articles/emotion-prediction-regulation-distortion-and-adaptation.html","200","See preserved BROWSER.json / SOURCE-CHECKS-BEFORE.json; historical export errors not reproduced at W0","Shared interface/visual/locale owners and route-specific repairs; original accepted content retained","PASS","BROWSER-FINAL.json: en/1440px 2026-10-10T18:47:51.114Z","BROWSER-FINAL.json: zh-Hans/390px 2026-10-10T18:47:51.476Z","NOT_DEPLOYED_BY_THIS_TASK","NOT_POST_DEPLOY_VERIFIED"
"/articles/experience-selection-stabilization-and-integration.html","articles/experience-selection-stabilization-and-integration.html","39d9821e43bed605d26d50bb57caafb0468625028bde314047e7c92b9918fc17","locale-bootstrap + /assets/js/locale-bootstrap.js; /assets/customer-ui/js/shell.js","/assets/js/locale-bootstrap.js; /assets/customer-ui/js/shell.js; /assets/customer-ui/js/surfaces/article.js","Native source/template","/search/; /knowledge/ask/","PUBLIC","/articles/experience-selection-stabilization-and-integration.html","200","See preserved BROWSER.json / SOURCE-CHECKS-BEFORE.json; historical export errors not reproduced at W0","Shared interface/visual/locale owners and route-specific repairs; original accepted content retained","PASS","BROWSER-FINAL.json: en/1440px 2026-10-10T18:47:51.473Z","BROWSER-FINAL.json: zh-Hans/390px 2026-10-10T18:47:51.477Z","NOT_DEPLOYED_BY_THIS_TASK","NOT_POST_DEPLOY_VERIFIED"
"/articles/expression-media-influence-and-drift.html","articles/expression-media-influence-and-drift.html","a39e81b208b5845e55ee22ba122af71c761f0f3101675a928d90c4c8568846b2","locale-bootstrap + /assets/js/locale-bootstrap.js; /assets/customer-ui/js/shell.js","/assets/js/locale-bootstrap.js; /assets/customer-ui/js/shell.js; /assets/customer-ui/js/surfaces/article.js","Native source/template","/search/; /knowledge/ask/","PUBLIC","/articles/expression-media-influence-and-drift.html","200","See preserved BROWSER.json / SOURCE-CHECKS-BEFORE.json; historical export errors not reproduced at W0","Shared interface/visual/locale owners and route-specific repairs; original accepted content retained","PASS","BROWSER-FINAL.json: en/1440px 2026-10-10T18:47:55.815Z","BROWSER-FINAL.json: zh-Hans/390px 2026-10-10T18:47:56.149Z","NOT_DEPLOYED_BY_THIS_TASK","NOT_POST_DEPLOY_VERIFIED"
"/articles/family-rhythm-emotion-and-reconfiguration.html","articles/family-rhythm-emotion-and-reconfiguration.html","40c36bc2ae128ebfc9b23779b337bedb30914ebd431dc08e177528f34eb6d6b6","locale-bootstrap + /assets/js/locale-bootstrap.js; /assets/customer-ui/js/shell.js","/assets/js/locale-bootstrap.js; /assets/customer-ui/js/shell.js; /assets/customer-ui/js/surfaces/article.js","Native source/template","/search/; /knowledge/ask/","PUBLIC","/articles/family-rhythm-emotion-and-reconfiguration.html","200","See preserved BROWSER.json / SOURCE-CHECKS-BEFORE.json; historical export errors not reproduced at W0","Shared interface/visual/locale owners and route-specific repairs; original accepted content retained","PASS","BROWSER-FINAL.json: en/1440px 2026-10-10T18:47:57.731Z","BROWSER-FINAL.json: zh-Hans/390px 2026-10-10T18:47:56.568Z","NOT_DEPLOYED_BY_THIS_TASK","NOT_POST_DEPLOY_VERIFIED"
"/articles/finance-future-debt-capital-narrative-speculation.html","articles/finance-future-debt-capital-narrative-speculation.html","c91bf9cc8f0cab2ba93b4b16cecf3e508d377cacf28b4b512c5e7f176236155d","locale-bootstrap + /assets/js/locale-bootstrap.js; /assets/customer-ui/js/shell.js","/assets/js/locale-bootstrap.js; /assets/customer-ui/js/shell.js; /assets/customer-ui/js/surfaces/article.js","Native source/template","/search/; /knowledge/ask/","PUBLIC","/articles/finance-future-debt-capital-narrative-speculation.html","200","See preserved BROWSER.json / SOURCE-CHECKS-BEFORE.json; historical export errors not reproduced at W0","Shared interface/visual/locale owners and route-specific repairs; original accepted content retained","PASS","BROWSER-FINAL.json: en/1440px 2026-10-10T18:47:56.582Z","BROWSER-FINAL.json: zh-Hans/390px 2026-10-10T18:47:56.572Z","NOT_DEPLOYED_BY_THIS_TASK","NOT_POST_DEPLOY_VERIFIED"
"/articles/from-fields-to-interfaces-how-structures-expand-into-synthetic-reality.html","articles/from-fields-to-interfaces-how-structures-expand-into-synthetic-reality.html","aa8dd00684d8f53688e7315e1e2dcc19ee17e85a70c1758b5dd6f14528670d4b","locale-bootstrap + /assets/js/locale-bootstrap.js; /assets/customer-ui/js/shell.js","/assets/js/locale-bootstrap.js; /assets/customer-ui/js/shell.js; /assets/customer-ui/js/surfaces/article.js","Native source/template","/search/; /knowledge/ask/","PUBLIC","/articles/from-fields-to-interfaces-how-structures-expand-into-synthetic-reality.html","200","See preserved BROWSER.json / SOURCE-CHECKS-BEFORE.json; historical export errors not reproduced at W0","Shared interface/visual/locale owners and route-specific repairs; original accepted content retained","PASS","BROWSER-FINAL.json: en/1440px 2026-10-10T18:48:03.515Z","BROWSER-FINAL.json: zh-Hans/390px 2026-10-10T18:48:03.908Z","NOT_DEPLOYED_BY_THIS_TASK","NOT_POST_DEPLOY_VERIFIED"
"/articles/from-foundational-questions-to-capabilities-and-runtime-drives.html","articles/from-foundational-questions-to-capabilities-and-runtime-drives.html","92bfb7b06fcad33d3932d7185c3f49a97f41cd0879ecaff64dab2ba8057edc11","locale-bootstrap + /assets/js/locale-bootstrap.js; /assets/customer-ui/js/shell.js","/assets/js/locale-bootstrap.js; /assets/customer-ui/js/shell.js; /assets/customer-ui/js/surfaces/article.js","Native source/template","/search/; /knowledge/ask/","PUBLIC","/articles/from-foundational-questions-to-capabilities-and-runtime-drives.html","200","See preserved BROWSER.json / SOURCE-CHECKS-BEFORE.json; historical export errors not reproduced at W0","Shared interface/visual/locale owners and route-specific repairs; original accepted content retained","PASS","BROWSER-FINAL.json: en/1440px 2026-10-10T18:48:04.575Z","BROWSER-FINAL.json: zh-Hans/390px 2026-10-10T18:48:04.573Z","NOT_DEPLOYED_BY_THIS_TASK","NOT_POST_DEPLOY_VERIFIED"
"/articles/from-human-ai-co-projection-to-time-direction-and-reality-grammar.html","articles/from-human-ai-co-projection-to-time-direction-and-reality-grammar.html","c0e2cc6209bb7360dc29b20e2fd90052505151b019f9174f78f612b55d764c67","locale-bootstrap + /assets/js/locale-bootstrap.js; /assets/customer-ui/js/shell.js","/assets/js/locale-bootstrap.js; /assets/customer-ui/js/shell.js; /assets/customer-ui/js/surfaces/article.js","Native source/template","/search/; /knowledge/ask/","PUBLIC","/articles/from-human-ai-co-projection-to-time-direction-and-reality-grammar.html","200","See preserved BROWSER.json / SOURCE-CHECKS-BEFORE.json; historical export errors not reproduced at W0","Shared interface/visual/locale owners and route-specific repairs; original accepted content retained","PASS","BROWSER-FINAL.json: en/1440px 2026-10-10T18:48:04.582Z","BROWSER-FINAL.json: zh-Hans/390px 2026-10-10T18:48:05.692Z","NOT_DEPLOYED_BY_THIS_TASK","NOT_POST_DEPLOY_VERIFIED"
"/articles/group-polarization-attention-belief-and-narrative.html","articles/group-polarization-attention-belief-and-narrative.html","39df41a4cee6c4c5e9eb4111ba1d696f0faec899d4e7ceff2ff753bf7ff6f93d","locale-bootstrap + /assets/js/locale-bootstrap.js; /assets/customer-ui/js/shell.js","/assets/js/locale-bootstrap.js; /assets/customer-ui/js/shell.js; /assets/customer-ui/js/surfaces/article.js","Native source/template","/search/; /knowledge/ask/","PUBLIC","/articles/group-polarization-attention-belief-and-narrative.html","200","See preserved BROWSER.json / SOURCE-CHECKS-BEFORE.json; historical export errors not reproduced at W0","Shared interface/visual/locale owners and route-specific repairs; original accepted content retained","PASS","BROWSER-FINAL.json: en/1440px 2026-10-10T18:48:11.147Z","BROWSER-FINAL.json: zh-Hans/390px 2026-10-10T18:48:11.590Z","NOT_DEPLOYED_BY_THIS_TASK","NOT_POST_DEPLOY_VERIFIED"
"/articles/groups-communities-shared-identity-and-reinforced-reality.html","articles/groups-communities-shared-identity-and-reinforced-reality.html","d280acf1155eed54aeaa72086462b1aae1a1c63ba4e26df338cb60e358f86d88","locale-bootstrap + /assets/js/locale-bootstrap.js; /assets/customer-ui/js/shell.js","/assets/js/locale-bootstrap.js; /assets/customer-ui/js/shell.js; /assets/customer-ui/js/surfaces/article.js","Native source/template","/search/; /knowledge/ask/","PUBLIC","/articles/groups-communities-shared-identity-and-reinforced-reality.html","200","See preserved BROWSER.json / SOURCE-CHECKS-BEFORE.json; historical export errors not reproduced at W0","Shared interface/visual/locale owners and route-specific repairs; original accepted content retained","PASS","BROWSER-FINAL.json: en/1440px 2026-10-10T18:48:11.600Z","BROWSER-FINAL.json: zh-Hans/390px 2026-10-10T18:48:11.598Z","NOT_DEPLOYED_BY_THIS_TASK","NOT_POST_DEPLOY_VERIFIED"
"/articles/how-a-conscious-runtime-ends-and-where-ai-differs.html","articles/how-a-conscious-runtime-ends-and-where-ai-differs.html","cbaa2deb3f8301bd41b793c4be9b43d00b9e2f646bc948fc60018c533c159705","locale-bootstrap + /assets/js/locale-bootstrap.js; /assets/customer-ui/js/shell.js","/assets/js/locale-bootstrap.js; /assets/customer-ui/js/shell.js; /assets/customer-ui/js/surfaces/article.js","Native source/template","/search/; /knowledge/ask/","PUBLIC","/articles/how-a-conscious-runtime-ends-and-where-ai-differs.html","200","See preserved BROWSER.json / SOURCE-CHECKS-BEFORE.json; historical export errors not reproduced at W0","Shared interface/visual/locale owners and route-specific repairs; original accepted content retained","PASS","BROWSER-FINAL.json: en/1440px 2026-10-10T18:48:13.161Z","BROWSER-FINAL.json: zh-Hans/390px 2026-10-10T18:48:13.157Z","NOT_DEPLOYED_BY_THIS_TASK","NOT_POST_DEPLOY_VERIFIED"
"/articles/how-coordinates-eight-motions-and-activation-windows-organize-change.html","articles/how-coordinates-eight-motions-and-activation-windows-organize-change.html","548cb5e29599940a41b2c8b944bacd339fc9ed0e21444e7292af7d8ad8d3a045","locale-bootstrap + /assets/js/locale-bootstrap.js; /assets/customer-ui/js/shell.js","/assets/js/locale-bootstrap.js; /assets/customer-ui/js/shell.js; /assets/customer-ui/js/surfaces/article.js","Native source/template","/search/; /knowledge/ask/","PUBLIC","/articles/how-coordinates-eight-motions-and-activation-windows-organize-change.html","200","See preserved BROWSER.json / SOURCE-CHECKS-BEFORE.json; historical export errors not reproduced at W0","Shared interface/visual/locale owners and route-specific repairs; original accepted content retained","PASS","BROWSER-FINAL.json: en/1440px 2026-10-10T18:48:19.783Z","BROWSER-FINAL.json: zh-Hans/390px 2026-10-10T18:48:19.858Z","NOT_DEPLOYED_BY_THIS_TASK","NOT_POST_DEPLOY_VERIFIED"
"/articles/how-experienced-worlds-are-projected-compressed-and-given-meaning.html","articles/how-experienced-worlds-are-projected-compressed-and-given-meaning.html","95b253ce200222089c86739a9f5a43f9156d721157e2fc6f39db8b0dc34fa5f9","locale-bootstrap + /assets/js/locale-bootstrap.js; /assets/customer-ui/js/shell.js","/assets/js/locale-bootstrap.js; /assets/customer-ui/js/shell.js; /assets/customer-ui/js/surfaces/article.js","Native source/template","/search/; /knowledge/ask/","PUBLIC","/articles/how-experienced-worlds-are-projected-compressed-and-given-meaning.html","200","See preserved BROWSER.json / SOURCE-CHECKS-BEFORE.json; historical export errors not reproduced at W0","Shared interface/visual/locale owners and route-specific repairs; original accepted content retained","PASS","BROWSER-FINAL.json: en/1440px 2026-10-10T18:48:19.904Z","BROWSER-FINAL.json: zh-Hans/390px 2026-10-10T18:48:19.856Z","NOT_DEPLOYED_BY_THIS_TASK","NOT_POST_DEPLOY_VERIFIED"
"/articles/how-reality-enters-life-through-carriers-senses-and-cognitive-entry.html","articles/how-reality-enters-life-through-carriers-senses-and-cognitive-entry.html","bb9e075c0dadfa2a62a81c6e3845335a848e2aab4dbaecb4c52dab20c26ab8fc","locale-bootstrap + /assets/js/locale-bootstrap.js; /assets/customer-ui/js/shell.js","/assets/js/locale-bootstrap.js; /assets/customer-ui/js/shell.js; /assets/customer-ui/js/surfaces/article.js","Native source/template","/search/; /knowledge/ask/","PUBLIC","/articles/how-reality-enters-life-through-carriers-senses-and-cognitive-entry.html","200","See preserved BROWSER.json / SOURCE-CHECKS-BEFORE.json; historical export errors not reproduced at W0","Shared interface/visual/locale owners and route-specific repairs; original accepted content retained","PASS","BROWSER-FINAL.json: en/1440px 2026-10-10T18:48:21.824Z","BROWSER-FINAL.json: zh-Hans/390px 2026-10-10T18:48:22.086Z","NOT_DEPLOYED_BY_THIS_TASK","NOT_POST_DEPLOY_VERIFIED"
"/articles/how-reality-moves-from-difference-to-navigable-structure.html","articles/how-reality-moves-from-difference-to-navigable-structure.html","f3f3dee1dd09ca69cf0386194e802f7588e0442b2eb07b57827725323c308f16","locale-bootstrap + /assets/js/locale-bootstrap.js; /assets/customer-ui/js/shell.js","/assets/js/locale-bootstrap.js; /assets/customer-ui/js/shell.js; /assets/customer-ui/js/surfaces/article.js","Native source/template","/search/; /knowledge/ask/","PUBLIC","/articles/how-reality-moves-from-difference-to-navigable-structure.html","200","See preserved BROWSER.json / SOURCE-CHECKS-BEFORE.json; historical export errors not reproduced at W0","Shared interface/visual/locale owners and route-specific repairs; original accepted content retained","PASS","BROWSER-FINAL.json: en/1440px 2026-10-10T18:48:29.248Z","BROWSER-FINAL.json: zh-Hans/390px 2026-10-10T18:48:29.249Z","NOT_DEPLOYED_BY_THIS_TASK","NOT_POST_DEPLOY_VERIFIED"
"/articles/how-shared-reality-forms-through-synchronization-and-connection.html","articles/how-shared-reality-forms-through-synchronization-and-connection.html","72348ca6aa9d0b3d50862c827a4314c8231628a60fdbbf7492c03b7fbf5815da","locale-bootstrap + /assets/js/locale-bootstrap.js; /assets/customer-ui/js/shell.js","/assets/js/locale-bootstrap.js; /assets/customer-ui/js/shell.js; /assets/customer-ui/js/surfaces/article.js","Native source/template","/search/; /knowledge/ask/","PUBLIC","/articles/how-shared-reality-forms-through-synchronization-and-connection.html","200","See preserved BROWSER.json / SOURCE-CHECKS-BEFORE.json; historical export errors not reproduced at W0","Shared interface/visual/locale owners and route-specific repairs; original accepted content retained","PASS","BROWSER-FINAL.json: en/1440px 2026-10-10T18:48:29.241Z","BROWSER-FINAL.json: zh-Hans/390px 2026-10-10T18:48:29.258Z","NOT_DEPLOYED_BY_THIS_TASK","NOT_POST_DEPLOY_VERIFIED"
"/articles/how-structure-position-and-shared-projection-create-different-realities.html","articles/how-structure-position-and-shared-projection-create-different-realities.html","b64ccc7c0260c68382888a0b0ef75c6d05d21841a39da7a913a8af64ca3088ef","locale-bootstrap + /assets/js/locale-bootstrap.js; /assets/customer-ui/js/shell.js","/assets/js/locale-bootstrap.js; /assets/customer-ui/js/shell.js; /assets/customer-ui/js/surfaces/article.js","Native source/template","/search/; /knowledge/ask/","PUBLIC","/articles/how-structure-position-and-shared-projection-create-different-realities.html","200","See preserved BROWSER.json / SOURCE-CHECKS-BEFORE.json; historical export errors not reproduced at W0","Shared interface/visual/locale owners and route-specific repairs; original accepted content retained","PASS","BROWSER-FINAL.json: en/1440px 2026-10-10T18:48:30.862Z","BROWSER-FINAL.json: zh-Hans/390px 2026-10-10T18:48:30.864Z","NOT_DEPLOYED_BY_THIS_TASK","NOT_POST_DEPLOY_VERIFIED"
"/articles/how-the-body-converts-the-world-into-runtime-state-and-recovers-continuity.html","articles/how-the-body-converts-the-world-into-runtime-state-and-recovers-continuity.html","56e76399b504441ec43b390ae30ca996ddb9df2273e0caa3a55e2c9022a0beeb","locale-bootstrap + /assets/js/locale-bootstrap.js; /assets/customer-ui/js/shell.js","/assets/js/locale-bootstrap.js; /assets/customer-ui/js/shell.js; /assets/customer-ui/js/surfaces/article.js","Native source/template","/search/; /knowledge/ask/","PUBLIC","/articles/how-the-body-converts-the-world-into-runtime-state-and-recovers-continuity.html","200","See preserved BROWSER.json / SOURCE-CHECKS-BEFORE.json; historical export errors not reproduced at W0","Shared interface/visual/locale owners and route-specific repairs; original accepted content retained","PASS","BROWSER-FINAL.json: en/1440px 2026-10-10T18:48:36.163Z","BROWSER-FINAL.json: zh-Hans/390px 2026-10-10T18:48:36.161Z","NOT_DEPLOYED_BY_THIS_TASK","NOT_POST_DEPLOY_VERIFIED"
"/articles/human-ai-collective-culture-value-coordination-saturation.html","articles/human-ai-collective-culture-value-coordination-saturation.html","3177cbb9ec46aef670ab6d5d24f9955df5738e4fe723268afc482f44cac1774e","locale-bootstrap + /assets/js/locale-bootstrap.js; /assets/customer-ui/js/shell.js","/assets/js/locale-bootstrap.js; /assets/customer-ui/js/shell.js; /assets/customer-ui/js/surfaces/article.js","Native source/template","/search/; /knowledge/ask/","PUBLIC","/articles/human-ai-collective-culture-value-coordination-saturation.html","200","See preserved BROWSER.json / SOURCE-CHECKS-BEFORE.json; historical export errors not reproduced at W0","Shared interface/visual/locale owners and route-specific repairs; original accepted content retained","PASS","BROWSER-FINAL.json: en/1440px 2026-10-10T18:48:36.168Z","BROWSER-FINAL.json: zh-Hans/390px 2026-10-10T18:48:36.159Z","NOT_DEPLOYED_BY_THIS_TASK","NOT_POST_DEPLOY_VERIFIED"
"/articles/identity-feedback-correction-and-experience-update.html","articles/identity-feedback-correction-and-experience-update.html","9d4da3af02de96bd8fe9dc7ed80a8d589bbe2173dac98723cb1d6f6374a3a52a","locale-bootstrap + /assets/js/locale-bootstrap.js; /assets/customer-ui/js/shell.js","/assets/js/locale-bootstrap.js; /assets/customer-ui/js/shell.js; /assets/customer-ui/js/surfaces/article.js","Native source/template","/search/; /knowledge/ask/","PUBLIC","/articles/identity-feedback-correction-and-experience-update.html","200","See preserved BROWSER.json / SOURCE-CHECKS-BEFORE.json; historical export errors not reproduced at W0","Shared interface/visual/locale owners and route-specific repairs; original accepted content retained","PASS","BROWSER-FINAL.json: en/1440px 2026-10-10T18:48:37.391Z","BROWSER-FINAL.json: zh-Hans/390px 2026-10-10T18:48:37.388Z","NOT_DEPLOYED_BY_THIS_TASK","NOT_POST_DEPLOY_VERIFIED"
"/articles/","articles/index.html","7a033f2250e12b0bf63840430a0de35736ca7b70e26902425b87a0a782dee6da","locale-bootstrap + /assets/js/locale-bootstrap.js; /assets/customer-ui/js/shell.js","/assets/js/locale-bootstrap.js; /assets/customer-ui/js/shell.js; /assets/customer-ui/js/surfaces/knowledge.js; /assets/customer-ui/js/public-index-copy.js; /assets/js/global-visual-r2.js","/assets/js/global-visual-r2.js","/search/; /knowledge/ask/","PUBLIC","/articles/","200","See preserved BROWSER.json / SOURCE-CHECKS-BEFORE.json; historical export errors not reproduced at W0","Shared interface/visual/locale owners and route-specific repairs; original accepted content retained","PASS","BROWSER-CLOSURE.json: en/1440px 2026-10-10T19:09:42.906Z","BROWSER-CLOSURE.json: zh-Hans/390px 2026-10-10T19:10:03.449Z","NOT_DEPLOYED_BY_THIS_TASK","NOT_POST_DEPLOY_VERIFIED"
"/articles/infinite-reality-compresses-into-finite-problems.html","articles/infinite-reality-compresses-into-finite-problems.html","3440685a0c39d2b4fdf41bdf3bd432bcc82ba048ab946d7d710543b1220364dc","locale-bootstrap + /assets/js/locale-bootstrap.js; /assets/customer-ui/js/shell.js","/assets/js/locale-bootstrap.js; /assets/customer-ui/js/shell.js; /assets/customer-ui/js/surfaces/article.js","Native source/template","/search/; /knowledge/ask/","PUBLIC","/articles/infinite-reality-compresses-into-finite-problems.html","200","See preserved BROWSER.json / SOURCE-CHECKS-BEFORE.json; historical export errors not reproduced at W0","Shared interface/visual/locale owners and route-specific repairs; original accepted content retained","PASS","BROWSER-FINAL.json: en/1440px 2026-10-10T18:48:42.103Z","BROWSER-FINAL.json: zh-Hans/390px 2026-10-10T18:48:43.040Z","NOT_DEPLOYED_BY_THIS_TASK","NOT_POST_DEPLOY_VERIFIED"
"/articles/initial-state-triggers-embeds-coordinates-and-stabilizes.html","articles/initial-state-triggers-embeds-coordinates-and-stabilizes.html","f2e647a24b0ee38b33e2e67131d10f3cf3389c9bdaa2b0221798a6f0cf33f1d9","locale-bootstrap + /assets/js/locale-bootstrap.js; /assets/customer-ui/js/shell.js","/assets/js/locale-bootstrap.js; /assets/customer-ui/js/shell.js; /assets/customer-ui/js/surfaces/article.js","Native source/template","/search/; /knowledge/ask/","PUBLIC","/articles/initial-state-triggers-embeds-coordinates-and-stabilizes.html","200","See preserved BROWSER.json / SOURCE-CHECKS-BEFORE.json; historical export errors not reproduced at W0","Shared interface/visual/locale owners and route-specific repairs; original accepted content retained","PASS","BROWSER-FINAL.json: en/1440px 2026-10-10T18:48:43.287Z","BROWSER-FINAL.json: zh-Hans/390px 2026-10-10T18:48:44.816Z","NOT_DEPLOYED_BY_THIS_TASK","NOT_POST_DEPLOY_VERIFIED"
"/articles/inner-world-thought-and-expression.html","articles/inner-world-thought-and-expression.html","6f49a66497ab067cff23f3fcd490a2515e44c683794f53a0b9c9b12b397d16b2","locale-bootstrap + /assets/js/locale-bootstrap.js; /assets/customer-ui/js/shell.js","/assets/js/locale-bootstrap.js; /assets/customer-ui/js/shell.js; /assets/customer-ui/js/surfaces/article.js","Native source/template","/search/; /knowledge/ask/","PUBLIC","/articles/inner-world-thought-and-expression.html","200","See preserved BROWSER.json / SOURCE-CHECKS-BEFORE.json; historical export errors not reproduced at W0","Shared interface/visual/locale owners and route-specific repairs; original accepted content retained","PASS","BROWSER-FINAL.json: en/1440px 2026-10-10T18:48:48.754Z","BROWSER-FINAL.json: zh-Hans/390px 2026-10-10T18:48:50.831Z","NOT_DEPLOYED_BY_THIS_TASK","NOT_POST_DEPLOY_VERIFIED"
"/articles/institution-information-media-platform-runtime.html","articles/institution-information-media-platform-runtime.html","7a4766a4e526f74450389cbd89a76bc244497410dda5bde7ddb0221d477b70da","locale-bootstrap + /assets/js/locale-bootstrap.js; /assets/customer-ui/js/shell.js","/assets/js/locale-bootstrap.js; /assets/customer-ui/js/shell.js; /assets/customer-ui/js/surfaces/article.js","Native source/template","/search/; /knowledge/ask/","PUBLIC","/articles/institution-information-media-platform-runtime.html","200","See preserved BROWSER.json / SOURCE-CHECKS-BEFORE.json; historical export errors not reproduced at W0","Shared interface/visual/locale owners and route-specific repairs; original accepted content retained","PASS","BROWSER-FINAL.json: en/1440px 2026-10-10T18:48:50.833Z","BROWSER-FINAL.json: zh-Hans/390px 2026-10-10T18:48:51.948Z","NOT_DEPLOYED_BY_THIS_TASK","NOT_POST_DEPLOY_VERIFIED"
"/articles/intention-identity-self-model-and-awareness.html","articles/intention-identity-self-model-and-awareness.html","6593b055f4b61695e76f6e51da1d258eaef5337397c0c430fc518d2754c45dfb","locale-bootstrap + /assets/js/locale-bootstrap.js; /assets/customer-ui/js/shell.js","/assets/js/locale-bootstrap.js; /assets/customer-ui/js/shell.js; /assets/customer-ui/js/surfaces/article.js","Native source/template","/search/; /knowledge/ask/","PUBLIC","/articles/intention-identity-self-model-and-awareness.html","200","See preserved BROWSER.json / SOURCE-CHECKS-BEFORE.json; historical export errors not reproduced at W0","Shared interface/visual/locale owners and route-specific repairs; original accepted content retained","PASS","BROWSER-FINAL.json: en/1440px 2026-10-10T18:48:51.928Z","BROWSER-FINAL.json: zh-Hans/390px 2026-10-10T18:48:51.926Z","NOT_DEPLOYED_BY_THIS_TASK","NOT_POST_DEPLOY_VERIFIED"
"/articles/long-term-relationships-parenting-and-intergenerational-runtime.html","articles/long-term-relationships-parenting-and-intergenerational-runtime.html","1ed44f9ca8928e35a393149ad779f7083a26093f3c568949e985fa959633659a","locale-bootstrap + /assets/js/locale-bootstrap.js; /assets/customer-ui/js/shell.js","/assets/js/locale-bootstrap.js; /assets/customer-ui/js/shell.js; /assets/customer-ui/js/surfaces/article.js","Native source/template","/search/; /knowledge/ask/","PUBLIC","/articles/long-term-relationships-parenting-and-intergenerational-runtime.html","200","See preserved BROWSER.json / SOURCE-CHECKS-BEFORE.json; historical export errors not reproduced at W0","Shared interface/visual/locale owners and route-specific repairs; original accepted content retained","PASS","BROWSER-FINAL.json: en/1440px 2026-10-10T18:48:53.512Z","BROWSER-FINAL.json: zh-Hans/390px 2026-10-10T18:48:57.584Z","NOT_DEPLOYED_BY_THIS_TASK","NOT_POST_DEPLOY_VERIFIED"
"/articles/projection-bias-distortion-stability-and-renewal.html","articles/projection-bias-distortion-stability-and-renewal.html","6b873289a82f681cd9271b6a1258c60ea4ab5dc54a8a41c07eb75695f87a51e2","locale-bootstrap + /assets/js/locale-bootstrap.js; /assets/customer-ui/js/shell.js","/assets/js/locale-bootstrap.js; /assets/customer-ui/js/shell.js; /assets/customer-ui/js/surfaces/article.js","Native source/template","/search/; /knowledge/ask/","PUBLIC","/articles/projection-bias-distortion-stability-and-renewal.html","200","See preserved BROWSER.json / SOURCE-CHECKS-BEFORE.json; historical export errors not reproduced at W0","Shared interface/visual/locale owners and route-specific repairs; original accepted content retained","PASS","BROWSER-FINAL.json: en/1440px 2026-10-10T18:48:57.588Z","BROWSER-FINAL.json: zh-Hans/390px 2026-10-10T18:48:58.943Z","NOT_DEPLOYED_BY_THIS_TASK","NOT_POST_DEPLOY_VERIFIED"
"/articles/projection-makes-reality-experiencable-as-world.html","articles/projection-makes-reality-experiencable-as-world.html","8aec654ff3f6318142c5ae79e7e086c43530aab17f07655eb556f5625c51d356","locale-bootstrap + /assets/js/locale-bootstrap.js; /assets/customer-ui/js/shell.js","/assets/js/locale-bootstrap.js; /assets/customer-ui/js/shell.js; /assets/customer-ui/js/surfaces/article.js","Native source/template","/search/; /knowledge/ask/","PUBLIC","/articles/projection-makes-reality-experiencable-as-world.html","200","See preserved BROWSER.json / SOURCE-CHECKS-BEFORE.json; historical export errors not reproduced at W0","Shared interface/visual/locale owners and route-specific repairs; original accepted content retained","PASS","BROWSER-FINAL.json: en/1440px 2026-10-10T18:48:58.325Z","BROWSER-FINAL.json: zh-Hans/390px 2026-10-10T18:48:58.327Z","NOT_DEPLOYED_BY_THIS_TASK","NOT_POST_DEPLOY_VERIFIED"
"/articles/relational-influence-suggestion-symbols-capture-and-recovery.html","articles/relational-influence-suggestion-symbols-capture-and-recovery.html","a392cb980e8415ee171903af8695d2c47cb75b72bfbdfe7cffec15ccff5bc841","locale-bootstrap + /assets/js/locale-bootstrap.js; /assets/customer-ui/js/shell.js","/assets/js/locale-bootstrap.js; /assets/customer-ui/js/shell.js; /assets/customer-ui/js/surfaces/article.js","Native source/template","/search/; /knowledge/ask/","PUBLIC","/articles/relational-influence-suggestion-symbols-capture-and-recovery.html","200","See preserved BROWSER.json / SOURCE-CHECKS-BEFORE.json; historical export errors not reproduced at W0","Shared interface/visual/locale owners and route-specific repairs; original accepted content retained","PASS","BROWSER-FINAL.json: en/1440px 2026-10-10T18:48:59.415Z","BROWSER-FINAL.json: zh-Hans/390px 2026-10-10T18:49:03.039Z","NOT_DEPLOYED_BY_THIS_TASK","NOT_POST_DEPLOY_VERIFIED"
"/articles/resonance-interference-and-shared-runtime-centers.html","articles/resonance-interference-and-shared-runtime-centers.html","72afbf6089144ee950dd6e405865afa9394845f38e9416e4af8fbfbcefbed02d","locale-bootstrap + /assets/js/locale-bootstrap.js; /assets/customer-ui/js/shell.js","/assets/js/locale-bootstrap.js; /assets/customer-ui/js/shell.js; /assets/customer-ui/js/surfaces/article.js","Native source/template","/search/; /knowledge/ask/","PUBLIC","/articles/resonance-interference-and-shared-runtime-centers.html","200","See preserved BROWSER.json / SOURCE-CHECKS-BEFORE.json; historical export errors not reproduced at W0","Shared interface/visual/locale owners and route-specific repairs; original accepted content retained","PASS","BROWSER-FINAL.json: en/1440px 2026-10-10T18:49:04.627Z","BROWSER-FINAL.json: zh-Hans/390px 2026-10-10T18:49:04.632Z","NOT_DEPLOYED_BY_THIS_TASK","NOT_POST_DEPLOY_VERIFIED"
"/articles/responsibility-commitment-agency-and-identity.html","articles/responsibility-commitment-agency-and-identity.html","c616c73dff69013ad63af0e9c34d1f50e5213387b08a3975dce52b2d155ba788","locale-bootstrap + /assets/js/locale-bootstrap.js; /assets/customer-ui/js/shell.js","/assets/js/locale-bootstrap.js; /assets/customer-ui/js/shell.js; /assets/customer-ui/js/surfaces/article.js","Native source/template","/search/; /knowledge/ask/","PUBLIC","/articles/responsibility-commitment-agency-and-identity.html","200","See preserved BROWSER.json / SOURCE-CHECKS-BEFORE.json; historical export errors not reproduced at W0","Shared interface/visual/locale owners and route-specific repairs; original accepted content retained","PASS","BROWSER-FINAL.json: en/1440px 2026-10-10T18:49:04.631Z","BROWSER-FINAL.json: zh-Hans/390px 2026-10-10T18:49:05.798Z","NOT_DEPLOYED_BY_THIS_TASK","NOT_POST_DEPLOY_VERIFIED"
"/articles/runtime-cost-recovery-and-internal-connection-sustain-body.html","articles/runtime-cost-recovery-and-internal-connection-sustain-body.html","0ac496c21009b3ba95fa8abe60d2474c9e701346e78ac3da9a063101135930b8","locale-bootstrap + /assets/js/locale-bootstrap.js; /assets/customer-ui/js/shell.js","/assets/js/locale-bootstrap.js; /assets/customer-ui/js/shell.js; /assets/customer-ui/js/surfaces/article.js","Native source/template","/search/; /knowledge/ask/","PUBLIC","/articles/runtime-cost-recovery-and-internal-connection-sustain-body.html","200","See preserved BROWSER.json / SOURCE-CHECKS-BEFORE.json; historical export errors not reproduced at W0","Shared interface/visual/locale owners and route-specific repairs; original accepted content retained","PASS","BROWSER-FINAL.json: en/1440px 2026-10-10T18:49:06.464Z","BROWSER-FINAL.json: zh-Hans/390px 2026-10-10T18:49:09.533Z","NOT_DEPLOYED_BY_THIS_TASK","NOT_POST_DEPLOY_VERIFIED"
"/articles/runtime-networks-form-state-feedback-reorganization-and-continuity.html","articles/runtime-networks-form-state-feedback-reorganization-and-continuity.html","f8fcb0cfdf4e41cb07fd7717ee484959904918f913870aba7eb44049fa91f921","locale-bootstrap + /assets/js/locale-bootstrap.js; /assets/customer-ui/js/shell.js","/assets/js/locale-bootstrap.js; /assets/customer-ui/js/shell.js; /assets/customer-ui/js/surfaces/article.js","Native source/template","/search/; /knowledge/ask/","PUBLIC","/articles/runtime-networks-form-state-feedback-reorganization-and-continuity.html","200","See preserved BROWSER.json / SOURCE-CHECKS-BEFORE.json; historical export errors not reproduced at W0","Shared interface/visual/locale owners and route-specific repairs; original accepted content retained","PASS","BROWSER-FINAL.json: en/1440px 2026-10-10T18:49:10.969Z","BROWSER-FINAL.json: zh-Hans/390px 2026-10-10T18:49:10.966Z","NOT_DEPLOYED_BY_THIS_TASK","NOT_POST_DEPLOY_VERIFIED"
"/articles/self-fragmentation-observation-and-reintegration.html","articles/self-fragmentation-observation-and-reintegration.html","d523d99b4159d8f524cc956cb739879073e41ab7bc89b636c54c17c204253eed","locale-bootstrap + /assets/js/locale-bootstrap.js; /assets/customer-ui/js/shell.js","/assets/js/locale-bootstrap.js; /assets/customer-ui/js/shell.js; /assets/customer-ui/js/surfaces/article.js","Native source/template","/search/; /knowledge/ask/","PUBLIC","/articles/self-fragmentation-observation-and-reintegration.html","200","See preserved BROWSER.json / SOURCE-CHECKS-BEFORE.json; historical export errors not reproduced at W0","Shared interface/visual/locale owners and route-specific repairs; original accepted content retained","PASS","BROWSER-FINAL.json: en/1440px 2026-10-10T18:49:11.577Z","BROWSER-FINAL.json: zh-Hans/390px 2026-10-10T18:49:12.536Z","NOT_DEPLOYED_BY_THIS_TASK","NOT_POST_DEPLOY_VERIFIED"
"/articles/shared-reality-exit-memory-collective-field-and-belief.html","articles/shared-reality-exit-memory-collective-field-and-belief.html","354bbee8681346d45fd1536ff03482bc4362eeff9b1640e53e536ca58aa1df43","locale-bootstrap + /assets/js/locale-bootstrap.js; /assets/customer-ui/js/shell.js","/assets/js/locale-bootstrap.js; /assets/customer-ui/js/shell.js; /assets/customer-ui/js/surfaces/article.js","Native source/template","/search/; /knowledge/ask/","PUBLIC","/articles/shared-reality-exit-memory-collective-field-and-belief.html","200","See preserved BROWSER.json / SOURCE-CHECKS-BEFORE.json; historical export errors not reproduced at W0","Shared interface/visual/locale owners and route-specific repairs; original accepted content retained","PASS","BROWSER-FINAL.json: en/1440px 2026-10-10T18:49:12.571Z","BROWSER-FINAL.json: zh-Hans/390px 2026-10-10T18:49:17.089Z","NOT_DEPLOYED_BY_THIS_TASK","NOT_POST_DEPLOY_VERIFIED"
"/articles/shared-reality-narrative-emotion-identity-value.html","articles/shared-reality-narrative-emotion-identity-value.html","c87872feefa0e0ad30640ef423b4c8dafae59c754f22289189f22b2f92b70106","locale-bootstrap + /assets/js/locale-bootstrap.js; /assets/customer-ui/js/shell.js","/assets/js/locale-bootstrap.js; /assets/customer-ui/js/shell.js; /assets/customer-ui/js/surfaces/article.js","Native source/template","/search/; /knowledge/ask/","PUBLIC","/articles/shared-reality-narrative-emotion-identity-value.html","200","See preserved BROWSER.json / SOURCE-CHECKS-BEFORE.json; historical export errors not reproduced at W0","Shared interface/visual/locale owners and route-specific repairs; original accepted content retained","PASS","BROWSER-FINAL.json: en/1440px 2026-10-10T18:49:18.891Z","BROWSER-FINAL.json: zh-Hans/390px 2026-10-10T18:49:19.140Z","NOT_DEPLOYED_BY_THIS_TASK","NOT_POST_DEPLOY_VERIFIED"
"/articles/shared-responsibility-cost-and-next-generation.html","articles/shared-responsibility-cost-and-next-generation.html","64005921d94164dbc7296a00d1393793e3fce3232b2dddc63bca761733ce666c","locale-bootstrap + /assets/js/locale-bootstrap.js; /assets/customer-ui/js/shell.js","/assets/js/locale-bootstrap.js; /assets/customer-ui/js/shell.js; /assets/customer-ui/js/surfaces/article.js","Native source/template","/search/; /knowledge/ask/","PUBLIC","/articles/shared-responsibility-cost-and-next-generation.html","200","See preserved BROWSER.json / SOURCE-CHECKS-BEFORE.json; historical export errors not reproduced at W0","Shared interface/visual/locale owners and route-specific repairs; original accepted content retained","PASS","BROWSER-FINAL.json: en/1440px 2026-10-10T18:49:19.772Z","BROWSER-FINAL.json: zh-Hans/390px 2026-10-10T18:49:20.630Z","NOT_DEPLOYED_BY_THIS_TASK","NOT_POST_DEPLOY_VERIFIED"
"/articles/shared-system-cost-conflict-and-boundaries.html","articles/shared-system-cost-conflict-and-boundaries.html","e7865fd131abe7c29bb40f32a20a5183921fcc30b673a3da40884ae4cc4ab3b6","locale-bootstrap + /assets/js/locale-bootstrap.js; /assets/customer-ui/js/shell.js","/assets/js/locale-bootstrap.js; /assets/customer-ui/js/shell.js; /assets/customer-ui/js/surfaces/article.js","Native source/template","/search/; /knowledge/ask/","PUBLIC","/articles/shared-system-cost-conflict-and-boundaries.html","200","See preserved BROWSER.json / SOURCE-CHECKS-BEFORE.json; historical export errors not reproduced at W0","Shared interface/visual/locale owners and route-specific repairs; original accepted content retained","PASS","BROWSER-FINAL.json: en/1440px 2026-10-10T18:49:20.715Z","BROWSER-FINAL.json: zh-Hans/390px 2026-10-10T18:49:22.958Z","NOT_DEPLOYED_BY_THIS_TASK","NOT_POST_DEPLOY_VERIFIED"
"/articles/structure-forms-from-sustainable-relations.html","articles/structure-forms-from-sustainable-relations.html","084ca2a7e0b25750c89fae74c4bffab87729aeeeb5ea502460395baf7f5076d5","locale-bootstrap + /assets/js/locale-bootstrap.js; /assets/customer-ui/js/shell.js","/assets/js/locale-bootstrap.js; /assets/customer-ui/js/shell.js; /assets/customer-ui/js/surfaces/article.js","Native source/template","/search/; /knowledge/ask/","PUBLIC","/articles/structure-forms-from-sustainable-relations.html","200","See preserved BROWSER.json / SOURCE-CHECKS-BEFORE.json; historical export errors not reproduced at W0","Shared interface/visual/locale owners and route-specific repairs; original accepted content retained","PASS","BROWSER-FINAL.json: en/1440px 2026-10-10T18:49:25.556Z","BROWSER-FINAL.json: zh-Hans/390px 2026-10-10T18:49:26.541Z","NOT_DEPLOYED_BY_THIS_TASK","NOT_POST_DEPLOY_VERIFIED"
"/articles/why-explanation-does-not-equal-understanding.html","articles/why-explanation-does-not-equal-understanding.html","aff9f69c36662753e37932407c4db8a8d2939449c0780a871bd26a27cc411158","locale-bootstrap + /assets/js/locale-bootstrap.js; /assets/js/public-shell.js; /assets/js/pages/article.js","/assets/js/locale-bootstrap.js; /assets/js/public-shell.js; /assets/js/pages/article.js","Native source/template","","PUBLIC","/articles/why-explanation-does-not-equal-understanding.html","200","See preserved BROWSER.json / SOURCE-CHECKS-BEFORE.json; historical export errors not reproduced at W0","Shared interface/visual/locale owners and route-specific repairs; original accepted content retained","PASS","BROWSER-FINAL.json: en/1440px 2026-10-10T18:49:35.569Z","BROWSER-FINAL.json: zh-Hans/390px 2026-10-10T18:49:36.668Z","NOT_DEPLOYED_BY_THIS_TASK","NOT_POST_DEPLOY_VERIFIED"
"/articles/why-more-capability-does-not-guarantee-direction-or-stability.html","articles/why-more-capability-does-not-guarantee-direction-or-stability.html","2668bb28be0a8a5c19b93b6e38e210390d8cc4a8277b0cf92b8f1746b2d8c32a","locale-bootstrap + /assets/js/locale-bootstrap.js; /assets/customer-ui/js/shell.js","/assets/js/locale-bootstrap.js; /assets/customer-ui/js/shell.js; /assets/customer-ui/js/surfaces/article.js","Native source/template","/search/; /knowledge/ask/","PUBLIC","/articles/why-more-capability-does-not-guarantee-direction-or-stability.html","200","See preserved BROWSER.json / SOURCE-CHECKS-BEFORE.json; historical export errors not reproduced at W0","Shared interface/visual/locale owners and route-specific repairs; original accepted content retained","PASS","BROWSER-FINAL.json: en/1440px 2026-10-10T18:49:30.242Z","BROWSER-FINAL.json: zh-Hans/390px 2026-10-10T18:49:34.772Z","NOT_DEPLOYED_BY_THIS_TASK","NOT_POST_DEPLOY_VERIFIED"
"/articles/why-navigation-begins-with-reality-position.html","articles/why-navigation-begins-with-reality-position.html","af88dfdc348970efa92290475a7b666a5d3330b2f3461e59257869c4e0f715db","locale-bootstrap + /assets/js/locale-bootstrap.js; /assets/js/public-shell.js; /assets/js/pages/article.js","/assets/js/locale-bootstrap.js; /assets/js/public-shell.js; /assets/js/pages/article.js","Native source/template","","PUBLIC","/articles/why-navigation-begins-with-reality-position.html","200","See preserved BROWSER.json / SOURCE-CHECKS-BEFORE.json; historical export errors not reproduced at W0","Shared interface/visual/locale owners and route-specific repairs; original accepted content retained","PASS","BROWSER-FINAL.json: en/1440px 2026-10-10T18:49:41.054Z","BROWSER-FINAL.json: zh-Hans/390px 2026-10-10T18:49:43.677Z","NOT_DEPLOYED_BY_THIS_TASK","NOT_POST_DEPLOY_VERIFIED"
"/articles/why-phi-os-is-needed.html","articles/why-phi-os-is-needed.html","498c8ba2b17aa31652f13a935c594e1c07e3ec72844820014588953bb224cb05","locale-bootstrap + /assets/js/locale-bootstrap.js; /assets/js/public-shell.js; /assets/js/pages/article.js","/assets/js/locale-bootstrap.js; /assets/js/public-shell.js; /assets/js/pages/article.js","Native source/template","","PUBLIC","/articles/why-phi-os-is-needed.html","200","See preserved BROWSER.json / SOURCE-CHECKS-BEFORE.json; historical export errors not reproduced at W0","Shared interface/visual/locale owners and route-specific repairs; original accepted content retained","PASS","BROWSER-FINAL.json: en/1440px 2026-10-10T18:49:49.488Z","BROWSER-FINAL.json: zh-Hans/390px 2026-10-10T18:49:50.942Z","NOT_DEPLOYED_BY_THIS_TASK","NOT_POST_DEPLOY_VERIFIED"
"/articles/why-reality-is-harder-to-understand-speed-cost-and-reality-grammar.html","articles/why-reality-is-harder-to-understand-speed-cost-and-reality-grammar.html","6ad8abd852778a0bd44c9687c691a1cfc7831ca4a60282c33a58f188ed50a98b","locale-bootstrap + /assets/js/locale-bootstrap.js; /assets/customer-ui/js/shell.js","/assets/js/locale-bootstrap.js; /assets/customer-ui/js/shell.js; /assets/customer-ui/js/surfaces/article.js","Native source/template","/search/; /knowledge/ask/","PUBLIC","/articles/why-reality-is-harder-to-understand-speed-cost-and-reality-grammar.html","200","See preserved BROWSER.json / SOURCE-CHECKS-BEFORE.json; historical export errors not reproduced at W0","Shared interface/visual/locale owners and route-specific repairs; original accepted content retained","PASS","BROWSER-FINAL.json: en/1440px 2026-10-10T18:49:47.756Z","BROWSER-FINAL.json: zh-Hans/390px 2026-10-10T18:49:48.441Z","NOT_DEPLOYED_BY_THIS_TASK","NOT_POST_DEPLOY_VERIFIED"
"/book-one-preview.html","book-one-preview.html","3e31569bf5830af4c96957a47ac245af37391047922ecf771a91b18191ab5c11","locale-bootstrap + /assets/js/locale-bootstrap.js; /assets/js/public-shell.js; /assets/js/pages/book-one-preview.js","/assets/js/locale-bootstrap.js; /assets/js/public-shell.js; /assets/js/pages/book-one-preview.js","/assets/js/pages/book-one-preview.js","","PUBLIC","/book-one-preview.html","200","See preserved BROWSER.json / SOURCE-CHECKS-BEFORE.json; historical export errors not reproduced at W0","Shared interface/visual/locale owners and route-specific repairs; original accepted content retained","PASS","BROWSER-FINAL.json: en/1440px 2026-10-10T18:51:00.406Z","BROWSER-FINAL.json: zh-Hans/390px 2026-10-10T18:50:37.690Z","NOT_DEPLOYED_BY_THIS_TASK","NOT_POST_DEPLOY_VERIFIED"
"/book-one.html","book-one.html","58ce4073411bf83ccddeb8c1018c94ab7a828d1a8e5e29982d69dc99fcc014f8","locale-bootstrap + /assets/js/locale-bootstrap.js; /assets/js/public-shell.js; /assets/js/pages/book-volume-seven.js; /assets/js/pages/knowledge-connections.js","/assets/js/locale-bootstrap.js; /assets/js/public-shell.js; /assets/js/pages/book-volume-seven.js; /assets/js/pages/knowledge-connections.js","/assets/js/pages/book-volume-seven.js","","PUBLIC","/books/reality-formation/","200","See preserved BROWSER.json / SOURCE-CHECKS-BEFORE.json; historical export errors not reproduced at W0","Shared interface/visual/locale owners and route-specific repairs; original accepted content retained","PASS","BROWSER-FINAL.json: en/1440px 2026-10-10T18:50:07.608Z","BROWSER-FINAL.json: zh-Hans/390px 2026-10-10T18:50:08.946Z","NOT_DEPLOYED_BY_THIS_TASK","NOT_POST_DEPLOY_VERIFIED"
"/books/","books/index.html","566dcbf92065cb340376cfa7a89b81dd45e6299dc30a3235d2404d3b88d57f5f","locale-bootstrap + /assets/js/locale-bootstrap.js; /assets/customer-ui/js/shell.js","/assets/js/locale-bootstrap.js; /assets/customer-ui/js/shell.js; /assets/customer-ui/js/surfaces/knowledge.js; /assets/customer-ui/js/public-index-copy.js; /assets/customer-ui/js/surfaces/visual-binding-r5-guides.js; /assets/js/global-visual-r2.js","/assets/customer-ui/js/surfaces/visual-binding-r5-guides.js; /assets/js/global-visual-r2.js","/search/; /knowledge/ask/","PUBLIC","/books/","200","See preserved BROWSER.json / SOURCE-CHECKS-BEFORE.json; historical export errors not reproduced at W0","Shared interface/visual/locale owners and route-specific repairs; original accepted content retained","PASS","BROWSER-CLOSURE.json: en/1440px 2026-10-10T19:09:45.570Z","BROWSER-CLOSURE.json: zh-Hans/390px 2026-10-10T19:09:50.996Z","NOT_DEPLOYED_BY_THIS_TASK","NOT_POST_DEPLOY_VERIFIED"
"/books/reality-continuity/","books/reality-continuity/index.html","7de7c0bdc4bdf40cc7ab5197647a35baecfe744e89570ca6f41736ef98711d15","locale-bootstrap + /assets/js/locale-bootstrap.js; /assets/js/public-shell.js; /assets/js/pages/book-volume-seven.js","/assets/js/locale-bootstrap.js; /assets/js/public-shell.js; /assets/js/pages/book-volume-seven.js; /assets/customer-ui/js/public-index-copy.js; /assets/js/global-visual-r2.js","/assets/js/pages/book-volume-seven.js; /assets/js/global-visual-r2.js","","PUBLIC","/books/reality-continuity/","200","See preserved BROWSER.json / SOURCE-CHECKS-BEFORE.json; historical export errors not reproduced at W0","Shared interface/visual/locale owners and route-specific repairs; original accepted content retained","PASS","BROWSER-CLOSURE.json: en/1440px 2026-10-10T19:10:04.898Z","BROWSER-CLOSURE.json: zh-Hans/390px 2026-10-10T19:10:11.373Z","NOT_DEPLOYED_BY_THIS_TASK","NOT_POST_DEPLOY_VERIFIED"
"/books/reality-differentiation/","books/reality-differentiation/index.html","1a7435e7c4c61297a08e282a3a13d7a7526f35a1349a06552a222b0c24aeacc4","locale-bootstrap + /assets/js/locale-bootstrap.js; /assets/js/public-shell.js; /assets/js/pages/book-volume-seven.js; /assets/js/pages/civilization-atlas.js","/assets/js/locale-bootstrap.js; /assets/js/public-shell.js; /assets/js/pages/book-volume-seven.js; /assets/js/pages/civilization-atlas.js; /assets/customer-ui/js/public-index-copy.js; /assets/js/global-visual-r2.js","/assets/js/pages/book-volume-seven.js; /assets/js/global-visual-r2.js","","PUBLIC","/books/reality-differentiation/","200","See preserved BROWSER.json / SOURCE-CHECKS-BEFORE.json; historical export errors not reproduced at W0","Shared interface/visual/locale owners and route-specific repairs; original accepted content retained","PASS","BROWSER-CLOSURE.json: en/1440px 2026-10-10T19:10:40.560Z","BROWSER-CLOSURE.json: zh-Hans/390px 2026-10-10T19:10:45.705Z","NOT_DEPLOYED_BY_THIS_TASK","NOT_POST_DEPLOY_VERIFIED"
"/books/reality-expansion/","books/reality-expansion/index.html","e199a863c73a9d33a76c6f3237c02b062d5600314576d6268cc6f6075c6d1d3f","locale-bootstrap + /assets/js/locale-bootstrap.js; /assets/js/public-shell.js; /assets/js/pages/book-volume-seven.js","/assets/js/locale-bootstrap.js; /assets/js/public-shell.js; /assets/js/pages/book-volume-seven.js; /assets/customer-ui/js/public-index-copy.js; /assets/js/global-visual-r2.js","/assets/js/pages/book-volume-seven.js; /assets/js/global-visual-r2.js","","PUBLIC","/books/reality-expansion/","200","See preserved BROWSER.json / SOURCE-CHECKS-BEFORE.json; historical export errors not reproduced at W0","Shared interface/visual/locale owners and route-specific repairs; original accepted content retained","PASS","BROWSER-CLOSURE.json: en/1440px 2026-10-10T19:10:51.878Z","BROWSER-CLOSURE.json: zh-Hans/390px 2026-10-10T19:10:53.638Z","NOT_DEPLOYED_BY_THIS_TASK","NOT_POST_DEPLOY_VERIFIED"
"/books/reality-formation/","books/reality-formation/index.html","f08aae0a872e67eb224b6071a11b81d4996c3e0369aabcefd21369c47120c956","locale-bootstrap + /assets/js/locale-bootstrap.js; /assets/js/public-shell.js; /assets/js/pages/book-volume-seven.js; /assets/js/pages/knowledge-connections.js","/assets/js/locale-bootstrap.js; /assets/js/public-shell.js; /assets/js/pages/book-volume-seven.js; /assets/js/pages/knowledge-connections.js; /assets/customer-ui/js/public-index-copy.js; /assets/js/global-visual-r2.js","/assets/js/pages/book-volume-seven.js; /assets/js/global-visual-r2.js","","PUBLIC","/books/reality-formation/","200","See preserved BROWSER.json / SOURCE-CHECKS-BEFORE.json; historical export errors not reproduced at W0","Shared interface/visual/locale owners and route-specific repairs; original accepted content retained","PASS","BROWSER-CLOSURE.json: en/1440px 2026-10-10T19:11:09.705Z","BROWSER-CLOSURE.json: zh-Hans/390px 2026-10-10T19:11:06.538Z","NOT_DEPLOYED_BY_THIS_TASK","NOT_POST_DEPLOY_VERIFIED"
"/books/reality-navigation/","books/reality-navigation/index.html","f2961a829c7f1018a294a4011d8626e45599fc5c33a7dd63786fff451a4426c7","locale-bootstrap + /assets/js/locale-bootstrap.js; /assets/js/public-shell.js","/assets/js/locale-bootstrap.js; /assets/js/public-shell.js; /assets/customer-ui/js/public-index-copy.js; /assets/js/global-visual-r2.js","/assets/js/global-visual-r2.js","","PUBLIC","/books/reality-navigation/","200","See preserved BROWSER.json / SOURCE-CHECKS-BEFORE.json; historical export errors not reproduced at W0","Shared interface/visual/locale owners and route-specific repairs; original accepted content retained","PASS","BROWSER-CLOSURE.json: en/1440px 2026-10-10T19:11:09.369Z","BROWSER-CLOSURE.json: zh-Hans/390px 2026-10-10T19:11:12.636Z","NOT_DEPLOYED_BY_THIS_TASK","NOT_POST_DEPLOY_VERIFIED"
"/books/reality-observation/","books/reality-observation/index.html","a8757ab718762d80b025d4bfa917e303bb49d1269e8c2335234a4ddc409f5aba","locale-bootstrap + /assets/js/locale-bootstrap.js; /assets/js/public-shell.js; /assets/js/pages/book-volume-seven.js","/assets/js/locale-bootstrap.js; /assets/js/public-shell.js; /assets/js/pages/book-volume-seven.js; /assets/customer-ui/js/public-index-copy.js; /assets/js/global-visual-r2.js","/assets/js/pages/book-volume-seven.js; /assets/js/global-visual-r2.js","","PUBLIC","/books/reality-observation/","200","See preserved BROWSER.json / SOURCE-CHECKS-BEFORE.json; historical export errors not reproduced at W0","Shared interface/visual/locale owners and route-specific repairs; original accepted content retained","PASS","BROWSER-CLOSURE.json: en/1440px 2026-10-10T19:11:13.063Z","BROWSER-CLOSURE.json: zh-Hans/390px 2026-10-10T19:11:17.141Z","NOT_DEPLOYED_BY_THIS_TASK","NOT_POST_DEPLOY_VERIFIED"
"/books/reality-reconfiguration/","books/reality-reconfiguration/index.html","21b43c2b0e94f4db4d172ff3734da2a8cf09e430253cb4b03c5ddd68a0539480","locale-bootstrap + /assets/js/locale-bootstrap.js; /assets/js/public-shell.js; /assets/js/pages/book-volume-seven.js; /assets/js/pages/book6-reconfiguration-atlas.js","/assets/js/locale-bootstrap.js; /assets/js/public-shell.js; /assets/js/pages/book-volume-seven.js; /assets/js/pages/book6-reconfiguration-atlas.js; /assets/customer-ui/js/public-index-copy.js; /assets/js/global-visual-r2.js","/assets/js/pages/book-volume-seven.js; /assets/js/pages/book6-reconfiguration-atlas.js; /assets/js/global-visual-r2.js","","PUBLIC","/books/reality-reconfiguration/","200","See preserved BROWSER.json / SOURCE-CHECKS-BEFORE.json; historical export errors not reproduced at W0","Shared interface/visual/locale owners and route-specific repairs; original accepted content retained","PASS","BROWSER-CLOSURE.json: en/1440px 2026-10-10T19:11:21.415Z","BROWSER-CLOSURE.json: zh-Hans/390px 2026-10-10T19:11:26.149Z","NOT_DEPLOYED_BY_THIS_TASK","NOT_POST_DEPLOY_VERIFIED"
"/books/reality-runtime/","books/reality-runtime/index.html","b16f5c4535a6662379200d156dd7703ea8d58b07405e173f58676c3258877cfe","locale-bootstrap + /assets/js/locale-bootstrap.js; /assets/js/public-shell.js; /assets/js/pages/book-volume-seven.js","/assets/js/locale-bootstrap.js; /assets/js/public-shell.js; /assets/js/pages/book-volume-seven.js; /assets/customer-ui/js/public-index-copy.js; /assets/js/global-visual-r2.js","/assets/js/pages/book-volume-seven.js; /assets/js/global-visual-r2.js","","PUBLIC","/books/reality-runtime/","200","See preserved BROWSER.json / SOURCE-CHECKS-BEFORE.json; historical export errors not reproduced at W0","Shared interface/visual/locale owners and route-specific repairs; original accepted content retained","PASS","BROWSER-CLOSURE.json: en/1440px 2026-10-10T19:11:37.637Z","BROWSER-CLOSURE.json: zh-Hans/390px 2026-10-10T19:11:36.080Z","NOT_DEPLOYED_BY_THIS_TASK","NOT_POST_DEPLOY_VERIFIED"
"/checkout.html","checkout.html","1acc951232cf06063f2c11a80ac06e7d87551cea5acb75daf266d4c6941a07fb","locale-bootstrap + /assets/js/locale-bootstrap.js; /assets/js/public-shell.js; /assets/js/pages/checkout.js; /assets/js/pages/brand-research-commerce-legal.js","/assets/js/locale-bootstrap.js; /assets/js/public-shell.js; /assets/js/pages/checkout.js; /assets/js/pages/brand-research-commerce-legal.js; /assets/customer-ui/js/surfaces/visual-binding-r5-guides.js","/assets/customer-ui/js/surfaces/visual-binding-r5-guides.js","native form","PUBLIC_ENTRY; account/entitlement required for protected actions","/checkout.html","200","See preserved BROWSER.json / SOURCE-CHECKS-BEFORE.json; historical export errors not reproduced at W0","Shared interface/visual/locale owners and route-specific repairs; original accepted content retained","PASS","BROWSER-FINAL.json: en/1440px 2026-10-10T18:51:13.700Z","BROWSER-FINAL.json: zh-Hans/390px 2026-10-10T18:51:14.696Z","NOT_DEPLOYED_BY_THIS_TASK","NOT_POST_DEPLOY_VERIFIED"
"/contact.html","contact.html","baeff1bf9b519f532dcc7bd11180b0ab70b98451b3d8d0c90367ec454a078f52","locale-bootstrap + /assets/js/locale-bootstrap.js; /assets/js/public-shell.js","/assets/js/locale-bootstrap.js; /assets/js/public-shell.js; /assets/customer-ui/js/surfaces/visual-binding-r5-guides.js; /assets/js/global-visual-r2.js","/assets/customer-ui/js/surfaces/visual-binding-r5-guides.js; /assets/js/global-visual-r2.js","","PUBLIC","/contact.html","200","See preserved BROWSER.json / SOURCE-CHECKS-BEFORE.json; historical export errors not reproduced at W0","Shared interface/visual/locale owners and route-specific repairs; original accepted content retained","PASS","BROWSER-CLOSURE.json: en/1440px 2026-10-10T19:11:38.911Z","BROWSER-CLOSURE.json: zh-Hans/390px 2026-10-10T19:11:41.235Z","NOT_DEPLOYED_BY_THIS_TASK","NOT_POST_DEPLOY_VERIFIED"
"/digital-product-policy.html","digital-product-policy.html","81bb8729f983d436aab7f7678a3236a4730dee5af07ceb23cace4362de3565c9","locale-bootstrap + /assets/js/locale-bootstrap.js; /assets/js/public-shell.js; /assets/js/pages/brand-research-commerce-legal.js","/assets/js/locale-bootstrap.js; /assets/js/public-shell.js; /assets/js/pages/brand-research-commerce-legal.js; /assets/customer-ui/js/surfaces/visual-binding-r5-guides.js","/assets/customer-ui/js/surfaces/visual-binding-r5-guides.js","","PUBLIC","/digital-product-policy.html","200","See preserved BROWSER.json / SOURCE-CHECKS-BEFORE.json; historical export errors not reproduced at W0","Shared interface/visual/locale owners and route-specific repairs; original accepted content retained","PASS","BROWSER-FINAL.json: en/1440px 2026-10-10T18:51:20.016Z","BROWSER-FINAL.json: zh-Hans/390px 2026-10-10T18:51:21.045Z","NOT_DEPLOYED_BY_THIS_TASK","NOT_POST_DEPLOY_VERIFIED"
"/explore/how-it-works/","explore/how-it-works/index.html","08ca24bdf153b8eb013b21fc775666251844d474202ea879611a0f2e94d73870","locale-bootstrap + /assets/js/locale-bootstrap.js; /assets/customer-ui/js/surfaces/page-consolidation-redirect.js","/assets/js/locale-bootstrap.js; /assets/customer-ui/js/surfaces/page-consolidation-redirect.js","Native source/template","/search/; /knowledge/ask/","PUBLIC","/explore/","200","See preserved BROWSER.json / SOURCE-CHECKS-BEFORE.json; historical export errors not reproduced at W0","Shared interface/visual/locale owners and route-specific repairs; original accepted content retained","PASS","BROWSER-FINAL.json: en/1440px 2026-10-10T18:51:20.357Z","BROWSER-FINAL.json: zh-Hans/390px 2026-10-10T18:51:24.128Z","NOT_DEPLOYED_BY_THIS_TASK","NOT_POST_DEPLOY_VERIFIED"
"/explore/","explore/index.html","b470ba4f5171f40298176b3574db5886ebbc405a1f7d04c1b473cc82e96012a6","locale-bootstrap + /assets/js/locale-bootstrap.js; /assets/customer-ui/js/shell.js","/assets/js/locale-bootstrap.js; /assets/customer-ui/js/shell.js; /assets/customer-ui/js/public-index-copy.js; /assets/customer-ui/js/surfaces/product-marketing-r1.js","/assets/customer-ui/js/surfaces/product-marketing-r1.js","/search/; /knowledge/ask/","PUBLIC","/explore/","200","See preserved BROWSER.json / SOURCE-CHECKS-BEFORE.json; historical export errors not reproduced at W0","Shared interface/visual/locale owners and route-specific repairs; original accepted content retained","PASS","BROWSER-FINAL.json: en/1440px 2026-10-10T18:51:26.423Z","BROWSER-FINAL.json: zh-Hans/390px 2026-10-10T18:51:27.483Z","NOT_DEPLOYED_BY_THIS_TASK","NOT_POST_DEPLOY_VERIFIED"
"/explore/start/","explore/start/index.html","734922e25637cec01a8ca19948bdc04fa6c1490766f2f8919927a25b4c8a69da","locale-bootstrap + /assets/js/locale-bootstrap.js; /assets/customer-ui/js/surfaces/page-consolidation-redirect.js","/assets/js/locale-bootstrap.js; /assets/customer-ui/js/surfaces/page-consolidation-redirect.js","Native source/template","/search/; /knowledge/ask/; /knowledge/ask/","PUBLIC","/","200","See preserved BROWSER.json / SOURCE-CHECKS-BEFORE.json; historical export errors not reproduced at W0","Shared interface/visual/locale owners and route-specific repairs; original accepted content retained","PASS","BROWSER-FINAL.json: en/1440px 2026-10-10T18:51:34.089Z","BROWSER-FINAL.json: zh-Hans/390px 2026-10-10T18:51:36.727Z","NOT_DEPLOYED_BY_THIS_TASK","NOT_POST_DEPLOY_VERIFIED"
"/explore/why-phios/","explore/why-phios/index.html","db2634c008223a6a7327415075ee74be4aa018a213a4df6d367543627cb22256","locale-bootstrap + /assets/js/locale-bootstrap.js; /assets/customer-ui/js/surfaces/page-consolidation-redirect.js","/assets/js/locale-bootstrap.js; /assets/customer-ui/js/surfaces/page-consolidation-redirect.js","Native source/template","/search/; /knowledge/ask/","PUBLIC","/explore/","200","See preserved BROWSER.json / SOURCE-CHECKS-BEFORE.json; historical export errors not reproduced at W0","Shared interface/visual/locale owners and route-specific repairs; original accepted content retained","PASS","BROWSER-FINAL.json: en/1440px 2026-10-10T18:51:31.081Z","BROWSER-FINAL.json: zh-Hans/390px 2026-10-10T18:51:31.986Z","NOT_DEPLOYED_BY_THIS_TASK","NOT_POST_DEPLOY_VERIFIED"
"/external-reader-intake.html","external-reader-intake.html","bf6a4d6416a28b6e4e4a2cafefab17827e5770567861973ff7e6a9f9671a54c4","locale-bootstrap + /assets/js/locale-bootstrap.js; /assets/js/pages/external-reader-intake.js; /assets/js/pages/service-continuity-visuals.js; /assets/js/pages/brand-research-commerce-legal.js","/assets/js/locale-bootstrap.js; /assets/js/pages/external-reader-intake.js; /assets/js/pages/service-continuity-visuals.js; /assets/js/pages/brand-research-commerce-legal.js; /assets/customer-ui/js/surfaces/visual-binding-r5-guides.js","/assets/js/pages/service-continuity-visuals.js; /assets/customer-ui/js/surfaces/visual-binding-r5-guides.js","externalReaderIntakeForm","PUBLIC","/external-reader-intake.html","200","See preserved BROWSER.json / SOURCE-CHECKS-BEFORE.json; historical export errors not reproduced at W0","Shared interface/visual/locale owners and route-specific repairs; original accepted content retained","PASS","BROWSER-FINAL.json: en/1440px 2026-10-10T18:51:37.915Z","BROWSER-FINAL.json: zh-Hans/390px 2026-10-10T18:51:37.531Z","NOT_DEPLOYED_BY_THIS_TASK","NOT_POST_DEPLOY_VERIFIED"
"/figure.html","figure.html","a269957aa98d6358d6bf1f340b04d5b3b2670fb73f70b4f26c7905b8448d3ed0","locale-bootstrap + /assets/js/locale-bootstrap.js; /assets/js/public-shell.js; /assets/js/pages/figure-detail.js; /assets/js/pages/knowledge-spine-visuals.js","/assets/js/locale-bootstrap.js; /assets/js/public-shell.js; /assets/js/pages/figure-detail.js; /assets/js/pages/knowledge-spine-visuals.js","/assets/js/pages/knowledge-spine-visuals.js","","PUBLIC","/figure.html","200","See preserved BROWSER.json / SOURCE-CHECKS-BEFORE.json; historical export errors not reproduced at W0","Shared interface/visual/locale owners and route-specific repairs; original accepted content retained","PASS","BROWSER-FINAL.json: en/1440px 2026-10-10T18:51:37.911Z","BROWSER-FINAL.json: zh-Hans/390px 2026-10-10T18:51:38.967Z","NOT_DEPLOYED_BY_THIS_TASK","NOT_POST_DEPLOY_VERIFIED"
"/figures/","figures/index.html","b897afc69d1242ec2744f43dda800a61131ca265a7be8b123d9144f79a607b0f","locale-bootstrap + /assets/js/locale-bootstrap.js; /assets/customer-ui/js/shell.js","/assets/js/locale-bootstrap.js; /assets/customer-ui/js/shell.js; /assets/customer-ui/js/surfaces/knowledge.js; /assets/customer-ui/js/public-index-copy.js; /assets/js/global-visual-r2.js","/assets/js/global-visual-r2.js","/search/; /knowledge/ask/","PUBLIC","/figures/","200","See preserved BROWSER.json / SOURCE-CHECKS-BEFORE.json; historical export errors not reproduced at W0","Shared interface/visual/locale owners and route-specific repairs; original accepted content retained","PASS","BROWSER-CLOSURE.json: en/1440px 2026-10-10T19:11:42.911Z","BROWSER-CLOSURE.json: zh-Hans/390px 2026-10-10T19:11:44.732Z","NOT_DEPLOYED_BY_THIS_TASK","NOT_POST_DEPLOY_VERIFIED"
"/free-observation.html","free-observation.html","1ae3a80a805be92ba3345719f85958ba1669d4c8169c96a70bda020595ed8678","locale-bootstrap + /assets/js/locale-bootstrap.js; /assets/js/public-shell.js; /assets/js/pages/free-observation.js","/assets/js/locale-bootstrap.js; /assets/js/public-shell.js; /assets/js/pages/free-observation.js","Native source/template","free-observation-form","PUBLIC","/free-observation.html","200","See preserved BROWSER.json / SOURCE-CHECKS-BEFORE.json; historical export errors not reproduced at W0","Shared interface/visual/locale owners and route-specific repairs; original accepted content retained","PASS","BROWSER-FINAL.json: en/1440px 2026-10-10T18:51:49.010Z","BROWSER-FINAL.json: zh-Hans/390px 2026-10-10T18:51:50.559Z","NOT_DEPLOYED_BY_THIS_TASK","NOT_POST_DEPLOY_VERIFIED"
"/guided-reading.html","guided-reading.html","6e74fa7f443e47465c217254e70f5fd48802ffc698d83e8e537219c0e249f32c","locale-bootstrap + /assets/js/locale-bootstrap.js; /assets/js/pages/guided-reading.js; /assets/js/pages/brand-research-commerce-legal.js","/assets/js/locale-bootstrap.js; /assets/js/pages/guided-reading.js; /assets/js/pages/brand-research-commerce-legal.js; /assets/customer-ui/js/surfaces/visual-binding-r5-guides.js","/assets/customer-ui/js/surfaces/visual-binding-r5-guides.js","","PUBLIC_ENTRY; account/entitlement required for protected actions","/guided-reading.html","200","See preserved BROWSER.json / SOURCE-CHECKS-BEFORE.json; historical export errors not reproduced at W0","Shared interface/visual/locale owners and route-specific repairs; original accepted content retained","PASS","BROWSER-CLOSURE.json: en/1440px 2026-10-10T19:11:44.476Z","BROWSER-CLOSURE.json: zh-Hans/390px 2026-10-10T19:11:46.358Z","NOT_DEPLOYED_BY_THIS_TASK","NOT_POST_DEPLOY_VERIFIED"
"/health-reality.html","health-reality.html","af7ad953621c407d17c0bc4530cb2b29f4560aa26cf9f569db0d22358ea8ad65","locale-bootstrap + /assets/js/locale-bootstrap.js; /assets/js/pages/health-reality-candidate.js","/assets/js/locale-bootstrap.js; /assets/js/pages/health-reality-candidate.js","Native source/template","native form","PUBLIC","/health-reality.html","200","See preserved BROWSER.json / SOURCE-CHECKS-BEFORE.json; historical export errors not reproduced at W0","Shared interface/visual/locale owners and route-specific repairs; original accepted content retained","PASS","BROWSER-CLOSURE.json: en/1440px 2026-10-10T19:11:46.104Z","BROWSER-CLOSURE.json: zh-Hans/390px 2026-10-10T19:11:47.699Z","NOT_DEPLOYED_BY_THIS_TASK","NOT_POST_DEPLOY_VERIFIED"
"/","index.html","fd88ab8cb56cadcb1015494d095800cfbf0e3afb09e5c5fac2e1f2e4f2f70bfc","locale-bootstrap + /assets/js/locale-bootstrap.js; /assets/customer-ui/js/shell.js; /assets/js/pages/client-intent-router.js","/assets/js/locale-bootstrap.js; /assets/customer-ui/js/shell.js; /assets/customer-ui/js/surfaces/home.js; /assets/customer-ui/js/public-index-copy.js; /assets/customer-ui/js/surfaces/visual-binding-r5-guides.js; /assets/customer-ui/js/surfaces/product-marketing-r1.js; /assets/js/pages/client-intent-router.js; /assets/js/global-visual-r2.js","/assets/customer-ui/js/surfaces/visual-binding-r5-guides.js; /assets/customer-ui/js/surfaces/product-marketing-r1.js; /assets/js/global-visual-r2.js","/search/; /knowledge/ask/; /knowledge/ask/","PUBLIC","/","200","See preserved BROWSER.json / SOURCE-CHECKS-BEFORE.json; historical export errors not reproduced at W0","Shared interface/visual/locale owners and route-specific repairs; original accepted content retained","PASS","BROWSER-CLOSURE.json: en/1440px 2026-10-10T19:11:51.900Z","BROWSER-CLOSURE.json: zh-Hans/390px 2026-10-10T19:11:52.926Z","NOT_DEPLOYED_BY_THIS_TASK","NOT_POST_DEPLOY_VERIFIED"
"/knowledge/ask/","knowledge/ask/index.html","1dcb0a6afaac4fac2d282a6768f3ab6a02f7c7b90ecfcad72f782bebf7753362","locale-bootstrap + /assets/js/locale-bootstrap.js; /assets/customer-ui/js/shell.js","/assets/js/locale-bootstrap.js; /assets/customer-ui/js/shell.js; /assets/customer-ui/js/surfaces/contextual-ask.js; /assets/customer-ui/js/public-index-copy.js; /assets/customer-ui/js/surfaces/visual-binding-r5-guides.js","/assets/customer-ui/js/surfaces/visual-binding-r5-guides.js","/search/; /knowledge/ask/; native form","PUBLIC","/knowledge/ask/","200","See preserved BROWSER.json / SOURCE-CHECKS-BEFORE.json; historical export errors not reproduced at W0","Shared interface/visual/locale owners and route-specific repairs; original accepted content retained","PASS","BROWSER-FINAL.json: en/1440px 2026-10-10T18:52:00.704Z","BROWSER-FINAL.json: zh-Hans/390px 2026-10-10T18:52:01.287Z","NOT_DEPLOYED_BY_THIS_TASK","NOT_POST_DEPLOY_VERIFIED"
"/knowledge/concepts/","knowledge/concepts/index.html","46c2b801c3f9f7bdc9d83b96c7897bc5ee955e8d500f900125d21d8b72757a38","locale-bootstrap + /assets/js/locale-bootstrap.js; /assets/customer-ui/js/shell.js","/assets/js/locale-bootstrap.js; /assets/customer-ui/js/shell.js; /assets/customer-ui/js/surfaces/knowledge.js; /assets/customer-ui/js/public-index-copy.js; /assets/customer-ui/js/surfaces/visual-binding-r5-guides.js; /assets/js/global-visual-r2.js","/assets/customer-ui/js/surfaces/visual-binding-r5-guides.js; /assets/js/global-visual-r2.js","/search/; /knowledge/ask/; native form","PUBLIC","/knowledge/concepts/","200","See preserved BROWSER.json / SOURCE-CHECKS-BEFORE.json; historical export errors not reproduced at W0","Shared interface/visual/locale owners and route-specific repairs; original accepted content retained","PASS","BROWSER-CLOSURE.json: en/1440px 2026-10-10T19:11:55.221Z","BROWSER-CLOSURE.json: zh-Hans/390px 2026-10-10T19:11:56.789Z","NOT_DEPLOYED_BY_THIS_TASK","NOT_POST_DEPLOY_VERIFIED"
"/knowledge/","knowledge/index.html","0852ea9b903faa210ad447c9154b17903bc4e668aceb754087d5887014642a0b","locale-bootstrap + /assets/js/locale-bootstrap.js; /assets/customer-ui/js/shell.js","/assets/js/locale-bootstrap.js; /assets/customer-ui/js/shell.js; /assets/customer-ui/js/surfaces/knowledge.js; /assets/customer-ui/js/public-index-copy.js; /assets/customer-ui/js/surfaces/visual-binding-r5-guides.js; /assets/js/global-visual-r2.js","/assets/customer-ui/js/surfaces/visual-binding-r5-guides.js; /assets/js/global-visual-r2.js","/search/; /knowledge/ask/","PUBLIC","/knowledge/","200","See preserved BROWSER.json / SOURCE-CHECKS-BEFORE.json; historical export errors not reproduced at W0","Shared interface/visual/locale owners and route-specific repairs; original accepted content retained","PASS","BROWSER-CLOSURE.json: en/1440px 2026-10-10T19:11:58.256Z","BROWSER-CLOSURE.json: zh-Hans/390px 2026-10-10T19:12:00.484Z","NOT_DEPLOYED_BY_THIS_TASK","NOT_POST_DEPLOY_VERIFIED"
"/library.html","library.html","c4c2fbd803fabc0350bf33d62cff31369c9754bad648f4f3b983593d498db60a","locale-bootstrap + /assets/js/locale-bootstrap.js; /assets/js/public-shell-v2.js","/assets/js/locale-bootstrap.js; /assets/js/public-shell-v2.js; /assets/js/components/publications-v2.js","Native source/template","","PUBLIC","/library.html","200","See preserved BROWSER.json / SOURCE-CHECKS-BEFORE.json; historical export errors not reproduced at W0","Shared interface/visual/locale owners and route-specific repairs; original accepted content retained","PASS","BROWSER-CLOSURE.json: en/1440px 2026-10-10T19:12:01.301Z","BROWSER-CLOSURE.json: zh-Hans/390px 2026-10-10T19:12:05.839Z","NOT_DEPLOYED_BY_THIS_TASK","NOT_POST_DEPLOY_VERIFIED"
"/membership.html","membership.html","b32a3f112bf3ff900c9be403ef0c3aa1424f5ca68f218cfb0a8cd0cd4217d245","locale-bootstrap + /assets/js/locale-bootstrap.js; /assets/js/public-shell.js","/assets/js/locale-bootstrap.js; /assets/js/public-shell.js; /assets/customer-ui/js/public-index-copy.js; /assets/customer-ui/js/surfaces/visual-binding-r5-guides.js; /assets/js/global-visual-r2.js","/assets/customer-ui/js/surfaces/visual-binding-r5-guides.js; /assets/js/global-visual-r2.js","","PUBLIC","/membership.html","200","See preserved BROWSER.json / SOURCE-CHECKS-BEFORE.json; historical export errors not reproduced at W0","Shared interface/visual/locale owners and route-specific repairs; original accepted content retained","PASS","BROWSER-CLOSURE.json: en/1440px 2026-10-10T19:12:05.515Z","BROWSER-CLOSURE.json: zh-Hans/390px 2026-10-10T19:12:09.439Z","NOT_DEPLOYED_BY_THIS_TASK","NOT_POST_DEPLOY_VERIFIED"
"/payment-failure.html","payment-failure.html","f2dd83173f2ff52b71f57da9009abb9231c4d6aed513b9775664defa1666227d","locale-bootstrap + /assets/js/locale-bootstrap.js; /assets/js/public-shell.js","/assets/js/locale-bootstrap.js; /assets/js/public-shell.js","Native source/template","","PUBLIC","/payment-failure.html","200","See preserved BROWSER.json / SOURCE-CHECKS-BEFORE.json; historical export errors not reproduced at W0","Shared interface/visual/locale owners and route-specific repairs; original accepted content retained","PASS","BROWSER-FINAL.json: en/1440px 2026-10-10T18:52:25.054Z","BROWSER-FINAL.json: zh-Hans/390px 2026-10-10T18:52:29.519Z","NOT_DEPLOYED_BY_THIS_TASK","NOT_POST_DEPLOY_VERIFIED"
"/payment-success.html","payment-success.html","4de35ac5ddb243bed96e97aa37152f6c9aa63b4e3b27d658f075a3d34b66a86b","locale-bootstrap + /assets/js/locale-bootstrap.js; /assets/js/public-shell.js; /assets/js/pages/payment-success.js","/assets/js/locale-bootstrap.js; /assets/js/public-shell.js; /assets/js/pages/payment-success.js","Native source/template","","PUBLIC","/payment-success.html","200","See preserved BROWSER.json / SOURCE-CHECKS-BEFORE.json; historical export errors not reproduced at W0","Shared interface/visual/locale owners and route-specific repairs; original accepted content retained","PASS","BROWSER-FINAL.json: en/1440px 2026-10-10T18:52:33.280Z","BROWSER-FINAL.json: zh-Hans/390px 2026-10-10T18:52:33.796Z","NOT_DEPLOYED_BY_THIS_TASK","NOT_POST_DEPLOY_VERIFIED"
"/perspectives/iching/consult/","perspectives/iching/consult/index.html","1eccaedd38b3cfad3b785e5b3dd4552181f26c86834cda951f3a1b464dcf8ecc","locale-bootstrap + /assets/js/locale-bootstrap.js; /assets/customer-ui/js/shell.js","/assets/js/locale-bootstrap.js; /assets/customer-ui/js/shell.js; /assets/customer-ui/js/surfaces/iching-consult.js; /assets/customer-ui/js/surfaces/visual-binding-r5-guides.js; /assets/js/global-visual-r2.js","/assets/customer-ui/js/surfaces/visual-binding-r5-guides.js; /assets/js/global-visual-r2.js","/search/; /knowledge/ask/","PUBLIC","/perspectives/iching/consult/","200","See preserved BROWSER.json / SOURCE-CHECKS-BEFORE.json; historical export errors not reproduced at W0","Shared interface/visual/locale owners and route-specific repairs; original accepted content retained","PASS","BROWSER-CLOSURE.json: en/1440px 2026-10-10T19:12:08.035Z","BROWSER-CLOSURE.json: zh-Hans/390px 2026-10-10T19:12:10.566Z","NOT_DEPLOYED_BY_THIS_TASK","NOT_POST_DEPLOY_VERIFIED"
"/perspectives/iching/","perspectives/iching/index.html","da2fecbcc4e4c861faf289b3052e793d8f25c844dafd0d67db2d0881ba9a2a96","locale-bootstrap + /assets/js/locale-bootstrap.js; /assets/customer-ui/js/shell.js","/assets/js/locale-bootstrap.js; /assets/customer-ui/js/shell.js; /assets/customer-ui/js/surfaces/iching-entry.js; /assets/customer-ui/js/surfaces/visual-binding-r5-guides.js; /assets/js/global-visual-r2.js","/assets/customer-ui/js/surfaces/visual-binding-r5-guides.js; /assets/js/global-visual-r2.js","/search/; /knowledge/ask/","PUBLIC","/perspectives/iching/","200","See preserved BROWSER.json / SOURCE-CHECKS-BEFORE.json; historical export errors not reproduced at W0","Shared interface/visual/locale owners and route-specific repairs; original accepted content retained","PASS","BROWSER-CLOSURE.json: en/1440px 2026-10-10T19:12:11.273Z","BROWSER-CLOSURE.json: zh-Hans/390px 2026-10-10T19:12:12.344Z","NOT_DEPLOYED_BY_THIS_TASK","NOT_POST_DEPLOY_VERIFIED"
"/perspectives/iching/run/","perspectives/iching/run/index.html","3d235e7bd0bbc124e7b5af489c715ab6f3b0c88430ef29880b65c40ca1482597","locale-bootstrap + /assets/js/locale-bootstrap.js; /assets/customer-ui/js/shell.js","/assets/js/locale-bootstrap.js; /assets/customer-ui/js/shell.js; /assets/customer-ui/js/surfaces/iching-full.js","Native source/template","/search/; /knowledge/ask/","PUBLIC","/perspectives/iching/consult/","200","See preserved BROWSER.json / SOURCE-CHECKS-BEFORE.json; historical export errors not reproduced at W0","Shared interface/visual/locale owners and route-specific repairs; original accepted content retained","PASS","BROWSER-CLOSURE.json: en/1440px 2026-10-10T19:12:13.390Z","BROWSER-CLOSURE.json: zh-Hans/390px 2026-10-10T19:12:15.102Z","NOT_DEPLOYED_BY_THIS_TASK","NOT_POST_DEPLOY_VERIFIED"
"/perspectives/","perspectives/index.html","643b0358f6ae1c0335e8c01efb6ccb9165a3b0aec711ce2c8eea5ccbae82aace","locale-bootstrap + /assets/js/locale-bootstrap.js; /assets/customer-ui/js/shell.js","/assets/js/locale-bootstrap.js; /assets/customer-ui/js/shell.js; /assets/customer-ui/js/public-index-copy.js; /assets/customer-ui/js/surfaces/visual-binding-r5-guides.js; /assets/js/global-visual-r2.js","/assets/customer-ui/js/surfaces/visual-binding-r5-guides.js; /assets/js/global-visual-r2.js","/search/; /knowledge/ask/","PUBLIC","/perspectives/","200","See preserved BROWSER.json / SOURCE-CHECKS-BEFORE.json; historical export errors not reproduced at W0","Shared interface/visual/locale owners and route-specific repairs; original accepted content retained","PASS","BROWSER-CLOSURE.json: en/1440px 2026-10-10T19:12:16.074Z","BROWSER-CLOSURE.json: zh-Hans/390px 2026-10-10T19:12:17.617Z","NOT_DEPLOYED_BY_THIS_TASK","NOT_POST_DEPLOY_VERIFIED"
"/perspectives/personal/","perspectives/personal/index.html","e8b8ae81b02e3ad69a6f73e14013a20dfe9a999ce0782ac57775e8b9d094abb5","locale-bootstrap + /assets/js/locale-bootstrap.js; /assets/customer-ui/js/shell.js","/assets/js/locale-bootstrap.js; /assets/customer-ui/js/surfaces/product-marketing-r1.js; /assets/customer-ui/js/shell.js; /assets/customer-ui/js/surfaces/personal-reality.js; /assets/customer-ui/js/personal-method-visual-r1.js; /assets/js/global-visual-r2.js","/assets/customer-ui/js/surfaces/product-marketing-r1.js; /assets/customer-ui/js/personal-method-visual-r1.js; /assets/js/global-visual-r2.js","/search/; /knowledge/ask/; personal-input","PUBLIC_ENTRY; account/entitlement required for protected actions","/perspectives/personal/","200","See preserved BROWSER.json / SOURCE-CHECKS-BEFORE.json; historical export errors not reproduced at W0","Shared interface/visual/locale owners and route-specific repairs; original accepted content retained","PASS","BROWSER-CLOSURE.json: en/1440px 2026-10-10T19:12:19.922Z","BROWSER-CLOSURE.json: zh-Hans/390px 2026-10-10T19:12:21.506Z","NOT_DEPLOYED_BY_THIS_TASK","NOT_POST_DEPLOY_VERIFIED"
"/perspectives/phi-configuration/","perspectives/phi-configuration/index.html","eebbdeefbefc3ee302b3997be826932d140052860e64217ea6b835c79d3522fb","locale-bootstrap + /assets/js/locale-bootstrap.js; /assets/customer-ui/js/shell.js","/assets/js/locale-bootstrap.js; /assets/customer-ui/js/shell.js; /assets/customer-ui/js/surfaces/product-marketing-r1.js; /assets/js/global-visual-r2.js","/assets/customer-ui/js/surfaces/product-marketing-r1.js; /assets/js/global-visual-r2.js","/search/; /knowledge/ask/","PUBLIC","/perspectives/phi-configuration/","200","See preserved BROWSER.json / SOURCE-CHECKS-BEFORE.json; historical export errors not reproduced at W0","Shared interface/visual/locale owners and route-specific repairs; original accepted content retained","PASS","BROWSER-CLOSURE.json: en/1440px 2026-10-10T19:12:22.654Z","BROWSER-CLOSURE.json: zh-Hans/390px 2026-10-10T19:12:24.693Z","NOT_DEPLOYED_BY_THIS_TASK","NOT_POST_DEPLOY_VERIFIED"
"/perspectives/profile/","perspectives/profile/index.html","4194e3e403fcee2e90e156cdf7c933bbd7d10e2b153f51150223aa3ae8fab8cd","locale-bootstrap + /assets/js/locale-bootstrap.js; /assets/customer-ui/js/shell.js","/assets/js/locale-bootstrap.js; /assets/customer-ui/js/shell.js; /assets/customer-ui/js/surfaces/profile-progressive.js; /assets/customer-ui/js/surfaces/visual-binding-r5-guides.js; /assets/customer-ui/js/surfaces/product-marketing-r1.js; /assets/js/global-visual-r2.js","/assets/customer-ui/js/surfaces/visual-binding-r5-guides.js; /assets/customer-ui/js/surfaces/product-marketing-r1.js; /assets/js/global-visual-r2.js","/search/; /knowledge/ask/; native form","PUBLIC","/perspectives/profile/","200","See preserved BROWSER.json / SOURCE-CHECKS-BEFORE.json; historical export errors not reproduced at W0","Shared interface/visual/locale owners and route-specific repairs; original accepted content retained","PASS","BROWSER-CLOSURE.json: en/1440px 2026-10-10T19:12:26.489Z","BROWSER-CLOSURE.json: zh-Hans/390px 2026-10-10T19:12:28.502Z","NOT_DEPLOYED_BY_THIS_TASK","NOT_POST_DEPLOY_VERIFIED"
"/perspectives/relationship/","perspectives/relationship/index.html","e7105a83490f936eded6a136e5f173c5d1b73f124f5a79e62040256f9accd293","locale-bootstrap + /assets/js/locale-bootstrap.js; /assets/customer-ui/js/shell.js","/assets/js/locale-bootstrap.js; /assets/customer-ui/js/shell.js; /assets/customer-ui/js/surfaces/relationship-intake.js; /assets/customer-ui/js/surfaces/visual-binding-r5-guides.js; /assets/js/global-visual-r2.js","/assets/customer-ui/js/surfaces/visual-binding-r5-guides.js; /assets/js/global-visual-r2.js","/search/; /knowledge/ask/; native form","PUBLIC","/perspectives/relationship/","200","See preserved BROWSER.json / SOURCE-CHECKS-BEFORE.json; historical export errors not reproduced at W0","Shared interface/visual/locale owners and route-specific repairs; original accepted content retained","PASS","BROWSER-CLOSURE.json: en/1440px 2026-10-10T19:12:29.448Z","BROWSER-CLOSURE.json: zh-Hans/390px 2026-10-10T19:12:31.363Z","NOT_DEPLOYED_BY_THIS_TASK","NOT_POST_DEPLOY_VERIFIED"
"/perspectives/tarot/","perspectives/tarot/index.html","5f0f755fc67d88b719c82e4accffcaee99a6aee4695ed718b2c86e0ddbb93444","locale-bootstrap + /assets/js/locale-bootstrap.js; /assets/customer-ui/js/shell.js","/assets/js/locale-bootstrap.js; /assets/customer-ui/js/shell.js; /assets/customer-ui/js/surfaces/tarot.js; /assets/customer-ui/js/surfaces/visual-binding-r5-guides.js; /assets/js/global-visual-r2.js","/assets/customer-ui/js/surfaces/visual-binding-r5-guides.js; /assets/js/global-visual-r2.js","/search/; /knowledge/ask/","PUBLIC","/perspectives/tarot/","200","See preserved BROWSER.json / SOURCE-CHECKS-BEFORE.json; historical export errors not reproduced at W0","Shared interface/visual/locale owners and route-specific repairs; original accepted content retained","PASS","BROWSER-CLOSURE.json: en/1440px 2026-10-10T19:12:32.451Z","BROWSER-CLOSURE.json: zh-Hans/390px 2026-10-10T19:12:34.589Z","NOT_DEPLOYED_BY_THIS_TASK","NOT_POST_DEPLOY_VERIFIED"
"/privacy.html","privacy.html","8213f4a9ccf7319c8ec5872956221b0d10b069c54ce5f9acdfc8464c52f4bd35","locale-bootstrap + /assets/js/locale-bootstrap.js; /assets/js/public-shell.js; /assets/js/pages/service-continuity-visuals.js; /assets/js/pages/brand-research-commerce-legal.js","/assets/js/locale-bootstrap.js; /assets/js/public-shell.js; /assets/js/pages/service-continuity-visuals.js; /assets/js/pages/brand-research-commerce-legal.js; /assets/customer-ui/js/surfaces/visual-binding-r5-guides.js; /assets/js/global-visual-r2.js","/assets/js/pages/service-continuity-visuals.js; /assets/customer-ui/js/surfaces/visual-binding-r5-guides.js; /assets/js/global-visual-r2.js","","PUBLIC","/privacy.html","200","See preserved BROWSER.json / SOURCE-CHECKS-BEFORE.json; historical export errors not reproduced at W0","Shared interface/visual/locale owners and route-specific repairs; original accepted content retained","PASS","BROWSER-CLOSURE.json: en/1440px 2026-10-10T19:12:36.905Z","BROWSER-CLOSURE.json: zh-Hans/390px 2026-10-10T19:12:38.975Z","NOT_DEPLOYED_BY_THIS_TASK","NOT_POST_DEPLOY_VERIFIED"
"/professional/appointments/","professional/appointments/index.html","cc9d3597577039eb8ca518fb4954816a1c31f4e0683bbe80e83ae4310c282f83","locale-bootstrap + /assets/js/locale-bootstrap.js; /assets/customer-ui/js/shell.js","/assets/js/locale-bootstrap.js; /assets/customer-ui/js/shell.js; /assets/customer-ui/js/public-index-copy.js; /assets/customer-ui/js/surfaces/appointment-request.js; /assets/customer-ui/js/surfaces/visual-binding-r5-guides.js","/assets/customer-ui/js/surfaces/visual-binding-r5-guides.js","/search/; /knowledge/ask/; native form","PUBLIC","/professional/appointments/","200","See preserved BROWSER.json / SOURCE-CHECKS-BEFORE.json; historical export errors not reproduced at W0","Shared interface/visual/locale owners and route-specific repairs; original accepted content retained","PASS","BROWSER-FINAL.json: en/1440px 2026-10-10T18:53:07.800Z","BROWSER-FINAL.json: zh-Hans/390px 2026-10-10T18:53:11.632Z","NOT_DEPLOYED_BY_THIS_TASK","NOT_POST_DEPLOY_VERIFIED"
"/professional/authority/","professional/authority/index.html","9514be4291407439171b6caf7b4430eea044d5a34d334775a1e6358955869d01","locale-bootstrap + /assets/js/locale-bootstrap.js; /assets/customer-ui/js/shell.js","/assets/js/locale-bootstrap.js; /assets/customer-ui/js/shell.js; /assets/customer-ui/js/public-index-copy.js","Native source/template","/search/; /knowledge/ask/","PUBLIC","/professional/authority/","200","See preserved BROWSER.json / SOURCE-CHECKS-BEFORE.json; historical export errors not reproduced at W0","Shared interface/visual/locale owners and route-specific repairs; original accepted content retained","PASS","BROWSER-FINAL.json: en/1440px 2026-10-10T18:53:10.143Z","BROWSER-FINAL.json: zh-Hans/390px 2026-10-10T18:53:13.748Z","NOT_DEPLOYED_BY_THIS_TASK","NOT_POST_DEPLOY_VERIFIED"
"/professional/external-readers/","professional/external-readers/index.html","b528bd0953b06614dd565e25b826e3796d1cb09057860680d12553365adb5bca","locale-bootstrap + /assets/js/locale-bootstrap.js; /assets/js/public-shell.js; /assets/js/pages/service-continuity-visuals.js; /assets/js/pages/brand-research-commerce-legal.js","/assets/js/locale-bootstrap.js; /assets/js/public-shell.js; /assets/js/pages/service-continuity-visuals.js; /assets/js/pages/brand-research-commerce-legal.js; /assets/customer-ui/js/public-index-copy.js","/assets/js/pages/service-continuity-visuals.js","","PUBLIC","/professional/external-readers/","200","See preserved BROWSER.json / SOURCE-CHECKS-BEFORE.json; historical export errors not reproduced at W0","Shared interface/visual/locale owners and route-specific repairs; original accepted content retained","PASS","BROWSER-FINAL.json: en/1440px 2026-10-10T18:53:17.239Z","BROWSER-FINAL.json: zh-Hans/390px 2026-10-10T18:53:19.919Z","NOT_DEPLOYED_BY_THIS_TASK","NOT_POST_DEPLOY_VERIFIED"
"/professional/financial/","professional/financial/index.html","ba2d5d867492cb5772ae6fefdd0325cddf18358fb4e713864fe03d719ac49e08","locale-bootstrap + /assets/js/locale-bootstrap.js; /assets/customer-ui/js/shell.js","/assets/js/locale-bootstrap.js; /assets/customer-ui/js/shell.js; /assets/customer-ui/js/surfaces/financial-reality.js; /assets/customer-ui/js/public-index-copy.js; /assets/customer-ui/js/public-index-figures.js; /assets/customer-ui/js/surfaces/visual-binding-r5-guides.js; /assets/js/global-visual-r2.js","/assets/customer-ui/js/surfaces/visual-binding-r5-guides.js; /assets/js/global-visual-r2.js","/search/; /knowledge/ask/; native form; native form","PUBLIC","/professional/financial/","200","See preserved BROWSER.json / SOURCE-CHECKS-BEFORE.json; historical export errors not reproduced at W0","Shared interface/visual/locale owners and route-specific repairs; original accepted content retained","PASS","BROWSER-CLOSURE.json: en/1440px 2026-10-10T19:12:41.949Z","BROWSER-CLOSURE.json: zh-Hans/390px 2026-10-10T19:12:45.521Z","NOT_DEPLOYED_BY_THIS_TASK","NOT_POST_DEPLOY_VERIFIED"
"/professional/","professional/index.html","11c1d83b0d40df6411470b18ca05e82a90bb0da1a5722796881ee0bcfcc9ae61","locale-bootstrap + /assets/js/locale-bootstrap.js; /assets/customer-ui/js/shell.js","/assets/js/locale-bootstrap.js; /assets/customer-ui/js/shell.js; /assets/customer-ui/js/public-index-copy.js; /assets/customer-ui/js/professional-visual-r1.js; /assets/customer-ui/js/surfaces/visual-binding-r5-guides.js; /assets/customer-ui/js/surfaces/product-marketing-r1.js; /assets/js/global-visual-r2.js","/assets/customer-ui/js/professional-visual-r1.js; /assets/customer-ui/js/surfaces/visual-binding-r5-guides.js; /assets/customer-ui/js/surfaces/product-marketing-r1.js; /assets/js/global-visual-r2.js","/search/; /knowledge/ask/","PUBLIC","/professional/","200","See preserved BROWSER.json / SOURCE-CHECKS-BEFORE.json; historical export errors not reproduced at W0","Shared interface/visual/locale owners and route-specific repairs; original accepted content retained","PASS","BROWSER-CLOSURE.json: en/1440px 2026-10-10T19:12:44.880Z","BROWSER-CLOSURE.json: zh-Hans/390px 2026-10-10T19:12:49.346Z","NOT_DEPLOYED_BY_THIS_TASK","NOT_POST_DEPLOY_VERIFIED"
"/professional/reports/","professional/reports/index.html","614083a5f977515bb439465639e5b911067c29584ef65031dfca04d54f19a727","locale-bootstrap + /assets/js/locale-bootstrap.js; /assets/customer-ui/js/shell.js","/assets/js/locale-bootstrap.js; /assets/customer-ui/js/shell.js; /assets/customer-ui/js/surfaces/professional-reports.js; /assets/customer-ui/js/public-index-copy.js; /assets/js/global-visual-r2.js","/assets/js/global-visual-r2.js","/search/; /knowledge/ask/","PUBLIC_ENTRY; account/entitlement required for protected actions","/professional/reports/","200","See preserved BROWSER.json / SOURCE-CHECKS-BEFORE.json; historical export errors not reproduced at W0","Shared interface/visual/locale owners and route-specific repairs; original accepted content retained","PASS","BROWSER-CLOSURE.json: en/1440px 2026-10-10T19:12:48.253Z","BROWSER-CLOSURE.json: zh-Hans/390px 2026-10-10T19:12:50.229Z","NOT_DEPLOYED_BY_THIS_TASK","NOT_POST_DEPLOY_VERIFIED"
"/professional/services/","professional/services/index.html","f3df84afe6ae6ea93c81ba8e4510044041f7a47f601045f7876269d7e4733f57","locale-bootstrap + /assets/js/locale-bootstrap.js; /assets/customer-ui/js/surfaces/page-consolidation-redirect.js","/assets/js/locale-bootstrap.js; /assets/customer-ui/js/surfaces/page-consolidation-redirect.js","Native source/template","/search/; /knowledge/ask/","PUBLIC","/professional/","200","See preserved BROWSER.json / SOURCE-CHECKS-BEFORE.json; historical export errors not reproduced at W0","Shared interface/visual/locale owners and route-specific repairs; original accepted content retained","PASS","BROWSER-FINAL.json: en/1440px 2026-10-10T18:53:29.367Z","BROWSER-FINAL.json: zh-Hans/390px 2026-10-10T18:53:30.350Z","NOT_DEPLOYED_BY_THIS_TASK","NOT_POST_DEPLOY_VERIFIED"
"/professional-appointments.html","professional-appointments.html","39428f16cb7b97a4349f55620a324be181fbd83ddbc60ed0ee7f754327bac8b2","locale-bootstrap + /assets/js/locale-bootstrap.js; /assets/js/pages/professional-appointments.js; /assets/js/pages/service-continuity-visuals.js","/assets/js/locale-bootstrap.js; /assets/js/pages/professional-appointments.js; /assets/js/pages/service-continuity-visuals.js; /assets/customer-ui/js/surfaces/visual-binding-r5-guides.js","/assets/js/pages/service-continuity-visuals.js; /assets/customer-ui/js/surfaces/visual-binding-r5-guides.js","/search/; /knowledge/ask/; native form","PUBLIC","/professional/appointments/","200","See preserved BROWSER.json / SOURCE-CHECKS-BEFORE.json; historical export errors not reproduced at W0","Shared interface/visual/locale owners and route-specific repairs; original accepted content retained","PASS","BROWSER-FINAL.json: en/1440px 2026-10-10T18:53:29.733Z","BROWSER-FINAL.json: zh-Hans/390px 2026-10-10T18:53:30.438Z","NOT_DEPLOYED_BY_THIS_TASK","NOT_POST_DEPLOY_VERIFIED"
"/professional-boundary.html","professional-boundary.html","bc4ace7d00bdaf3edc0322aa42e9cdac553410d0fc748a32b8c7a6b71e80c306","locale-bootstrap + /assets/js/locale-bootstrap.js; /assets/js/public-shell.js; /assets/js/pages/brand-research-commerce-legal.js","/assets/js/locale-bootstrap.js; /assets/js/public-shell.js; /assets/js/pages/brand-research-commerce-legal.js","Native source/template","/search/; /knowledge/ask/","PUBLIC","/professional/authority/","200","See preserved BROWSER.json / SOURCE-CHECKS-BEFORE.json; historical export errors not reproduced at W0","Shared interface/visual/locale owners and route-specific repairs; original accepted content retained","PASS","BROWSER-FINAL.json: en/1440px 2026-10-10T18:53:28.936Z","BROWSER-FINAL.json: zh-Hans/390px 2026-10-10T18:53:29.193Z","NOT_DEPLOYED_BY_THIS_TASK","NOT_POST_DEPLOY_VERIFIED"
"/professional-consent-sharing.html","professional-consent-sharing.html","9cc4cdfa84fd6f754f0feef398479138acb3da4243eba3e9e71f4e3ca9cf414b","locale-bootstrap + /assets/js/locale-bootstrap.js; /assets/js/pages/professional-consent-sharing.js; /assets/js/pages/service-continuity-visuals.js","/assets/js/locale-bootstrap.js; /assets/js/pages/professional-consent-sharing.js; /assets/js/pages/service-continuity-visuals.js; /assets/customer-ui/js/surfaces/visual-binding-r5-guides.js","/assets/js/pages/service-continuity-visuals.js; /assets/customer-ui/js/surfaces/visual-binding-r5-guides.js","consentSharingForm","PUBLIC","/professional-consent-sharing.html","200","See preserved BROWSER.json / SOURCE-CHECKS-BEFORE.json; historical export errors not reproduced at W0","Shared interface/visual/locale owners and route-specific repairs; original accepted content retained","PASS","BROWSER-FINAL.json: en/1440px 2026-10-10T18:53:35.481Z","BROWSER-FINAL.json: zh-Hans/390px 2026-10-10T18:53:35.608Z","NOT_DEPLOYED_BY_THIS_TASK","NOT_POST_DEPLOY_VERIFIED"
"/professional-data-privacy.html","professional-data-privacy.html","4205179a9260a5efe1666bd7f782eaf1368dc2787e5514325c503e543d322492","locale-bootstrap + /assets/js/locale-bootstrap.js; /assets/js/pages/professional-data-privacy.js; /assets/js/pages/service-continuity-visuals.js","/assets/js/locale-bootstrap.js; /assets/js/pages/professional-data-privacy.js; /assets/js/pages/service-continuity-visuals.js","/assets/js/pages/service-continuity-visuals.js","","PUBLIC","/professional-data-privacy.html","200","See preserved BROWSER.json / SOURCE-CHECKS-BEFORE.json; historical export errors not reproduced at W0","Shared interface/visual/locale owners and route-specific repairs; original accepted content retained","PASS","BROWSER-FINAL.json: en/1440px 2026-10-10T18:53:34.800Z","BROWSER-FINAL.json: zh-Hans/390px 2026-10-10T18:53:34.700Z","NOT_DEPLOYED_BY_THIS_TASK","NOT_POST_DEPLOY_VERIFIED"
"/professional-reports.html","professional-reports.html","6bbbcaa0462aa30f9ae0afa5563b1648409ddf6a10dcf8b5b971de0bf30d8ef3","locale-bootstrap + /assets/js/locale-bootstrap.js; /assets/js/pages/professional-reports.js; /assets/js/pages/runtime-spine-visuals.js","/assets/js/locale-bootstrap.js; /assets/js/pages/professional-reports.js; /assets/js/pages/runtime-spine-visuals.js","/assets/js/pages/runtime-spine-visuals.js","/search/; /knowledge/ask/","PUBLIC_ENTRY; account/entitlement required for protected actions","/professional/reports/","200","See preserved BROWSER.json / SOURCE-CHECKS-BEFORE.json; historical export errors not reproduced at W0","Shared interface/visual/locale owners and route-specific repairs; original accepted content retained","PASS","BROWSER-CLOSURE.json: en/1440px 2026-10-10T19:12:52.201Z","BROWSER-CLOSURE.json: zh-Hans/390px 2026-10-10T19:12:52.575Z","NOT_DEPLOYED_BY_THIS_TASK","NOT_POST_DEPLOY_VERIFIED"
"/professional-workspace.html","professional-workspace.html","19233371eedd0b3881538112d39ee1d17d2f2305e28b84e6f3b0d7f15325648e","locale-bootstrap + /assets/js/locale-bootstrap.js; /assets/js/pages/professional-workspace.js; /assets/js/pages/professional-lens-workspace.js; /assets/js/pages/runtime-spine-visuals.js","/assets/js/locale-bootstrap.js; /assets/js/pages/professional-workspace.js; /assets/js/pages/professional-lens-workspace.js; /assets/js/pages/runtime-spine-visuals.js","/assets/js/pages/runtime-spine-visuals.js","native form","PUBLIC_ENTRY; account/entitlement required for protected actions","/professional-workspace.html","200","See preserved BROWSER.json / SOURCE-CHECKS-BEFORE.json; historical export errors not reproduced at W0","Shared interface/visual/locale owners and route-specific repairs; original accepted content retained","PASS","BROWSER-CLOSURE.json: en/1440px 2026-10-10T19:12:55.975Z","BROWSER-CLOSURE.json: zh-Hans/390px 2026-10-10T19:12:55.243Z","NOT_DEPLOYED_BY_THIS_TASK","NOT_POST_DEPLOY_VERIFIED"
"/read/book-one/","read/book-one/index.html","0ba2095406dcf2e2ba0e98344baec2127c9f9eec10f3dc952317fd547d7ed37a","locale-bootstrap + /assets/js/locale-bootstrap.js; /assets/js/public-shell.js; /assets/js/pages/book-one-reader.js","/assets/js/locale-bootstrap.js; /assets/js/public-shell.js; /assets/js/pages/book-one-reader.js","/assets/js/pages/book-one-reader.js","","PUBLIC","/read/book-one/","200","See preserved BROWSER.json / SOURCE-CHECKS-BEFORE.json; historical export errors not reproduced at W0","Shared interface/visual/locale owners and route-specific repairs; original accepted content retained","PASS","BROWSER-FINAL.json: en/1440px 2026-10-10T18:53:38.374Z","BROWSER-FINAL.json: zh-Hans/390px 2026-10-10T18:53:39.527Z","NOT_DEPLOYED_BY_THIS_TASK","NOT_POST_DEPLOY_VERIFIED"
"/readings/i-ching/","readings/i-ching/index.html","63709ef937254980013b24409a508f5863deb43270d1bd0892d70fec40b459df","locale-bootstrap + /assets/js/locale-bootstrap.js; /assets/js/public-shell-v2.js; /assets/js/pages/iching-perspective.js","/assets/js/locale-bootstrap.js; /assets/js/public-shell-v2.js; /assets/js/pages/iching-perspective.js","Native source/template","","PUBLIC_ENTRY; account/entitlement required for protected actions","/readings/i-ching/","200","See preserved BROWSER.json / SOURCE-CHECKS-BEFORE.json; historical export errors not reproduced at W0","Shared interface/visual/locale owners and route-specific repairs; original accepted content retained","PASS","BROWSER-READINGS.json: en/1440px 2026-10-10T19:13:04.985Z","BROWSER-READINGS.json: zh-Hans/390px 2026-10-10T19:13:05.860Z","NOT_DEPLOYED_BY_THIS_TASK","NOT_POST_DEPLOY_VERIFIED"
"/readings/","readings/index.html","5dee332a35eee1f194200424dae1b15a62d889c39a4995febe0c0cdd87d4572a","locale-bootstrap + /assets/js/locale-bootstrap.js; /assets/js/public-shell-v2.js; /assets/js/pages/readings-v3.js","/assets/js/locale-bootstrap.js; /assets/js/public-shell-v2.js; /assets/js/pages/readings-v3.js","Native source/template","","PUBLIC_ENTRY; account/entitlement required for protected actions","/readings/","200","See preserved BROWSER.json / SOURCE-CHECKS-BEFORE.json; historical export errors not reproduced at W0","Shared interface/visual/locale owners and route-specific repairs; original accepted content retained","PASS","BROWSER-READINGS.json: en/1440px 2026-10-10T19:13:07.329Z","BROWSER-READINGS.json: zh-Hans/390px 2026-10-10T19:13:09.055Z","NOT_DEPLOYED_BY_THIS_TASK","NOT_POST_DEPLOY_VERIFIED"
"/reality/","reality/index.html","a13e650a1b5accab1fd3ba7a78de67fa09c4da84bb1e9754767f8a7ed1e65843","locale-bootstrap + /assets/js/locale-bootstrap.js; /assets/customer-ui/js/shell.js","/assets/js/locale-bootstrap.js; /assets/customer-ui/js/shell.js; /assets/customer-ui/js/surfaces/my-reality.js; /assets/customer-ui/js/public-index-copy.js; /assets/customer-ui/js/surfaces/visual-binding-r5-guides.js; /assets/js/global-visual-r2.js","/assets/customer-ui/js/surfaces/visual-binding-r5-guides.js; /assets/js/global-visual-r2.js","/search/; /knowledge/ask/; native form; native form","PUBLIC","/reality/","200","See preserved BROWSER.json / SOURCE-CHECKS-BEFORE.json; historical export errors not reproduced at W0","Shared interface/visual/locale owners and route-specific repairs; original accepted content retained","PASS","BROWSER-CLOSURE.json: en/1440px 2026-10-10T19:12:58.801Z","BROWSER-CLOSURE.json: zh-Hans/390px 2026-10-10T19:12:59.447Z","NOT_DEPLOYED_BY_THIS_TASK","NOT_POST_DEPLOY_VERIFIED"
"/reality-entry.html","reality-entry.html","2318691b4e8463daaad49fd28d9c6a94f43379ab9985b45b426e862ca8cced96","locale-bootstrap + /assets/js/locale-bootstrap.js; /assets/js/journey-shell.js","/assets/js/locale-bootstrap.js; /assets/js/reality-entry.js; /assets/js/entry-experience.js; /assets/js/journey-shell.js","Native source/template","/search/; /knowledge/ask/; native form; native form","PUBLIC","/reality/","200","See preserved BROWSER.json / SOURCE-CHECKS-BEFORE.json; historical export errors not reproduced at W0","Shared interface/visual/locale owners and route-specific repairs; original accepted content retained","PASS","BROWSER-FINAL.json: en/1440px 2026-10-10T18:53:47.580Z","BROWSER-FINAL.json: zh-Hans/390px 2026-10-10T18:53:48.091Z","NOT_DEPLOYED_BY_THIS_TASK","NOT_POST_DEPLOY_VERIFIED"
"/reality-journey.html","reality-journey.html","de43feb96952adbcd12dc53da4f799f3e55af459a02dc74fdb3e13f07c9f335e","locale-bootstrap + /assets/js/locale-bootstrap.js; /assets/js/public-shell.js; /assets/js/pages/reality-journey-production.js; /assets/js/journey-shell.js","/assets/js/locale-bootstrap.js; /assets/js/public-shell.js; /assets/js/pages/reality-journey-production.js; /assets/js/journey-shell.js","Native source/template","","PUBLIC","/reality-journey.html","200","See preserved BROWSER.json / SOURCE-CHECKS-BEFORE.json; historical export errors not reproduced at W0","Shared interface/visual/locale owners and route-specific repairs; original accepted content retained","PASS","BROWSER-CLOSURE.json: en/1440px 2026-10-10T19:13:04.937Z","BROWSER-CLOSURE.json: zh-Hans/390px 2026-10-10T19:13:06.581Z","NOT_DEPLOYED_BY_THIS_TASK","NOT_POST_DEPLOY_VERIFIED"
"/reality-navigation.html","reality-navigation.html","43776eca5efb8374b25e8be380204ca597e66846ef17fe48cbc980cc660c4214","locale-bootstrap + /assets/js/locale-bootstrap.js; /assets/js/journey-shell.js","/assets/js/locale-bootstrap.js; /assets/js/navigation.js; /assets/js/journey-shell.js","Native source/template","","PUBLIC","/reality-navigation.html","200","See preserved BROWSER.json / SOURCE-CHECKS-BEFORE.json; historical export errors not reproduced at W0","Shared interface/visual/locale owners and route-specific repairs; original accepted content retained","PASS","BROWSER-FINAL.json: en/1440px 2026-10-10T18:53:52.479Z","BROWSER-FINAL.json: zh-Hans/390px 2026-10-10T18:53:52.789Z","NOT_DEPLOYED_BY_THIS_TASK","NOT_POST_DEPLOY_VERIFIED"
"/reality-reading.html","reality-reading.html","c75a383a5c7d942d28bbbe61a56ad09c89f833371ed20d9a7219fe28603a0b4c","locale-bootstrap + /assets/js/locale-bootstrap.js; /assets/js/journey-shell.js","/assets/js/locale-bootstrap.js; /assets/js/reading.js; /assets/js/journey-shell.js","Native source/template","","PUBLIC_ENTRY; account/entitlement required for protected actions","/reality-reading.html","200","See preserved BROWSER.json / SOURCE-CHECKS-BEFORE.json; historical export errors not reproduced at W0","Shared interface/visual/locale owners and route-specific repairs; original accepted content retained","PASS","BROWSER-CLOSURE.json: en/1440px 2026-10-10T19:13:07.931Z","BROWSER-CLOSURE.json: zh-Hans/390px 2026-10-10T19:13:09.585Z","NOT_DEPLOYED_BY_THIS_TASK","NOT_POST_DEPLOY_VERIFIED"
"/reality-reconstruction.html","reality-reconstruction.html","0df5f04a3d77414197a0f6247dcf32953ce1d4bb5fbb6d3422edb53d6b5f17ef","locale-bootstrap + /assets/js/locale-bootstrap.js; /assets/js/journey-shell.js","/assets/js/locale-bootstrap.js; /assets/js/reconstruction.js; /assets/js/journey-shell.js","Native source/template","inquiryForm","PUBLIC","/reality-reconstruction.html","200","See preserved BROWSER.json / SOURCE-CHECKS-BEFORE.json; historical export errors not reproduced at W0","Shared interface/visual/locale owners and route-specific repairs; original accepted content retained","PASS","BROWSER-FINAL.json: en/1440px 2026-10-10T18:53:53.609Z","BROWSER-FINAL.json: zh-Hans/390px 2026-10-10T18:53:57.417Z","NOT_DEPLOYED_BY_THIS_TASK","NOT_POST_DEPLOY_VERIFIED"
"/reality-review.html","reality-review.html","fdb6a28866c27156d31f73e25e57bb13bff25a82eb42c7d14bcdd02f972d6b8a","locale-bootstrap + /assets/js/locale-bootstrap.js; /assets/js/journey-shell.js","/assets/js/locale-bootstrap.js; /assets/js/review.js; /assets/js/journey-shell.js","Native source/template","","PUBLIC","/reality-review.html","200","See preserved BROWSER.json / SOURCE-CHECKS-BEFORE.json; historical export errors not reproduced at W0","Shared interface/visual/locale owners and route-specific repairs; original accepted content retained","PASS","BROWSER-FINAL.json: en/1440px 2026-10-10T18:53:58.424Z","BROWSER-FINAL.json: zh-Hans/390px 2026-10-10T18:53:58.604Z","NOT_DEPLOYED_BY_THIS_TASK","NOT_POST_DEPLOY_VERIFIED"
"/research/human-reading-systems/","research/human-reading-systems/index.html","5805e6d39ba9149cabf9786fbb4d9a223d99c7c7a23a99d44cadc121afa224fe","locale-bootstrap + /assets/js/locale-bootstrap.js; /assets/js/public-shell.js","/assets/js/locale-bootstrap.js; /assets/js/public-shell.js; /assets/customer-ui/js/public-index-copy.js","Native source/template","","PUBLIC_ENTRY; account/entitlement required for protected actions","/research/human-reading-systems/","200","See preserved BROWSER.json / SOURCE-CHECKS-BEFORE.json; historical export errors not reproduced at W0","Shared interface/visual/locale owners and route-specific repairs; original accepted content retained","PASS","BROWSER-FINAL.json: en/1440px 2026-10-10T18:53:59.260Z","BROWSER-FINAL.json: zh-Hans/390px 2026-10-10T18:53:59.263Z","NOT_DEPLOYED_BY_THIS_TASK","NOT_POST_DEPLOY_VERIFIED"
"/research/","research/index.html","928e097660b9a307252434f3a5b06986ced11f405f378c3f20ff4a45c4411bc0","locale-bootstrap + /assets/js/locale-bootstrap.js; /assets/js/public-shell.js; /assets/js/pages/brand-research-commerce-legal.js","/assets/js/locale-bootstrap.js; /assets/js/public-shell.js; /assets/js/pages/brand-research-commerce-legal.js; /assets/customer-ui/js/public-index-copy.js","Native source/template","","PUBLIC","/research/","200","See preserved BROWSER.json / SOURCE-CHECKS-BEFORE.json; historical export errors not reproduced at W0","Shared interface/visual/locale owners and route-specific repairs; original accepted content retained","PASS","BROWSER-CLOSURE.json: en/1440px 2026-10-10T19:13:11.017Z","BROWSER-CLOSURE.json: zh-Hans/390px 2026-10-10T19:13:13.305Z","NOT_DEPLOYED_BY_THIS_TASK","NOT_POST_DEPLOY_VERIFIED"
"/research/why-reality-navigation/","research/why-reality-navigation/index.html","393cf2ae27c4bf540cf688f23fe3b26f6de20a3a4b68a70b229b28a5c0de5b75","locale-bootstrap + /assets/js/locale-bootstrap.js; /assets/js/public-shell.js","/assets/js/locale-bootstrap.js; /assets/js/public-shell.js; /assets/customer-ui/js/public-index-copy.js","Native source/template","","PUBLIC","/research/why-reality-navigation/","200","See preserved BROWSER.json / SOURCE-CHECKS-BEFORE.json; historical export errors not reproduced at W0","Shared interface/visual/locale owners and route-specific repairs; original accepted content retained","PASS","BROWSER-FINAL.json: en/1440px 2026-10-10T18:54:04.165Z","BROWSER-FINAL.json: zh-Hans/390px 2026-10-10T18:54:06.182Z","NOT_DEPLOYED_BY_THIS_TASK","NOT_POST_DEPLOY_VERIFIED"
"/search/","search/index.html","890d04c7416ee87a511e3b99451e57b8d4b8f036929e81484713c60ea6964f61","locale-bootstrap + /assets/js/locale-bootstrap.js; /assets/customer-ui/js/shell.js","/assets/js/locale-bootstrap.js; /assets/customer-ui/js/shell.js; /assets/customer-ui/js/surfaces/knowledge.js; /assets/customer-ui/js/surfaces/visual-binding-r5-guides.js","/assets/customer-ui/js/surfaces/visual-binding-r5-guides.js","/search/; /knowledge/ask/; native form","PUBLIC","/search/","200","See preserved BROWSER.json / SOURCE-CHECKS-BEFORE.json; historical export errors not reproduced at W0","Shared interface/visual/locale owners and route-specific repairs; original accepted content retained","PASS","BROWSER-FINAL.json: en/1440px 2026-10-10T18:54:04.783Z","BROWSER-FINAL.json: zh-Hans/390px 2026-10-10T18:54:05.383Z","NOT_DEPLOYED_BY_THIS_TASK","NOT_POST_DEPLOY_VERIFIED"
"/services.html","services.html","5e3c351b56a9204cebc74d6061f90b8f6fadb16f801282195d668fad9cf5ee39","locale-bootstrap + /assets/js/locale-bootstrap.js; /assets/js/public-shell-v2.js","/assets/js/locale-bootstrap.js; /assets/js/public-shell-v2.js","Native source/template","/search/; /knowledge/ask/","PUBLIC","/professional/","200","See preserved BROWSER.json / SOURCE-CHECKS-BEFORE.json; historical export errors not reproduced at W0","Shared interface/visual/locale owners and route-specific repairs; original accepted content retained","PASS","BROWSER-FINAL.json: en/1440px 2026-10-10T18:54:05.732Z","BROWSER-FINAL.json: zh-Hans/390px 2026-10-10T18:54:07.949Z","NOT_DEPLOYED_BY_THIS_TASK","NOT_POST_DEPLOY_VERIFIED"
"/terms.html","terms.html","c11e3e03651d0c23f3ccdb87a1cb56081ccf7e5cded0963a9ddd5b039f1c9f11","locale-bootstrap + /assets/js/locale-bootstrap.js; /assets/js/public-shell.js; /assets/js/pages/brand-research-commerce-legal.js","/assets/js/locale-bootstrap.js; /assets/js/public-shell.js; /assets/js/pages/brand-research-commerce-legal.js","Native source/template","","PUBLIC","/terms.html","200","See preserved BROWSER.json / SOURCE-CHECKS-BEFORE.json; historical export errors not reproduced at W0","Shared interface/visual/locale owners and route-specific repairs; original accepted content retained","PASS","BROWSER-FINAL.json: en/1440px 2026-10-10T18:54:10.802Z","BROWSER-FINAL.json: zh-Hans/390px 2026-10-10T18:54:11.722Z","NOT_DEPLOYED_BY_THIS_TASK","NOT_POST_DEPLOY_VERIFIED"
"/thesis.html","thesis.html","70daa27aacf50d999517c437ad1e572cc792dc97eda0766e5ee53459247a4f07","locale-bootstrap + /assets/js/locale-bootstrap.js; /assets/js/public-shell.js; /assets/js/pages/thesis-seven.js; /assets/js/pages/knowledge-connections.js","/assets/js/locale-bootstrap.js; /assets/js/shared.js; /assets/js/public-shell.js; /assets/js/pages/thesis-seven.js; /assets/js/pages/knowledge-connections.js; /assets/customer-ui/js/public-index-copy.js","Native source/template","","PUBLIC","/thesis.html","200","See preserved BROWSER.json / SOURCE-CHECKS-BEFORE.json; historical export errors not reproduced at W0","Shared interface/visual/locale owners and route-specific repairs; original accepted content retained","PASS","BROWSER-CLOSURE.json: en/1440px 2026-10-10T19:13:17.837Z","BROWSER-CLOSURE.json: zh-Hans/390px 2026-10-10T19:13:23.283Z","NOT_DEPLOYED_BY_THIS_TASK","NOT_POST_DEPLOY_VERIFIED"
"/world/","world/index.html","dc9dac575d5958c6a6c68636f9ff3d32bc3ce57b73f3d03c17281656ddd663be","locale-bootstrap + /assets/js/locale-bootstrap.js; /assets/js/public-shell.js; /assets/js/pages/world.js?v=world-r1","/assets/js/locale-bootstrap.js; /assets/js/public-shell.js; /assets/js/pages/world.js?v=world-r1","/assets/js/pages/world.js?v=world-r1","native form","PUBLIC","/world/","200","See preserved BROWSER.json / SOURCE-CHECKS-BEFORE.json; historical export errors not reproduced at W0","Shared interface/visual/locale owners and route-specific repairs; original accepted content retained","PASS","BROWSER-CLOSURE.json: en/1440px 2026-10-10T19:13:20.089Z","BROWSER-CLOSURE.json: zh-Hans/390px 2026-10-10T19:13:22.864Z","NOT_DEPLOYED_BY_THIS_TASK","NOT_POST_DEPLOY_VERIFIED"
