"序号","分类","R2 object key","公开图片链接","用途","原登记页面","检查状态","实际显示页面","引用文件"
"1","品牌标识","images/branding/logo/PHIOS-APP-ICON-v1.svg","https://pub-1967bc5812ee4164b19a806fb1427021.r2.dev/images/branding/logo/PHIOS-APP-ICON-v1.svg","LOGO-012","","BROWSER_ICON_ACTIVE","/privacy.html | /checkout.html | /payment-success.html | /payment-failure.html | /book-one-preview.html","content/customer-experience-rebuild/authority/customer-brand-asset-authority-v2.json | content/customer-experience-rebuild/authority/customer-visual-asset-registry-v2.json | content/customer-experience-rebuild/authority/customer-visual-asset-registry-v3.json | content/production-truth/brand/ptrc-w1-brand-asset-registry-v1.json | content/registry/public-assets.json | content/web-production/client-visual-consumption/evidence/branding-r2-live-verification-v1.json | content/web-production/registries/phios-logo-registry-v1.json"
"2","品牌标识","images/branding/logo/PHIOS-FAVICON-v1.svg","https://pub-1967bc5812ee4164b19a806fb1427021.r2.dev/images/branding/logo/PHIOS-FAVICON-v1.svg","LOGO-011","","BROWSER_ICON_ACTIVE","/academy/ | /account/ | /professional/financial/ | /figures/ | /reality/ | /professional/ | /explore/how-it-works/ | /perspectives/ | /professional/appointments/ | /professional/reports/ | /privacy.html | / | /perspectives/personal/ | /knowledge/ | /perspectives/tarot/ | /professional/services/ | /checkout.html | /payment-success.html | /payment-failure.html | /book-one-preview.html","assets/js/branding/favicon-authority.js | content/civilization-atlas/maintenance/book-v-civ-atlas-r1-m1-w0-baseline-reconciliation-v1.json | content/customer-experience-rebuild/authority/customer-brand-asset-authority-v2.json | content/customer-experience-rebuild/authority/customer-visual-asset-registry-v2.json | content/customer-experience-rebuild/authority/customer-visual-asset-registry-v3.json | content/production-truth/brand/ptrc-w1-brand-asset-registry-v1.json | content/registry/public-assets.json | content/web-production/client-visual-consumption/evidence/branding-r2-live-verification-v1.json | content/web-production/registries/phios-logo-registry-v1.json"
"3","品牌标识","images/branding/logo/PHIOS-LOGO-GETPHIOS-COM-LOCKUP-v1.svg","https://pub-1967bc5812ee4164b19a806fb1427021.r2.dev/images/branding/logo/PHIOS-LOGO-GETPHIOS-COM-LOCKUP-v1.svg","LOGO-006","","CONTEXTUAL_VARIANT_NOT_REQUIRED","","content/customer-experience-rebuild/authority/customer-brand-asset-authority-v2.json | content/customer-experience-rebuild/authority/customer-visual-asset-registry-v2.json | content/customer-experience-rebuild/authority/customer-visual-asset-registry-v3.json | content/production-truth/brand/ptrc-w1-brand-asset-registry-v1.json | content/registry/public-assets.json | content/web-production/client-visual-consumption/evidence/branding-r2-live-verification-v1.json | content/web-production/registries/phios-logo-registry-v1.json"
"4","品牌标识","images/branding/logo/PHIOS-LOGO-MARK-FLAT-v1.svg","https://pub-1967bc5812ee4164b19a806fb1427021.r2.dev/images/branding/logo/PHIOS-LOGO-MARK-FLAT-v1.svg","Public editorial illustration; not a new knowledge claim.","","CONTEXTUAL_VARIANT_NOT_REQUIRED","","content/web-production/registries/client-visual-asset-registry-v1.8.json"
"5","品牌标识","images/branding/logo/PHIOS-LOGO-MARK-MONO-DARK-v1.svg","https://pub-1967bc5812ee4164b19a806fb1427021.r2.dev/images/branding/logo/PHIOS-LOGO-MARK-MONO-DARK-v1.svg","LOGO-007","","CONTEXTUAL_VARIANT_NOT_REQUIRED","","content/customer-experience-rebuild/authority/customer-brand-asset-authority-v2.json | content/customer-experience-rebuild/authority/customer-visual-asset-registry-v2.json | content/customer-experience-rebuild/authority/customer-visual-asset-registry-v3.json | content/production-truth/brand/ptrc-w1-brand-asset-registry-v1.json | content/registry/public-assets.json | content/web-production/client-visual-consumption/evidence/branding-r2-live-verification-v1.json | content/web-production/registries/phios-logo-registry-v1.json"
"6","品牌标识","images/branding/logo/PHIOS-LOGO-MARK-MONO-LIGHT-v1.svg","https://pub-1967bc5812ee4164b19a806fb1427021.r2.dev/images/branding/logo/PHIOS-LOGO-MARK-MONO-LIGHT-v1.svg","LOGO-008","","CONTEXTUAL_VARIANT_NOT_REQUIRED","","content/customer-experience-rebuild/authority/customer-brand-asset-authority-v2.json | content/customer-experience-rebuild/authority/customer-visual-asset-registry-v2.json | content/customer-experience-rebuild/authority/customer-visual-asset-registry-v3.json | content/production-truth/brand/ptrc-w1-brand-asset-registry-v1.json | content/registry/public-assets.json | content/web-production/client-visual-consumption/evidence/branding-r2-live-verification-v1.json | content/web-production/registries/phios-logo-registry-v1.json"
"7","品牌标识","images/branding/logo/PHIOS-LOGO-MARK-v1.svg","https://pub-1967bc5812ee4164b19a806fb1427021.r2.dev/images/branding/logo/PHIOS-LOGO-MARK-v1.svg","LOGO-001","","CONTEXTUAL_VARIANT_NOT_REQUIRED","","content/customer-experience-rebuild/authority/customer-brand-asset-authority-v2.json | content/customer-experience-rebuild/authority/customer-visual-asset-registry-v2.json | content/customer-experience-rebuild/authority/customer-visual-asset-registry-v3.json | content/production-truth/brand/ptrc-w1-brand-asset-registry-v1.json | content/registry/public-assets.json | content/web-production/client-visual-consumption/evidence/branding-r2-live-verification-v1.json | content/web-production/registries/phios-logo-registry-v1.json"
"8","品牌标识","images/branding/logo/PHIOS-LOGO-PRIMARY-HORIZONTAL-v1.svg","https://pub-1967bc5812ee4164b19a806fb1427021.r2.dev/images/branding/logo/PHIOS-LOGO-PRIMARY-HORIZONTAL-v1.svg","LOGO-003","","DISPLAYED_ON_ACTIVE_SURFACE","/professional-consent-sharing.html | /external-reader-intake.html | /privacy.html | /professional-workspace.html | /checkout.html | /payment-success.html | /payment-failure.html | /book-one-preview.html","content/customer-experience-rebuild/authority/customer-brand-asset-authority-v2.json | content/customer-experience-rebuild/authority/customer-visual-asset-registry-v2.json | content/customer-experience-rebuild/authority/customer-visual-asset-registry-v3.json | content/production-truth/brand/ptrc-w1-brand-asset-registry-v1.json | content/registry/public-assets.json | content/web-production/client-visual-consumption/evidence/branding-r2-live-verification-v1.json | content/web-production/registries/phios-logo-registry-v1.json"
"9","品牌标识","images/branding/logo/PHIOS-LOGO-PRIMARY-MONO-DARK-v1.svg","https://pub-1967bc5812ee4164b19a806fb1427021.r2.dev/images/branding/logo/PHIOS-LOGO-PRIMARY-MONO-DARK-v1.svg","LOGO-009","","DISPLAYED_ON_ACTIVE_SURFACE","/academy/ | /account/ | /professional/financial/ | /figures/ | /reality/ | /professional/ | /explore/how-it-works/ | /perspectives/ | /professional/appointments/ | /professional/reports/ | / | /perspectives/personal/ | /knowledge/ | /perspectives/tarot/ | /professional/services/","content/customer-experience-rebuild/authority/customer-brand-asset-authority-v2.json | content/customer-experience-rebuild/authority/customer-visual-asset-registry-v2.json | content/customer-experience-rebuild/authority/customer-visual-asset-registry-v3.json | content/product-visual-platform-r1/static-assets/evidence/pvp-r1-vis-w31-remote-verification-v1.json | content/product-visual-platform-r1/static-assets/pvp-r1-vis-w29-static-production-asset-selection-v1.json | content/product-visual-platform-r1/static-assets/pvp-r1-vis-w30-static-production-asset-registry-v1.json | content/production-truth/brand/ptrc-w1-brand-asset-registry-v1.json | content/registry/public-assets.json | content/web-production/client-visual-consumption/evidence/branding-r2-live-verification-v1.json | content/web-production/registries/phios-logo-registry-v1.json"
"10","品牌标识","images/branding/logo/PHIOS-LOGO-PRIMARY-MONO-LIGHT-v1.svg","https://pub-1967bc5812ee4164b19a806fb1427021.r2.dev/images/branding/logo/PHIOS-LOGO-PRIMARY-MONO-LIGHT-v1.svg","LOGO-010","","DISPLAYED_ON_ACTIVE_SURFACE","/academy/ | /account/ | /professional/financial/ | /figures/ | /reality/ | /professional/ | /explore/how-it-works/ | /perspectives/ | /professional/appointments/ | /professional/reports/ | /privacy.html | / | /perspectives/personal/ | /knowledge/ | /perspectives/tarot/ | /professional/services/ | /checkout.html | /payment-success.html | /payment-failure.html | /book-one-preview.html","content/customer-experience-rebuild/authority/customer-brand-asset-authority-v2.json | content/customer-experience-rebuild/authority/customer-visual-asset-registry-v2.json | content/customer-experience-rebuild/authority/customer-visual-asset-registry-v3.json | content/production-truth/brand/ptrc-w1-brand-asset-registry-v1.json | content/registry/public-assets.json | content/web-production/client-visual-consumption/evidence/branding-r2-live-verification-v1.json | content/web-production/registries/phios-logo-registry-v1.json"
"11","品牌标识","images/branding/logo/PHIOS-LOGO-PRIMARY-STACKED-v1.svg","https://pub-1967bc5812ee4164b19a806fb1427021.r2.dev/images/branding/logo/PHIOS-LOGO-PRIMARY-STACKED-v1.svg","LOGO-004","","CONTEXTUAL_VARIANT_NOT_REQUIRED","","content/customer-experience-rebuild/authority/customer-brand-asset-authority-v2.json | content/customer-experience-rebuild/authority/customer-visual-asset-registry-v2.json | content/customer-experience-rebuild/authority/customer-visual-asset-registry-v3.json | content/production-truth/brand/ptrc-w1-brand-asset-registry-v1.json | content/registry/public-assets.json | content/web-production/client-visual-consumption/evidence/branding-r2-live-verification-v1.json | content/web-production/registries/phios-logo-registry-v1.json"
"12","品牌标识","images/branding/logo/PHIOS-LOGO-REALITY-NAVIGATION-LOCKUP-v1.svg","https://pub-1967bc5812ee4164b19a806fb1427021.r2.dev/images/branding/logo/PHIOS-LOGO-REALITY-NAVIGATION-LOCKUP-v1.svg","LOGO-005","","CONTEXTUAL_VARIANT_NOT_REQUIRED","","content/customer-experience-rebuild/audits/customer-asset-availability-v1.json | content/customer-experience-rebuild/authority/customer-brand-asset-authority-v2.json | content/customer-experience-rebuild/authority/customer-visual-asset-registry-v2.json | content/customer-experience-rebuild/authority/customer-visual-asset-registry-v3.json | content/production-truth/brand/ptrc-w1-brand-asset-registry-v1.json | content/registry/public-assets.json | content/web-production/client-visual-consumption/evidence/branding-r2-live-verification-v1.json | content/web-production/registries/phios-logo-registry-v1.json"
"13","品牌标识","images/branding/logo/PHIOS-LOGO-WORDMARK-v1.svg","https://pub-1967bc5812ee4164b19a806fb1427021.r2.dev/images/branding/logo/PHIOS-LOGO-WORDMARK-v1.svg","LOGO-002","","CONTEXTUAL_VARIANT_NOT_REQUIRED","","content/customer-experience-rebuild/authority/customer-brand-asset-authority-v2.json | content/customer-experience-rebuild/authority/customer-visual-asset-registry-v2.json | content/customer-experience-rebuild/authority/customer-visual-asset-registry-v3.json | content/production-truth/brand/ptrc-w1-brand-asset-registry-v1.json | content/registry/public-assets.json | content/web-production/client-visual-consumption/evidence/branding-r2-live-verification-v1.json | content/web-production/registries/phios-logo-registry-v1.json"
"14","知识与报告图示","images/figures/academy/PHIOS-FIGURE-CAPABILITY-PROGRESSION-v1.svg","https://pub-1967bc5812ee4164b19a806fb1427021.r2.dev/images/figures/academy/PHIOS-FIGURE-CAPABILITY-PROGRESSION-v1.svg","Capability Progression","/academy/","DISPLAYED_CONDITIONALLY","/academy/","content/customer-experience-rebuild/audits/customer-asset-availability-v1.json | content/customer-experience-rebuild/authority/customer-visual-asset-registry-v2.json | content/customer-experience-rebuild/authority/customer-visual-asset-registry-v3.json | content/registry/public-assets.json | content/visual-production/figure/canonical-client-figure-registry-v2.json | content/web-production/registries/client-visual-asset-registry-v1.2.json | content/web-production/registries/client-visual-asset-registry-v1.3.json | content/web-production/registries/client-visual-asset-registry-v1.4.json | content/web-production/registries/client-visual-asset-registry-v1.5.json | content/web-production/registries/client-visual-asset-registry-v1.6.json | content/web-production/registries/client-visual-asset-registry-v1.7.json | content/web-production/registries/client-visual-asset-registry-v1.8.json | content/web/homepage/hpc2-pre/evidence/r2-live-verification-v1.json | content/web/homepage/hpc2-pre/r2-actual-object-inventory-v1.json | content/web/index-surfaces/pis-r1-context-figures-v1.json"
"15","知识与报告图示","images/figures/academy/PHIOS-FIGURE-EVIDENCE-INFERENCE-v1.svg","https://pub-1967bc5812ee4164b19a806fb1427021.r2.dev/images/figures/academy/PHIOS-FIGURE-EVIDENCE-INFERENCE-v1.svg","Evidence vs Inference","/academy/","DISPLAYED_CONDITIONALLY","/academy/","content/customer-experience-rebuild/audits/customer-asset-availability-v1.json | content/customer-experience-rebuild/authority/customer-visual-asset-registry-v2.json | content/customer-experience-rebuild/authority/customer-visual-asset-registry-v3.json | content/registry/public-assets.json | content/visual-production/figure/canonical-client-figure-registry-v2.json | content/web-production/registries/client-visual-asset-registry-v1.2.json | content/web-production/registries/client-visual-asset-registry-v1.3.json | content/web-production/registries/client-visual-asset-registry-v1.4.json | content/web-production/registries/client-visual-asset-registry-v1.5.json | content/web-production/registries/client-visual-asset-registry-v1.6.json | content/web-production/registries/client-visual-asset-registry-v1.7.json | content/web-production/registries/client-visual-asset-registry-v1.8.json | content/web/homepage/hpc2-pre/evidence/r2-live-verification-v1.json | content/web/homepage/hpc2-pre/r2-actual-object-inventory-v1.json | content/web/index-surfaces/pis-r1-context-figures-v1.json"
"16","知识与报告图示","images/figures/academy/PHIOS-FIGURE-KNOWLEDGE-LESSON-PRACTICE-v1.svg","https://pub-1967bc5812ee4164b19a806fb1427021.r2.dev/images/figures/academy/PHIOS-FIGURE-KNOWLEDGE-LESSON-PRACTICE-v1.svg","Knowledge → Lesson → Practice","/academy/","DISPLAYED_CONDITIONALLY","/academy/","content/customer-experience-rebuild/audits/customer-asset-availability-v1.json | content/customer-experience-rebuild/authority/customer-visual-asset-registry-v2.json | content/customer-experience-rebuild/authority/customer-visual-asset-registry-v3.json | content/registry/public-assets.json | content/visual-production/figure/canonical-client-figure-registry-v2.json | content/web-production/registries/client-visual-asset-registry-v1.2.json | content/web-production/registries/client-visual-asset-registry-v1.3.json | content/web-production/registries/client-visual-asset-registry-v1.4.json | content/web-production/registries/client-visual-asset-registry-v1.5.json | content/web-production/registries/client-visual-asset-registry-v1.6.json | content/web-production/registries/client-visual-asset-registry-v1.7.json | content/web-production/registries/client-visual-asset-registry-v1.8.json | content/web/homepage/hpc2-pre/evidence/r2-live-verification-v1.json | content/web/homepage/hpc2-pre/r2-actual-object-inventory-v1.json | content/web/index-surfaces/pis-r1-context-figures-v1.json"
"17","知识与报告图示","images/figures/academy/PHIOS-FIGURE-LEARNING-ARCHITECTURE-v1.svg","https://pub-1967bc5812ee4164b19a806fb1427021.r2.dev/images/figures/academy/PHIOS-FIGURE-LEARNING-ARCHITECTURE-v1.svg","Learning Architecture","/academy/","DISPLAYED_CONDITIONALLY","/academy/","content/customer-experience-rebuild/audits/customer-asset-availability-v1.json | content/customer-experience-rebuild/authority/customer-visual-asset-registry-v2.json | content/customer-experience-rebuild/authority/customer-visual-asset-registry-v3.json | content/registry/public-assets.json | content/visual-production/figure/canonical-client-figure-registry-v2.json | content/web-production/registries/client-visual-asset-registry-v1.2.json | content/web-production/registries/client-visual-asset-registry-v1.3.json | content/web-production/registries/client-visual-asset-registry-v1.4.json | content/web-production/registries/client-visual-asset-registry-v1.5.json | content/web-production/registries/client-visual-asset-registry-v1.6.json | content/web-production/registries/client-visual-asset-registry-v1.7.json | content/web-production/registries/client-visual-asset-registry-v1.8.json | content/web/homepage/hpc2-pre/evidence/r2-live-verification-v1.json | content/web/homepage/hpc2-pre/r2-actual-object-inventory-v1.json | content/web/index-surfaces/pis-r1-context-figures-v1.json"
"18","知识与报告图示","images/figures/academy/PHIOS-FIGURE-LEARNING-CONTINUITY-v1.svg","https://pub-1967bc5812ee4164b19a806fb1427021.r2.dev/images/figures/academy/PHIOS-FIGURE-LEARNING-CONTINUITY-v1.svg","Learning Continuity","/academy/","DISPLAYED_CONDITIONALLY","/academy/","content/customer-experience-rebuild/audits/customer-asset-availability-v1.json | content/customer-experience-rebuild/authority/customer-visual-asset-registry-v2.json | content/customer-experience-rebuild/authority/customer-visual-asset-registry-v3.json | content/registry/public-assets.json | content/visual-production/figure/canonical-client-figure-registry-v2.json | content/web-production/registries/client-visual-asset-registry-v1.2.json | content/web-production/registries/client-visual-asset-registry-v1.3.json | content/web-production/registries/client-visual-asset-registry-v1.4.json | content/web-production/registries/client-visual-asset-registry-v1.5.json | content/web-production/registries/client-visual-asset-registry-v1.6.json | content/web-production/registries/client-visual-asset-registry-v1.7.json | content/web-production/registries/client-visual-asset-registry-v1.8.json | content/web/homepage/hpc2-pre/evidence/r2-live-verification-v1.json | content/web/homepage/hpc2-pre/r2-actual-object-inventory-v1.json | content/web/index-surfaces/pis-r1-context-figures-v1.json"
"19","知识与报告图示","images/figures/account/PHIOS-FIGURE-ACCOUNT-REALITY-STRUCTURE-v1.svg","https://pub-1967bc5812ee4164b19a806fb1427021.r2.dev/images/figures/account/PHIOS-FIGURE-ACCOUNT-REALITY-STRUCTURE-v1.svg","Account Reality Structure","/account.html","LEGACY_ROUTE_ONLY","","content/customer-experience-rebuild/audits/customer-asset-availability-v1.json | content/customer-experience-rebuild/authority/customer-visual-asset-registry-v2.json | content/customer-experience-rebuild/authority/customer-visual-asset-registry-v3.json | content/registry/public-assets.json | content/visual-production/figure/canonical-client-figure-registry-v2.json | content/web-production/registries/client-visual-asset-registry-v1.2.json | content/web-production/registries/client-visual-asset-registry-v1.3.json | content/web-production/registries/client-visual-asset-registry-v1.4.json | content/web-production/registries/client-visual-asset-registry-v1.5.json | content/web-production/registries/client-visual-asset-registry-v1.6.json | content/web-production/registries/client-visual-asset-registry-v1.7.json | content/web-production/registries/client-visual-asset-registry-v1.8.json | content/web/homepage/hpc2-pre/evidence/r2-live-verification-v1.json | content/web/homepage/hpc2-pre/r2-actual-object-inventory-v1.json"
"20","知识与报告图示","images/figures/financial/PHIOS-FIGURE-ASSETS-LIABILITIES-STRUCTURE-v1.svg","https://pub-1967bc5812ee4164b19a806fb1427021.r2.dev/images/figures/financial/PHIOS-FIGURE-ASSETS-LIABILITIES-STRUCTURE-v1.svg","Assets / Liabilities Structure","/professional/financial/","DISPLAYED_CONDITIONALLY","/professional/financial/","content/customer-experience-rebuild/audits/customer-asset-availability-v1.json | content/customer-experience-rebuild/authority/customer-visual-asset-registry-v2.json | content/customer-experience-rebuild/authority/customer-visual-asset-registry-v3.json | content/registry/public-assets.json | content/visual-production/figure/canonical-client-figure-registry-v2.json | content/web-production/registries/client-visual-asset-registry-v1.2.json | content/web-production/registries/client-visual-asset-registry-v1.3.json | content/web-production/registries/client-visual-asset-registry-v1.4.json | content/web-production/registries/client-visual-asset-registry-v1.5.json | content/web-production/registries/client-visual-asset-registry-v1.6.json | content/web-production/registries/client-visual-asset-registry-v1.7.json | content/web-production/registries/client-visual-asset-registry-v1.8.json | content/web/homepage/hpc2-pre/evidence/r2-live-verification-v1.json | content/web/homepage/hpc2-pre/r2-actual-object-inventory-v1.json | content/web/index-surfaces/pis-r1-context-figures-v1.json"
"21","知识与报告图示","images/figures/financial/PHIOS-FIGURE-CASHFLOW-RUNTIME-v1.svg","https://pub-1967bc5812ee4164b19a806fb1427021.r2.dev/images/figures/financial/PHIOS-FIGURE-CASHFLOW-RUNTIME-v1.svg","Cashflow Runtime","/professional/financial/","DISPLAYED_CONDITIONALLY","/professional/financial/","content/customer-experience-rebuild/audits/customer-asset-availability-v1.json | content/customer-experience-rebuild/authority/customer-visual-asset-registry-v2.json | content/customer-experience-rebuild/authority/customer-visual-asset-registry-v3.json | content/registry/public-assets.json | content/visual-production/figure/canonical-client-figure-registry-v2.json | content/web-production/registries/client-visual-asset-registry-v1.2.json | content/web-production/registries/client-visual-asset-registry-v1.3.json | content/web-production/registries/client-visual-asset-registry-v1.4.json | content/web-production/registries/client-visual-asset-registry-v1.5.json | content/web-production/registries/client-visual-asset-registry-v1.6.json | content/web-production/registries/client-visual-asset-registry-v1.7.json | content/web-production/registries/client-visual-asset-registry-v1.8.json | content/web/homepage/hpc2-pre/evidence/r2-live-verification-v1.json | content/web/homepage/hpc2-pre/r2-actual-object-inventory-v1.json | content/web/index-surfaces/pis-r1-context-figures-v1.json"
"22","知识与报告图示","images/figures/financial/PHIOS-FIGURE-EVIDENCE-DECISION-BOUNDARY-v1.svg","https://pub-1967bc5812ee4164b19a806fb1427021.r2.dev/images/figures/financial/PHIOS-FIGURE-EVIDENCE-DECISION-BOUNDARY-v1.svg","Evidence → Decision Boundary","/professional/financial/","DISPLAYED_CONDITIONALLY","/professional/financial/","content/customer-experience-rebuild/audits/customer-asset-availability-v1.json | content/customer-experience-rebuild/authority/customer-visual-asset-registry-v2.json | content/customer-experience-rebuild/authority/customer-visual-asset-registry-v3.json | content/registry/public-assets.json | content/visual-production/figure/canonical-client-figure-registry-v2.json | content/web-production/registries/client-visual-asset-registry-v1.2.json | content/web-production/registries/client-visual-asset-registry-v1.3.json | content/web-production/registries/client-visual-asset-registry-v1.4.json | content/web-production/registries/client-visual-asset-registry-v1.5.json | content/web-production/registries/client-visual-asset-registry-v1.6.json | content/web-production/registries/client-visual-asset-registry-v1.7.json | content/web-production/registries/client-visual-asset-registry-v1.8.json | content/web/homepage/hpc2-pre/evidence/r2-live-verification-v1.json | content/web/homepage/hpc2-pre/r2-actual-object-inventory-v1.json | content/web/index-surfaces/pis-r1-context-figures-v1.json"
"23","知识与报告图示","images/figures/financial/PHIOS-FIGURE-FINANCIAL-CONTINUITY-v1.svg","https://pub-1967bc5812ee4164b19a806fb1427021.r2.dev/images/figures/financial/PHIOS-FIGURE-FINANCIAL-CONTINUITY-v1.svg","Financial Continuity","/professional/financial/","DISPLAYED_CONDITIONALLY","/professional/financial/","content/customer-experience-rebuild/audits/customer-asset-availability-v1.json | content/customer-experience-rebuild/authority/customer-visual-asset-registry-v2.json | content/customer-experience-rebuild/authority/customer-visual-asset-registry-v3.json | content/registry/public-assets.json | content/visual-production/figure/canonical-client-figure-registry-v2.json | content/web-production/registries/client-visual-asset-registry-v1.2.json | content/web-production/registries/client-visual-asset-registry-v1.3.json | content/web-production/registries/client-visual-asset-registry-v1.4.json | content/web-production/registries/client-visual-asset-registry-v1.5.json | content/web-production/registries/client-visual-asset-registry-v1.6.json | content/web-production/registries/client-visual-asset-registry-v1.7.json | content/web-production/registries/client-visual-asset-registry-v1.8.json | content/web/homepage/hpc2-pre/evidence/r2-live-verification-v1.json | content/web/homepage/hpc2-pre/r2-actual-object-inventory-v1.json | content/web/index-surfaces/pis-r1-context-figures-v1.json"
"24","知识与报告图示","images/figures/financial/PHIOS-FIGURE-FINANCIAL-DECISION-FLOW-v1.svg","https://pub-1967bc5812ee4164b19a806fb1427021.r2.dev/images/figures/financial/PHIOS-FIGURE-FINANCIAL-DECISION-FLOW-v1.svg","Financial Decision Flow","/professional/financial/","DISPLAYED_CONDITIONALLY","/professional/financial/","content/customer-experience-rebuild/audits/customer-asset-availability-v1.json | content/customer-experience-rebuild/authority/customer-visual-asset-registry-v2.json | content/customer-experience-rebuild/authority/customer-visual-asset-registry-v3.json | content/registry/public-assets.json | content/visual-production/figure/canonical-client-figure-registry-v2.json | content/web-production/registries/client-visual-asset-registry-v1.2.json | content/web-production/registries/client-visual-asset-registry-v1.3.json | content/web-production/registries/client-visual-asset-registry-v1.4.json | content/web-production/registries/client-visual-asset-registry-v1.5.json | content/web-production/registries/client-visual-asset-registry-v1.6.json | content/web-production/registries/client-visual-asset-registry-v1.7.json | content/web-production/registries/client-visual-asset-registry-v1.8.json | content/web/homepage/hpc2-pre/evidence/r2-live-verification-v1.json | content/web/homepage/hpc2-pre/r2-actual-object-inventory-v1.json | content/web/index-surfaces/pis-r1-context-figures-v1.json"
"25","知识与报告图示","images/figures/financial/PHIOS-FIGURE-FINANCIAL-REALITY-SYSTEM-MAP-v1.svg","https://pub-1967bc5812ee4164b19a806fb1427021.r2.dev/images/figures/financial/PHIOS-FIGURE-FINANCIAL-REALITY-SYSTEM-MAP-v1.svg","Financial Reality System Map","/professional/financial/","DISPLAYED_CONDITIONALLY","/professional/financial/","content/customer-experience-rebuild/audits/customer-asset-availability-v1.json | content/customer-experience-rebuild/authority/customer-visual-asset-registry-v2.json | content/customer-experience-rebuild/authority/customer-visual-asset-registry-v3.json | content/registry/public-assets.json | content/visual-production/figure/canonical-client-figure-registry-v2.json | content/web-production/registries/client-visual-asset-registry-v1.2.json | content/web-production/registries/client-visual-asset-registry-v1.3.json | content/web-production/registries/client-visual-asset-registry-v1.4.json | content/web-production/registries/client-visual-asset-registry-v1.5.json | content/web-production/registries/client-visual-asset-registry-v1.6.json | content/web-production/registries/client-visual-asset-registry-v1.7.json | content/web-production/registries/client-visual-asset-registry-v1.8.json | content/web/homepage/hpc2-pre/evidence/r2-live-verification-v1.json | content/web/homepage/hpc2-pre/r2-actual-object-inventory-v1.json | content/web/index-surfaces/pis-r1-context-figures-v1.json"
"26","知识与报告图示","images/figures/financial/PHIOS-FIGURE-INCOME-EXPENSE-FLOW-v1.svg","https://pub-1967bc5812ee4164b19a806fb1427021.r2.dev/images/figures/financial/PHIOS-FIGURE-INCOME-EXPENSE-FLOW-v1.svg","Income / Expense Flow","/professional/financial/","DISPLAYED_CONDITIONALLY","/professional/financial/","content/customer-experience-rebuild/audits/customer-asset-availability-v1.json | content/customer-experience-rebuild/authority/customer-visual-asset-registry-v2.json | content/customer-experience-rebuild/authority/customer-visual-asset-registry-v3.json | content/registry/public-assets.json | content/visual-production/figure/canonical-client-figure-registry-v2.json | content/web-production/registries/client-visual-asset-registry-v1.2.json | content/web-production/registries/client-visual-asset-registry-v1.3.json | content/web-production/registries/client-visual-asset-registry-v1.4.json | content/web-production/registries/client-visual-asset-registry-v1.5.json | content/web-production/registries/client-visual-asset-registry-v1.6.json | content/web-production/registries/client-visual-asset-registry-v1.7.json | content/web-production/registries/client-visual-asset-registry-v1.8.json | content/web/homepage/hpc2-pre/evidence/r2-live-verification-v1.json | content/web/homepage/hpc2-pre/r2-actual-object-inventory-v1.json | content/web/index-surfaces/pis-r1-context-figures-v1.json"
"27","知识与报告图示","images/figures/financial/PHIOS-FIGURE-RISK-CONSTRAINT-MAP-v1.svg","https://pub-1967bc5812ee4164b19a806fb1427021.r2.dev/images/figures/financial/PHIOS-FIGURE-RISK-CONSTRAINT-MAP-v1.svg","Risk / Constraint Map","/professional/financial/","DISPLAYED_CONDITIONALLY","/professional/financial/","content/customer-experience-rebuild/audits/customer-asset-availability-v1.json | content/customer-experience-rebuild/authority/customer-visual-asset-registry-v2.json | content/customer-experience-rebuild/authority/customer-visual-asset-registry-v3.json | content/registry/public-assets.json | content/visual-production/figure/canonical-client-figure-registry-v2.json | content/web-production/registries/client-visual-asset-registry-v1.2.json | content/web-production/registries/client-visual-asset-registry-v1.3.json | content/web-production/registries/client-visual-asset-registry-v1.4.json | content/web-production/registries/client-visual-asset-registry-v1.5.json | content/web-production/registries/client-visual-asset-registry-v1.6.json | content/web-production/registries/client-visual-asset-registry-v1.7.json | content/web-production/registries/client-visual-asset-registry-v1.8.json | content/web/homepage/hpc2-pre/evidence/r2-live-verification-v1.json | content/web/homepage/hpc2-pre/r2-actual-object-inventory-v1.json | content/web/index-surfaces/pis-r1-context-figures-v1.json"
"28","知识与报告图示","images/figures/global/PHIOS-FIGURE-CONTINUITY-LOOP-v1.svg","https://pub-1967bc5812ee4164b19a806fb1427021.r2.dev/images/figures/global/PHIOS-FIGURE-CONTINUITY-LOOP-v1.svg","Continuity Loop","","RETIRED_SURFACE_REFERENCE","","content/customer-experience-rebuild/audits/customer-asset-availability-v1.json | content/customer-experience-rebuild/authority/customer-visual-asset-registry-v2.json | content/customer-experience-rebuild/authority/customer-visual-asset-registry-v3.json | content/registry/public-assets.json | content/visual-production/figure/canonical-client-figure-registry-v2.json | content/web-production/registries/client-visual-asset-registry-v1.2.json | content/web-production/registries/client-visual-asset-registry-v1.3.json | content/web-production/registries/client-visual-asset-registry-v1.4.json | content/web-production/registries/client-visual-asset-registry-v1.5.json | content/web-production/registries/client-visual-asset-registry-v1.6.json | content/web-production/registries/client-visual-asset-registry-v1.7.json | content/web-production/registries/client-visual-asset-registry-v1.8.json | content/web/homepage/hpc2-pre/evidence/r2-live-verification-v1.json | content/web/homepage/hpc2-pre/hpc2-pre-canonical-asset-brief-v1.json | content/web/homepage/hpc2-pre/hpc2-pre-critical-asset-registry-v1.json | content/web/homepage/hpc2-pre/r2-actual-object-inventory-v1.json | content/web/homepage/hpc2-pre/review/browser-visual-review-v1.json | content/web/homepage/hpc2/evidence/hpc2-w10-continuity-final-cta-audit-v1.json | content/web/homepage/hpc2/homepage-visual-consumption-v2.json"
"29","知识与报告图示","images/figures/global/PHIOS-FIGURE-CROSS-VOLUME-READING-PATH-v1.svg","https://pub-1967bc5812ee4164b19a806fb1427021.r2.dev/images/figures/global/PHIOS-FIGURE-CROSS-VOLUME-READING-PATH-v1.svg","Cross-Volume Reading Path","/figures/","DISPLAYED_ON_ACTIVE_SURFACE","/figures/","content/customer-experience-rebuild/audits/customer-asset-availability-v1.json | content/customer-experience-rebuild/authority/customer-visual-asset-registry-v2.json | content/customer-experience-rebuild/authority/customer-visual-asset-registry-v3.json | content/registry/public-assets.json | content/web-production/registries/client-visual-asset-registry-v1.2.json | content/web-production/registries/client-visual-asset-registry-v1.3.json | content/web-production/registries/client-visual-asset-registry-v1.4.json | content/web-production/registries/client-visual-asset-registry-v1.5.json | content/web-production/registries/client-visual-asset-registry-v1.6.json | content/web-production/registries/client-visual-asset-registry-v1.7.json | content/web-production/registries/client-visual-asset-registry-v1.8.json | content/web/homepage/hpc2-pre/evidence/r2-live-verification-v1.json | content/web/homepage/hpc2-pre/r2-actual-object-inventory-v1.json | content/web/homepage/hpc2-pre/r2-layout-reconciliation-v2.json"
"30","知识与报告图示","images/figures/global/PHIOS-FIGURE-CURRENT-REALITY-MAP-v1.svg","https://pub-1967bc5812ee4164b19a806fb1427021.r2.dev/images/figures/global/PHIOS-FIGURE-CURRENT-REALITY-MAP-v1.svg","Current Reality Map","","RETIRED_SURFACE_REFERENCE","","content/customer-experience-rebuild/audits/customer-asset-availability-v1.json | content/customer-experience-rebuild/authority/customer-visual-asset-registry-v2.json | content/customer-experience-rebuild/authority/customer-visual-asset-registry-v3.json | content/registry/public-assets.json | content/visual-production/figure/canonical-client-figure-registry-v2.json | content/web-production/registries/client-visual-asset-registry-v1.2.json | content/web-production/registries/client-visual-asset-registry-v1.3.json | content/web-production/registries/client-visual-asset-registry-v1.4.json | content/web-production/registries/client-visual-asset-registry-v1.5.json | content/web-production/registries/client-visual-asset-registry-v1.6.json | content/web-production/registries/client-visual-asset-registry-v1.7.json | content/web-production/registries/client-visual-asset-registry-v1.8.json | content/web/homepage/hpc2-pre/evidence/r2-live-verification-v1.json | content/web/homepage/hpc2-pre/hpc2-pre-canonical-asset-brief-v1.json | content/web/homepage/hpc2-pre/hpc2-pre-critical-asset-registry-v1.json | content/web/homepage/hpc2-pre/r2-actual-object-inventory-v1.json | content/web/homepage/hpc2-pre/review/browser-visual-review-v1.json | content/web/homepage/hpc2/contracts/hpc2-w3-one-reality-composition-contract-v1.json | content/web/homepage/hpc2/evidence/hpc2-w3-one-reality-composition-audit-v1.json | content/web/homepage/hpc2/homepage-visual-consumption-v2.json"
"31","知识与报告图示","images/figures/global/PHIOS-FIGURE-FINANCIAL-REALITY-SYSTEM-v1.svg","https://pub-1967bc5812ee4164b19a806fb1427021.r2.dev/images/figures/global/PHIOS-FIGURE-FINANCIAL-REALITY-SYSTEM-v1.svg","Financial Reality System","/professional/financial/","DISPLAYED_CONDITIONALLY","/professional/financial/","content/customer-experience-rebuild/audits/customer-asset-availability-v1.json | content/customer-experience-rebuild/authority/customer-visual-asset-registry-v2.json | content/customer-experience-rebuild/authority/customer-visual-asset-registry-v3.json | content/registry/public-assets.json | content/visual-production/figure/canonical-client-figure-registry-v2.json | content/web-production/registries/client-visual-asset-registry-v1.2.json | content/web-production/registries/client-visual-asset-registry-v1.3.json | content/web-production/registries/client-visual-asset-registry-v1.4.json | content/web-production/registries/client-visual-asset-registry-v1.5.json | content/web-production/registries/client-visual-asset-registry-v1.6.json | content/web-production/registries/client-visual-asset-registry-v1.7.json | content/web-production/registries/client-visual-asset-registry-v1.8.json | content/web/homepage/hpc2-pre/evidence/r2-live-verification-v1.json | content/web/homepage/hpc2-pre/hpc2-pre-canonical-asset-brief-v1.json | content/web/homepage/hpc2-pre/hpc2-pre-critical-asset-registry-v1.json | content/web/homepage/hpc2-pre/r2-actual-object-inventory-v1.json | content/web/homepage/hpc2-pre/review/browser-visual-review-v1.json | content/web/index-surfaces/pis-r1-context-figures-v1.json"
"32","知识与报告图示","images/figures/global/PHIOS-FIGURE-KNOWLEDGE-DISCOVERY-MODEL-v1.svg","https://pub-1967bc5812ee4164b19a806fb1427021.r2.dev/images/figures/global/PHIOS-FIGURE-KNOWLEDGE-DISCOVERY-MODEL-v1.svg","Knowledge Discovery Model","/figures/","DISPLAYED_ON_ACTIVE_SURFACE","/figures/","content/customer-experience-rebuild/audits/customer-asset-availability-v1.json | content/customer-experience-rebuild/authority/customer-visual-asset-registry-v2.json | content/customer-experience-rebuild/authority/customer-visual-asset-registry-v3.json | content/registry/public-assets.json | content/web-production/registries/client-visual-asset-registry-v1.2.json | content/web-production/registries/client-visual-asset-registry-v1.3.json | content/web-production/registries/client-visual-asset-registry-v1.4.json | content/web-production/registries/client-visual-asset-registry-v1.5.json | content/web-production/registries/client-visual-asset-registry-v1.6.json | content/web-production/registries/client-visual-asset-registry-v1.7.json | content/web-production/registries/client-visual-asset-registry-v1.8.json | content/web/homepage/hpc2-pre/evidence/r2-live-verification-v1.json | content/web/homepage/hpc2-pre/r2-actual-object-inventory-v1.json | content/web/homepage/hpc2-pre/r2-layout-reconciliation-v2.json"
"33","知识与报告图示","images/figures/global/PHIOS-FIGURE-KNOWLEDGE-NODE-ARTICLE-FIGURE-v1.svg","https://pub-1967bc5812ee4164b19a806fb1427021.r2.dev/images/figures/global/PHIOS-FIGURE-KNOWLEDGE-NODE-ARTICLE-FIGURE-v1.svg","Knowledge Node → Article → Figure","/figures/","DISPLAYED_ON_ACTIVE_SURFACE","/figures/","content/customer-experience-rebuild/audits/customer-asset-availability-v1.json | content/customer-experience-rebuild/authority/customer-visual-asset-registry-v2.json | content/customer-experience-rebuild/authority/customer-visual-asset-registry-v3.json | content/registry/public-assets.json | content/web-production/registries/client-visual-asset-registry-v1.2.json | content/web-production/registries/client-visual-asset-registry-v1.3.json | content/web-production/registries/client-visual-asset-registry-v1.4.json | content/web-production/registries/client-visual-asset-registry-v1.5.json | content/web-production/registries/client-visual-asset-registry-v1.6.json | content/web-production/registries/client-visual-asset-registry-v1.7.json | content/web-production/registries/client-visual-asset-registry-v1.8.json | content/web/homepage/hpc2-pre/evidence/r2-live-verification-v1.json | content/web/homepage/hpc2-pre/r2-actual-object-inventory-v1.json | content/web/homepage/hpc2-pre/r2-layout-reconciliation-v2.json"
"34","知识与报告图示","images/figures/global/PHIOS-FIGURE-MANY-LENSES-FRAGMENTATION-v1.svg","https://pub-1967bc5812ee4164b19a806fb1427021.r2.dev/images/figures/global/PHIOS-FIGURE-MANY-LENSES-FRAGMENTATION-v1.svg","Many Lenses Fragmentation","","RETIRED_SURFACE_REFERENCE","","content/customer-experience-rebuild/audits/customer-asset-availability-v1.json | content/customer-experience-rebuild/authority/customer-visual-asset-registry-v2.json | content/customer-experience-rebuild/authority/customer-visual-asset-registry-v3.json | content/registry/public-assets.json | content/visual-production/figure/canonical-client-figure-registry-v2.json | content/web-production/registries/client-visual-asset-registry-v1.2.json | content/web-production/registries/client-visual-asset-registry-v1.3.json | content/web-production/registries/client-visual-asset-registry-v1.4.json | content/web-production/registries/client-visual-asset-registry-v1.5.json | content/web-production/registries/client-visual-asset-registry-v1.6.json | content/web-production/registries/client-visual-asset-registry-v1.7.json | content/web-production/registries/client-visual-asset-registry-v1.8.json | content/web/homepage/hpc2-pre/evidence/r2-live-verification-v1.json | content/web/homepage/hpc2-pre/hpc2-pre-canonical-asset-brief-v1.json | content/web/homepage/hpc2-pre/hpc2-pre-critical-asset-registry-v1.json | content/web/homepage/hpc2-pre/r2-actual-object-inventory-v1.json | content/web/homepage/hpc2-pre/review/browser-visual-review-v1.json | content/web/homepage/hpc2/contracts/hpc2-w4-many-lenses-category-transition-contract-v1.json | content/web/homepage/hpc2/homepage-visual-consumption-v2.json"
"35","知识与报告图示","images/figures/global/PHIOS-FIGURE-P1-P15-ARCHITECTURE-v1.svg","https://pub-1967bc5812ee4164b19a806fb1427021.r2.dev/images/figures/global/PHIOS-FIGURE-P1-P15-ARCHITECTURE-v1.svg","Part P1–P15 Architecture","/figures/","DISPLAYED_ON_ACTIVE_SURFACE","/figures/","content/customer-experience-rebuild/audits/customer-asset-availability-v1.json | content/customer-experience-rebuild/authority/customer-visual-asset-registry-v2.json | content/customer-experience-rebuild/authority/customer-visual-asset-registry-v3.json | content/registry/public-assets.json | content/web-production/registries/client-visual-asset-registry-v1.2.json | content/web-production/registries/client-visual-asset-registry-v1.3.json | content/web-production/registries/client-visual-asset-registry-v1.4.json | content/web-production/registries/client-visual-asset-registry-v1.5.json | content/web-production/registries/client-visual-asset-registry-v1.6.json | content/web-production/registries/client-visual-asset-registry-v1.7.json | content/web-production/registries/client-visual-asset-registry-v1.8.json | content/web/homepage/hpc2-pre/evidence/r2-live-verification-v1.json | content/web/homepage/hpc2-pre/r2-actual-object-inventory-v1.json | content/web/homepage/hpc2-pre/r2-layout-reconciliation-v2.json"
"36","知识与报告图示","images/figures/global/PHIOS-FIGURE-PERSONAL-REALITY-FLOW-v1.svg","https://pub-1967bc5812ee4164b19a806fb1427021.r2.dev/images/figures/global/PHIOS-FIGURE-PERSONAL-REALITY-FLOW-v1.svg","Personal Reality Flow","/reality/","DISPLAYED_CONDITIONALLY","/reality/","content/customer-experience-rebuild/audits/customer-asset-availability-v1.json | content/customer-experience-rebuild/authority/customer-visual-asset-registry-v2.json | content/customer-experience-rebuild/authority/customer-visual-asset-registry-v3.json | content/registry/public-assets.json | content/visual-production/figure/canonical-client-figure-registry-v2.json | content/web-production/registries/client-visual-asset-registry-v1.2.json | content/web-production/registries/client-visual-asset-registry-v1.3.json | content/web-production/registries/client-visual-asset-registry-v1.4.json | content/web-production/registries/client-visual-asset-registry-v1.5.json | content/web-production/registries/client-visual-asset-registry-v1.6.json | content/web-production/registries/client-visual-asset-registry-v1.7.json | content/web-production/registries/client-visual-asset-registry-v1.8.json | content/web/homepage/hpc2-pre/evidence/r2-live-verification-v1.json | content/web/homepage/hpc2-pre/hpc2-pre-canonical-asset-brief-v1.json | content/web/homepage/hpc2-pre/hpc2-pre-critical-asset-registry-v1.json | content/web/homepage/hpc2-pre/r2-actual-object-inventory-v1.json | content/web/homepage/hpc2-pre/review/browser-visual-review-v1.json | content/web/index-surfaces/pis-r1-context-figures-v1.json"
"37","知识与报告图示","images/figures/global/PHIOS-FIGURE-PHIOS-RUNTIME-CYCLE-v1.svg","https://pub-1967bc5812ee4164b19a806fb1427021.r2.dev/images/figures/global/PHIOS-FIGURE-PHIOS-RUNTIME-CYCLE-v1.svg","PHI OS Runtime Cycle","","RETIRED_SURFACE_REFERENCE","","content/customer-experience-rebuild/audits/customer-asset-availability-v1.json | content/customer-experience-rebuild/authority/customer-visual-asset-registry-v2.json | content/customer-experience-rebuild/authority/customer-visual-asset-registry-v3.json | content/registry/public-assets.json | content/visual-production/figure/canonical-client-figure-registry-v2.json | content/web-production/registries/client-visual-asset-registry-v1.2.json | content/web-production/registries/client-visual-asset-registry-v1.3.json | content/web-production/registries/client-visual-asset-registry-v1.4.json | content/web-production/registries/client-visual-asset-registry-v1.5.json | content/web-production/registries/client-visual-asset-registry-v1.6.json | content/web-production/registries/client-visual-asset-registry-v1.7.json | content/web-production/registries/client-visual-asset-registry-v1.8.json | content/web/homepage/hpc2-pre/evidence/r2-live-verification-v1.json | content/web/homepage/hpc2-pre/hpc2-pre-canonical-asset-brief-v1.json | content/web/homepage/hpc2-pre/hpc2-pre-critical-asset-registry-v1.json | content/web/homepage/hpc2-pre/r2-actual-object-inventory-v1.json | content/web/homepage/hpc2-pre/review/browser-visual-review-v1.json | content/web/homepage/hpc2/contracts/hpc2-w5-phios-runtime-composition-contract-v1.json | content/web/homepage/hpc2/homepage-visual-consumption-v2.json"
"38","知识与报告图示","images/figures/global/PHIOS-FIGURE-PROFESSIONAL-GUIDANCE-v1.svg","https://pub-1967bc5812ee4164b19a806fb1427021.r2.dev/images/figures/global/PHIOS-FIGURE-PROFESSIONAL-GUIDANCE-v1.svg","Professional Guidance Flow","/professional/","DISPLAYED_CONDITIONALLY","/professional/","content/customer-experience-rebuild/audits/customer-asset-availability-v1.json | content/customer-experience-rebuild/authority/customer-visual-asset-registry-v2.json | content/customer-experience-rebuild/authority/customer-visual-asset-registry-v3.json | content/registry/public-assets.json | content/visual-production/figure/canonical-client-figure-registry-v2.json | content/web-production/registries/client-visual-asset-registry-v1.2.json | content/web-production/registries/client-visual-asset-registry-v1.3.json | content/web-production/registries/client-visual-asset-registry-v1.4.json | content/web-production/registries/client-visual-asset-registry-v1.5.json | content/web-production/registries/client-visual-asset-registry-v1.6.json | content/web-production/registries/client-visual-asset-registry-v1.7.json | content/web-production/registries/client-visual-asset-registry-v1.8.json | content/web/homepage/hpc2-pre/evidence/r2-live-verification-v1.json | content/web/homepage/hpc2-pre/hpc2-pre-canonical-asset-brief-v1.json | content/web/homepage/hpc2-pre/hpc2-pre-critical-asset-registry-v1.json | content/web/homepage/hpc2-pre/r2-actual-object-inventory-v1.json | content/web/homepage/hpc2-pre/review/browser-visual-review-v1.json | content/web/homepage/hpc2/homepage-visual-consumption-v2.json | content/web/index-surfaces/pis-r1-context-figures-v1.json"
"39","知识与报告图示","images/figures/global/PHIOS-FIGURE-READING-EVIDENCE-NAVIGATION-v1.svg","https://pub-1967bc5812ee4164b19a806fb1427021.r2.dev/images/figures/global/PHIOS-FIGURE-READING-EVIDENCE-NAVIGATION-v1.svg","Reading → Evidence → Navigation","/explore/how-it-works/","DISPLAYED_CONDITIONALLY","/explore/how-it-works/","content/customer-experience-rebuild/audits/customer-asset-availability-v1.json | content/customer-experience-rebuild/authority/customer-visual-asset-registry-v2.json | content/customer-experience-rebuild/authority/customer-visual-asset-registry-v3.json | content/registry/public-assets.json | content/visual-production/figure/canonical-client-figure-registry-v2.json | content/web-production/registries/client-visual-asset-registry-v1.2.json | content/web-production/registries/client-visual-asset-registry-v1.3.json | content/web-production/registries/client-visual-asset-registry-v1.4.json | content/web-production/registries/client-visual-asset-registry-v1.5.json | content/web-production/registries/client-visual-asset-registry-v1.6.json | content/web-production/registries/client-visual-asset-registry-v1.7.json | content/web-production/registries/client-visual-asset-registry-v1.8.json | content/web/homepage/hpc2-pre/evidence/r2-live-verification-v1.json | content/web/homepage/hpc2-pre/hpc2-pre-canonical-asset-brief-v1.json | content/web/homepage/hpc2-pre/hpc2-pre-critical-asset-registry-v1.json | content/web/homepage/hpc2-pre/r2-actual-object-inventory-v1.json | content/web/homepage/hpc2-pre/review/browser-visual-review-v1.json | content/web/index-surfaces/pis-r1-context-figures-v1.json"
"40","知识与报告图示","images/figures/global/PHIOS-FIGURE-REALITY-JOURNEY-OVERVIEW-v1.svg","https://pub-1967bc5812ee4164b19a806fb1427021.r2.dev/images/figures/global/PHIOS-FIGURE-REALITY-JOURNEY-OVERVIEW-v1.svg","Reality Journey Overview","/explore/how-it-works/","DISPLAYED_CONDITIONALLY","/explore/how-it-works/","content/customer-experience-rebuild/audits/customer-asset-availability-v1.json | content/customer-experience-rebuild/authority/customer-visual-asset-registry-v2.json | content/customer-experience-rebuild/authority/customer-visual-asset-registry-v3.json | content/registry/public-assets.json | content/visual-production/figure/canonical-client-figure-registry-v2.json | content/web-production/registries/client-visual-asset-registry-v1.2.json | content/web-production/registries/client-visual-asset-registry-v1.3.json | content/web-production/registries/client-visual-asset-registry-v1.4.json | content/web-production/registries/client-visual-asset-registry-v1.5.json | content/web-production/registries/client-visual-asset-registry-v1.6.json | content/web-production/registries/client-visual-asset-registry-v1.7.json | content/web-production/registries/client-visual-asset-registry-v1.8.json | content/web/homepage/hpc2-pre/evidence/r2-live-verification-v1.json | content/web/homepage/hpc2-pre/hpc2-pre-canonical-asset-brief-v1.json | content/web/homepage/hpc2-pre/hpc2-pre-critical-asset-registry-v1.json | content/web/homepage/hpc2-pre/r2-actual-object-inventory-v1.json | content/web/homepage/hpc2-pre/review/browser-visual-review-v1.json | content/web/index-surfaces/pis-r1-context-figures-v1.json"
"41","知识与报告图示","images/figures/journey/PHIOS-FIGURE-ACTION-DIRECTION-v1.svg","https://pub-1967bc5812ee4164b19a806fb1427021.r2.dev/images/figures/journey/PHIOS-FIGURE-ACTION-DIRECTION-v1.svg","Action and Direction","/reality/","DISPLAYED_CONDITIONALLY","/reality/","content/customer-experience-rebuild/audits/customer-asset-availability-v1.json | content/customer-experience-rebuild/authority/customer-visual-asset-registry-v2.json | content/customer-experience-rebuild/authority/customer-visual-asset-registry-v3.json | content/registry/public-assets.json | content/visual-production/figure/canonical-client-figure-registry-v2.json | content/web-production/registries/client-visual-asset-registry-v1.2.json | content/web-production/registries/client-visual-asset-registry-v1.3.json | content/web-production/registries/client-visual-asset-registry-v1.4.json | content/web-production/registries/client-visual-asset-registry-v1.5.json | content/web-production/registries/client-visual-asset-registry-v1.6.json | content/web-production/registries/client-visual-asset-registry-v1.7.json | content/web-production/registries/client-visual-asset-registry-v1.8.json | content/web/homepage/hpc2-pre/evidence/r2-live-verification-v1.json | content/web/homepage/hpc2-pre/r2-actual-object-inventory-v1.json | content/web/index-surfaces/pis-r1-context-figures-v1.json"
"42","知识与报告图示","images/figures/journey/PHIOS-FIGURE-EVIDENCE-FORMATION-v1.svg","https://pub-1967bc5812ee4164b19a806fb1427021.r2.dev/images/figures/journey/PHIOS-FIGURE-EVIDENCE-FORMATION-v1.svg","Evidence Formation","/reality/","DISPLAYED_CONDITIONALLY","/reality/","content/customer-experience-rebuild/audits/customer-asset-availability-v1.json | content/customer-experience-rebuild/authority/customer-visual-asset-registry-v2.json | content/customer-experience-rebuild/authority/customer-visual-asset-registry-v3.json | content/registry/public-assets.json | content/visual-production/figure/canonical-client-figure-registry-v2.json | content/web-production/registries/client-visual-asset-registry-v1.2.json | content/web-production/registries/client-visual-asset-registry-v1.3.json | content/web-production/registries/client-visual-asset-registry-v1.4.json | content/web-production/registries/client-visual-asset-registry-v1.5.json | content/web-production/registries/client-visual-asset-registry-v1.6.json | content/web-production/registries/client-visual-asset-registry-v1.7.json | content/web-production/registries/client-visual-asset-registry-v1.8.json | content/web/homepage/hpc2-pre/evidence/r2-live-verification-v1.json | content/web/homepage/hpc2-pre/r2-actual-object-inventory-v1.json | content/web/index-surfaces/pis-r1-context-figures-v1.json"
"43","知识与报告图示","images/figures/journey/PHIOS-FIGURE-FEEDBACK-CONTINUITY-v1.svg","https://pub-1967bc5812ee4164b19a806fb1427021.r2.dev/images/figures/journey/PHIOS-FIGURE-FEEDBACK-CONTINUITY-v1.svg","Feedback → Continuity","/reality/","DISPLAYED_CONDITIONALLY","/reality/","content/customer-experience-rebuild/audits/customer-asset-availability-v1.json | content/customer-experience-rebuild/authority/customer-visual-asset-registry-v2.json | content/customer-experience-rebuild/authority/customer-visual-asset-registry-v3.json | content/registry/public-assets.json | content/visual-production/figure/canonical-client-figure-registry-v2.json | content/web-production/registries/client-visual-asset-registry-v1.2.json | content/web-production/registries/client-visual-asset-registry-v1.3.json | content/web-production/registries/client-visual-asset-registry-v1.4.json | content/web-production/registries/client-visual-asset-registry-v1.5.json | content/web-production/registries/client-visual-asset-registry-v1.6.json | content/web-production/registries/client-visual-asset-registry-v1.7.json | content/web-production/registries/client-visual-asset-registry-v1.8.json | content/web/homepage/hpc2-pre/evidence/r2-live-verification-v1.json | content/web/homepage/hpc2-pre/r2-actual-object-inventory-v1.json | content/web/index-surfaces/pis-r1-context-figures-v1.json"
"44","知识与报告图示","images/figures/journey/PHIOS-FIGURE-KNOWN-UNKNOWN-BOUNDARY-v1.svg","https://pub-1967bc5812ee4164b19a806fb1427021.r2.dev/images/figures/journey/PHIOS-FIGURE-KNOWN-UNKNOWN-BOUNDARY-v1.svg","Known / Unknown Boundary","/reality/","DISPLAYED_CONDITIONALLY","/reality/","content/customer-experience-rebuild/audits/customer-asset-availability-v1.json | content/customer-experience-rebuild/authority/customer-visual-asset-registry-v2.json | content/customer-experience-rebuild/authority/customer-visual-asset-registry-v3.json | content/registry/public-assets.json | content/visual-production/figure/canonical-client-figure-registry-v2.json | content/web-production/registries/client-visual-asset-registry-v1.2.json | content/web-production/registries/client-visual-asset-registry-v1.3.json | content/web-production/registries/client-visual-asset-registry-v1.4.json | content/web-production/registries/client-visual-asset-registry-v1.5.json | content/web-production/registries/client-visual-asset-registry-v1.6.json | content/web-production/registries/client-visual-asset-registry-v1.7.json | content/web-production/registries/client-visual-asset-registry-v1.8.json | content/web/homepage/hpc2-pre/evidence/r2-live-verification-v1.json | content/web/homepage/hpc2-pre/r2-actual-object-inventory-v1.json | content/web/index-surfaces/pis-r1-context-figures-v1.json"
"45","知识与报告图示","images/figures/journey/PHIOS-FIGURE-REALITY-ENTRY-v1.svg","https://pub-1967bc5812ee4164b19a806fb1427021.r2.dev/images/figures/journey/PHIOS-FIGURE-REALITY-ENTRY-v1.svg","Reality Entry","/reality/","DISPLAYED_CONDITIONALLY","/reality/","content/customer-experience-rebuild/audits/customer-asset-availability-v1.json | content/customer-experience-rebuild/authority/customer-visual-asset-registry-v2.json | content/customer-experience-rebuild/authority/customer-visual-asset-registry-v3.json | content/registry/public-assets.json | content/visual-production/figure/canonical-client-figure-registry-v2.json | content/web-production/registries/client-visual-asset-registry-v1.2.json | content/web-production/registries/client-visual-asset-registry-v1.3.json | content/web-production/registries/client-visual-asset-registry-v1.4.json | content/web-production/registries/client-visual-asset-registry-v1.5.json | content/web-production/registries/client-visual-asset-registry-v1.6.json | content/web-production/registries/client-visual-asset-registry-v1.7.json | content/web-production/registries/client-visual-asset-registry-v1.8.json | content/web/homepage/hpc2-pre/evidence/r2-live-verification-v1.json | content/web/homepage/hpc2-pre/r2-actual-object-inventory-v1.json | content/web/index-surfaces/pis-r1-context-figures-v1.json"
"46","知识与报告图示","images/figures/journey/PHIOS-FIGURE-REALITY-JOURNEY-FULL-MAP-v1.svg","https://pub-1967bc5812ee4164b19a806fb1427021.r2.dev/images/figures/journey/PHIOS-FIGURE-REALITY-JOURNEY-FULL-MAP-v1.svg","Reality Journey Full Map","/explore/how-it-works/","DISPLAYED_CONDITIONALLY","/explore/how-it-works/","content/customer-experience-rebuild/audits/customer-asset-availability-v1.json | content/customer-experience-rebuild/authority/customer-visual-asset-registry-v2.json | content/customer-experience-rebuild/authority/customer-visual-asset-registry-v3.json | content/registry/public-assets.json | content/visual-production/figure/canonical-client-figure-registry-v2.json | content/web-production/registries/client-visual-asset-registry-v1.2.json | content/web-production/registries/client-visual-asset-registry-v1.3.json | content/web-production/registries/client-visual-asset-registry-v1.4.json | content/web-production/registries/client-visual-asset-registry-v1.5.json | content/web-production/registries/client-visual-asset-registry-v1.6.json | content/web-production/registries/client-visual-asset-registry-v1.7.json | content/web-production/registries/client-visual-asset-registry-v1.8.json | content/web/homepage/hpc2-pre/evidence/r2-live-verification-v1.json | content/web/homepage/hpc2-pre/r2-actual-object-inventory-v1.json | content/web/index-surfaces/pis-r1-context-figures-v1.json"
"47","知识与报告图示","images/figures/journey/PHIOS-FIGURE-REALITY-NAVIGATION-v1.svg","https://pub-1967bc5812ee4164b19a806fb1427021.r2.dev/images/figures/journey/PHIOS-FIGURE-REALITY-NAVIGATION-v1.svg","Reality Navigation","/reality/","DISPLAYED_CONDITIONALLY","/reality/","content/customer-experience-rebuild/audits/customer-asset-availability-v1.json | content/customer-experience-rebuild/authority/customer-visual-asset-registry-v2.json | content/customer-experience-rebuild/authority/customer-visual-asset-registry-v3.json | content/registry/public-assets.json | content/visual-production/figure/canonical-client-figure-registry-v2.json | content/web-production/registries/client-visual-asset-registry-v1.2.json | content/web-production/registries/client-visual-asset-registry-v1.3.json | content/web-production/registries/client-visual-asset-registry-v1.4.json | content/web-production/registries/client-visual-asset-registry-v1.5.json | content/web-production/registries/client-visual-asset-registry-v1.6.json | content/web-production/registries/client-visual-asset-registry-v1.7.json | content/web-production/registries/client-visual-asset-registry-v1.8.json | content/web/homepage/hpc2-pre/evidence/r2-live-verification-v1.json | content/web/homepage/hpc2-pre/r2-actual-object-inventory-v1.json | content/web/index-surfaces/pis-r1-context-figures-v1.json"
"48","知识与报告图示","images/figures/journey/PHIOS-FIGURE-REALITY-READING-MAP-v1.svg","https://pub-1967bc5812ee4164b19a806fb1427021.r2.dev/images/figures/journey/PHIOS-FIGURE-REALITY-READING-MAP-v1.svg","Reality Reading Map","/reality/","DISPLAYED_CONDITIONALLY","/reality/","content/customer-experience-rebuild/audits/customer-asset-availability-v1.json | content/customer-experience-rebuild/authority/customer-visual-asset-registry-v2.json | content/customer-experience-rebuild/authority/customer-visual-asset-registry-v3.json | content/registry/public-assets.json | content/visual-production/figure/canonical-client-figure-registry-v2.json | content/web-production/registries/client-visual-asset-registry-v1.2.json | content/web-production/registries/client-visual-asset-registry-v1.3.json | content/web-production/registries/client-visual-asset-registry-v1.4.json | content/web-production/registries/client-visual-asset-registry-v1.5.json | content/web-production/registries/client-visual-asset-registry-v1.6.json | content/web-production/registries/client-visual-asset-registry-v1.7.json | content/web-production/registries/client-visual-asset-registry-v1.8.json | content/web/homepage/hpc2-pre/evidence/r2-live-verification-v1.json | content/web/homepage/hpc2-pre/r2-actual-object-inventory-v1.json | content/web/index-surfaces/pis-r1-context-figures-v1.json"
"49","知识与报告图示","images/figures/journey/PHIOS-FIGURE-REALITY-RECONSTRUCTION-v1.svg","https://pub-1967bc5812ee4164b19a806fb1427021.r2.dev/images/figures/journey/PHIOS-FIGURE-REALITY-RECONSTRUCTION-v1.svg","Reality Reconstruction","/reality/","DISPLAYED_CONDITIONALLY","/reality/","content/customer-experience-rebuild/audits/customer-asset-availability-v1.json | content/customer-experience-rebuild/authority/customer-visual-asset-registry-v2.json | content/customer-experience-rebuild/authority/customer-visual-asset-registry-v3.json | content/registry/public-assets.json | content/visual-production/figure/canonical-client-figure-registry-v2.json | content/web-production/registries/client-visual-asset-registry-v1.2.json | content/web-production/registries/client-visual-asset-registry-v1.3.json | content/web-production/registries/client-visual-asset-registry-v1.4.json | content/web-production/registries/client-visual-asset-registry-v1.5.json | content/web-production/registries/client-visual-asset-registry-v1.6.json | content/web-production/registries/client-visual-asset-registry-v1.7.json | content/web-production/registries/client-visual-asset-registry-v1.8.json | content/web/homepage/hpc2-pre/evidence/r2-live-verification-v1.json | content/web/homepage/hpc2-pre/r2-actual-object-inventory-v1.json | content/web/index-surfaces/pis-r1-context-figures-v1.json"
"50","知识与报告图示","images/figures/journey/PHIOS-FIGURE-REALITY-REVIEW-v1.svg","https://pub-1967bc5812ee4164b19a806fb1427021.r2.dev/images/figures/journey/PHIOS-FIGURE-REALITY-REVIEW-v1.svg","Reality Review","/reality/","DISPLAYED_CONDITIONALLY","/reality/","content/customer-experience-rebuild/audits/customer-asset-availability-v1.json | content/customer-experience-rebuild/authority/customer-visual-asset-registry-v2.json | content/customer-experience-rebuild/authority/customer-visual-asset-registry-v3.json | content/registry/public-assets.json | content/visual-production/figure/canonical-client-figure-registry-v2.json | content/web-production/registries/client-visual-asset-registry-v1.2.json | content/web-production/registries/client-visual-asset-registry-v1.3.json | content/web-production/registries/client-visual-asset-registry-v1.4.json | content/web-production/registries/client-visual-asset-registry-v1.5.json | content/web-production/registries/client-visual-asset-registry-v1.6.json | content/web-production/registries/client-visual-asset-registry-v1.7.json | content/web-production/registries/client-visual-asset-registry-v1.8.json | content/web/homepage/hpc2-pre/evidence/r2-live-verification-v1.json | content/web/homepage/hpc2-pre/r2-actual-object-inventory-v1.json | content/web/index-surfaces/pis-r1-context-figures-v1.json"
"51","知识与报告图示","images/figures/personal/PHIOS-FIGURE-BIRTH-INPUT-ARCHITECTURE-v1.svg","https://pub-1967bc5812ee4164b19a806fb1427021.r2.dev/images/figures/personal/PHIOS-FIGURE-BIRTH-INPUT-ARCHITECTURE-v1.svg","Birth Input Architecture","/perspectives/","DISPLAYED_CONDITIONALLY","/perspectives/","content/customer-experience-rebuild/audits/customer-asset-availability-v1.json | content/customer-experience-rebuild/authority/customer-visual-asset-registry-v2.json | content/customer-experience-rebuild/authority/customer-visual-asset-registry-v3.json | content/registry/public-assets.json | content/visual-production/figure/canonical-client-figure-registry-v2.json | content/web-production/registries/client-visual-asset-registry-v1.2.json | content/web-production/registries/client-visual-asset-registry-v1.3.json | content/web-production/registries/client-visual-asset-registry-v1.4.json | content/web-production/registries/client-visual-asset-registry-v1.5.json | content/web-production/registries/client-visual-asset-registry-v1.6.json | content/web-production/registries/client-visual-asset-registry-v1.7.json | content/web-production/registries/client-visual-asset-registry-v1.8.json | content/web/homepage/hpc2-pre/evidence/r2-live-verification-v1.json | content/web/homepage/hpc2-pre/r2-actual-object-inventory-v1.json | content/web/index-surfaces/pis-r1-context-figures-v1.json"
"52","知识与报告图示","images/figures/personal/PHIOS-FIGURE-CALCULATION-PROJECTION-v1.svg","https://pub-1967bc5812ee4164b19a806fb1427021.r2.dev/images/figures/personal/PHIOS-FIGURE-CALCULATION-PROJECTION-v1.svg","Calculation → Projection","/perspectives/","DISPLAYED_CONDITIONALLY","/perspectives/","content/customer-experience-rebuild/audits/customer-asset-availability-v1.json | content/customer-experience-rebuild/authority/customer-visual-asset-registry-v2.json | content/customer-experience-rebuild/authority/customer-visual-asset-registry-v3.json | content/registry/public-assets.json | content/visual-production/figure/canonical-client-figure-registry-v2.json | content/web-production/registries/client-visual-asset-registry-v1.2.json | content/web-production/registries/client-visual-asset-registry-v1.3.json | content/web-production/registries/client-visual-asset-registry-v1.4.json | content/web-production/registries/client-visual-asset-registry-v1.5.json | content/web-production/registries/client-visual-asset-registry-v1.6.json | content/web-production/registries/client-visual-asset-registry-v1.7.json | content/web-production/registries/client-visual-asset-registry-v1.8.json | content/web/homepage/hpc2-pre/evidence/r2-live-verification-v1.json | content/web/homepage/hpc2-pre/r2-actual-object-inventory-v1.json | content/web/index-surfaces/pis-r1-context-figures-v1.json"
"53","知识与报告图示","images/figures/personal/PHIOS-FIGURE-INPUT-METHOD-CALCULATION-v1.svg","https://pub-1967bc5812ee4164b19a806fb1427021.r2.dev/images/figures/personal/PHIOS-FIGURE-INPUT-METHOD-CALCULATION-v1.svg","Input → Method → Calculation","/perspectives/","DISPLAYED_CONDITIONALLY","/perspectives/","content/customer-experience-rebuild/audits/customer-asset-availability-v1.json | content/customer-experience-rebuild/authority/customer-visual-asset-registry-v2.json | content/customer-experience-rebuild/authority/customer-visual-asset-registry-v3.json | content/registry/public-assets.json | content/visual-production/figure/canonical-client-figure-registry-v2.json | content/web-production/registries/client-visual-asset-registry-v1.2.json | content/web-production/registries/client-visual-asset-registry-v1.3.json | content/web-production/registries/client-visual-asset-registry-v1.4.json | content/web-production/registries/client-visual-asset-registry-v1.5.json | content/web-production/registries/client-visual-asset-registry-v1.6.json | content/web-production/registries/client-visual-asset-registry-v1.7.json | content/web-production/registries/client-visual-asset-registry-v1.8.json | content/web/homepage/hpc2-pre/evidence/r2-live-verification-v1.json | content/web/homepage/hpc2-pre/r2-actual-object-inventory-v1.json | content/web/index-surfaces/pis-r1-context-figures-v1.json"
"54","知识与报告图示","images/figures/personal/PHIOS-FIGURE-KNOWN-UNKNOWN-INTERPRETATION-v1.svg","https://pub-1967bc5812ee4164b19a806fb1427021.r2.dev/images/figures/personal/PHIOS-FIGURE-KNOWN-UNKNOWN-INTERPRETATION-v1.svg","Known / Unknown / Interpretation","/perspectives/","DISPLAYED_CONDITIONALLY","/perspectives/","content/customer-experience-rebuild/audits/customer-asset-availability-v1.json | content/customer-experience-rebuild/authority/customer-visual-asset-registry-v2.json | content/customer-experience-rebuild/authority/customer-visual-asset-registry-v3.json | content/registry/public-assets.json | content/visual-production/figure/canonical-client-figure-registry-v2.json | content/web-production/registries/client-visual-asset-registry-v1.2.json | content/web-production/registries/client-visual-asset-registry-v1.3.json | content/web-production/registries/client-visual-asset-registry-v1.4.json | content/web-production/registries/client-visual-asset-registry-v1.5.json | content/web-production/registries/client-visual-asset-registry-v1.6.json | content/web-production/registries/client-visual-asset-registry-v1.7.json | content/web-production/registries/client-visual-asset-registry-v1.8.json | content/web/homepage/hpc2-pre/evidence/r2-live-verification-v1.json | content/web/homepage/hpc2-pre/r2-actual-object-inventory-v1.json | content/web/index-surfaces/pis-r1-context-figures-v1.json"
"55","知识与报告图示","images/figures/personal/PHIOS-FIGURE-PERSONAL-CONTINUITY-v1.svg","https://pub-1967bc5812ee4164b19a806fb1427021.r2.dev/images/figures/personal/PHIOS-FIGURE-PERSONAL-CONTINUITY-v1.svg","Personal Continuity","/reality/","DISPLAYED_CONDITIONALLY","/reality/","content/customer-experience-rebuild/audits/customer-asset-availability-v1.json | content/customer-experience-rebuild/authority/customer-visual-asset-registry-v2.json | content/customer-experience-rebuild/authority/customer-visual-asset-registry-v3.json | content/registry/public-assets.json | content/visual-production/figure/canonical-client-figure-registry-v2.json | content/web-production/registries/client-visual-asset-registry-v1.2.json | content/web-production/registries/client-visual-asset-registry-v1.3.json | content/web-production/registries/client-visual-asset-registry-v1.4.json | content/web-production/registries/client-visual-asset-registry-v1.5.json | content/web-production/registries/client-visual-asset-registry-v1.6.json | content/web-production/registries/client-visual-asset-registry-v1.7.json | content/web-production/registries/client-visual-asset-registry-v1.8.json | content/web/homepage/hpc2-pre/evidence/r2-live-verification-v1.json | content/web/homepage/hpc2-pre/r2-actual-object-inventory-v1.json | content/web/index-surfaces/pis-r1-context-figures-v1.json"
"56","知识与报告图示","images/figures/personal/PHIOS-FIGURE-PERSONAL-REALITY-MAP-v1.svg","https://pub-1967bc5812ee4164b19a806fb1427021.r2.dev/images/figures/personal/PHIOS-FIGURE-PERSONAL-REALITY-MAP-v1.svg","Personal Reality Map","/reality/","DISPLAYED_CONDITIONALLY","/reality/","content/customer-experience-rebuild/audits/customer-asset-availability-v1.json | content/customer-experience-rebuild/authority/customer-visual-asset-registry-v2.json | content/customer-experience-rebuild/authority/customer-visual-asset-registry-v3.json | content/registry/public-assets.json | content/visual-production/figure/canonical-client-figure-registry-v2.json | content/web-production/registries/client-visual-asset-registry-v1.2.json | content/web-production/registries/client-visual-asset-registry-v1.3.json | content/web-production/registries/client-visual-asset-registry-v1.4.json | content/web-production/registries/client-visual-asset-registry-v1.5.json | content/web-production/registries/client-visual-asset-registry-v1.6.json | content/web-production/registries/client-visual-asset-registry-v1.7.json | content/web-production/registries/client-visual-asset-registry-v1.8.json | content/web/homepage/hpc2-pre/evidence/r2-live-verification-v1.json | content/web/homepage/hpc2-pre/r2-actual-object-inventory-v1.json | content/web/index-surfaces/pis-r1-context-figures-v1.json"
"57","知识与报告图示","images/figures/personal/PHIOS-FIGURE-SAVED-REALITY-JOURNEY-STATE-v1.svg","https://pub-1967bc5812ee4164b19a806fb1427021.r2.dev/images/figures/personal/PHIOS-FIGURE-SAVED-REALITY-JOURNEY-STATE-v1.svg","Saved Reality / Journey State","/reality/","DISPLAYED_CONDITIONALLY","/reality/","content/customer-experience-rebuild/audits/customer-asset-availability-v1.json | content/customer-experience-rebuild/authority/customer-visual-asset-registry-v2.json | content/customer-experience-rebuild/authority/customer-visual-asset-registry-v3.json | content/registry/public-assets.json | content/visual-production/figure/canonical-client-figure-registry-v2.json | content/web-production/registries/client-visual-asset-registry-v1.2.json | content/web-production/registries/client-visual-asset-registry-v1.3.json | content/web-production/registries/client-visual-asset-registry-v1.4.json | content/web-production/registries/client-visual-asset-registry-v1.5.json | content/web-production/registries/client-visual-asset-registry-v1.6.json | content/web-production/registries/client-visual-asset-registry-v1.7.json | content/web-production/registries/client-visual-asset-registry-v1.8.json | content/web/homepage/hpc2-pre/evidence/r2-live-verification-v1.json | content/web/homepage/hpc2-pre/r2-actual-object-inventory-v1.json | content/web/index-surfaces/pis-r1-context-figures-v1.json"
"58","知识与报告图示","images/figures/professional/PHIOS-FIGURE-APPROVAL-FLOW-v1.svg","https://pub-1967bc5812ee4164b19a806fb1427021.r2.dev/images/figures/professional/PHIOS-FIGURE-APPROVAL-FLOW-v1.svg","Approval Flow","/professional-appointments.html","LEGACY_ROUTE_ONLY","","content/customer-experience-rebuild/audits/customer-asset-availability-v1.json | content/customer-experience-rebuild/authority/customer-visual-asset-registry-v2.json | content/customer-experience-rebuild/authority/customer-visual-asset-registry-v3.json | content/registry/public-assets.json | content/visual-production/figure/canonical-client-figure-registry-v2.json | content/web-production/registries/client-visual-asset-registry-v1.2.json | content/web-production/registries/client-visual-asset-registry-v1.3.json | content/web-production/registries/client-visual-asset-registry-v1.4.json | content/web-production/registries/client-visual-asset-registry-v1.5.json | content/web-production/registries/client-visual-asset-registry-v1.6.json | content/web-production/registries/client-visual-asset-registry-v1.7.json | content/web-production/registries/client-visual-asset-registry-v1.8.json | content/web/homepage/hpc2-pre/evidence/r2-live-verification-v1.json | content/web/homepage/hpc2-pre/r2-actual-object-inventory-v1.json"
"59","知识与报告图示","images/figures/professional/PHIOS-FIGURE-CONSENT-SHARING-v1.svg","https://pub-1967bc5812ee4164b19a806fb1427021.r2.dev/images/figures/professional/PHIOS-FIGURE-CONSENT-SHARING-v1.svg","Consent and Sharing","/professional-consent-sharing.html","DISPLAYED_ON_ACTIVE_SURFACE","/professional-consent-sharing.html","content/customer-experience-rebuild/audits/customer-asset-availability-v1.json | content/customer-experience-rebuild/authority/customer-visual-asset-registry-v2.json | content/customer-experience-rebuild/authority/customer-visual-asset-registry-v3.json | content/registry/public-assets.json | content/visual-production/figure/canonical-client-figure-registry-v2.json | content/web-production/registries/client-visual-asset-registry-v1.2.json | content/web-production/registries/client-visual-asset-registry-v1.3.json | content/web-production/registries/client-visual-asset-registry-v1.4.json | content/web-production/registries/client-visual-asset-registry-v1.5.json | content/web-production/registries/client-visual-asset-registry-v1.6.json | content/web-production/registries/client-visual-asset-registry-v1.7.json | content/web-production/registries/client-visual-asset-registry-v1.8.json | content/web/homepage/hpc2-pre/evidence/r2-live-verification-v1.json | content/web/homepage/hpc2-pre/r2-actual-object-inventory-v1.json"
"60","知识与报告图示","images/figures/professional/PHIOS-FIGURE-EVIDENCE-INTERPRETATION-v1.svg","https://pub-1967bc5812ee4164b19a806fb1427021.r2.dev/images/figures/professional/PHIOS-FIGURE-EVIDENCE-INTERPRETATION-v1.svg","Evidence → Interpretation","/external-reader-intake.html","DISPLAYED_ON_ACTIVE_SURFACE","/external-reader-intake.html | /professional-workspace.html","content/customer-experience-rebuild/audits/customer-asset-availability-v1.json | content/customer-experience-rebuild/authority/customer-visual-asset-registry-v2.json | content/customer-experience-rebuild/authority/customer-visual-asset-registry-v3.json | content/registry/public-assets.json | content/visual-production/figure/canonical-client-figure-registry-v2.json | content/web-production/registries/client-visual-asset-registry-v1.2.json | content/web-production/registries/client-visual-asset-registry-v1.3.json | content/web-production/registries/client-visual-asset-registry-v1.4.json | content/web-production/registries/client-visual-asset-registry-v1.5.json | content/web-production/registries/client-visual-asset-registry-v1.6.json | content/web-production/registries/client-visual-asset-registry-v1.7.json | content/web-production/registries/client-visual-asset-registry-v1.8.json | content/web/homepage/hpc2-pre/evidence/r2-live-verification-v1.json | content/web/homepage/hpc2-pre/r2-actual-object-inventory-v1.json"
"61","知识与报告图示","images/figures/professional/PHIOS-FIGURE-OUTCOME-REVIEW-v1.svg","https://pub-1967bc5812ee4164b19a806fb1427021.r2.dev/images/figures/professional/PHIOS-FIGURE-OUTCOME-REVIEW-v1.svg","Outcome Review","/professional-reports.html","LEGACY_ROUTE_ONLY","","content/customer-experience-rebuild/audits/customer-asset-availability-v1.json | content/customer-experience-rebuild/authority/customer-visual-asset-registry-v2.json | content/customer-experience-rebuild/authority/customer-visual-asset-registry-v3.json | content/registry/public-assets.json | content/visual-production/figure/canonical-client-figure-registry-v2.json | content/web-production/registries/client-visual-asset-registry-v1.2.json | content/web-production/registries/client-visual-asset-registry-v1.3.json | content/web-production/registries/client-visual-asset-registry-v1.4.json | content/web-production/registries/client-visual-asset-registry-v1.5.json | content/web-production/registries/client-visual-asset-registry-v1.6.json | content/web-production/registries/client-visual-asset-registry-v1.7.json | content/web-production/registries/client-visual-asset-registry-v1.8.json | content/web/homepage/hpc2-pre/evidence/r2-live-verification-v1.json | content/web/homepage/hpc2-pre/r2-actual-object-inventory-v1.json"
"62","知识与报告图示","images/figures/professional/PHIOS-FIGURE-PRIVACY-DATA-BOUNDARY-v1.svg","https://pub-1967bc5812ee4164b19a806fb1427021.r2.dev/images/figures/professional/PHIOS-FIGURE-PRIVACY-DATA-BOUNDARY-v1.svg","Privacy / Data Boundary","/privacy.html","DISPLAYED_ON_ACTIVE_SURFACE","/privacy.html","content/customer-experience-rebuild/audits/customer-asset-availability-v1.json | content/customer-experience-rebuild/authority/customer-visual-asset-registry-v2.json | content/customer-experience-rebuild/authority/customer-visual-asset-registry-v3.json | content/registry/public-assets.json | content/visual-production/figure/canonical-client-figure-registry-v2.json | content/web-production/registries/client-visual-asset-registry-v1.2.json | content/web-production/registries/client-visual-asset-registry-v1.3.json | content/web-production/registries/client-visual-asset-registry-v1.4.json | content/web-production/registries/client-visual-asset-registry-v1.5.json | content/web-production/registries/client-visual-asset-registry-v1.6.json | content/web-production/registries/client-visual-asset-registry-v1.7.json | content/web-production/registries/client-visual-asset-registry-v1.8.json | content/web/homepage/hpc2-pre/evidence/r2-live-verification-v1.json | content/web/homepage/hpc2-pre/r2-actual-object-inventory-v1.json"
"63","知识与报告图示","images/figures/professional/PHIOS-FIGURE-PROFESSIONAL-ACTION-v1.svg","https://pub-1967bc5812ee4164b19a806fb1427021.r2.dev/images/figures/professional/PHIOS-FIGURE-PROFESSIONAL-ACTION-v1.svg","Professional Action","/professional/","DISPLAYED_CONDITIONALLY","/professional/","content/customer-experience-rebuild/audits/customer-asset-availability-v1.json | content/customer-experience-rebuild/authority/customer-visual-asset-registry-v2.json | content/customer-experience-rebuild/authority/customer-visual-asset-registry-v3.json | content/registry/public-assets.json | content/visual-production/figure/canonical-client-figure-registry-v2.json | content/web-production/registries/client-visual-asset-registry-v1.2.json | content/web-production/registries/client-visual-asset-registry-v1.3.json | content/web-production/registries/client-visual-asset-registry-v1.4.json | content/web-production/registries/client-visual-asset-registry-v1.5.json | content/web-production/registries/client-visual-asset-registry-v1.6.json | content/web-production/registries/client-visual-asset-registry-v1.7.json | content/web-production/registries/client-visual-asset-registry-v1.8.json | content/web/homepage/hpc2-pre/evidence/r2-live-verification-v1.json | content/web/homepage/hpc2-pre/r2-actual-object-inventory-v1.json | content/web/index-surfaces/pis-r1-context-figures-v1.json"
"64","知识与报告图示","images/figures/professional/PHIOS-FIGURE-PROFESSIONAL-GUIDANCE-FULL-FLOW-v1.svg","https://pub-1967bc5812ee4164b19a806fb1427021.r2.dev/images/figures/professional/PHIOS-FIGURE-PROFESSIONAL-GUIDANCE-FULL-FLOW-v1.svg","Professional Guidance Full Flow","/professional-workspace.html","DISPLAYED_ON_ACTIVE_SURFACE","/professional-workspace.html","content/customer-experience-rebuild/audits/customer-asset-availability-v1.json | content/customer-experience-rebuild/authority/customer-visual-asset-registry-v2.json | content/customer-experience-rebuild/authority/customer-visual-asset-registry-v3.json | content/registry/public-assets.json | content/visual-production/figure/canonical-client-figure-registry-v2.json | content/web-production/registries/client-visual-asset-registry-v1.2.json | content/web-production/registries/client-visual-asset-registry-v1.3.json | content/web-production/registries/client-visual-asset-registry-v1.4.json | content/web-production/registries/client-visual-asset-registry-v1.5.json | content/web-production/registries/client-visual-asset-registry-v1.6.json | content/web-production/registries/client-visual-asset-registry-v1.7.json | content/web-production/registries/client-visual-asset-registry-v1.8.json | content/web/homepage/hpc2-pre/evidence/r2-live-verification-v1.json | content/web/homepage/hpc2-pre/r2-actual-object-inventory-v1.json"
"65","知识与报告图示","images/figures/professional/PHIOS-FIGURE-PROFESSIONAL-JUDGMENT-BOUNDARY-v1.svg","https://pub-1967bc5812ee4164b19a806fb1427021.r2.dev/images/figures/professional/PHIOS-FIGURE-PROFESSIONAL-JUDGMENT-BOUNDARY-v1.svg","Professional Judgment Boundary","/professional/","DISPLAYED_CONDITIONALLY","/professional/","content/customer-experience-rebuild/audits/customer-asset-availability-v1.json | content/customer-experience-rebuild/authority/customer-visual-asset-registry-v2.json | content/customer-experience-rebuild/authority/customer-visual-asset-registry-v3.json | content/registry/public-assets.json | content/visual-production/figure/canonical-client-figure-registry-v2.json | content/web-production/registries/client-visual-asset-registry-v1.2.json | content/web-production/registries/client-visual-asset-registry-v1.3.json | content/web-production/registries/client-visual-asset-registry-v1.4.json | content/web-production/registries/client-visual-asset-registry-v1.5.json | content/web-production/registries/client-visual-asset-registry-v1.6.json | content/web-production/registries/client-visual-asset-registry-v1.7.json | content/web-production/registries/client-visual-asset-registry-v1.8.json | content/web/homepage/hpc2-pre/evidence/r2-live-verification-v1.json | content/web/homepage/hpc2-pre/r2-actual-object-inventory-v1.json | content/web/index-surfaces/pis-r1-context-figures-v1.json"
"66","知识与报告图示","images/figures/professional/PHIOS-FIGURE-PROVENANCE-LINEAGE-v1.svg","https://pub-1967bc5812ee4164b19a806fb1427021.r2.dev/images/figures/professional/PHIOS-FIGURE-PROVENANCE-LINEAGE-v1.svg","Provenance / Lineage","/professional/","DISPLAYED_CONDITIONALLY","/professional/","content/customer-experience-rebuild/audits/customer-asset-availability-v1.json | content/customer-experience-rebuild/authority/customer-visual-asset-registry-v2.json | content/customer-experience-rebuild/authority/customer-visual-asset-registry-v3.json | content/registry/public-assets.json | content/visual-production/figure/canonical-client-figure-registry-v2.json | content/web-production/registries/client-visual-asset-registry-v1.2.json | content/web-production/registries/client-visual-asset-registry-v1.3.json | content/web-production/registries/client-visual-asset-registry-v1.4.json | content/web-production/registries/client-visual-asset-registry-v1.5.json | content/web-production/registries/client-visual-asset-registry-v1.6.json | content/web-production/registries/client-visual-asset-registry-v1.7.json | content/web-production/registries/client-visual-asset-registry-v1.8.json | content/web/homepage/hpc2-pre/evidence/r2-live-verification-v1.json | content/web/homepage/hpc2-pre/r2-actual-object-inventory-v1.json | content/web/index-surfaces/pis-r1-context-figures-v1.json"
"67","知识与报告图示","images/figures/professional/PHIOS-FIGURE-UNCERTAINTY-BOUNDARY-v1.svg","https://pub-1967bc5812ee4164b19a806fb1427021.r2.dev/images/figures/professional/PHIOS-FIGURE-UNCERTAINTY-BOUNDARY-v1.svg","Uncertainty Boundary","/professional/","DISPLAYED_CONDITIONALLY","/professional/","content/customer-experience-rebuild/audits/customer-asset-availability-v1.json | content/customer-experience-rebuild/authority/customer-visual-asset-registry-v2.json | content/customer-experience-rebuild/authority/customer-visual-asset-registry-v3.json | content/registry/public-assets.json | content/visual-production/figure/canonical-client-figure-registry-v2.json | content/web-production/registries/client-visual-asset-registry-v1.2.json | content/web-production/registries/client-visual-asset-registry-v1.3.json | content/web-production/registries/client-visual-asset-registry-v1.4.json | content/web-production/registries/client-visual-asset-registry-v1.5.json | content/web-production/registries/client-visual-asset-registry-v1.6.json | content/web-production/registries/client-visual-asset-registry-v1.7.json | content/web-production/registries/client-visual-asset-registry-v1.8.json | content/web/homepage/hpc2-pre/evidence/r2-live-verification-v1.json | content/web/homepage/hpc2-pre/r2-actual-object-inventory-v1.json | content/web/index-surfaces/pis-r1-context-figures-v1.json"
"68","知识与报告图示","images/figures/thesis/from-intelligence-to-reality-navigation-v1.webp","https://pub-1967bc5812ee4164b19a806fb1427021.r2.dev/images/figures/thesis/from-intelligence-to-reality-navigation-v1.webp","Public editorial illustration; not a new knowledge claim.","","HISTORICAL_REGISTRY_ONLY","","content/web-production/registries/client-visual-asset-registry-v1.8.json"
"69","知识与报告图示","images/figures/thesis/phios-runtime-architecture-v1.webp","https://pub-1967bc5812ee4164b19a806fb1427021.r2.dev/images/figures/thesis/phios-runtime-architecture-v1.webp","Public editorial illustration; not a new knowledge claim.","","HISTORICAL_REGISTRY_ONLY","","content/web-production/registries/client-visual-asset-registry-v1.8.json"
"70","知识与报告图示","images/figures/thesis/reality-ecosystem-v1.webp","https://pub-1967bc5812ee4164b19a806fb1427021.r2.dev/images/figures/thesis/reality-ecosystem-v1.webp","Public editorial illustration; not a new knowledge claim.","","HISTORICAL_REGISTRY_ONLY","","content/web-production/registries/client-visual-asset-registry-v1.8.json"
"71","知识与报告图示","images/figures/thesis/reality-navigation-economy-v1.webp","https://pub-1967bc5812ee4164b19a806fb1427021.r2.dev/images/figures/thesis/reality-navigation-economy-v1.webp","Public editorial illustration; not a new knowledge claim.","","HISTORICAL_REGISTRY_ONLY","","content/web-production/registries/client-visual-asset-registry-v1.8.json"
"72","知识与报告图示","images/figures/thesis/reality-navigation-infrastructure-v1.webp","https://pub-1967bc5812ee4164b19a806fb1427021.r2.dev/images/figures/thesis/reality-navigation-infrastructure-v1.webp","Public editorial illustration; not a new knowledge claim.","","HISTORICAL_REGISTRY_ONLY","","content/web-production/registries/client-visual-asset-registry-v1.8.json"
"73","知识与报告图示","images/figures/thesis/reality-navigation-thesis-overview-en-v1.webp","https://pub-1967bc5812ee4164b19a806fb1427021.r2.dev/images/figures/thesis/reality-navigation-thesis-overview-en-v1.webp","Public editorial illustration; not a new knowledge claim.","","HISTORICAL_REGISTRY_ONLY","","content/web-production/registries/client-visual-asset-registry-v1.8.json"
"74","知识与报告图示","images/figures/thesis/reality-navigation-thesis-overview-zh-hans-v1.webp","https://pub-1967bc5812ee4164b19a806fb1427021.r2.dev/images/figures/thesis/reality-navigation-thesis-overview-zh-hans-v1.webp","Public editorial illustration; not a new knowledge claim.","","HISTORICAL_REGISTRY_ONLY","","content/web-production/registries/client-visual-asset-registry-v1.8.json"
"75","主视觉","images/hero/PHIOS-HERO-ACADEMY-v1.webp","https://pub-1967bc5812ee4164b19a806fb1427021.r2.dev/images/hero/PHIOS-HERO-ACADEMY-v1.webp","Reusable production hero for Reality Academy surfaces.","/academy.html","LEGACY_ROUTE_ONLY","","content/customer-experience-rebuild/audits/customer-asset-availability-v1.json | content/customer-experience-rebuild/authority/customer-visual-asset-registry-v2.json | content/customer-experience-rebuild/authority/customer-visual-asset-registry-v3.json | content/registry/public-assets.json | content/web-production/registries/client-visual-asset-registry-v1.1.json | content/web-production/registries/client-visual-asset-registry-v1.2.json | content/web-production/registries/client-visual-asset-registry-v1.3.json | content/web-production/registries/client-visual-asset-registry-v1.4.json | content/web-production/registries/client-visual-asset-registry-v1.5.json | content/web-production/registries/client-visual-asset-registry-v1.6.json | content/web-production/registries/client-visual-asset-registry-v1.7.json | content/web-production/registries/client-visual-asset-registry-v1.8.json | content/web/homepage/hpc2-pre/evidence/r2-live-verification-v1.json | content/web/homepage/hpc2-pre/r2-actual-object-inventory-v1.json"
"76","主视觉","images/hero/PHIOS-HERO-ACCOUNT-CONTINUITY-v1.webp","https://pub-1967bc5812ee4164b19a806fb1427021.r2.dev/images/hero/PHIOS-HERO-ACCOUNT-CONTINUITY-v1.webp","Reusable production hero for Account and Continuity surfaces.","/account.html","DISPLAYED_ON_ACTIVE_SURFACE","/privacy.html","content/customer-experience-rebuild/audits/customer-asset-availability-v1.json | content/customer-experience-rebuild/authority/customer-visual-asset-registry-v2.json | content/customer-experience-rebuild/authority/customer-visual-asset-registry-v3.json | content/registry/public-assets.json | content/web-production/registries/client-visual-asset-registry-v1.1.json | content/web-production/registries/client-visual-asset-registry-v1.2.json | content/web-production/registries/client-visual-asset-registry-v1.3.json | content/web-production/registries/client-visual-asset-registry-v1.4.json | content/web-production/registries/client-visual-asset-registry-v1.5.json | content/web-production/registries/client-visual-asset-registry-v1.6.json | content/web-production/registries/client-visual-asset-registry-v1.7.json | content/web-production/registries/client-visual-asset-registry-v1.8.json | content/web/homepage/hpc2-pre/evidence/r2-live-verification-v1.json | content/web/homepage/hpc2-pre/r2-actual-object-inventory-v1.json"
"77","主视觉","images/hero/PHIOS-HERO-DIGITAL-BOOK-ACCESS-v1.webp","https://pub-1967bc5812ee4164b19a806fb1427021.r2.dev/images/hero/PHIOS-HERO-DIGITAL-BOOK-ACCESS-v1.webp","Reusable production hero for Digital Book Access surfaces.","","DISPLAYED_ON_ACTIVE_SURFACE","/checkout.html | /payment-success.html | /book-one-preview.html","content/customer-experience-rebuild/audits/customer-asset-availability-v1.json | content/customer-experience-rebuild/authority/customer-visual-asset-registry-v2.json | content/customer-experience-rebuild/authority/customer-visual-asset-registry-v3.json | content/registry/public-assets.json | content/web-production/registries/client-visual-asset-registry-v1.1.json | content/web-production/registries/client-visual-asset-registry-v1.2.json | content/web-production/registries/client-visual-asset-registry-v1.3.json | content/web-production/registries/client-visual-asset-registry-v1.4.json | content/web-production/registries/client-visual-asset-registry-v1.5.json | content/web-production/registries/client-visual-asset-registry-v1.6.json | content/web-production/registries/client-visual-asset-registry-v1.7.json | content/web-production/registries/client-visual-asset-registry-v1.8.json | content/web/homepage/hpc2-pre/evidence/r2-live-verification-v1.json | content/web/homepage/hpc2-pre/r2-actual-object-inventory-v1.json"
"78","主视觉","images/hero/PHIOS-HERO-FINANCIAL-REALITY-v1.webp","https://pub-1967bc5812ee4164b19a806fb1427021.r2.dev/images/hero/PHIOS-HERO-FINANCIAL-REALITY-v1.webp","Reusable production hero for Financial Reality surfaces.","/","DISPLAYED_ON_ACTIVE_SURFACE","/","content/customer-experience-rebuild/audits/customer-asset-availability-v1.json | content/customer-experience-rebuild/authority/customer-visual-asset-registry-v2.json | content/customer-experience-rebuild/authority/customer-visual-asset-registry-v3.json | content/registry/public-assets.json | content/web-production/registries/client-visual-asset-registry-v1.1.json | content/web-production/registries/client-visual-asset-registry-v1.2.json | content/web-production/registries/client-visual-asset-registry-v1.3.json | content/web-production/registries/client-visual-asset-registry-v1.4.json | content/web-production/registries/client-visual-asset-registry-v1.5.json | content/web-production/registries/client-visual-asset-registry-v1.6.json | content/web-production/registries/client-visual-asset-registry-v1.7.json | content/web-production/registries/client-visual-asset-registry-v1.8.json | content/web/homepage/hpc2-pre/evidence/r2-live-verification-v1.json | content/web/homepage/hpc2-pre/r2-actual-object-inventory-v1.json"
"79","主视觉","images/hero/PHIOS-HERO-PERSONAL-REALITY-v1.webp","https://pub-1967bc5812ee4164b19a806fb1427021.r2.dev/images/hero/PHIOS-HERO-PERSONAL-REALITY-v1.webp","Reusable production hero for Personal Reality surfaces.","/","DISPLAYED_ON_ACTIVE_SURFACE","/","content/customer-experience-rebuild/audits/customer-asset-availability-v1.json | content/customer-experience-rebuild/authority/customer-visual-asset-registry-v2.json | content/customer-experience-rebuild/authority/customer-visual-asset-registry-v3.json | content/registry/public-assets.json | content/web-production/registries/client-visual-asset-registry-v1.1.json | content/web-production/registries/client-visual-asset-registry-v1.2.json | content/web-production/registries/client-visual-asset-registry-v1.3.json | content/web-production/registries/client-visual-asset-registry-v1.4.json | content/web-production/registries/client-visual-asset-registry-v1.5.json | content/web-production/registries/client-visual-asset-registry-v1.6.json | content/web-production/registries/client-visual-asset-registry-v1.7.json | content/web-production/registries/client-visual-asset-registry-v1.8.json | content/web/homepage/hpc2-pre/evidence/r2-live-verification-v1.json | content/web/homepage/hpc2-pre/r2-actual-object-inventory-v1.json"
"80","主视觉","images/hero/PHIOS-HERO-REALITY-CONTINUITY-v1.webp","https://pub-1967bc5812ee4164b19a806fb1427021.r2.dev/images/hero/PHIOS-HERO-REALITY-CONTINUITY-v1.webp","Reusable production hero for Reality Review and Continuity surfaces.","","RETIRED_SURFACE_REFERENCE","","content/customer-experience-rebuild/audits/customer-asset-availability-v1.json | content/customer-experience-rebuild/authority/customer-visual-asset-registry-v2.json | content/customer-experience-rebuild/authority/customer-visual-asset-registry-v3.json | content/knowledge/migrations/book-w1e/book-w1e-poc-a-public-asset-verification-successor-v1.json | content/registry/public-assets.json | content/web-production/registries/client-visual-asset-registry-v1.1.json | content/web-production/registries/client-visual-asset-registry-v1.2.json | content/web-production/registries/client-visual-asset-registry-v1.3.json | content/web-production/registries/client-visual-asset-registry-v1.4.json | content/web-production/registries/client-visual-asset-registry-v1.5.json | content/web-production/registries/client-visual-asset-registry-v1.6.json | content/web-production/registries/client-visual-asset-registry-v1.7.json | content/web-production/registries/client-visual-asset-registry-v1.8.json | content/web/homepage/hpc2-pre/evidence/r2-live-verification-v1.json | content/web/homepage/hpc2-pre/r2-actual-object-inventory-v1.json"
"81","主视觉","images/hero/PHIOS-HERO-REALITY-ENTRY-v1.webp","https://pub-1967bc5812ee4164b19a806fb1427021.r2.dev/images/hero/PHIOS-HERO-REALITY-ENTRY-v1.webp","Reusable production hero for Reality Entry surfaces.","","RETIRED_SURFACE_REFERENCE","","content/customer-experience-rebuild/audits/customer-asset-availability-v1.json | content/customer-experience-rebuild/authority/customer-visual-asset-registry-v2.json | content/customer-experience-rebuild/authority/customer-visual-asset-registry-v3.json | content/knowledge/migrations/book-w1e/book-w1e-poc-a-public-asset-verification-successor-v1.json | content/registry/public-assets.json | content/web-production/registries/client-visual-asset-registry-v1.1.json | content/web-production/registries/client-visual-asset-registry-v1.2.json | content/web-production/registries/client-visual-asset-registry-v1.3.json | content/web-production/registries/client-visual-asset-registry-v1.4.json | content/web-production/registries/client-visual-asset-registry-v1.5.json | content/web-production/registries/client-visual-asset-registry-v1.6.json | content/web-production/registries/client-visual-asset-registry-v1.7.json | content/web-production/registries/client-visual-asset-registry-v1.8.json | content/web/homepage/hpc2-pre/evidence/r2-live-verification-v1.json | content/web/homepage/hpc2-pre/r2-actual-object-inventory-v1.json"
"82","主视觉","images/hero/PHIOS-HERO-REALITY-JOURNEY-v1.webp","https://pub-1967bc5812ee4164b19a806fb1427021.r2.dev/images/hero/PHIOS-HERO-REALITY-JOURNEY-v1.webp","Reusable production hero for Reality Journey surfaces.","","RETIRED_SURFACE_REFERENCE","","content/customer-experience-rebuild/audits/customer-asset-availability-v1.json | content/customer-experience-rebuild/authority/customer-visual-asset-registry-v2.json | content/customer-experience-rebuild/authority/customer-visual-asset-registry-v3.json | content/registry/public-assets.json | content/web-production/registries/client-visual-asset-registry-v1.1.json | content/web-production/registries/client-visual-asset-registry-v1.2.json | content/web-production/registries/client-visual-asset-registry-v1.3.json | content/web-production/registries/client-visual-asset-registry-v1.4.json | content/web-production/registries/client-visual-asset-registry-v1.5.json | content/web-production/registries/client-visual-asset-registry-v1.6.json | content/web-production/registries/client-visual-asset-registry-v1.7.json | content/web-production/registries/client-visual-asset-registry-v1.8.json | content/web/homepage/hpc2-pre/evidence/r2-live-verification-v1.json | content/web/homepage/hpc2-pre/r2-actual-object-inventory-v1.json"
"83","主视觉","images/hero/PHIOS-HERO-REALITY-NAVIGATION-STAGE-v1.webp","https://pub-1967bc5812ee4164b19a806fb1427021.r2.dev/images/hero/PHIOS-HERO-REALITY-NAVIGATION-STAGE-v1.webp","Reusable production hero for Reality Navigation Stage surfaces.","","RETIRED_SURFACE_REFERENCE","","content/customer-experience-rebuild/audits/customer-asset-availability-v1.json | content/customer-experience-rebuild/authority/customer-visual-asset-registry-v2.json | content/customer-experience-rebuild/authority/customer-visual-asset-registry-v3.json | content/knowledge/migrations/book-w1e/book-w1e-poc-a-public-asset-verification-successor-v1.json | content/registry/public-assets.json | content/web-production/registries/client-visual-asset-registry-v1.1.json | content/web-production/registries/client-visual-asset-registry-v1.2.json | content/web-production/registries/client-visual-asset-registry-v1.3.json | content/web-production/registries/client-visual-asset-registry-v1.4.json | content/web-production/registries/client-visual-asset-registry-v1.5.json | content/web-production/registries/client-visual-asset-registry-v1.6.json | content/web-production/registries/client-visual-asset-registry-v1.7.json | content/web-production/registries/client-visual-asset-registry-v1.8.json | content/web/homepage/hpc2-pre/evidence/r2-live-verification-v1.json | content/web/homepage/hpc2-pre/r2-actual-object-inventory-v1.json"
"84","主视觉","images/hero/PHIOS-HERO-REALITY-READING-v1.webp","https://pub-1967bc5812ee4164b19a806fb1427021.r2.dev/images/hero/PHIOS-HERO-REALITY-READING-v1.webp","Reusable production hero for Reality Reading surfaces.","","RETIRED_SURFACE_REFERENCE","","content/customer-experience-rebuild/audits/customer-asset-availability-v1.json | content/customer-experience-rebuild/authority/customer-visual-asset-registry-v2.json | content/customer-experience-rebuild/authority/customer-visual-asset-registry-v3.json | content/knowledge/migrations/book-w1e/book-w1e-poc-a-public-asset-verification-successor-v1.json | content/registry/public-assets.json | content/web-production/registries/client-visual-asset-registry-v1.1.json | content/web-production/registries/client-visual-asset-registry-v1.2.json | content/web-production/registries/client-visual-asset-registry-v1.3.json | content/web-production/registries/client-visual-asset-registry-v1.4.json | content/web-production/registries/client-visual-asset-registry-v1.5.json | content/web-production/registries/client-visual-asset-registry-v1.6.json | content/web-production/registries/client-visual-asset-registry-v1.7.json | content/web-production/registries/client-visual-asset-registry-v1.8.json | content/web/homepage/hpc2-pre/evidence/r2-live-verification-v1.json | content/web/homepage/hpc2-pre/r2-actual-object-inventory-v1.json"
"85","主视觉","images/hero/PHIOS-HERO-REALITY-RECONSTRUCTION-v1.webp","https://pub-1967bc5812ee4164b19a806fb1427021.r2.dev/images/hero/PHIOS-HERO-REALITY-RECONSTRUCTION-v1.webp","Reusable production hero for Reality Reconstruction surfaces.","","RETIRED_SURFACE_REFERENCE","","content/customer-experience-rebuild/audits/customer-asset-availability-v1.json | content/customer-experience-rebuild/authority/customer-visual-asset-registry-v2.json | content/customer-experience-rebuild/authority/customer-visual-asset-registry-v3.json | content/knowledge/migrations/book-w1e/book-w1e-poc-a-public-asset-verification-successor-v1.json | content/registry/public-assets.json | content/web-production/registries/client-visual-asset-registry-v1.1.json | content/web-production/registries/client-visual-asset-registry-v1.2.json | content/web-production/registries/client-visual-asset-registry-v1.3.json | content/web-production/registries/client-visual-asset-registry-v1.4.json | content/web-production/registries/client-visual-asset-registry-v1.5.json | content/web-production/registries/client-visual-asset-registry-v1.6.json | content/web-production/registries/client-visual-asset-registry-v1.7.json | content/web-production/registries/client-visual-asset-registry-v1.8.json | content/web/homepage/hpc2-pre/evidence/r2-live-verification-v1.json | content/web/homepage/hpc2-pre/r2-actual-object-inventory-v1.json"
"86","主视觉","images/hero/PHIOS-HERO-SERVICES-v1.webp","https://pub-1967bc5812ee4164b19a806fb1427021.r2.dev/images/hero/PHIOS-HERO-SERVICES-v1.webp","Reusable production hero for Services and Guidance surfaces.","/external-reader-intake.html","DISPLAYED_ON_ACTIVE_SURFACE","/external-reader-intake.html","content/customer-experience-rebuild/audits/customer-asset-availability-v1.json | content/customer-experience-rebuild/authority/customer-visual-asset-registry-v2.json | content/customer-experience-rebuild/authority/customer-visual-asset-registry-v3.json | content/registry/public-assets.json | content/web-production/registries/client-visual-asset-registry-v1.1.json | content/web-production/registries/client-visual-asset-registry-v1.2.json | content/web-production/registries/client-visual-asset-registry-v1.3.json | content/web-production/registries/client-visual-asset-registry-v1.4.json | content/web-production/registries/client-visual-asset-registry-v1.5.json | content/web-production/registries/client-visual-asset-registry-v1.6.json | content/web-production/registries/client-visual-asset-registry-v1.7.json | content/web-production/registries/client-visual-asset-registry-v1.8.json | content/web/homepage/hpc2-pre/evidence/r2-live-verification-v1.json | content/web/homepage/hpc2-pre/r2-actual-object-inventory-v1.json"
"87","图标","images/icons/academy/PHIOS-ICON-ASSESSMENT-v1.svg","https://pub-1967bc5812ee4164b19a806fb1427021.r2.dev/images/icons/academy/PHIOS-ICON-ASSESSMENT-v1.svg","Assessment","","INTENTIONALLY_NON_RENDERED_ASSET","","content/customer-experience-rebuild/audits/customer-asset-availability-v1.json | content/customer-experience-rebuild/authority/customer-visual-asset-registry-v2.json | content/customer-experience-rebuild/authority/customer-visual-asset-registry-v3.json | content/registry/public-assets.json | content/web-production/registries/client-visual-asset-registry-v1.1.json | content/web-production/registries/client-visual-asset-registry-v1.2.json | content/web-production/registries/client-visual-asset-registry-v1.3.json | content/web-production/registries/client-visual-asset-registry-v1.4.json | content/web-production/registries/client-visual-asset-registry-v1.5.json | content/web-production/registries/client-visual-asset-registry-v1.6.json | content/web-production/registries/client-visual-asset-registry-v1.7.json | content/web-production/registries/client-visual-asset-registry-v1.8.json | content/web/homepage/hpc2-pre/evidence/r2-live-verification-v1.json | content/web/homepage/hpc2-pre/r2-actual-object-inventory-v1.json | content/web/homepage/hpc2-pre/r2-layout-reconciliation-v2.json"
"88","图标","images/icons/academy/PHIOS-ICON-CAPABILITY-v1.svg","https://pub-1967bc5812ee4164b19a806fb1427021.r2.dev/images/icons/academy/PHIOS-ICON-CAPABILITY-v1.svg","Capability","","INTENTIONALLY_NON_RENDERED_ASSET","","content/customer-experience-rebuild/audits/customer-asset-availability-v1.json | content/customer-experience-rebuild/authority/customer-visual-asset-registry-v2.json | content/customer-experience-rebuild/authority/customer-visual-asset-registry-v3.json | content/registry/public-assets.json | content/web-production/registries/client-visual-asset-registry-v1.1.json | content/web-production/registries/client-visual-asset-registry-v1.2.json | content/web-production/registries/client-visual-asset-registry-v1.3.json | content/web-production/registries/client-visual-asset-registry-v1.4.json | content/web-production/registries/client-visual-asset-registry-v1.5.json | content/web-production/registries/client-visual-asset-registry-v1.6.json | content/web-production/registries/client-visual-asset-registry-v1.7.json | content/web-production/registries/client-visual-asset-registry-v1.8.json | content/web/homepage/hpc2-pre/evidence/r2-live-verification-v1.json | content/web/homepage/hpc2-pre/r2-actual-object-inventory-v1.json | content/web/homepage/hpc2-pre/r2-layout-reconciliation-v2.json"
"89","图标","images/icons/academy/PHIOS-ICON-LEARNING-REVIEW-v1.svg","https://pub-1967bc5812ee4164b19a806fb1427021.r2.dev/images/icons/academy/PHIOS-ICON-LEARNING-REVIEW-v1.svg","Learning Review","","INTENTIONALLY_NON_RENDERED_ASSET","","content/customer-experience-rebuild/audits/customer-asset-availability-v1.json | content/customer-experience-rebuild/authority/customer-visual-asset-registry-v2.json | content/customer-experience-rebuild/authority/customer-visual-asset-registry-v3.json | content/registry/public-assets.json | content/web-production/registries/client-visual-asset-registry-v1.1.json | content/web-production/registries/client-visual-asset-registry-v1.2.json | content/web-production/registries/client-visual-asset-registry-v1.3.json | content/web-production/registries/client-visual-asset-registry-v1.4.json | content/web-production/registries/client-visual-asset-registry-v1.5.json | content/web-production/registries/client-visual-asset-registry-v1.6.json | content/web-production/registries/client-visual-asset-registry-v1.7.json | content/web-production/registries/client-visual-asset-registry-v1.8.json | content/web/homepage/hpc2-pre/evidence/r2-live-verification-v1.json | content/web/homepage/hpc2-pre/r2-actual-object-inventory-v1.json | content/web/homepage/hpc2-pre/r2-layout-reconciliation-v2.json"
"90","图标","images/icons/academy/PHIOS-ICON-LESSON-v1.svg","https://pub-1967bc5812ee4164b19a806fb1427021.r2.dev/images/icons/academy/PHIOS-ICON-LESSON-v1.svg","Lesson","","INTENTIONALLY_NON_RENDERED_ASSET","","content/customer-experience-rebuild/audits/customer-asset-availability-v1.json | content/customer-experience-rebuild/authority/customer-visual-asset-registry-v2.json | content/customer-experience-rebuild/authority/customer-visual-asset-registry-v3.json | content/registry/public-assets.json | content/web-production/registries/client-visual-asset-registry-v1.1.json | content/web-production/registries/client-visual-asset-registry-v1.2.json | content/web-production/registries/client-visual-asset-registry-v1.3.json | content/web-production/registries/client-visual-asset-registry-v1.4.json | content/web-production/registries/client-visual-asset-registry-v1.5.json | content/web-production/registries/client-visual-asset-registry-v1.6.json | content/web-production/registries/client-visual-asset-registry-v1.7.json | content/web-production/registries/client-visual-asset-registry-v1.8.json | content/web/homepage/hpc2-pre/evidence/r2-live-verification-v1.json | content/web/homepage/hpc2-pre/r2-actual-object-inventory-v1.json | content/web/homepage/hpc2-pre/r2-layout-reconciliation-v2.json"
"91","图标","images/icons/academy/PHIOS-ICON-PRACTICE-v1.svg","https://pub-1967bc5812ee4164b19a806fb1427021.r2.dev/images/icons/academy/PHIOS-ICON-PRACTICE-v1.svg","Practice","","INTENTIONALLY_NON_RENDERED_ASSET","","content/customer-experience-rebuild/audits/customer-asset-availability-v1.json | content/customer-experience-rebuild/authority/customer-visual-asset-registry-v2.json | content/customer-experience-rebuild/authority/customer-visual-asset-registry-v3.json | content/registry/public-assets.json | content/web-production/registries/client-visual-asset-registry-v1.1.json | content/web-production/registries/client-visual-asset-registry-v1.2.json | content/web-production/registries/client-visual-asset-registry-v1.3.json | content/web-production/registries/client-visual-asset-registry-v1.4.json | content/web-production/registries/client-visual-asset-registry-v1.5.json | content/web-production/registries/client-visual-asset-registry-v1.6.json | content/web-production/registries/client-visual-asset-registry-v1.7.json | content/web-production/registries/client-visual-asset-registry-v1.8.json | content/web/homepage/hpc2-pre/evidence/r2-live-verification-v1.json | content/web/homepage/hpc2-pre/r2-actual-object-inventory-v1.json | content/web/homepage/hpc2-pre/r2-layout-reconciliation-v2.json"
"92","图标","images/icons/academy/PHIOS-ICON-PROGRESS-v1.svg","https://pub-1967bc5812ee4164b19a806fb1427021.r2.dev/images/icons/academy/PHIOS-ICON-PROGRESS-v1.svg","Progress","","INTENTIONALLY_NON_RENDERED_ASSET","","content/customer-experience-rebuild/audits/customer-asset-availability-v1.json | content/customer-experience-rebuild/authority/customer-visual-asset-registry-v2.json | content/customer-experience-rebuild/authority/customer-visual-asset-registry-v3.json | content/registry/public-assets.json | content/web-production/registries/client-visual-asset-registry-v1.1.json | content/web-production/registries/client-visual-asset-registry-v1.2.json | content/web-production/registries/client-visual-asset-registry-v1.3.json | content/web-production/registries/client-visual-asset-registry-v1.4.json | content/web-production/registries/client-visual-asset-registry-v1.5.json | content/web-production/registries/client-visual-asset-registry-v1.6.json | content/web-production/registries/client-visual-asset-registry-v1.7.json | content/web-production/registries/client-visual-asset-registry-v1.8.json | content/web/homepage/hpc2-pre/evidence/r2-live-verification-v1.json | content/web/homepage/hpc2-pre/r2-actual-object-inventory-v1.json | content/web/homepage/hpc2-pre/r2-layout-reconciliation-v2.json"
"93","图标","images/icons/account/PHIOS-ICON-APPOINTMENT-v1.svg","https://pub-1967bc5812ee4164b19a806fb1427021.r2.dev/images/icons/account/PHIOS-ICON-APPOINTMENT-v1.svg","Appointment","","INTENTIONALLY_NON_RENDERED_ASSET","","content/customer-experience-rebuild/audits/customer-asset-availability-v1.json | content/customer-experience-rebuild/authority/customer-visual-asset-registry-v2.json | content/customer-experience-rebuild/authority/customer-visual-asset-registry-v3.json | content/registry/public-assets.json | content/web-production/registries/client-visual-asset-registry-v1.1.json | content/web-production/registries/client-visual-asset-registry-v1.2.json | content/web-production/registries/client-visual-asset-registry-v1.3.json | content/web-production/registries/client-visual-asset-registry-v1.4.json | content/web-production/registries/client-visual-asset-registry-v1.5.json | content/web-production/registries/client-visual-asset-registry-v1.6.json | content/web-production/registries/client-visual-asset-registry-v1.7.json | content/web-production/registries/client-visual-asset-registry-v1.8.json | content/web/homepage/hpc2-pre/evidence/r2-live-verification-v1.json | content/web/homepage/hpc2-pre/r2-actual-object-inventory-v1.json | content/web/homepage/hpc2-pre/r2-layout-reconciliation-v2.json"
"94","图标","images/icons/account/PHIOS-ICON-BOOK-ACCESS-v1.svg","https://pub-1967bc5812ee4164b19a806fb1427021.r2.dev/images/icons/account/PHIOS-ICON-BOOK-ACCESS-v1.svg","Book Access","","INTENTIONALLY_NON_RENDERED_ASSET","","content/customer-experience-rebuild/audits/customer-asset-availability-v1.json | content/customer-experience-rebuild/authority/customer-visual-asset-registry-v2.json | content/customer-experience-rebuild/authority/customer-visual-asset-registry-v3.json | content/registry/public-assets.json | content/web-production/registries/client-visual-asset-registry-v1.1.json | content/web-production/registries/client-visual-asset-registry-v1.2.json | content/web-production/registries/client-visual-asset-registry-v1.3.json | content/web-production/registries/client-visual-asset-registry-v1.4.json | content/web-production/registries/client-visual-asset-registry-v1.5.json | content/web-production/registries/client-visual-asset-registry-v1.6.json | content/web-production/registries/client-visual-asset-registry-v1.7.json | content/web-production/registries/client-visual-asset-registry-v1.8.json | content/web/homepage/hpc2-pre/evidence/r2-live-verification-v1.json | content/web/homepage/hpc2-pre/r2-actual-object-inventory-v1.json | content/web/homepage/hpc2-pre/r2-layout-reconciliation-v2.json"
"95","图标","images/icons/account/PHIOS-ICON-DOWNLOAD-v1.svg","https://pub-1967bc5812ee4164b19a806fb1427021.r2.dev/images/icons/account/PHIOS-ICON-DOWNLOAD-v1.svg","Download","","INTENTIONALLY_NON_RENDERED_ASSET","","content/customer-experience-rebuild/audits/customer-asset-availability-v1.json | content/customer-experience-rebuild/authority/customer-visual-asset-registry-v2.json | content/customer-experience-rebuild/authority/customer-visual-asset-registry-v3.json | content/registry/public-assets.json | content/web-production/registries/client-visual-asset-registry-v1.1.json | content/web-production/registries/client-visual-asset-registry-v1.2.json | content/web-production/registries/client-visual-asset-registry-v1.3.json | content/web-production/registries/client-visual-asset-registry-v1.4.json | content/web-production/registries/client-visual-asset-registry-v1.5.json | content/web-production/registries/client-visual-asset-registry-v1.6.json | content/web-production/registries/client-visual-asset-registry-v1.7.json | content/web-production/registries/client-visual-asset-registry-v1.8.json | content/web/homepage/hpc2-pre/evidence/r2-live-verification-v1.json | content/web/homepage/hpc2-pre/r2-actual-object-inventory-v1.json | content/web/homepage/hpc2-pre/r2-layout-reconciliation-v2.json"
"96","图标","images/icons/account/PHIOS-ICON-MEMBERSHIP-v1.svg","https://pub-1967bc5812ee4164b19a806fb1427021.r2.dev/images/icons/account/PHIOS-ICON-MEMBERSHIP-v1.svg","Membership","","INTENTIONALLY_NON_RENDERED_ASSET","","content/customer-experience-rebuild/audits/customer-asset-availability-v1.json | content/customer-experience-rebuild/authority/customer-visual-asset-registry-v2.json | content/customer-experience-rebuild/authority/customer-visual-asset-registry-v3.json | content/registry/public-assets.json | content/web-production/registries/client-visual-asset-registry-v1.1.json | content/web-production/registries/client-visual-asset-registry-v1.2.json | content/web-production/registries/client-visual-asset-registry-v1.3.json | content/web-production/registries/client-visual-asset-registry-v1.4.json | content/web-production/registries/client-visual-asset-registry-v1.5.json | content/web-production/registries/client-visual-asset-registry-v1.6.json | content/web-production/registries/client-visual-asset-registry-v1.7.json | content/web-production/registries/client-visual-asset-registry-v1.8.json | content/web/homepage/hpc2-pre/evidence/r2-live-verification-v1.json | content/web/homepage/hpc2-pre/r2-actual-object-inventory-v1.json | content/web/homepage/hpc2-pre/r2-layout-reconciliation-v2.json"
"97","图标","images/icons/account/PHIOS-ICON-PAYMENT-FAILURE-v1.svg","https://pub-1967bc5812ee4164b19a806fb1427021.r2.dev/images/icons/account/PHIOS-ICON-PAYMENT-FAILURE-v1.svg","Payment Failure","","INTENTIONALLY_NON_RENDERED_ASSET","","content/customer-experience-rebuild/audits/customer-asset-availability-v1.json | content/customer-experience-rebuild/authority/customer-visual-asset-registry-v2.json | content/customer-experience-rebuild/authority/customer-visual-asset-registry-v3.json | content/registry/public-assets.json | content/web-production/registries/client-visual-asset-registry-v1.1.json | content/web-production/registries/client-visual-asset-registry-v1.2.json | content/web-production/registries/client-visual-asset-registry-v1.3.json | content/web-production/registries/client-visual-asset-registry-v1.4.json | content/web-production/registries/client-visual-asset-registry-v1.5.json | content/web-production/registries/client-visual-asset-registry-v1.6.json | content/web-production/registries/client-visual-asset-registry-v1.7.json | content/web-production/registries/client-visual-asset-registry-v1.8.json | content/web/homepage/hpc2-pre/evidence/r2-live-verification-v1.json | content/web/homepage/hpc2-pre/r2-actual-object-inventory-v1.json | content/web/homepage/hpc2-pre/r2-layout-reconciliation-v2.json"
"98","图标","images/icons/account/PHIOS-ICON-PAYMENT-SUCCESS-v1.svg","https://pub-1967bc5812ee4164b19a806fb1427021.r2.dev/images/icons/account/PHIOS-ICON-PAYMENT-SUCCESS-v1.svg","Payment Success","","INTENTIONALLY_NON_RENDERED_ASSET","","content/customer-experience-rebuild/audits/customer-asset-availability-v1.json | content/customer-experience-rebuild/authority/customer-visual-asset-registry-v2.json | content/customer-experience-rebuild/authority/customer-visual-asset-registry-v3.json | content/registry/public-assets.json | content/web-production/registries/client-visual-asset-registry-v1.1.json | content/web-production/registries/client-visual-asset-registry-v1.2.json | content/web-production/registries/client-visual-asset-registry-v1.3.json | content/web-production/registries/client-visual-asset-registry-v1.4.json | content/web-production/registries/client-visual-asset-registry-v1.5.json | content/web-production/registries/client-visual-asset-registry-v1.6.json | content/web-production/registries/client-visual-asset-registry-v1.7.json | content/web-production/registries/client-visual-asset-registry-v1.8.json | content/web/homepage/hpc2-pre/evidence/r2-live-verification-v1.json | content/web/homepage/hpc2-pre/r2-actual-object-inventory-v1.json | content/web/homepage/hpc2-pre/r2-layout-reconciliation-v2.json"
"99","图标","images/icons/account/PHIOS-ICON-PAYMENT-v1.svg","https://pub-1967bc5812ee4164b19a806fb1427021.r2.dev/images/icons/account/PHIOS-ICON-PAYMENT-v1.svg","Payment","","INTENTIONALLY_NON_RENDERED_ASSET","","content/customer-experience-rebuild/audits/customer-asset-availability-v1.json | content/customer-experience-rebuild/authority/customer-visual-asset-registry-v2.json | content/customer-experience-rebuild/authority/customer-visual-asset-registry-v3.json | content/registry/public-assets.json | content/web-production/registries/client-visual-asset-registry-v1.1.json | content/web-production/registries/client-visual-asset-registry-v1.2.json | content/web-production/registries/client-visual-asset-registry-v1.3.json | content/web-production/registries/client-visual-asset-registry-v1.4.json | content/web-production/registries/client-visual-asset-registry-v1.5.json | content/web-production/registries/client-visual-asset-registry-v1.6.json | content/web-production/registries/client-visual-asset-registry-v1.7.json | content/web-production/registries/client-visual-asset-registry-v1.8.json | content/web/homepage/hpc2-pre/evidence/r2-live-verification-v1.json | content/web/homepage/hpc2-pre/r2-actual-object-inventory-v1.json | content/web/homepage/hpc2-pre/r2-layout-reconciliation-v2.json"
"100","图标","images/icons/account/PHIOS-ICON-PRIVACY-v1.svg","https://pub-1967bc5812ee4164b19a806fb1427021.r2.dev/images/icons/account/PHIOS-ICON-PRIVACY-v1.svg","Privacy","","INTENTIONALLY_NON_RENDERED_ASSET","","content/customer-experience-rebuild/audits/customer-asset-availability-v1.json | content/customer-experience-rebuild/authority/customer-visual-asset-registry-v2.json | content/customer-experience-rebuild/authority/customer-visual-asset-registry-v3.json | content/registry/public-assets.json | content/web-production/registries/client-visual-asset-registry-v1.1.json | content/web-production/registries/client-visual-asset-registry-v1.2.json | content/web-production/registries/client-visual-asset-registry-v1.3.json | content/web-production/registries/client-visual-asset-registry-v1.4.json | content/web-production/registries/client-visual-asset-registry-v1.5.json | content/web-production/registries/client-visual-asset-registry-v1.6.json | content/web-production/registries/client-visual-asset-registry-v1.7.json | content/web-production/registries/client-visual-asset-registry-v1.8.json | content/web/homepage/hpc2-pre/evidence/r2-live-verification-v1.json | content/web/homepage/hpc2-pre/r2-actual-object-inventory-v1.json | content/web/homepage/hpc2-pre/r2-layout-reconciliation-v2.json"
"101","图标","images/icons/account/PHIOS-ICON-READING-PROGRESS-v1.svg","https://pub-1967bc5812ee4164b19a806fb1427021.r2.dev/images/icons/account/PHIOS-ICON-READING-PROGRESS-v1.svg","Reading Progress","","INTENTIONALLY_NON_RENDERED_ASSET","","content/customer-experience-rebuild/audits/customer-asset-availability-v1.json | content/customer-experience-rebuild/authority/customer-visual-asset-registry-v2.json | content/customer-experience-rebuild/authority/customer-visual-asset-registry-v3.json | content/registry/public-assets.json | content/web-production/registries/client-visual-asset-registry-v1.1.json | content/web-production/registries/client-visual-asset-registry-v1.2.json | content/web-production/registries/client-visual-asset-registry-v1.3.json | content/web-production/registries/client-visual-asset-registry-v1.4.json | content/web-production/registries/client-visual-asset-registry-v1.5.json | content/web-production/registries/client-visual-asset-registry-v1.6.json | content/web-production/registries/client-visual-asset-registry-v1.7.json | content/web-production/registries/client-visual-asset-registry-v1.8.json | content/web/homepage/hpc2-pre/evidence/r2-live-verification-v1.json | content/web/homepage/hpc2-pre/r2-actual-object-inventory-v1.json | content/web/homepage/hpc2-pre/r2-layout-reconciliation-v2.json"
"102","图标","images/icons/account/PHIOS-ICON-SAVED-JOURNEY-v1.svg","https://pub-1967bc5812ee4164b19a806fb1427021.r2.dev/images/icons/account/PHIOS-ICON-SAVED-JOURNEY-v1.svg","Saved Journey","","INTENTIONALLY_NON_RENDERED_ASSET","","content/customer-experience-rebuild/audits/customer-asset-availability-v1.json | content/customer-experience-rebuild/authority/customer-visual-asset-registry-v2.json | content/customer-experience-rebuild/authority/customer-visual-asset-registry-v3.json | content/registry/public-assets.json | content/web-production/registries/client-visual-asset-registry-v1.1.json | content/web-production/registries/client-visual-asset-registry-v1.2.json | content/web-production/registries/client-visual-asset-registry-v1.3.json | content/web-production/registries/client-visual-asset-registry-v1.4.json | content/web-production/registries/client-visual-asset-registry-v1.5.json | content/web-production/registries/client-visual-asset-registry-v1.6.json | content/web-production/registries/client-visual-asset-registry-v1.7.json | content/web-production/registries/client-visual-asset-registry-v1.8.json | content/web/homepage/hpc2-pre/evidence/r2-live-verification-v1.json | content/web/homepage/hpc2-pre/r2-actual-object-inventory-v1.json | content/web/homepage/hpc2-pre/r2-layout-reconciliation-v2.json"
"103","图标","images/icons/global/PHIOS-ICON-ACADEMY-v1.svg","https://pub-1967bc5812ee4164b19a806fb1427021.r2.dev/images/icons/global/PHIOS-ICON-ACADEMY-v1.svg","Academy","","INTENTIONALLY_NON_RENDERED_ASSET","","content/customer-experience-rebuild/audits/customer-asset-availability-v1.json | content/customer-experience-rebuild/authority/customer-visual-asset-registry-v2.json | content/customer-experience-rebuild/authority/customer-visual-asset-registry-v3.json | content/registry/public-assets.json | content/web-production/registries/client-visual-asset-registry-v1.1.json | content/web-production/registries/client-visual-asset-registry-v1.2.json | content/web-production/registries/client-visual-asset-registry-v1.3.json | content/web-production/registries/client-visual-asset-registry-v1.4.json | content/web-production/registries/client-visual-asset-registry-v1.5.json | content/web-production/registries/client-visual-asset-registry-v1.6.json | content/web-production/registries/client-visual-asset-registry-v1.7.json | content/web-production/registries/client-visual-asset-registry-v1.8.json | content/web/homepage/hpc2-pre/evidence/r2-live-verification-v1.json | content/web/homepage/hpc2-pre/hpc2-pre-icon-family-v1.json | content/web/homepage/hpc2-pre/r2-actual-object-inventory-v1.json | content/web/homepage/hpc2-pre/r2-layout-reconciliation-v2.json | content/web/homepage/hpc2/homepage-visual-consumption-v2.json"
"104","图标","images/icons/global/PHIOS-ICON-ACCOUNT-v1.svg","https://pub-1967bc5812ee4164b19a806fb1427021.r2.dev/images/icons/global/PHIOS-ICON-ACCOUNT-v1.svg","Account","","INTENTIONALLY_NON_RENDERED_ASSET","","content/customer-experience-rebuild/audits/customer-asset-availability-v1.json | content/customer-experience-rebuild/authority/customer-visual-asset-registry-v2.json | content/customer-experience-rebuild/authority/customer-visual-asset-registry-v3.json | content/registry/public-assets.json | content/web-production/registries/client-visual-asset-registry-v1.1.json | content/web-production/registries/client-visual-asset-registry-v1.2.json | content/web-production/registries/client-visual-asset-registry-v1.3.json | content/web-production/registries/client-visual-asset-registry-v1.4.json | content/web-production/registries/client-visual-asset-registry-v1.5.json | content/web-production/registries/client-visual-asset-registry-v1.6.json | content/web-production/registries/client-visual-asset-registry-v1.7.json | content/web-production/registries/client-visual-asset-registry-v1.8.json | content/web/homepage/hpc2-pre/evidence/r2-live-verification-v1.json | content/web/homepage/hpc2-pre/r2-actual-object-inventory-v1.json | content/web/homepage/hpc2-pre/r2-layout-reconciliation-v2.json"
"105","图标","images/icons/global/PHIOS-ICON-ARTICLE-v1.svg","https://pub-1967bc5812ee4164b19a806fb1427021.r2.dev/images/icons/global/PHIOS-ICON-ARTICLE-v1.svg","Article","","INTENTIONALLY_NON_RENDERED_ASSET","","content/customer-experience-rebuild/audits/customer-asset-availability-v1.json | content/customer-experience-rebuild/authority/customer-visual-asset-registry-v2.json | content/customer-experience-rebuild/authority/customer-visual-asset-registry-v3.json | content/registry/public-assets.json | content/web-production/registries/client-visual-asset-registry-v1.1.json | content/web-production/registries/client-visual-asset-registry-v1.2.json | content/web-production/registries/client-visual-asset-registry-v1.3.json | content/web-production/registries/client-visual-asset-registry-v1.4.json | content/web-production/registries/client-visual-asset-registry-v1.5.json | content/web-production/registries/client-visual-asset-registry-v1.6.json | content/web-production/registries/client-visual-asset-registry-v1.7.json | content/web-production/registries/client-visual-asset-registry-v1.8.json | content/web/homepage/hpc2-pre/evidence/r2-live-verification-v1.json | content/web/homepage/hpc2-pre/r2-actual-object-inventory-v1.json | content/web/homepage/hpc2-pre/r2-layout-reconciliation-v2.json"
"106","图标","images/icons/global/PHIOS-ICON-CONTINUITY-v1.svg","https://pub-1967bc5812ee4164b19a806fb1427021.r2.dev/images/icons/global/PHIOS-ICON-CONTINUITY-v1.svg","Continuity","","INTENTIONALLY_NON_RENDERED_ASSET","","content/customer-experience-rebuild/audits/customer-asset-availability-v1.json | content/customer-experience-rebuild/authority/customer-visual-asset-registry-v2.json | content/customer-experience-rebuild/authority/customer-visual-asset-registry-v3.json | content/registry/public-assets.json | content/web-production/registries/client-visual-asset-registry-v1.1.json | content/web-production/registries/client-visual-asset-registry-v1.2.json | content/web-production/registries/client-visual-asset-registry-v1.3.json | content/web-production/registries/client-visual-asset-registry-v1.4.json | content/web-production/registries/client-visual-asset-registry-v1.5.json | content/web-production/registries/client-visual-asset-registry-v1.6.json | content/web-production/registries/client-visual-asset-registry-v1.7.json | content/web-production/registries/client-visual-asset-registry-v1.8.json | content/web/homepage/hpc2-pre/evidence/r2-live-verification-v1.json | content/web/homepage/hpc2-pre/hpc2-pre-icon-family-v1.json | content/web/homepage/hpc2-pre/r2-actual-object-inventory-v1.json | content/web/homepage/hpc2-pre/r2-layout-reconciliation-v2.json"
"107","图标","images/icons/global/PHIOS-ICON-EVIDENCE-v1.svg","https://pub-1967bc5812ee4164b19a806fb1427021.r2.dev/images/icons/global/PHIOS-ICON-EVIDENCE-v1.svg","Evidence","","DISPLAYED_ON_ACTIVE_SURFACE","/professional-workspace.html","content/customer-experience-rebuild/audits/customer-asset-availability-v1.json | content/customer-experience-rebuild/authority/customer-visual-asset-registry-v2.json | content/customer-experience-rebuild/authority/customer-visual-asset-registry-v3.json | content/customer-experience-rebuild/registries/cx-r12r4-icon-reconciliation-v1.json | content/customer-experience-rebuild/registries/cx-r12r4-visual-delivery-manifest-v1.json | content/registry/public-assets.json | content/web-production/registries/client-visual-asset-registry-v1.1.json | content/web-production/registries/client-visual-asset-registry-v1.2.json | content/web-production/registries/client-visual-asset-registry-v1.3.json | content/web-production/registries/client-visual-asset-registry-v1.4.json | content/web-production/registries/client-visual-asset-registry-v1.5.json | content/web-production/registries/client-visual-asset-registry-v1.6.json | content/web-production/registries/client-visual-asset-registry-v1.7.json | content/web-production/registries/client-visual-asset-registry-v1.8.json | content/web/homepage/hpc2-pre/evidence/r2-live-verification-v1.json | content/web/homepage/hpc2-pre/hpc2-pre-icon-family-v1.json | content/web/homepage/hpc2-pre/r2-actual-object-inventory-v1.json | content/web/homepage/hpc2-pre/r2-layout-reconciliation-v2.json"
"108","图标","images/icons/global/PHIOS-ICON-FIGURE-v1.svg","https://pub-1967bc5812ee4164b19a806fb1427021.r2.dev/images/icons/global/PHIOS-ICON-FIGURE-v1.svg","Figure","","INTENTIONALLY_NON_RENDERED_ASSET","","content/customer-experience-rebuild/audits/customer-asset-availability-v1.json | content/customer-experience-rebuild/authority/customer-visual-asset-registry-v2.json | content/customer-experience-rebuild/authority/customer-visual-asset-registry-v3.json | content/registry/public-assets.json | content/web-production/registries/client-visual-asset-registry-v1.1.json | content/web-production/registries/client-visual-asset-registry-v1.2.json | content/web-production/registries/client-visual-asset-registry-v1.3.json | content/web-production/registries/client-visual-asset-registry-v1.4.json | content/web-production/registries/client-visual-asset-registry-v1.5.json | content/web-production/registries/client-visual-asset-registry-v1.6.json | content/web-production/registries/client-visual-asset-registry-v1.7.json | content/web-production/registries/client-visual-asset-registry-v1.8.json | content/web/homepage/hpc2-pre/evidence/r2-live-verification-v1.json | content/web/homepage/hpc2-pre/r2-actual-object-inventory-v1.json | content/web/homepage/hpc2-pre/r2-layout-reconciliation-v2.json"
"109","图标","images/icons/global/PHIOS-ICON-FINANCIAL-REALITY-v1.svg","https://pub-1967bc5812ee4164b19a806fb1427021.r2.dev/images/icons/global/PHIOS-ICON-FINANCIAL-REALITY-v1.svg","Financial Reality","","INTENTIONALLY_NON_RENDERED_ASSET","","content/customer-experience-rebuild/audits/customer-asset-availability-v1.json | content/customer-experience-rebuild/authority/customer-visual-asset-registry-v2.json | content/customer-experience-rebuild/authority/customer-visual-asset-registry-v3.json | content/registry/public-assets.json | content/web-production/registries/client-visual-asset-registry-v1.1.json | content/web-production/registries/client-visual-asset-registry-v1.2.json | content/web-production/registries/client-visual-asset-registry-v1.3.json | content/web-production/registries/client-visual-asset-registry-v1.4.json | content/web-production/registries/client-visual-asset-registry-v1.5.json | content/web-production/registries/client-visual-asset-registry-v1.6.json | content/web-production/registries/client-visual-asset-registry-v1.7.json | content/web-production/registries/client-visual-asset-registry-v1.8.json | content/web/homepage/hpc2-pre/evidence/r2-live-verification-v1.json | content/web/homepage/hpc2-pre/hpc2-pre-icon-family-v1.json | content/web/homepage/hpc2-pre/r2-actual-object-inventory-v1.json | content/web/homepage/hpc2-pre/r2-layout-reconciliation-v2.json"
"110","图标","images/icons/global/PHIOS-ICON-HOME-v1.svg","https://pub-1967bc5812ee4164b19a806fb1427021.r2.dev/images/icons/global/PHIOS-ICON-HOME-v1.svg","Home","","INTENTIONALLY_NON_RENDERED_ASSET","","content/customer-experience-rebuild/audits/customer-asset-availability-v1.json | content/customer-experience-rebuild/authority/customer-visual-asset-registry-v2.json | content/customer-experience-rebuild/authority/customer-visual-asset-registry-v3.json | content/registry/public-assets.json | content/web-production/registries/client-visual-asset-registry-v1.1.json | content/web-production/registries/client-visual-asset-registry-v1.2.json | content/web-production/registries/client-visual-asset-registry-v1.3.json | content/web-production/registries/client-visual-asset-registry-v1.4.json | content/web-production/registries/client-visual-asset-registry-v1.5.json | content/web-production/registries/client-visual-asset-registry-v1.6.json | content/web-production/registries/client-visual-asset-registry-v1.7.json | content/web-production/registries/client-visual-asset-registry-v1.8.json | content/web/homepage/hpc2-pre/evidence/r2-live-verification-v1.json | content/web/homepage/hpc2-pre/r2-actual-object-inventory-v1.json | content/web/homepage/hpc2-pre/r2-layout-reconciliation-v2.json"
"111","图标","images/icons/global/PHIOS-ICON-KNOWLEDGE-v1.svg","https://pub-1967bc5812ee4164b19a806fb1427021.r2.dev/images/icons/global/PHIOS-ICON-KNOWLEDGE-v1.svg","Knowledge","","INTENTIONALLY_NON_RENDERED_ASSET","","content/customer-experience-rebuild/audits/customer-asset-availability-v1.json | content/customer-experience-rebuild/authority/customer-visual-asset-registry-v2.json | content/customer-experience-rebuild/authority/customer-visual-asset-registry-v3.json | content/registry/public-assets.json | content/web-production/registries/client-visual-asset-registry-v1.1.json | content/web-production/registries/client-visual-asset-registry-v1.2.json | content/web-production/registries/client-visual-asset-registry-v1.3.json | content/web-production/registries/client-visual-asset-registry-v1.4.json | content/web-production/registries/client-visual-asset-registry-v1.5.json | content/web-production/registries/client-visual-asset-registry-v1.6.json | content/web-production/registries/client-visual-asset-registry-v1.7.json | content/web-production/registries/client-visual-asset-registry-v1.8.json | content/web/homepage/hpc2-pre/evidence/r2-live-verification-v1.json | content/web/homepage/hpc2-pre/hpc2-pre-icon-family-v1.json | content/web/homepage/hpc2-pre/r2-actual-object-inventory-v1.json | content/web/homepage/hpc2-pre/r2-layout-reconciliation-v2.json"
"112","图标","images/icons/global/PHIOS-ICON-LIBRARY-v1.svg","https://pub-1967bc5812ee4164b19a806fb1427021.r2.dev/images/icons/global/PHIOS-ICON-LIBRARY-v1.svg","Library","","INTENTIONALLY_NON_RENDERED_ASSET","","content/customer-experience-rebuild/audits/customer-asset-availability-v1.json | content/customer-experience-rebuild/authority/customer-visual-asset-registry-v2.json | content/customer-experience-rebuild/authority/customer-visual-asset-registry-v3.json | content/registry/public-assets.json | content/web-production/registries/client-visual-asset-registry-v1.1.json | content/web-production/registries/client-visual-asset-registry-v1.2.json | content/web-production/registries/client-visual-asset-registry-v1.3.json | content/web-production/registries/client-visual-asset-registry-v1.4.json | content/web-production/registries/client-visual-asset-registry-v1.5.json | content/web-production/registries/client-visual-asset-registry-v1.6.json | content/web-production/registries/client-visual-asset-registry-v1.7.json | content/web-production/registries/client-visual-asset-registry-v1.8.json | content/web/homepage/hpc2-pre/evidence/r2-live-verification-v1.json | content/web/homepage/hpc2-pre/r2-actual-object-inventory-v1.json | content/web/homepage/hpc2-pre/r2-layout-reconciliation-v2.json"
"113","图标","images/icons/global/PHIOS-ICON-NAVIGATION-v1.svg","https://pub-1967bc5812ee4164b19a806fb1427021.r2.dev/images/icons/global/PHIOS-ICON-NAVIGATION-v1.svg","Navigation","","INTENTIONALLY_NON_RENDERED_ASSET","","content/customer-experience-rebuild/audits/customer-asset-availability-v1.json | content/customer-experience-rebuild/authority/customer-visual-asset-registry-v2.json | content/customer-experience-rebuild/authority/customer-visual-asset-registry-v3.json | content/registry/public-assets.json | content/web-production/registries/client-visual-asset-registry-v1.1.json | content/web-production/registries/client-visual-asset-registry-v1.2.json | content/web-production/registries/client-visual-asset-registry-v1.3.json | content/web-production/registries/client-visual-asset-registry-v1.4.json | content/web-production/registries/client-visual-asset-registry-v1.5.json | content/web-production/registries/client-visual-asset-registry-v1.6.json | content/web-production/registries/client-visual-asset-registry-v1.7.json | content/web-production/registries/client-visual-asset-registry-v1.8.json | content/web/homepage/hpc2-pre/evidence/r2-live-verification-v1.json | content/web/homepage/hpc2-pre/hpc2-pre-icon-family-v1.json | content/web/homepage/hpc2-pre/r2-actual-object-inventory-v1.json | content/web/homepage/hpc2-pre/r2-layout-reconciliation-v2.json"
"114","图标","images/icons/global/PHIOS-ICON-PERSONAL-REALITY-v1.svg","https://pub-1967bc5812ee4164b19a806fb1427021.r2.dev/images/icons/global/PHIOS-ICON-PERSONAL-REALITY-v1.svg","Personal Reality","/perspectives/personal/","DISPLAYED_ON_ACTIVE_SURFACE","/perspectives/personal/","content/customer-experience-rebuild/audits/customer-asset-availability-v1.json | content/customer-experience-rebuild/authority/customer-visual-asset-registry-v2.json | content/customer-experience-rebuild/authority/customer-visual-asset-registry-v3.json | content/customer-experience-rebuild/registries/cx-r12r4-icon-reconciliation-v1.json | content/customer-experience-rebuild/registries/cx-r12r4-visual-delivery-manifest-v1.json | content/product-visual-platform-r1/static-assets/evidence/pvp-r1-vis-w31-remote-verification-v1.json | content/product-visual-platform-r1/static-assets/pvp-r1-vis-w29-static-production-asset-selection-v1.json | content/product-visual-platform-r1/static-assets/pvp-r1-vis-w30-static-production-asset-registry-v1.json | content/registry/public-assets.json | content/web-production/registries/client-visual-asset-registry-v1.1.json | content/web-production/registries/client-visual-asset-registry-v1.2.json | content/web-production/registries/client-visual-asset-registry-v1.3.json | content/web-production/registries/client-visual-asset-registry-v1.4.json | content/web-production/registries/client-visual-asset-registry-v1.5.json | content/web-production/registries/client-visual-asset-registry-v1.6.json | content/web-production/registries/client-visual-asset-registry-v1.7.json | content/web-production/registries/client-visual-asset-registry-v1.8.json | content/web/homepage/hpc2-pre/evidence/r2-live-verification-v1.json | content/web/homepage/hpc2-pre/hpc2-pre-icon-family-v1.json | content/web/homepage/hpc2-pre/r2-actual-object-inventory-v1.json | content/web/homepage/hpc2-pre/r2-layout-reconciliation-v2.json"
"115","图标","images/icons/global/PHIOS-ICON-PROFESSIONAL-v1.svg","https://pub-1967bc5812ee4164b19a806fb1427021.r2.dev/images/icons/global/PHIOS-ICON-PROFESSIONAL-v1.svg","Professional","","DISPLAYED_ON_ACTIVE_SURFACE","/professional-consent-sharing.html | /external-reader-intake.html | /professional-workspace.html","content/customer-experience-rebuild/audits/customer-asset-availability-v1.json | content/customer-experience-rebuild/authority/customer-visual-asset-registry-v2.json | content/customer-experience-rebuild/authority/customer-visual-asset-registry-v3.json | content/registry/public-assets.json | content/web-production/registries/client-visual-asset-registry-v1.1.json | content/web-production/registries/client-visual-asset-registry-v1.2.json | content/web-production/registries/client-visual-asset-registry-v1.3.json | content/web-production/registries/client-visual-asset-registry-v1.4.json | content/web-production/registries/client-visual-asset-registry-v1.5.json | content/web-production/registries/client-visual-asset-registry-v1.6.json | content/web-production/registries/client-visual-asset-registry-v1.7.json | content/web-production/registries/client-visual-asset-registry-v1.8.json | content/web/homepage/hpc2-pre/evidence/r2-live-verification-v1.json | content/web/homepage/hpc2-pre/hpc2-pre-icon-family-v1.json | content/web/homepage/hpc2-pre/r2-actual-object-inventory-v1.json | content/web/homepage/hpc2-pre/r2-layout-reconciliation-v2.json | content/web/homepage/hpc2/homepage-visual-consumption-v2.json"
"116","图标","images/icons/global/PHIOS-ICON-READING-v1.svg","https://pub-1967bc5812ee4164b19a806fb1427021.r2.dev/images/icons/global/PHIOS-ICON-READING-v1.svg","Reading","","INTENTIONALLY_NON_RENDERED_ASSET","","content/customer-experience-rebuild/audits/customer-asset-availability-v1.json | content/customer-experience-rebuild/authority/customer-visual-asset-registry-v2.json | content/customer-experience-rebuild/authority/customer-visual-asset-registry-v3.json | content/customer-experience-rebuild/registries/cx-r12r4-icon-reconciliation-v1.json | content/customer-experience-rebuild/registries/cx-r12r4-visual-delivery-manifest-v1.json | content/registry/public-assets.json | content/web-production/registries/client-visual-asset-registry-v1.1.json | content/web-production/registries/client-visual-asset-registry-v1.2.json | content/web-production/registries/client-visual-asset-registry-v1.3.json | content/web-production/registries/client-visual-asset-registry-v1.4.json | content/web-production/registries/client-visual-asset-registry-v1.5.json | content/web-production/registries/client-visual-asset-registry-v1.6.json | content/web-production/registries/client-visual-asset-registry-v1.7.json | content/web-production/registries/client-visual-asset-registry-v1.8.json | content/web/homepage/hpc2-pre/evidence/r2-live-verification-v1.json | content/web/homepage/hpc2-pre/hpc2-pre-icon-family-v1.json | content/web/homepage/hpc2-pre/r2-actual-object-inventory-v1.json | content/web/homepage/hpc2-pre/r2-layout-reconciliation-v2.json"
"117","图标","images/icons/global/PHIOS-ICON-REALITY-JOURNEY-v1.svg","https://pub-1967bc5812ee4164b19a806fb1427021.r2.dev/images/icons/global/PHIOS-ICON-REALITY-JOURNEY-v1.svg","Reality Journey","","INTENTIONALLY_NON_RENDERED_ASSET","","content/customer-experience-rebuild/audits/customer-asset-availability-v1.json | content/customer-experience-rebuild/authority/customer-visual-asset-registry-v2.json | content/customer-experience-rebuild/authority/customer-visual-asset-registry-v3.json | content/registry/public-assets.json | content/web-production/registries/client-visual-asset-registry-v1.1.json | content/web-production/registries/client-visual-asset-registry-v1.2.json | content/web-production/registries/client-visual-asset-registry-v1.3.json | content/web-production/registries/client-visual-asset-registry-v1.4.json | content/web-production/registries/client-visual-asset-registry-v1.5.json | content/web-production/registries/client-visual-asset-registry-v1.6.json | content/web-production/registries/client-visual-asset-registry-v1.7.json | content/web-production/registries/client-visual-asset-registry-v1.8.json | content/web/homepage/hpc2-pre/evidence/r2-live-verification-v1.json | content/web/homepage/hpc2-pre/hpc2-pre-icon-family-v1.json | content/web/homepage/hpc2-pre/r2-actual-object-inventory-v1.json | content/web/homepage/hpc2-pre/r2-layout-reconciliation-v2.json"
"118","图标","images/icons/global/PHIOS-ICON-REPORT-v1.svg","https://pub-1967bc5812ee4164b19a806fb1427021.r2.dev/images/icons/global/PHIOS-ICON-REPORT-v1.svg","Report","","INTENTIONALLY_NON_RENDERED_ASSET","","content/customer-experience-rebuild/audits/customer-asset-availability-v1.json | content/customer-experience-rebuild/authority/customer-visual-asset-registry-v2.json | content/customer-experience-rebuild/authority/customer-visual-asset-registry-v3.json | content/registry/public-assets.json | content/web-production/registries/client-visual-asset-registry-v1.1.json | content/web-production/registries/client-visual-asset-registry-v1.2.json | content/web-production/registries/client-visual-asset-registry-v1.3.json | content/web-production/registries/client-visual-asset-registry-v1.4.json | content/web-production/registries/client-visual-asset-registry-v1.5.json | content/web-production/registries/client-visual-asset-registry-v1.6.json | content/web-production/registries/client-visual-asset-registry-v1.7.json | content/web-production/registries/client-visual-asset-registry-v1.8.json | content/web/homepage/hpc2-pre/evidence/r2-live-verification-v1.json | content/web/homepage/hpc2-pre/r2-actual-object-inventory-v1.json | content/web/homepage/hpc2-pre/r2-layout-reconciliation-v2.json"
"119","图标","images/icons/global/PHIOS-ICON-SEARCH-v1.svg","https://pub-1967bc5812ee4164b19a806fb1427021.r2.dev/images/icons/global/PHIOS-ICON-SEARCH-v1.svg","Search","","INTENTIONALLY_NON_RENDERED_ASSET","","content/customer-experience-rebuild/audits/customer-asset-availability-v1.json | content/customer-experience-rebuild/authority/customer-visual-asset-registry-v2.json | content/customer-experience-rebuild/authority/customer-visual-asset-registry-v3.json | content/registry/public-assets.json | content/web-production/registries/client-visual-asset-registry-v1.1.json | content/web-production/registries/client-visual-asset-registry-v1.2.json | content/web-production/registries/client-visual-asset-registry-v1.3.json | content/web-production/registries/client-visual-asset-registry-v1.4.json | content/web-production/registries/client-visual-asset-registry-v1.5.json | content/web-production/registries/client-visual-asset-registry-v1.6.json | content/web-production/registries/client-visual-asset-registry-v1.7.json | content/web-production/registries/client-visual-asset-registry-v1.8.json | content/web/homepage/hpc2-pre/evidence/r2-live-verification-v1.json | content/web/homepage/hpc2-pre/hpc2-pre-icon-family-v1.json | content/web/homepage/hpc2-pre/r2-actual-object-inventory-v1.json | content/web/homepage/hpc2-pre/r2-layout-reconciliation-v2.json"
"120","图标","images/icons/journey/PHIOS-ICON-ACT-v1.svg","https://pub-1967bc5812ee4164b19a806fb1427021.r2.dev/images/icons/journey/PHIOS-ICON-ACT-v1.svg","Act","","INTENTIONALLY_NON_RENDERED_ASSET","","content/customer-experience-rebuild/audits/customer-asset-availability-v1.json | content/customer-experience-rebuild/authority/customer-visual-asset-registry-v2.json | content/customer-experience-rebuild/authority/customer-visual-asset-registry-v3.json | content/registry/public-assets.json | content/web-production/registries/client-visual-asset-registry-v1.1.json | content/web-production/registries/client-visual-asset-registry-v1.2.json | content/web-production/registries/client-visual-asset-registry-v1.3.json | content/web-production/registries/client-visual-asset-registry-v1.4.json | content/web-production/registries/client-visual-asset-registry-v1.5.json | content/web-production/registries/client-visual-asset-registry-v1.6.json | content/web-production/registries/client-visual-asset-registry-v1.7.json | content/web-production/registries/client-visual-asset-registry-v1.8.json | content/web/homepage/hpc2-pre/evidence/r2-live-verification-v1.json | content/web/homepage/hpc2-pre/r2-actual-object-inventory-v1.json | content/web/homepage/hpc2-pre/r2-journey-icon-reconciliation-v3.json"
"121","图标","images/icons/journey/PHIOS-ICON-CONTINUE-v1.svg","https://pub-1967bc5812ee4164b19a806fb1427021.r2.dev/images/icons/journey/PHIOS-ICON-CONTINUE-v1.svg","Continue","","INTENTIONALLY_NON_RENDERED_ASSET","","content/customer-experience-rebuild/audits/customer-asset-availability-v1.json | content/customer-experience-rebuild/authority/customer-visual-asset-registry-v2.json | content/customer-experience-rebuild/authority/customer-visual-asset-registry-v3.json | content/registry/public-assets.json | content/web-production/registries/client-visual-asset-registry-v1.1.json | content/web-production/registries/client-visual-asset-registry-v1.2.json | content/web-production/registries/client-visual-asset-registry-v1.3.json | content/web-production/registries/client-visual-asset-registry-v1.4.json | content/web-production/registries/client-visual-asset-registry-v1.5.json | content/web-production/registries/client-visual-asset-registry-v1.6.json | content/web-production/registries/client-visual-asset-registry-v1.7.json | content/web-production/registries/client-visual-asset-registry-v1.8.json | content/web/homepage/hpc2-pre/evidence/r2-live-verification-v1.json | content/web/homepage/hpc2-pre/r2-actual-object-inventory-v1.json | content/web/homepage/hpc2-pre/r2-journey-icon-reconciliation-v3.json"
"122","图标","images/icons/journey/PHIOS-ICON-ENTER-v1.svg","https://pub-1967bc5812ee4164b19a806fb1427021.r2.dev/images/icons/journey/PHIOS-ICON-ENTER-v1.svg","Enter","","INTENTIONALLY_NON_RENDERED_ASSET","","content/customer-experience-rebuild/audits/customer-asset-availability-v1.json | content/customer-experience-rebuild/authority/customer-visual-asset-registry-v2.json | content/customer-experience-rebuild/authority/customer-visual-asset-registry-v3.json | content/registry/public-assets.json | content/web-production/registries/client-visual-asset-registry-v1.1.json | content/web-production/registries/client-visual-asset-registry-v1.2.json | content/web-production/registries/client-visual-asset-registry-v1.3.json | content/web-production/registries/client-visual-asset-registry-v1.4.json | content/web-production/registries/client-visual-asset-registry-v1.5.json | content/web-production/registries/client-visual-asset-registry-v1.6.json | content/web-production/registries/client-visual-asset-registry-v1.7.json | content/web-production/registries/client-visual-asset-registry-v1.8.json | content/web/homepage/hpc2-pre/evidence/r2-live-verification-v1.json | content/web/homepage/hpc2-pre/r2-actual-object-inventory-v1.json | content/web/homepage/hpc2-pre/r2-journey-icon-reconciliation-v3.json"
"123","图标","images/icons/journey/PHIOS-ICON-NAVIGATE-v1.svg","https://pub-1967bc5812ee4164b19a806fb1427021.r2.dev/images/icons/journey/PHIOS-ICON-NAVIGATE-v1.svg","Navigate","","INTENTIONALLY_NON_RENDERED_ASSET","","content/customer-experience-rebuild/audits/customer-asset-availability-v1.json | content/customer-experience-rebuild/authority/customer-visual-asset-registry-v2.json | content/customer-experience-rebuild/authority/customer-visual-asset-registry-v3.json | content/registry/public-assets.json | content/web-production/registries/client-visual-asset-registry-v1.1.json | content/web-production/registries/client-visual-asset-registry-v1.2.json | content/web-production/registries/client-visual-asset-registry-v1.3.json | content/web-production/registries/client-visual-asset-registry-v1.4.json | content/web-production/registries/client-visual-asset-registry-v1.5.json | content/web-production/registries/client-visual-asset-registry-v1.6.json | content/web-production/registries/client-visual-asset-registry-v1.7.json | content/web-production/registries/client-visual-asset-registry-v1.8.json | content/web/homepage/hpc2-pre/evidence/r2-live-verification-v1.json | content/web/homepage/hpc2-pre/r2-actual-object-inventory-v1.json | content/web/homepage/hpc2-pre/r2-journey-icon-reconciliation-v3.json"
"124","图标","images/icons/journey/PHIOS-ICON-OBSERVE-v1.svg","https://pub-1967bc5812ee4164b19a806fb1427021.r2.dev/images/icons/journey/PHIOS-ICON-OBSERVE-v1.svg","Observe","","INTENTIONALLY_NON_RENDERED_ASSET","","content/customer-experience-rebuild/audits/customer-asset-availability-v1.json | content/customer-experience-rebuild/authority/customer-visual-asset-registry-v2.json | content/customer-experience-rebuild/authority/customer-visual-asset-registry-v3.json | content/customer-experience-rebuild/registries/cx-r12r4-icon-reconciliation-v1.json | content/customer-experience-rebuild/registries/cx-r12r4-visual-delivery-manifest-v1.json | content/registry/public-assets.json | content/web-production/registries/client-visual-asset-registry-v1.1.json | content/web-production/registries/client-visual-asset-registry-v1.2.json | content/web-production/registries/client-visual-asset-registry-v1.3.json | content/web-production/registries/client-visual-asset-registry-v1.4.json | content/web-production/registries/client-visual-asset-registry-v1.5.json | content/web-production/registries/client-visual-asset-registry-v1.6.json | content/web-production/registries/client-visual-asset-registry-v1.7.json | content/web-production/registries/client-visual-asset-registry-v1.8.json | content/web/homepage/hpc2-pre/evidence/r2-live-verification-v1.json | content/web/homepage/hpc2-pre/r2-actual-object-inventory-v1.json | content/web/homepage/hpc2-pre/r2-journey-icon-reconciliation-v3.json"
"125","图标","images/icons/journey/PHIOS-ICON-READ-v1.svg","https://pub-1967bc5812ee4164b19a806fb1427021.r2.dev/images/icons/journey/PHIOS-ICON-READ-v1.svg","Read","","INTENTIONALLY_NON_RENDERED_ASSET","","content/customer-experience-rebuild/audits/customer-asset-availability-v1.json | content/customer-experience-rebuild/authority/customer-visual-asset-registry-v2.json | content/customer-experience-rebuild/authority/customer-visual-asset-registry-v3.json | content/registry/public-assets.json | content/web-production/registries/client-visual-asset-registry-v1.1.json | content/web-production/registries/client-visual-asset-registry-v1.2.json | content/web-production/registries/client-visual-asset-registry-v1.3.json | content/web-production/registries/client-visual-asset-registry-v1.4.json | content/web-production/registries/client-visual-asset-registry-v1.5.json | content/web-production/registries/client-visual-asset-registry-v1.6.json | content/web-production/registries/client-visual-asset-registry-v1.7.json | content/web-production/registries/client-visual-asset-registry-v1.8.json | content/web/homepage/hpc2-pre/evidence/r2-live-verification-v1.json | content/web/homepage/hpc2-pre/r2-actual-object-inventory-v1.json | content/web/homepage/hpc2-pre/r2-journey-icon-reconciliation-v3.json"
"126","图标","images/icons/journey/PHIOS-ICON-RECONSTRUCT-v1.svg","https://pub-1967bc5812ee4164b19a806fb1427021.r2.dev/images/icons/journey/PHIOS-ICON-RECONSTRUCT-v1.svg","Reconstruct","/perspectives/personal/","INTENTIONALLY_NON_RENDERED_ASSET","","content/customer-experience-rebuild/audits/customer-asset-availability-v1.json | content/customer-experience-rebuild/authority/customer-visual-asset-registry-v2.json | content/customer-experience-rebuild/authority/customer-visual-asset-registry-v3.json | content/registry/public-assets.json | content/web-production/registries/client-visual-asset-registry-v1.1.json | content/web-production/registries/client-visual-asset-registry-v1.2.json | content/web-production/registries/client-visual-asset-registry-v1.3.json | content/web-production/registries/client-visual-asset-registry-v1.4.json | content/web-production/registries/client-visual-asset-registry-v1.5.json | content/web-production/registries/client-visual-asset-registry-v1.6.json | content/web-production/registries/client-visual-asset-registry-v1.7.json | content/web-production/registries/client-visual-asset-registry-v1.8.json | content/web/homepage/hpc2-pre/evidence/r2-live-verification-v1.json | content/web/homepage/hpc2-pre/r2-actual-object-inventory-v1.json | content/web/homepage/hpc2-pre/r2-journey-icon-reconciliation-v3.json"
"127","图标","images/icons/journey/PHIOS-ICON-REVIEW-v1.svg","https://pub-1967bc5812ee4164b19a806fb1427021.r2.dev/images/icons/journey/PHIOS-ICON-REVIEW-v1.svg","Review","","INTENTIONALLY_NON_RENDERED_ASSET","","content/customer-experience-rebuild/audits/customer-asset-availability-v1.json | content/customer-experience-rebuild/authority/customer-visual-asset-registry-v2.json | content/customer-experience-rebuild/authority/customer-visual-asset-registry-v3.json | content/registry/public-assets.json | content/web-production/registries/client-visual-asset-registry-v1.1.json | content/web-production/registries/client-visual-asset-registry-v1.2.json | content/web-production/registries/client-visual-asset-registry-v1.3.json | content/web-production/registries/client-visual-asset-registry-v1.4.json | content/web-production/registries/client-visual-asset-registry-v1.5.json | content/web-production/registries/client-visual-asset-registry-v1.6.json | content/web-production/registries/client-visual-asset-registry-v1.7.json | content/web-production/registries/client-visual-asset-registry-v1.8.json | content/web/homepage/hpc2-pre/evidence/r2-live-verification-v1.json | content/web/homepage/hpc2-pre/r2-actual-object-inventory-v1.json | content/web/homepage/hpc2-pre/r2-journey-icon-reconciliation-v3.json"
"128","图标","images/icons/status/PHIOS-ICON-STATUS-AVAILABLE-v1.svg","https://pub-1967bc5812ee4164b19a806fb1427021.r2.dev/images/icons/status/PHIOS-ICON-STATUS-AVAILABLE-v1.svg","Public editorial illustration; not a new knowledge claim.","","HISTORICAL_REGISTRY_ONLY","","content/web-production/registries/client-visual-asset-registry-v1.8.json"
"129","图标","images/icons/status/PHIOS-ICON-STATUS-PARTIAL-v1.svg","https://pub-1967bc5812ee4164b19a806fb1427021.r2.dev/images/icons/status/PHIOS-ICON-STATUS-PARTIAL-v1.svg","Public editorial illustration; not a new knowledge claim.","","HISTORICAL_REGISTRY_ONLY","","content/web-production/registries/client-visual-asset-registry-v1.8.json"
"130","图标","images/icons/status/PHIOS-ICON-STATUS-SEPARATE-v1.svg","https://pub-1967bc5812ee4164b19a806fb1427021.r2.dev/images/icons/status/PHIOS-ICON-STATUS-SEPARATE-v1.svg","Public editorial illustration; not a new knowledge claim.","","HISTORICAL_REGISTRY_ONLY","","content/web-production/registries/client-visual-asset-registry-v1.8.json"
"131","图标","images/icons/status/PHIOS-ICON-STATUS-TEMPORARY-v1.svg","https://pub-1967bc5812ee4164b19a806fb1427021.r2.dev/images/icons/status/PHIOS-ICON-STATUS-TEMPORARY-v1.svg","Public editorial illustration; not a new knowledge claim.","","HISTORICAL_REGISTRY_ONLY","","content/web-production/registries/client-visual-asset-registry-v1.8.json"
"132","图标","images/icons/status/PHIOS-ICON-STATUS-UNAVAILABLE-v1.svg","https://pub-1967bc5812ee4164b19a806fb1427021.r2.dev/images/icons/status/PHIOS-ICON-STATUS-UNAVAILABLE-v1.svg","Public editorial illustration; not a new knowledge claim.","","HISTORICAL_REGISTRY_ONLY","","content/web-production/registries/client-visual-asset-registry-v1.8.json"
"133","插画","images/illustrations/PHIOS-ILLUSTRATION-LIBRARY-KNOWLEDGE-LANDSCAPE-v1.webp","https://pub-1967bc5812ee4164b19a806fb1427021.r2.dev/images/illustrations/PHIOS-ILLUSTRATION-LIBRARY-KNOWLEDGE-LANDSCAPE-v1.webp","Library Knowledge Landscape","/knowledge/","DISPLAYED_ON_ACTIVE_SURFACE","/ | /knowledge/","content/customer-experience-rebuild/authority/customer-visual-asset-registry-v3.json | content/product-visual-platform-r1/static-assets/evidence/pvp-r1-vis-w31-remote-verification-v1.json | content/product-visual-platform-r1/static-assets/pvp-r1-vis-w29-static-production-asset-selection-v1.json | content/product-visual-platform-r1/static-assets/pvp-r1-vis-w30-static-production-asset-registry-v1.json | content/product-visual-platform-r1/static-assets/reconciliation/pvp-r1-vis-w31-path-reconciliation-v1.json | content/web-production/registries/client-visual-asset-registry-v1.7.json | content/web-production/registries/client-visual-asset-registry-v1.8.json"
"134","PHI 构型卡","images/phi-cards/phi-card-c01-forming-v1.webp","https://pub-1967bc5812ee4164b19a806fb1427021.r2.dev/images/phi-cards/phi-card-c01-forming-v1.webp","ECR 构型卡：ECR-PC-C01","/perspectives/personal/","INTERACTIVE_FLOW_DISPLAYED","/perspectives/personal/","content/ecr-phi-card/benchmark/ecr-phi-card-benchmark-v1.json | content/ecr-phi-card/ecr-phi-card-asset-registry-v1.json | functions/ecr-phi-card/ecr-card-runtime-authority.js"
"135","PHI 构型卡","images/phi-cards/phi-card-c02-focus-v1.webp","https://pub-1967bc5812ee4164b19a806fb1427021.r2.dev/images/phi-cards/phi-card-c02-focus-v1.webp","ECR 构型卡：ECR-PC-C02","/perspectives/personal/","INTERACTIVE_FLOW_DISPLAYED","/perspectives/personal/","content/ecr-phi-card/benchmark/ecr-phi-card-benchmark-v1.json | content/ecr-phi-card/ecr-phi-card-asset-registry-v1.json | functions/ecr-phi-card/ecr-card-runtime-authority.js"
"136","PHI 构型卡","images/phi-cards/phi-card-c03-grounding-v1.webp","https://pub-1967bc5812ee4164b19a806fb1427021.r2.dev/images/phi-cards/phi-card-c03-grounding-v1.webp","ECR 构型卡：ECR-PC-C03","/perspectives/personal/","INTERACTIVE_FLOW_DISPLAYED","/perspectives/personal/","content/ecr-phi-card/benchmark/ecr-phi-card-benchmark-v1.json | content/ecr-phi-card/ecr-phi-card-asset-registry-v1.json | functions/ecr-phi-card/ecr-card-runtime-authority.js"
"137","PHI 构型卡","images/phi-cards/phi-card-c04-integration-v1.webp","https://pub-1967bc5812ee4164b19a806fb1427021.r2.dev/images/phi-cards/phi-card-c04-integration-v1.webp","ECR 构型卡：ECR-PC-C04","/perspectives/personal/","INTERACTIVE_FLOW_DISPLAYED","/perspectives/personal/","content/ecr-phi-card/benchmark/ecr-phi-card-benchmark-v1.json | content/ecr-phi-card/ecr-phi-card-asset-registry-v1.json | functions/ecr-phi-card/ecr-card-runtime-authority.js"
"138","PHI 构型卡","images/phi-cards/phi-card-c05-expansion-v1.webp","https://pub-1967bc5812ee4164b19a806fb1427021.r2.dev/images/phi-cards/phi-card-c05-expansion-v1.webp","ECR 构型卡：ECR-PC-C05","/perspectives/personal/","EXTERNAL_FLOW_BLOCKED","","content/ecr-phi-card/ecr-phi-card-asset-registry-v1.json | functions/ecr-phi-card/ecr-card-runtime-authority.js"
"139","PHI 构型卡","images/phi-cards/phi-card-c06-reconfiguration-v1.webp","https://pub-1967bc5812ee4164b19a806fb1427021.r2.dev/images/phi-cards/phi-card-c06-reconfiguration-v1.webp","ECR 构型卡：ECR-PC-C06","/perspectives/personal/","EXTERNAL_FLOW_BLOCKED","","content/ecr-phi-card/ecr-phi-card-asset-registry-v1.json | functions/ecr-phi-card/ecr-card-runtime-authority.js"
"140","PHI 构型卡","images/phi-cards/phi-card-c07-deepening-v1.webp","https://pub-1967bc5812ee4164b19a806fb1427021.r2.dev/images/phi-cards/phi-card-c07-deepening-v1.webp","ECR 构型卡：ECR-PC-C07","/perspectives/personal/","INTERACTIVE_FLOW_DISPLAYED","/perspectives/personal/","content/ecr-phi-card/benchmark/ecr-phi-card-benchmark-v1.json | content/ecr-phi-card/ecr-phi-card-asset-registry-v1.json | functions/ecr-phi-card/ecr-card-runtime-authority.js"
"141","PHI 构型卡","images/phi-cards/phi-card-c08-orientation-v1.webp","https://pub-1967bc5812ee4164b19a806fb1427021.r2.dev/images/phi-cards/phi-card-c08-orientation-v1.webp","ECR 构型卡：ECR-PC-C08","/perspectives/personal/","EXTERNAL_FLOW_BLOCKED","","content/ecr-phi-card/ecr-phi-card-asset-registry-v1.json | functions/ecr-phi-card/ecr-card-runtime-authority.js"
"142","PHI 构型卡","images/phi-cards/phi-card-d01-seeking-v1.webp","https://pub-1967bc5812ee4164b19a806fb1427021.r2.dev/images/phi-cards/phi-card-d01-seeking-v1.webp","ECR 构型卡：ECR-PC-D01","/perspectives/personal/","EXTERNAL_FLOW_BLOCKED","","content/ecr-phi-card/ecr-phi-card-asset-registry-v1.json | functions/ecr-phi-card/ecr-card-runtime-authority.js"
"143","PHI 构型卡","images/phi-cards/phi-card-d02-response-v1.webp","https://pub-1967bc5812ee4164b19a806fb1427021.r2.dev/images/phi-cards/phi-card-d02-response-v1.webp","ECR 构型卡：ECR-PC-D02","/perspectives/personal/","INTERACTIVE_FLOW_DISPLAYED","/perspectives/personal/","content/ecr-phi-card/benchmark/ecr-phi-card-benchmark-v1.json | content/ecr-phi-card/ecr-phi-card-asset-registry-v1.json | functions/ecr-phi-card/ecr-card-runtime-authority.js"
"144","PHI 构型卡","images/phi-cards/phi-card-d03-advance-v1.webp","https://pub-1967bc5812ee4164b19a806fb1427021.r2.dev/images/phi-cards/phi-card-d03-advance-v1.webp","ECR 构型卡：ECR-PC-D03","/perspectives/personal/","INTERACTIVE_FLOW_DISPLAYED","/perspectives/personal/","content/ecr-phi-card/benchmark/ecr-phi-card-benchmark-v1.json | content/ecr-phi-card/ecr-phi-card-asset-registry-v1.json | functions/ecr-phi-card/ecr-card-runtime-authority.js"
"145","PHI 构型卡","images/phi-cards/phi-card-d04-correction-v1.webp","https://pub-1967bc5812ee4164b19a806fb1427021.r2.dev/images/phi-cards/phi-card-d04-correction-v1.webp","ECR 构型卡：ECR-PC-D04","/perspectives/personal/","INTERACTIVE_FLOW_DISPLAYED","/perspectives/personal/","content/ecr-phi-card/benchmark/ecr-phi-card-benchmark-v1.json | content/ecr-phi-card/ecr-phi-card-asset-registry-v1.json | functions/ecr-phi-card/ecr-card-runtime-authority.js"
"146","PHI 构型卡","images/phi-cards/phi-card-d05-completion-v1.webp","https://pub-1967bc5812ee4164b19a806fb1427021.r2.dev/images/phi-cards/phi-card-d05-completion-v1.webp","ECR 构型卡：ECR-PC-D05","/perspectives/personal/","INTERACTIVE_FLOW_DISPLAYED","/perspectives/personal/","content/ecr-phi-card/benchmark/ecr-phi-card-benchmark-v1.json | content/ecr-phi-card/ecr-phi-card-asset-registry-v1.json | functions/ecr-phi-card/ecr-card-runtime-authority.js"
"147","PHI 构型卡","images/phi-cards/phi-card-d06-breakthrough-v1.webp","https://pub-1967bc5812ee4164b19a806fb1427021.r2.dev/images/phi-cards/phi-card-d06-breakthrough-v1.webp","ECR 构型卡：ECR-PC-D06","/perspectives/personal/","INTERACTIVE_FLOW_DISPLAYED","/perspectives/personal/","content/ecr-phi-card/benchmark/ecr-phi-card-benchmark-v1.json | content/ecr-phi-card/ecr-phi-card-asset-registry-v1.json | functions/ecr-phi-card/ecr-card-runtime-authority.js"
"148","PHI 构型卡","images/phi-cards/phi-card-d07-stewardship-v1.webp","https://pub-1967bc5812ee4164b19a806fb1427021.r2.dev/images/phi-cards/phi-card-d07-stewardship-v1.webp","ECR 构型卡：ECR-PC-D07","/perspectives/personal/","INTERACTIVE_FLOW_DISPLAYED","/perspectives/personal/","content/ecr-phi-card/benchmark/ecr-phi-card-benchmark-v1.json | content/ecr-phi-card/ecr-phi-card-asset-registry-v1.json | functions/ecr-phi-card/ecr-card-runtime-authority.js"
"149","PHI 构型卡","images/phi-cards/phi-card-d08-calling-v1.webp","https://pub-1967bc5812ee4164b19a806fb1427021.r2.dev/images/phi-cards/phi-card-d08-calling-v1.webp","ECR 构型卡：ECR-PC-D08","/perspectives/personal/","INTERACTIVE_FLOW_DISPLAYED","/perspectives/personal/","content/ecr-phi-card/benchmark/ecr-phi-card-benchmark-v1.json | content/ecr-phi-card/ecr-phi-card-asset-registry-v1.json | functions/ecr-phi-card/ecr-card-runtime-authority.js"
"150","PHI 构型卡","images/phi-cards/phi-card-f01-container-v1.webp","https://pub-1967bc5812ee4164b19a806fb1427021.r2.dev/images/phi-cards/phi-card-f01-container-v1.webp","ECR 构型卡：ECR-PC-F01","/perspectives/personal/","INTERACTIVE_FLOW_DISPLAYED","/perspectives/personal/","content/ecr-phi-card/benchmark/ecr-phi-card-benchmark-v1.json | content/ecr-phi-card/ecr-phi-card-asset-registry-v1.json | functions/ecr-phi-card/ecr-card-runtime-authority.js"
"151","PHI 构型卡","images/phi-cards/phi-card-f02-boundary-v1.webp","https://pub-1967bc5812ee4164b19a806fb1427021.r2.dev/images/phi-cards/phi-card-f02-boundary-v1.webp","ECR 构型卡：ECR-PC-F02","/perspectives/personal/","INTERACTIVE_FLOW_DISPLAYED","/perspectives/personal/","content/ecr-phi-card/benchmark/ecr-phi-card-benchmark-v1.json | content/ecr-phi-card/ecr-phi-card-asset-registry-v1.json | functions/ecr-phi-card/ecr-card-runtime-authority.js"
"152","PHI 构型卡","images/phi-cards/phi-card-f03-collaboration-v1.webp","https://pub-1967bc5812ee4164b19a806fb1427021.r2.dev/images/phi-cards/phi-card-f03-collaboration-v1.webp","ECR 构型卡：ECR-PC-F03","/perspectives/personal/","EXTERNAL_FLOW_BLOCKED","","content/ecr-phi-card/ecr-phi-card-asset-registry-v1.json | functions/ecr-phi-card/ecr-card-runtime-authority.js"
"153","PHI 构型卡","images/phi-cards/phi-card-f04-exchange-v1.webp","https://pub-1967bc5812ee4164b19a806fb1427021.r2.dev/images/phi-cards/phi-card-f04-exchange-v1.webp","ECR 构型卡：ECR-PC-F04","/perspectives/personal/","INTERACTIVE_FLOW_DISPLAYED","/perspectives/personal/","content/ecr-phi-card/benchmark/ecr-phi-card-benchmark-v1.json | content/ecr-phi-card/ecr-phi-card-asset-registry-v1.json | functions/ecr-phi-card/ecr-card-runtime-authority.js"
"154","PHI 构型卡","images/phi-cards/phi-card-f05-rhythm-v1.webp","https://pub-1967bc5812ee4164b19a806fb1427021.r2.dev/images/phi-cards/phi-card-f05-rhythm-v1.webp","ECR 构型卡：ECR-PC-F05","/perspectives/personal/","INTERACTIVE_FLOW_DISPLAYED","/perspectives/personal/","content/ecr-phi-card/benchmark/ecr-phi-card-benchmark-v1.json | content/ecr-phi-card/ecr-phi-card-asset-registry-v1.json | functions/ecr-phi-card/ecr-card-runtime-authority.js"
"155","PHI 构型卡","images/phi-cards/phi-card-f06-space-v1.webp","https://pub-1967bc5812ee4164b19a806fb1427021.r2.dev/images/phi-cards/phi-card-f06-space-v1.webp","ECR 构型卡：ECR-PC-F06","/perspectives/personal/","INTERACTIVE_FLOW_DISPLAYED","/perspectives/personal/","content/ecr-phi-card/benchmark/ecr-phi-card-benchmark-v1.json | content/ecr-phi-card/ecr-phi-card-asset-registry-v1.json | functions/ecr-phi-card/ecr-card-runtime-authority.js"
"156","PHI 构型卡","images/phi-cards/phi-card-f07-calibration-v1.webp","https://pub-1967bc5812ee4164b19a806fb1427021.r2.dev/images/phi-cards/phi-card-f07-calibration-v1.webp","ECR 构型卡：ECR-PC-F07","/perspectives/personal/","INTERACTIVE_FLOW_DISPLAYED","/perspectives/personal/","content/ecr-phi-card/benchmark/ecr-phi-card-benchmark-v1.json | content/ecr-phi-card/ecr-phi-card-asset-registry-v1.json | functions/ecr-phi-card/ecr-card-runtime-authority.js"
"157","PHI 构型卡","images/phi-cards/phi-card-f08-support-v1.webp","https://pub-1967bc5812ee4164b19a806fb1427021.r2.dev/images/phi-cards/phi-card-f08-support-v1.webp","ECR 构型卡：ECR-PC-F08","/perspectives/personal/","INTERACTIVE_FLOW_DISPLAYED","/perspectives/personal/","content/ecr-phi-card/benchmark/ecr-phi-card-benchmark-v1.json | content/ecr-phi-card/ecr-phi-card-asset-registry-v1.json | functions/ecr-phi-card/ecr-card-runtime-authority.js"
"158","PHI 构型卡","images/phi-cards/phi-card-g01-organize-v1.webp","https://pub-1967bc5812ee4164b19a806fb1427021.r2.dev/images/phi-cards/phi-card-g01-organize-v1.webp","ECR 构型卡：ECR-PC-G01","/perspectives/personal/","INTERACTIVE_FLOW_DISPLAYED","/perspectives/personal/","content/ecr-phi-card/benchmark/ecr-phi-card-benchmark-v1.json | content/ecr-phi-card/ecr-phi-card-asset-registry-v1.json | functions/ecr-phi-card/ecr-card-runtime-authority.js"
"159","PHI 构型卡","images/phi-cards/phi-card-g02-discern-v1.webp","https://pub-1967bc5812ee4164b19a806fb1427021.r2.dev/images/phi-cards/phi-card-g02-discern-v1.webp","ECR 构型卡：ECR-PC-G02","/perspectives/personal/","INTERACTIVE_FLOW_DISPLAYED","/perspectives/personal/","content/ecr-phi-card/benchmark/ecr-phi-card-benchmark-v1.json | content/ecr-phi-card/ecr-phi-card-asset-registry-v1.json | functions/ecr-phi-card/ecr-card-runtime-authority.js"
"160","PHI 构型卡","images/phi-cards/phi-card-g03-connect-v1.webp","https://pub-1967bc5812ee4164b19a806fb1427021.r2.dev/images/phi-cards/phi-card-g03-connect-v1.webp","ECR 构型卡：ECR-PC-G03","/perspectives/personal/","INTERACTIVE_FLOW_DISPLAYED","/perspectives/personal/","content/ecr-phi-card/benchmark/ecr-phi-card-benchmark-v1.json | content/ecr-phi-card/ecr-phi-card-asset-registry-v1.json | functions/ecr-phi-card/ecr-card-runtime-authority.js"
"161","PHI 构型卡","images/phi-cards/phi-card-g04-express-v1.webp","https://pub-1967bc5812ee4164b19a806fb1427021.r2.dev/images/phi-cards/phi-card-g04-express-v1.webp","ECR 构型卡：ECR-PC-G04","/perspectives/personal/","EXTERNAL_FLOW_BLOCKED","","content/ecr-phi-card/ecr-phi-card-asset-registry-v1.json | functions/ecr-phi-card/ecr-card-runtime-authority.js"
"162","PHI 构型卡","images/phi-cards/phi-card-g05-hold-v1.webp","https://pub-1967bc5812ee4164b19a806fb1427021.r2.dev/images/phi-cards/phi-card-g05-hold-v1.webp","ECR 构型卡：ECR-PC-G05","/perspectives/personal/","INTERACTIVE_FLOW_DISPLAYED","/perspectives/personal/","content/ecr-phi-card/benchmark/ecr-phi-card-benchmark-v1.json | content/ecr-phi-card/ecr-phi-card-asset-registry-v1.json | functions/ecr-phi-card/ecr-card-runtime-authority.js"
"163","PHI 构型卡","images/phi-cards/phi-card-g06-build-v1.webp","https://pub-1967bc5812ee4164b19a806fb1427021.r2.dev/images/phi-cards/phi-card-g06-build-v1.webp","ECR 构型卡：ECR-PC-G06","/perspectives/personal/","INTERACTIVE_FLOW_DISPLAYED","/perspectives/personal/","content/ecr-phi-card/benchmark/ecr-phi-card-benchmark-v1.json | content/ecr-phi-card/ecr-phi-card-asset-registry-v1.json | functions/ecr-phi-card/ecr-card-runtime-authority.js"
"164","PHI 构型卡","images/phi-cards/phi-card-g07-adapt-v1.webp","https://pub-1967bc5812ee4164b19a806fb1427021.r2.dev/images/phi-cards/phi-card-g07-adapt-v1.webp","ECR 构型卡：ECR-PC-G07","/perspectives/personal/","INTERACTIVE_FLOW_DISPLAYED","/perspectives/personal/","content/ecr-phi-card/benchmark/ecr-phi-card-benchmark-v1.json | content/ecr-phi-card/ecr-phi-card-asset-registry-v1.json | functions/ecr-phi-card/ecr-card-runtime-authority.js"
"165","PHI 构型卡","images/phi-cards/phi-card-g08-transform-v1.webp","https://pub-1967bc5812ee4164b19a806fb1427021.r2.dev/images/phi-cards/phi-card-g08-transform-v1.webp","ECR 构型卡：ECR-PC-G08","/perspectives/personal/","INTERACTIVE_FLOW_DISPLAYED","/perspectives/personal/","content/ecr-phi-card/benchmark/ecr-phi-card-benchmark-v1.json | content/ecr-phi-card/ecr-phi-card-asset-registry-v1.json | functions/ecr-phi-card/ecr-card-runtime-authority.js"
"166","PHI 构型卡","images/phi-cards/phi-card-p01-opening-v1.webp","https://pub-1967bc5812ee4164b19a806fb1427021.r2.dev/images/phi-cards/phi-card-p01-opening-v1.webp","ECR 构型卡：ECR-PC-P01","/perspectives/personal/","INTERACTIVE_FLOW_DISPLAYED","/perspectives/personal/","content/ecr-phi-card/benchmark/ecr-phi-card-benchmark-v1.json | content/ecr-phi-card/ecr-phi-card-asset-registry-v1.json | functions/ecr-phi-card/ecr-card-runtime-authority.js"
"167","PHI 构型卡","images/phi-cards/phi-card-p02-activating-v1.webp","https://pub-1967bc5812ee4164b19a806fb1427021.r2.dev/images/phi-cards/phi-card-p02-activating-v1.webp","ECR 构型卡：ECR-PC-P02","/perspectives/personal/","INTERACTIVE_FLOW_DISPLAYED","/perspectives/personal/","content/ecr-phi-card/benchmark/ecr-phi-card-benchmark-v1.json | content/ecr-phi-card/ecr-phi-card-asset-registry-v1.json | functions/ecr-phi-card/ecr-card-runtime-authority.js"
"168","PHI 构型卡","images/phi-cards/phi-card-p03-gaining-weight-v1.webp","https://pub-1967bc5812ee4164b19a806fb1427021.r2.dev/images/phi-cards/phi-card-p03-gaining-weight-v1.webp","ECR 构型卡：ECR-PC-P03","/perspectives/personal/","INTERACTIVE_FLOW_DISPLAYED","/perspectives/personal/","content/ecr-phi-card/benchmark/ecr-phi-card-benchmark-v1.json | content/ecr-phi-card/ecr-phi-card-asset-registry-v1.json | functions/ecr-phi-card/ecr-card-runtime-authority.js"
"169","PHI 构型卡","images/phi-cards/phi-card-p04-amplifying-v1.webp","https://pub-1967bc5812ee4164b19a806fb1427021.r2.dev/images/phi-cards/phi-card-p04-amplifying-v1.webp","ECR 构型卡：ECR-PC-P04","/perspectives/personal/","INTERACTIVE_FLOW_DISPLAYED","/perspectives/personal/","content/ecr-phi-card/benchmark/ecr-phi-card-benchmark-v1.json | content/ecr-phi-card/ecr-phi-card-asset-registry-v1.json | functions/ecr-phi-card/ecr-card-runtime-authority.js"
"170","PHI 构型卡","images/phi-cards/phi-card-p05-alignment-v1.webp","https://pub-1967bc5812ee4164b19a806fb1427021.r2.dev/images/phi-cards/phi-card-p05-alignment-v1.webp","ECR 构型卡：ECR-PC-P05","/perspectives/personal/","INTERACTIVE_FLOW_DISPLAYED","/perspectives/personal/","content/ecr-phi-card/benchmark/ecr-phi-card-benchmark-v1.json | content/ecr-phi-card/ecr-phi-card-asset-registry-v1.json | functions/ecr-phi-card/ecr-card-runtime-authority.js"
"171","PHI 构型卡","images/phi-cards/phi-card-p06-overamplification-v1.webp","https://pub-1967bc5812ee4164b19a806fb1427021.r2.dev/images/phi-cards/phi-card-p06-overamplification-v1.webp","ECR 构型卡：ECR-PC-P06","/perspectives/personal/","INTERACTIVE_FLOW_DISPLAYED","/perspectives/personal/","content/ecr-phi-card/benchmark/ecr-phi-card-benchmark-v1.json | content/ecr-phi-card/ecr-phi-card-asset-registry-v1.json | functions/ecr-phi-card/ecr-card-runtime-authority.js"
"172","PHI 构型卡","images/phi-cards/phi-card-p07-decay-v1.webp","https://pub-1967bc5812ee4164b19a806fb1427021.r2.dev/images/phi-cards/phi-card-p07-decay-v1.webp","ECR 构型卡：ECR-PC-P07","/perspectives/personal/","INTERACTIVE_FLOW_DISPLAYED","/perspectives/personal/","content/ecr-phi-card/benchmark/ecr-phi-card-benchmark-v1.json | content/ecr-phi-card/ecr-phi-card-asset-registry-v1.json | functions/ecr-phi-card/ecr-card-runtime-authority.js"
"173","PHI 构型卡","images/phi-cards/phi-card-p08-closure-v1.webp","https://pub-1967bc5812ee4164b19a806fb1427021.r2.dev/images/phi-cards/phi-card-p08-closure-v1.webp","ECR 构型卡：ECR-PC-P08","/perspectives/personal/","INTERACTIVE_FLOW_DISPLAYED","/perspectives/personal/","content/ecr-phi-card/benchmark/ecr-phi-card-benchmark-v1.json | content/ecr-phi-card/ecr-phi-card-asset-registry-v1.json | functions/ecr-phi-card/ecr-card-runtime-authority.js"
"174","PHI 构型卡","images/phi-cards/phi-card-t01-overload-v1.webp","https://pub-1967bc5812ee4164b19a806fb1427021.r2.dev/images/phi-cards/phi-card-t01-overload-v1.webp","ECR 构型卡：ECR-PC-T01","/perspectives/personal/","INTERACTIVE_FLOW_DISPLAYED","/perspectives/personal/","content/ecr-phi-card/benchmark/ecr-phi-card-benchmark-v1.json | content/ecr-phi-card/ecr-phi-card-asset-registry-v1.json | functions/ecr-phi-card/ecr-card-runtime-authority.js"
"175","PHI 构型卡","images/phi-cards/phi-card-t02-pull-v1.webp","https://pub-1967bc5812ee4164b19a806fb1427021.r2.dev/images/phi-cards/phi-card-t02-pull-v1.webp","ECR 构型卡：ECR-PC-T02","/perspectives/personal/","EXTERNAL_FLOW_BLOCKED","","content/ecr-phi-card/ecr-phi-card-asset-registry-v1.json | functions/ecr-phi-card/ecr-card-runtime-authority.js"
"176","PHI 构型卡","images/phi-cards/phi-card-t03-stall-v1.webp","https://pub-1967bc5812ee4164b19a806fb1427021.r2.dev/images/phi-cards/phi-card-t03-stall-v1.webp","ECR 构型卡：ECR-PC-T03","/perspectives/personal/","EXTERNAL_FLOW_BLOCKED","","content/ecr-phi-card/ecr-phi-card-asset-registry-v1.json | functions/ecr-phi-card/ecr-card-runtime-authority.js"
"177","PHI 构型卡","images/phi-cards/phi-card-t04-dispersion-v1.webp","https://pub-1967bc5812ee4164b19a806fb1427021.r2.dev/images/phi-cards/phi-card-t04-dispersion-v1.webp","ECR 构型卡：ECR-PC-T04","/perspectives/personal/","EXTERNAL_FLOW_BLOCKED","","content/ecr-phi-card/ecr-phi-card-asset-registry-v1.json | functions/ecr-phi-card/ecr-card-runtime-authority.js"
"178","PHI 构型卡","images/phi-cards/phi-card-t05-compression-v1.webp","https://pub-1967bc5812ee4164b19a806fb1427021.r2.dev/images/phi-cards/phi-card-t05-compression-v1.webp","ECR 构型卡：ECR-PC-T05","/perspectives/personal/","EXTERNAL_FLOW_BLOCKED","","content/ecr-phi-card/ecr-phi-card-asset-registry-v1.json | functions/ecr-phi-card/ecr-card-runtime-authority.js"
"179","PHI 构型卡","images/phi-cards/phi-card-t06-loop-v1.webp","https://pub-1967bc5812ee4164b19a806fb1427021.r2.dev/images/phi-cards/phi-card-t06-loop-v1.webp","ECR 构型卡：ECR-PC-T06","/perspectives/personal/","EXTERNAL_FLOW_BLOCKED","","content/ecr-phi-card/ecr-phi-card-asset-registry-v1.json | functions/ecr-phi-card/ecr-card-runtime-authority.js"
"180","PHI 构型卡","images/phi-cards/phi-card-t07-withdrawal-v1.webp","https://pub-1967bc5812ee4164b19a806fb1427021.r2.dev/images/phi-cards/phi-card-t07-withdrawal-v1.webp","ECR 构型卡：ECR-PC-T07","/perspectives/personal/","INTERACTIVE_FLOW_DISPLAYED","/perspectives/personal/","content/ecr-phi-card/benchmark/ecr-phi-card-benchmark-v1.json | content/ecr-phi-card/ecr-phi-card-asset-registry-v1.json | functions/ecr-phi-card/ecr-card-runtime-authority.js"
"181","PHI 构型卡","images/phi-cards/phi-card-t08-drain-v1.webp","https://pub-1967bc5812ee4164b19a806fb1427021.r2.dev/images/phi-cards/phi-card-t08-drain-v1.webp","ECR 构型卡：ECR-PC-T08","/perspectives/personal/","INTERACTIVE_FLOW_DISPLAYED","/perspectives/personal/","content/ecr-phi-card/benchmark/ecr-phi-card-benchmark-v1.json | content/ecr-phi-card/ecr-phi-card-asset-registry-v1.json | functions/ecr-phi-card/ecr-card-runtime-authority.js"
"182","塔罗牌","images/tarot/PHIOS-TAROT-CARD-BACK-v1.webp","https://pub-1967bc5812ee4164b19a806fb1427021.r2.dev/images/tarot/PHIOS-TAROT-CARD-BACK-v1.webp","塔罗抽牌与牌义图：牌背","/perspectives/tarot/","INTERACTIVE_FLOW_DISPLAYED","/perspectives/tarot/","assets/customer-ui/surfaces/tarot.css | content/public-ux/symbolic-method/registries/tarot-artwork-production-manifest-v2.json | content/public-ux/symbolic-method/registries/tarot-r2-asset-delivery-registry-v1.json"
"183","塔罗牌","images/tarot/rws-1909-cups-01-ace.webp","https://pub-1967bc5812ee4164b19a806fb1427021.r2.dev/images/tarot/rws-1909-cups-01-ace.webp","塔罗抽牌与牌义图：RWS-CUPS-ACE","/perspectives/tarot/","INTERACTIVE_FLOW_DISPLAYED","/perspectives/tarot/","content/interpretation/tarot/registries/tarot-visual-evidence-locator-v1.json | content/public-ux/symbolic-method/registries/tarot-artwork-production-manifest-v2.json | content/public-ux/symbolic-method/registries/tarot-r2-asset-delivery-registry-v1.json"
"184","塔罗牌","images/tarot/rws-1909-cups-02-two.webp","https://pub-1967bc5812ee4164b19a806fb1427021.r2.dev/images/tarot/rws-1909-cups-02-two.webp","塔罗抽牌与牌义图：RWS-CUPS-TWO","/perspectives/tarot/","INTERACTIVE_FLOW_DISPLAYED","/perspectives/tarot/","content/interpretation/tarot/registries/tarot-visual-evidence-locator-v1.json | content/public-ux/symbolic-method/registries/tarot-artwork-production-manifest-v2.json | content/public-ux/symbolic-method/registries/tarot-r2-asset-delivery-registry-v1.json"
"185","塔罗牌","images/tarot/rws-1909-cups-03-three.webp","https://pub-1967bc5812ee4164b19a806fb1427021.r2.dev/images/tarot/rws-1909-cups-03-three.webp","塔罗抽牌与牌义图：RWS-CUPS-THREE","/perspectives/tarot/","INTERACTIVE_FLOW_DISPLAYED","/perspectives/tarot/","content/interpretation/tarot/registries/tarot-visual-evidence-locator-v1.json | content/public-ux/symbolic-method/registries/tarot-artwork-production-manifest-v2.json | content/public-ux/symbolic-method/registries/tarot-r2-asset-delivery-registry-v1.json"
"186","塔罗牌","images/tarot/rws-1909-cups-04-four.webp","https://pub-1967bc5812ee4164b19a806fb1427021.r2.dev/images/tarot/rws-1909-cups-04-four.webp","塔罗抽牌与牌义图：RWS-CUPS-FOUR","/perspectives/tarot/","INTERACTIVE_FLOW_DISPLAYED","/perspectives/tarot/","content/interpretation/tarot/registries/tarot-visual-evidence-locator-v1.json | content/public-ux/symbolic-method/registries/tarot-artwork-production-manifest-v2.json | content/public-ux/symbolic-method/registries/tarot-r2-asset-delivery-registry-v1.json"
"187","塔罗牌","images/tarot/rws-1909-cups-05-five.webp","https://pub-1967bc5812ee4164b19a806fb1427021.r2.dev/images/tarot/rws-1909-cups-05-five.webp","塔罗抽牌与牌义图：RWS-CUPS-FIVE","/perspectives/tarot/","INTERACTIVE_FLOW_DISPLAYED","/perspectives/tarot/","content/interpretation/tarot/registries/tarot-visual-evidence-locator-v1.json | content/public-ux/symbolic-method/registries/tarot-artwork-production-manifest-v2.json | content/public-ux/symbolic-method/registries/tarot-r2-asset-delivery-registry-v1.json"
"188","塔罗牌","images/tarot/rws-1909-cups-06-six.webp","https://pub-1967bc5812ee4164b19a806fb1427021.r2.dev/images/tarot/rws-1909-cups-06-six.webp","塔罗抽牌与牌义图：RWS-CUPS-SIX","/perspectives/tarot/","INTERACTIVE_FLOW_DISPLAYED","/perspectives/tarot/","content/interpretation/tarot/registries/tarot-visual-evidence-locator-v1.json | content/public-ux/symbolic-method/registries/tarot-artwork-production-manifest-v2.json | content/public-ux/symbolic-method/registries/tarot-r2-asset-delivery-registry-v1.json"
"189","塔罗牌","images/tarot/rws-1909-cups-07-seven.webp","https://pub-1967bc5812ee4164b19a806fb1427021.r2.dev/images/tarot/rws-1909-cups-07-seven.webp","塔罗抽牌与牌义图：RWS-CUPS-SEVEN","/perspectives/tarot/","INTERACTIVE_FLOW_DISPLAYED","/perspectives/tarot/","content/interpretation/tarot/registries/tarot-visual-evidence-locator-v1.json | content/public-ux/symbolic-method/registries/tarot-artwork-production-manifest-v2.json | content/public-ux/symbolic-method/registries/tarot-r2-asset-delivery-registry-v1.json"
"190","塔罗牌","images/tarot/rws-1909-cups-08-eight.webp","https://pub-1967bc5812ee4164b19a806fb1427021.r2.dev/images/tarot/rws-1909-cups-08-eight.webp","塔罗抽牌与牌义图：RWS-CUPS-EIGHT","/perspectives/tarot/","INTERACTIVE_FLOW_DISPLAYED","/perspectives/tarot/","content/interpretation/tarot/registries/tarot-visual-evidence-locator-v1.json | content/public-ux/symbolic-method/registries/tarot-artwork-production-manifest-v2.json | content/public-ux/symbolic-method/registries/tarot-r2-asset-delivery-registry-v1.json"
"191","塔罗牌","images/tarot/rws-1909-cups-09-nine.webp","https://pub-1967bc5812ee4164b19a806fb1427021.r2.dev/images/tarot/rws-1909-cups-09-nine.webp","塔罗抽牌与牌义图：RWS-CUPS-NINE","/perspectives/tarot/","INTERACTIVE_FLOW_DISPLAYED","/perspectives/tarot/","content/interpretation/tarot/registries/tarot-visual-evidence-locator-v1.json | content/public-ux/symbolic-method/registries/tarot-artwork-production-manifest-v2.json | content/public-ux/symbolic-method/registries/tarot-r2-asset-delivery-registry-v1.json"
"192","塔罗牌","images/tarot/rws-1909-cups-10-ten.webp","https://pub-1967bc5812ee4164b19a806fb1427021.r2.dev/images/tarot/rws-1909-cups-10-ten.webp","塔罗抽牌与牌义图：RWS-CUPS-TEN","/perspectives/tarot/","INTERACTIVE_FLOW_DISPLAYED","/perspectives/tarot/","content/interpretation/tarot/registries/tarot-visual-evidence-locator-v1.json | content/public-ux/symbolic-method/registries/tarot-artwork-production-manifest-v2.json | content/public-ux/symbolic-method/registries/tarot-r2-asset-delivery-registry-v1.json"
"193","塔罗牌","images/tarot/rws-1909-cups-11-page.webp","https://pub-1967bc5812ee4164b19a806fb1427021.r2.dev/images/tarot/rws-1909-cups-11-page.webp","塔罗抽牌与牌义图：RWS-CUPS-PAGE","/perspectives/tarot/","INTERACTIVE_FLOW_DISPLAYED","/perspectives/tarot/","content/interpretation/tarot/registries/tarot-visual-evidence-locator-v1.json | content/public-ux/symbolic-method/registries/tarot-artwork-production-manifest-v2.json | content/public-ux/symbolic-method/registries/tarot-r2-asset-delivery-registry-v1.json"
"194","塔罗牌","images/tarot/rws-1909-cups-12-knight.webp","https://pub-1967bc5812ee4164b19a806fb1427021.r2.dev/images/tarot/rws-1909-cups-12-knight.webp","塔罗抽牌与牌义图：RWS-CUPS-KNIGHT","/perspectives/tarot/","INTERACTIVE_FLOW_DISPLAYED","/perspectives/tarot/","content/interpretation/tarot/registries/tarot-visual-evidence-locator-v1.json | content/public-ux/symbolic-method/registries/tarot-artwork-production-manifest-v2.json | content/public-ux/symbolic-method/registries/tarot-r2-asset-delivery-registry-v1.json"
"195","塔罗牌","images/tarot/rws-1909-cups-13-queen.webp","https://pub-1967bc5812ee4164b19a806fb1427021.r2.dev/images/tarot/rws-1909-cups-13-queen.webp","塔罗抽牌与牌义图：RWS-CUPS-QUEEN","/perspectives/tarot/","INTERACTIVE_FLOW_DISPLAYED","/perspectives/tarot/","content/interpretation/tarot/registries/tarot-visual-evidence-locator-v1.json | content/public-ux/symbolic-method/registries/tarot-artwork-production-manifest-v2.json | content/public-ux/symbolic-method/registries/tarot-r2-asset-delivery-registry-v1.json"
"196","塔罗牌","images/tarot/rws-1909-cups-14-king.webp","https://pub-1967bc5812ee4164b19a806fb1427021.r2.dev/images/tarot/rws-1909-cups-14-king.webp","塔罗抽牌与牌义图：RWS-CUPS-KING","/perspectives/tarot/","INTERACTIVE_FLOW_DISPLAYED","/perspectives/tarot/","content/interpretation/tarot/registries/tarot-visual-evidence-locator-v1.json | content/public-ux/symbolic-method/registries/tarot-artwork-production-manifest-v2.json | content/public-ux/symbolic-method/registries/tarot-r2-asset-delivery-registry-v1.json"
"197","塔罗牌","images/tarot/rws-1909-major-00-fool.webp","https://pub-1967bc5812ee4164b19a806fb1427021.r2.dev/images/tarot/rws-1909-major-00-fool.webp","塔罗抽牌与牌义图：RWS-MAJOR-00","/perspectives/tarot/","INTERACTIVE_FLOW_DISPLAYED","/perspectives/tarot/","content/interpretation/tarot/registries/tarot-visual-evidence-locator-v1.json | content/public-ux/symbolic-method/registries/tarot-artwork-production-manifest-v2.json | content/public-ux/symbolic-method/registries/tarot-r2-asset-delivery-registry-v1.json"
"198","塔罗牌","images/tarot/rws-1909-major-01-magician.webp","https://pub-1967bc5812ee4164b19a806fb1427021.r2.dev/images/tarot/rws-1909-major-01-magician.webp","塔罗抽牌与牌义图：RWS-MAJOR-01","/perspectives/tarot/","INTERACTIVE_FLOW_DISPLAYED","/perspectives/tarot/","content/interpretation/tarot/registries/tarot-visual-evidence-locator-v1.json | content/public-ux/symbolic-method/registries/tarot-artwork-production-manifest-v2.json | content/public-ux/symbolic-method/registries/tarot-r2-asset-delivery-registry-v1.json"
"199","塔罗牌","images/tarot/rws-1909-major-02-high-priestess.webp","https://pub-1967bc5812ee4164b19a806fb1427021.r2.dev/images/tarot/rws-1909-major-02-high-priestess.webp","塔罗抽牌与牌义图：RWS-MAJOR-02","/perspectives/tarot/","INTERACTIVE_FLOW_DISPLAYED","/perspectives/tarot/","content/interpretation/tarot/registries/tarot-visual-evidence-locator-v1.json | content/public-ux/symbolic-method/registries/tarot-artwork-production-manifest-v2.json | content/public-ux/symbolic-method/registries/tarot-r2-asset-delivery-registry-v1.json"
"200","塔罗牌","images/tarot/rws-1909-major-03-empress.webp","https://pub-1967bc5812ee4164b19a806fb1427021.r2.dev/images/tarot/rws-1909-major-03-empress.webp","塔罗抽牌与牌义图：RWS-MAJOR-03","/perspectives/tarot/","INTERACTIVE_FLOW_DISPLAYED","/perspectives/tarot/","content/interpretation/tarot/registries/tarot-visual-evidence-locator-v1.json | content/public-ux/symbolic-method/registries/tarot-artwork-production-manifest-v2.json | content/public-ux/symbolic-method/registries/tarot-r2-asset-delivery-registry-v1.json"
"201","塔罗牌","images/tarot/rws-1909-major-04-emperor.webp","https://pub-1967bc5812ee4164b19a806fb1427021.r2.dev/images/tarot/rws-1909-major-04-emperor.webp","塔罗抽牌与牌义图：RWS-MAJOR-04","/perspectives/tarot/","INTERACTIVE_FLOW_DISPLAYED","/perspectives/tarot/","content/interpretation/tarot/registries/tarot-visual-evidence-locator-v1.json | content/public-ux/symbolic-method/registries/tarot-artwork-production-manifest-v2.json | content/public-ux/symbolic-method/registries/tarot-r2-asset-delivery-registry-v1.json"
"202","塔罗牌","images/tarot/rws-1909-major-05-hierophant.webp","https://pub-1967bc5812ee4164b19a806fb1427021.r2.dev/images/tarot/rws-1909-major-05-hierophant.webp","塔罗抽牌与牌义图：RWS-MAJOR-05","/perspectives/tarot/","INTERACTIVE_FLOW_DISPLAYED","/perspectives/tarot/","content/interpretation/tarot/registries/tarot-visual-evidence-locator-v1.json | content/public-ux/symbolic-method/registries/tarot-artwork-production-manifest-v2.json | content/public-ux/symbolic-method/registries/tarot-r2-asset-delivery-registry-v1.json"
"203","塔罗牌","images/tarot/rws-1909-major-06-lovers.webp","https://pub-1967bc5812ee4164b19a806fb1427021.r2.dev/images/tarot/rws-1909-major-06-lovers.webp","塔罗抽牌与牌义图：RWS-MAJOR-06","/perspectives/tarot/","INTERACTIVE_FLOW_DISPLAYED","/perspectives/tarot/","content/interpretation/tarot/registries/tarot-visual-evidence-locator-v1.json | content/public-ux/symbolic-method/registries/tarot-artwork-production-manifest-v2.json | content/public-ux/symbolic-method/registries/tarot-r2-asset-delivery-registry-v1.json"
"204","塔罗牌","images/tarot/rws-1909-major-07-chariot.webp","https://pub-1967bc5812ee4164b19a806fb1427021.r2.dev/images/tarot/rws-1909-major-07-chariot.webp","塔罗抽牌与牌义图：RWS-MAJOR-07","/perspectives/tarot/","INTERACTIVE_FLOW_DISPLAYED","/perspectives/tarot/","content/interpretation/tarot/registries/tarot-visual-evidence-locator-v1.json | content/public-ux/symbolic-method/registries/tarot-artwork-production-manifest-v2.json | content/public-ux/symbolic-method/registries/tarot-r2-asset-delivery-registry-v1.json"
"205","塔罗牌","images/tarot/rws-1909-major-08-strength.webp","https://pub-1967bc5812ee4164b19a806fb1427021.r2.dev/images/tarot/rws-1909-major-08-strength.webp","塔罗抽牌与牌义图：RWS-MAJOR-08","/perspectives/tarot/","INTERACTIVE_FLOW_DISPLAYED","/perspectives/tarot/","content/interpretation/tarot/registries/tarot-visual-evidence-locator-v1.json | content/public-ux/symbolic-method/registries/tarot-artwork-production-manifest-v2.json | content/public-ux/symbolic-method/registries/tarot-r2-asset-delivery-registry-v1.json"
"206","塔罗牌","images/tarot/rws-1909-major-09-hermit.webp","https://pub-1967bc5812ee4164b19a806fb1427021.r2.dev/images/tarot/rws-1909-major-09-hermit.webp","塔罗抽牌与牌义图：RWS-MAJOR-09","/perspectives/tarot/","INTERACTIVE_FLOW_DISPLAYED","/perspectives/tarot/","content/interpretation/tarot/registries/tarot-visual-evidence-locator-v1.json | content/public-ux/symbolic-method/registries/tarot-artwork-production-manifest-v2.json | content/public-ux/symbolic-method/registries/tarot-r2-asset-delivery-registry-v1.json"
"207","塔罗牌","images/tarot/rws-1909-major-10-wheel-of-fortune.webp","https://pub-1967bc5812ee4164b19a806fb1427021.r2.dev/images/tarot/rws-1909-major-10-wheel-of-fortune.webp","塔罗抽牌与牌义图：RWS-MAJOR-10","/perspectives/tarot/","INTERACTIVE_FLOW_DISPLAYED","/perspectives/tarot/","content/interpretation/tarot/registries/tarot-visual-evidence-locator-v1.json | content/public-ux/symbolic-method/registries/tarot-artwork-production-manifest-v2.json | content/public-ux/symbolic-method/registries/tarot-r2-asset-delivery-registry-v1.json"
"208","塔罗牌","images/tarot/rws-1909-major-11-justice.webp","https://pub-1967bc5812ee4164b19a806fb1427021.r2.dev/images/tarot/rws-1909-major-11-justice.webp","塔罗抽牌与牌义图：RWS-MAJOR-11","/perspectives/tarot/","INTERACTIVE_FLOW_DISPLAYED","/perspectives/tarot/","content/interpretation/tarot/registries/tarot-visual-evidence-locator-v1.json | content/public-ux/symbolic-method/registries/tarot-artwork-production-manifest-v2.json | content/public-ux/symbolic-method/registries/tarot-r2-asset-delivery-registry-v1.json"
"209","塔罗牌","images/tarot/rws-1909-major-12-hanged-man.webp","https://pub-1967bc5812ee4164b19a806fb1427021.r2.dev/images/tarot/rws-1909-major-12-hanged-man.webp","塔罗抽牌与牌义图：RWS-MAJOR-12","/perspectives/tarot/","INTERACTIVE_FLOW_DISPLAYED","/perspectives/tarot/","content/interpretation/tarot/registries/tarot-visual-evidence-locator-v1.json | content/public-ux/symbolic-method/registries/tarot-artwork-production-manifest-v2.json | content/public-ux/symbolic-method/registries/tarot-r2-asset-delivery-registry-v1.json"
"210","塔罗牌","images/tarot/rws-1909-major-13-death.webp","https://pub-1967bc5812ee4164b19a806fb1427021.r2.dev/images/tarot/rws-1909-major-13-death.webp","塔罗抽牌与牌义图：RWS-MAJOR-13","/perspectives/tarot/","INTERACTIVE_FLOW_DISPLAYED","/perspectives/tarot/","content/interpretation/tarot/registries/tarot-visual-evidence-locator-v1.json | content/public-ux/symbolic-method/registries/tarot-artwork-production-manifest-v2.json | content/public-ux/symbolic-method/registries/tarot-r2-asset-delivery-registry-v1.json"
"211","塔罗牌","images/tarot/rws-1909-major-14-temperance.webp","https://pub-1967bc5812ee4164b19a806fb1427021.r2.dev/images/tarot/rws-1909-major-14-temperance.webp","塔罗抽牌与牌义图：RWS-MAJOR-14","/perspectives/tarot/","INTERACTIVE_FLOW_DISPLAYED","/perspectives/tarot/","content/interpretation/tarot/registries/tarot-visual-evidence-locator-v1.json | content/public-ux/symbolic-method/registries/tarot-artwork-production-manifest-v2.json | content/public-ux/symbolic-method/registries/tarot-r2-asset-delivery-registry-v1.json"
"212","塔罗牌","images/tarot/rws-1909-major-15-devil.webp","https://pub-1967bc5812ee4164b19a806fb1427021.r2.dev/images/tarot/rws-1909-major-15-devil.webp","塔罗抽牌与牌义图：RWS-MAJOR-15","/perspectives/tarot/","INTERACTIVE_FLOW_DISPLAYED","/perspectives/tarot/","content/interpretation/tarot/registries/tarot-visual-evidence-locator-v1.json | content/public-ux/symbolic-method/registries/tarot-artwork-production-manifest-v2.json | content/public-ux/symbolic-method/registries/tarot-r2-asset-delivery-registry-v1.json"
"213","塔罗牌","images/tarot/rws-1909-major-16-tower.webp","https://pub-1967bc5812ee4164b19a806fb1427021.r2.dev/images/tarot/rws-1909-major-16-tower.webp","塔罗抽牌与牌义图：RWS-MAJOR-16","/perspectives/tarot/","INTERACTIVE_FLOW_DISPLAYED","/perspectives/tarot/","content/interpretation/tarot/registries/tarot-visual-evidence-locator-v1.json | content/public-ux/symbolic-method/registries/tarot-artwork-production-manifest-v2.json | content/public-ux/symbolic-method/registries/tarot-r2-asset-delivery-registry-v1.json"
"214","塔罗牌","images/tarot/rws-1909-major-17-star.webp","https://pub-1967bc5812ee4164b19a806fb1427021.r2.dev/images/tarot/rws-1909-major-17-star.webp","塔罗抽牌与牌义图：RWS-MAJOR-17","/perspectives/tarot/","INTERACTIVE_FLOW_DISPLAYED","/perspectives/tarot/","content/interpretation/tarot/registries/tarot-visual-evidence-locator-v1.json | content/public-ux/symbolic-method/registries/tarot-artwork-production-manifest-v2.json | content/public-ux/symbolic-method/registries/tarot-r2-asset-delivery-registry-v1.json"
"215","塔罗牌","images/tarot/rws-1909-major-18-moon.webp","https://pub-1967bc5812ee4164b19a806fb1427021.r2.dev/images/tarot/rws-1909-major-18-moon.webp","塔罗抽牌与牌义图：RWS-MAJOR-18","/perspectives/tarot/","INTERACTIVE_FLOW_DISPLAYED","/perspectives/tarot/","content/interpretation/tarot/registries/tarot-visual-evidence-locator-v1.json | content/public-ux/symbolic-method/registries/tarot-artwork-production-manifest-v2.json | content/public-ux/symbolic-method/registries/tarot-r2-asset-delivery-registry-v1.json"
"216","塔罗牌","images/tarot/rws-1909-major-19-sun.webp","https://pub-1967bc5812ee4164b19a806fb1427021.r2.dev/images/tarot/rws-1909-major-19-sun.webp","塔罗抽牌与牌义图：RWS-MAJOR-19","/perspectives/tarot/","INTERACTIVE_FLOW_DISPLAYED","/perspectives/tarot/","content/interpretation/tarot/registries/tarot-visual-evidence-locator-v1.json | content/public-ux/symbolic-method/registries/tarot-artwork-production-manifest-v2.json | content/public-ux/symbolic-method/registries/tarot-r2-asset-delivery-registry-v1.json"
"217","塔罗牌","images/tarot/rws-1909-major-20-judgement.webp","https://pub-1967bc5812ee4164b19a806fb1427021.r2.dev/images/tarot/rws-1909-major-20-judgement.webp","塔罗抽牌与牌义图：RWS-MAJOR-20","/perspectives/tarot/","INTERACTIVE_FLOW_DISPLAYED","/perspectives/tarot/","content/interpretation/tarot/registries/tarot-visual-evidence-locator-v1.json | content/public-ux/symbolic-method/registries/tarot-artwork-production-manifest-v2.json | content/public-ux/symbolic-method/registries/tarot-r2-asset-delivery-registry-v1.json"
"218","塔罗牌","images/tarot/rws-1909-major-21-world.webp","https://pub-1967bc5812ee4164b19a806fb1427021.r2.dev/images/tarot/rws-1909-major-21-world.webp","塔罗抽牌与牌义图：RWS-MAJOR-21","/perspectives/tarot/","INTERACTIVE_FLOW_DISPLAYED","/perspectives/tarot/","content/interpretation/tarot/registries/tarot-visual-evidence-locator-v1.json | content/public-ux/symbolic-method/registries/tarot-artwork-production-manifest-v2.json | content/public-ux/symbolic-method/registries/tarot-r2-asset-delivery-registry-v1.json"
"219","塔罗牌","images/tarot/rws-1909-pentacles-01-ace.webp","https://pub-1967bc5812ee4164b19a806fb1427021.r2.dev/images/tarot/rws-1909-pentacles-01-ace.webp","塔罗抽牌与牌义图：RWS-PENTACLES-ACE","/perspectives/tarot/","INTERACTIVE_FLOW_DISPLAYED","/perspectives/tarot/","content/interpretation/tarot/registries/tarot-visual-evidence-locator-v1.json | content/public-ux/symbolic-method/registries/tarot-artwork-production-manifest-v2.json | content/public-ux/symbolic-method/registries/tarot-r2-asset-delivery-registry-v1.json"
"220","塔罗牌","images/tarot/rws-1909-pentacles-02-two.webp","https://pub-1967bc5812ee4164b19a806fb1427021.r2.dev/images/tarot/rws-1909-pentacles-02-two.webp","塔罗抽牌与牌义图：RWS-PENTACLES-TWO","/perspectives/tarot/","INTERACTIVE_FLOW_DISPLAYED","/perspectives/tarot/","content/interpretation/tarot/registries/tarot-visual-evidence-locator-v1.json | content/public-ux/symbolic-method/registries/tarot-artwork-production-manifest-v2.json | content/public-ux/symbolic-method/registries/tarot-r2-asset-delivery-registry-v1.json"
"221","塔罗牌","images/tarot/rws-1909-pentacles-03-three.webp","https://pub-1967bc5812ee4164b19a806fb1427021.r2.dev/images/tarot/rws-1909-pentacles-03-three.webp","塔罗抽牌与牌义图：RWS-PENTACLES-THREE","/perspectives/tarot/","INTERACTIVE_FLOW_DISPLAYED","/perspectives/tarot/","content/interpretation/tarot/registries/tarot-visual-evidence-locator-v1.json | content/public-ux/symbolic-method/registries/tarot-artwork-production-manifest-v2.json | content/public-ux/symbolic-method/registries/tarot-r2-asset-delivery-registry-v1.json"
"222","塔罗牌","images/tarot/rws-1909-pentacles-04-four.webp","https://pub-1967bc5812ee4164b19a806fb1427021.r2.dev/images/tarot/rws-1909-pentacles-04-four.webp","塔罗抽牌与牌义图：RWS-PENTACLES-FOUR","/perspectives/tarot/","INTERACTIVE_FLOW_DISPLAYED","/perspectives/tarot/","content/interpretation/tarot/registries/tarot-visual-evidence-locator-v1.json | content/public-ux/symbolic-method/registries/tarot-artwork-production-manifest-v2.json | content/public-ux/symbolic-method/registries/tarot-r2-asset-delivery-registry-v1.json"
"223","塔罗牌","images/tarot/rws-1909-pentacles-05-five.webp","https://pub-1967bc5812ee4164b19a806fb1427021.r2.dev/images/tarot/rws-1909-pentacles-05-five.webp","塔罗抽牌与牌义图：RWS-PENTACLES-FIVE","/perspectives/tarot/","INTERACTIVE_FLOW_DISPLAYED","/perspectives/tarot/","content/interpretation/tarot/registries/tarot-visual-evidence-locator-v1.json | content/public-ux/symbolic-method/registries/tarot-artwork-production-manifest-v2.json | content/public-ux/symbolic-method/registries/tarot-r2-asset-delivery-registry-v1.json"
"224","塔罗牌","images/tarot/rws-1909-pentacles-06-six.webp","https://pub-1967bc5812ee4164b19a806fb1427021.r2.dev/images/tarot/rws-1909-pentacles-06-six.webp","塔罗抽牌与牌义图：RWS-PENTACLES-SIX","/perspectives/tarot/","INTERACTIVE_FLOW_DISPLAYED","/perspectives/tarot/","content/interpretation/tarot/registries/tarot-visual-evidence-locator-v1.json | content/public-ux/symbolic-method/registries/tarot-artwork-production-manifest-v2.json | content/public-ux/symbolic-method/registries/tarot-r2-asset-delivery-registry-v1.json"
"225","塔罗牌","images/tarot/rws-1909-pentacles-07-seven.webp","https://pub-1967bc5812ee4164b19a806fb1427021.r2.dev/images/tarot/rws-1909-pentacles-07-seven.webp","塔罗抽牌与牌义图：RWS-PENTACLES-SEVEN","/perspectives/tarot/","INTERACTIVE_FLOW_DISPLAYED","/perspectives/tarot/","content/interpretation/tarot/registries/tarot-visual-evidence-locator-v1.json | content/public-ux/symbolic-method/registries/tarot-artwork-production-manifest-v2.json | content/public-ux/symbolic-method/registries/tarot-r2-asset-delivery-registry-v1.json"
"226","塔罗牌","images/tarot/rws-1909-pentacles-08-eight.webp","https://pub-1967bc5812ee4164b19a806fb1427021.r2.dev/images/tarot/rws-1909-pentacles-08-eight.webp","塔罗抽牌与牌义图：RWS-PENTACLES-EIGHT","/perspectives/tarot/","INTERACTIVE_FLOW_DISPLAYED","/perspectives/tarot/","content/interpretation/tarot/registries/tarot-visual-evidence-locator-v1.json | content/public-ux/symbolic-method/registries/tarot-artwork-production-manifest-v2.json | content/public-ux/symbolic-method/registries/tarot-r2-asset-delivery-registry-v1.json"
"227","塔罗牌","images/tarot/rws-1909-pentacles-09-nine.webp","https://pub-1967bc5812ee4164b19a806fb1427021.r2.dev/images/tarot/rws-1909-pentacles-09-nine.webp","塔罗抽牌与牌义图：RWS-PENTACLES-NINE","/perspectives/tarot/","INTERACTIVE_FLOW_DISPLAYED","/perspectives/tarot/","content/interpretation/tarot/registries/tarot-visual-evidence-locator-v1.json | content/public-ux/symbolic-method/registries/tarot-artwork-production-manifest-v2.json | content/public-ux/symbolic-method/registries/tarot-r2-asset-delivery-registry-v1.json"
"228","塔罗牌","images/tarot/rws-1909-pentacles-10-ten.webp","https://pub-1967bc5812ee4164b19a806fb1427021.r2.dev/images/tarot/rws-1909-pentacles-10-ten.webp","塔罗抽牌与牌义图：RWS-PENTACLES-TEN","/perspectives/tarot/","INTERACTIVE_FLOW_DISPLAYED","/perspectives/tarot/","content/interpretation/tarot/registries/tarot-visual-evidence-locator-v1.json | content/public-ux/symbolic-method/registries/tarot-artwork-production-manifest-v2.json | content/public-ux/symbolic-method/registries/tarot-r2-asset-delivery-registry-v1.json"
"229","塔罗牌","images/tarot/rws-1909-pentacles-11-page.webp","https://pub-1967bc5812ee4164b19a806fb1427021.r2.dev/images/tarot/rws-1909-pentacles-11-page.webp","塔罗抽牌与牌义图：RWS-PENTACLES-PAGE","/perspectives/tarot/","INTERACTIVE_FLOW_DISPLAYED","/perspectives/tarot/","content/interpretation/tarot/registries/tarot-visual-evidence-locator-v1.json | content/public-ux/symbolic-method/registries/tarot-artwork-production-manifest-v2.json | content/public-ux/symbolic-method/registries/tarot-r2-asset-delivery-registry-v1.json"
"230","塔罗牌","images/tarot/rws-1909-pentacles-12-knight.webp","https://pub-1967bc5812ee4164b19a806fb1427021.r2.dev/images/tarot/rws-1909-pentacles-12-knight.webp","塔罗抽牌与牌义图：RWS-PENTACLES-KNIGHT","/perspectives/tarot/","INTERACTIVE_FLOW_DISPLAYED","/perspectives/tarot/","content/interpretation/tarot/registries/tarot-visual-evidence-locator-v1.json | content/public-ux/symbolic-method/registries/tarot-artwork-production-manifest-v2.json | content/public-ux/symbolic-method/registries/tarot-r2-asset-delivery-registry-v1.json"
"231","塔罗牌","images/tarot/rws-1909-pentacles-13-queen.webp","https://pub-1967bc5812ee4164b19a806fb1427021.r2.dev/images/tarot/rws-1909-pentacles-13-queen.webp","塔罗抽牌与牌义图：RWS-PENTACLES-QUEEN","/perspectives/tarot/","INTERACTIVE_FLOW_DISPLAYED","/perspectives/tarot/","content/interpretation/tarot/registries/tarot-visual-evidence-locator-v1.json | content/public-ux/symbolic-method/registries/tarot-artwork-production-manifest-v2.json | content/public-ux/symbolic-method/registries/tarot-r2-asset-delivery-registry-v1.json"
"232","塔罗牌","images/tarot/rws-1909-pentacles-14-king.webp","https://pub-1967bc5812ee4164b19a806fb1427021.r2.dev/images/tarot/rws-1909-pentacles-14-king.webp","塔罗抽牌与牌义图：RWS-PENTACLES-KING","/perspectives/tarot/","INTERACTIVE_FLOW_DISPLAYED","/perspectives/tarot/","content/interpretation/tarot/registries/tarot-visual-evidence-locator-v1.json | content/public-ux/symbolic-method/registries/tarot-artwork-production-manifest-v2.json | content/public-ux/symbolic-method/registries/tarot-r2-asset-delivery-registry-v1.json"
"233","塔罗牌","images/tarot/rws-1909-swords-01-ace.webp","https://pub-1967bc5812ee4164b19a806fb1427021.r2.dev/images/tarot/rws-1909-swords-01-ace.webp","塔罗抽牌与牌义图：RWS-SWORDS-ACE","/perspectives/tarot/","INTERACTIVE_FLOW_DISPLAYED","/perspectives/tarot/","content/interpretation/tarot/registries/tarot-visual-evidence-locator-v1.json | content/public-ux/symbolic-method/registries/tarot-artwork-production-manifest-v2.json | content/public-ux/symbolic-method/registries/tarot-r2-asset-delivery-registry-v1.json"
"234","塔罗牌","images/tarot/rws-1909-swords-02-two.webp","https://pub-1967bc5812ee4164b19a806fb1427021.r2.dev/images/tarot/rws-1909-swords-02-two.webp","塔罗抽牌与牌义图：RWS-SWORDS-TWO","/perspectives/tarot/","INTERACTIVE_FLOW_DISPLAYED","/perspectives/tarot/","content/interpretation/tarot/registries/tarot-visual-evidence-locator-v1.json | content/public-ux/symbolic-method/registries/tarot-artwork-production-manifest-v2.json | content/public-ux/symbolic-method/registries/tarot-r2-asset-delivery-registry-v1.json"
"235","塔罗牌","images/tarot/rws-1909-swords-03-three.webp","https://pub-1967bc5812ee4164b19a806fb1427021.r2.dev/images/tarot/rws-1909-swords-03-three.webp","塔罗抽牌与牌义图：RWS-SWORDS-THREE","/perspectives/tarot/","INTERACTIVE_FLOW_DISPLAYED","/perspectives/tarot/","content/interpretation/tarot/registries/tarot-visual-evidence-locator-v1.json | content/public-ux/symbolic-method/registries/tarot-artwork-production-manifest-v2.json | content/public-ux/symbolic-method/registries/tarot-r2-asset-delivery-registry-v1.json"
"236","塔罗牌","images/tarot/rws-1909-swords-04-four.webp","https://pub-1967bc5812ee4164b19a806fb1427021.r2.dev/images/tarot/rws-1909-swords-04-four.webp","塔罗抽牌与牌义图：RWS-SWORDS-FOUR","/perspectives/tarot/","INTERACTIVE_FLOW_DISPLAYED","/perspectives/tarot/","content/interpretation/tarot/registries/tarot-visual-evidence-locator-v1.json | content/public-ux/symbolic-method/registries/tarot-artwork-production-manifest-v2.json | content/public-ux/symbolic-method/registries/tarot-r2-asset-delivery-registry-v1.json"
"237","塔罗牌","images/tarot/rws-1909-swords-05-five.webp","https://pub-1967bc5812ee4164b19a806fb1427021.r2.dev/images/tarot/rws-1909-swords-05-five.webp","塔罗抽牌与牌义图：RWS-SWORDS-FIVE","/perspectives/tarot/","INTERACTIVE_FLOW_DISPLAYED","/perspectives/tarot/","content/interpretation/tarot/registries/tarot-visual-evidence-locator-v1.json | content/public-ux/symbolic-method/registries/tarot-artwork-production-manifest-v2.json | content/public-ux/symbolic-method/registries/tarot-r2-asset-delivery-registry-v1.json"
"238","塔罗牌","images/tarot/rws-1909-swords-06-six.webp","https://pub-1967bc5812ee4164b19a806fb1427021.r2.dev/images/tarot/rws-1909-swords-06-six.webp","塔罗抽牌与牌义图：RWS-SWORDS-SIX","/perspectives/tarot/","INTERACTIVE_FLOW_DISPLAYED","/perspectives/tarot/","content/interpretation/tarot/registries/tarot-visual-evidence-locator-v1.json | content/public-ux/symbolic-method/registries/tarot-artwork-production-manifest-v2.json | content/public-ux/symbolic-method/registries/tarot-r2-asset-delivery-registry-v1.json"
"239","塔罗牌","images/tarot/rws-1909-swords-07-seven.webp","https://pub-1967bc5812ee4164b19a806fb1427021.r2.dev/images/tarot/rws-1909-swords-07-seven.webp","塔罗抽牌与牌义图：RWS-SWORDS-SEVEN","/perspectives/tarot/","INTERACTIVE_FLOW_DISPLAYED","/perspectives/tarot/","content/interpretation/tarot/registries/tarot-visual-evidence-locator-v1.json | content/public-ux/symbolic-method/registries/tarot-artwork-production-manifest-v2.json | content/public-ux/symbolic-method/registries/tarot-r2-asset-delivery-registry-v1.json"
"240","塔罗牌","images/tarot/rws-1909-swords-08-eight.webp","https://pub-1967bc5812ee4164b19a806fb1427021.r2.dev/images/tarot/rws-1909-swords-08-eight.webp","塔罗抽牌与牌义图：RWS-SWORDS-EIGHT","/perspectives/tarot/","INTERACTIVE_FLOW_DISPLAYED","/perspectives/tarot/","content/interpretation/tarot/registries/tarot-visual-evidence-locator-v1.json | content/public-ux/symbolic-method/registries/tarot-artwork-production-manifest-v2.json | content/public-ux/symbolic-method/registries/tarot-r2-asset-delivery-registry-v1.json"
"241","塔罗牌","images/tarot/rws-1909-swords-09-nine.webp","https://pub-1967bc5812ee4164b19a806fb1427021.r2.dev/images/tarot/rws-1909-swords-09-nine.webp","塔罗抽牌与牌义图：RWS-SWORDS-NINE","/perspectives/tarot/","INTERACTIVE_FLOW_DISPLAYED","/perspectives/tarot/","content/interpretation/tarot/registries/tarot-visual-evidence-locator-v1.json | content/public-ux/symbolic-method/registries/tarot-artwork-production-manifest-v2.json | content/public-ux/symbolic-method/registries/tarot-r2-asset-delivery-registry-v1.json"
"242","塔罗牌","images/tarot/rws-1909-swords-10-ten.webp","https://pub-1967bc5812ee4164b19a806fb1427021.r2.dev/images/tarot/rws-1909-swords-10-ten.webp","塔罗抽牌与牌义图：RWS-SWORDS-TEN","/perspectives/tarot/","INTERACTIVE_FLOW_DISPLAYED","/perspectives/tarot/","content/interpretation/tarot/registries/tarot-visual-evidence-locator-v1.json | content/public-ux/symbolic-method/registries/tarot-artwork-production-manifest-v2.json | content/public-ux/symbolic-method/registries/tarot-r2-asset-delivery-registry-v1.json"
"243","塔罗牌","images/tarot/rws-1909-swords-11-page.webp","https://pub-1967bc5812ee4164b19a806fb1427021.r2.dev/images/tarot/rws-1909-swords-11-page.webp","塔罗抽牌与牌义图：RWS-SWORDS-PAGE","/perspectives/tarot/","INTERACTIVE_FLOW_DISPLAYED","/perspectives/tarot/","content/interpretation/tarot/registries/tarot-visual-evidence-locator-v1.json | content/public-ux/symbolic-method/registries/tarot-artwork-production-manifest-v2.json | content/public-ux/symbolic-method/registries/tarot-r2-asset-delivery-registry-v1.json"
"244","塔罗牌","images/tarot/rws-1909-swords-12-knight.webp","https://pub-1967bc5812ee4164b19a806fb1427021.r2.dev/images/tarot/rws-1909-swords-12-knight.webp","塔罗抽牌与牌义图：RWS-SWORDS-KNIGHT","/perspectives/tarot/","INTERACTIVE_FLOW_DISPLAYED","/perspectives/tarot/","content/interpretation/tarot/registries/tarot-visual-evidence-locator-v1.json | content/public-ux/symbolic-method/registries/tarot-artwork-production-manifest-v2.json | content/public-ux/symbolic-method/registries/tarot-r2-asset-delivery-registry-v1.json"
"245","塔罗牌","images/tarot/rws-1909-swords-13-queen.webp","https://pub-1967bc5812ee4164b19a806fb1427021.r2.dev/images/tarot/rws-1909-swords-13-queen.webp","塔罗抽牌与牌义图：RWS-SWORDS-QUEEN","/perspectives/tarot/","INTERACTIVE_FLOW_DISPLAYED","/perspectives/tarot/","content/interpretation/tarot/registries/tarot-visual-evidence-locator-v1.json | content/public-ux/symbolic-method/registries/tarot-artwork-production-manifest-v2.json | content/public-ux/symbolic-method/registries/tarot-r2-asset-delivery-registry-v1.json"
"246","塔罗牌","images/tarot/rws-1909-swords-14-king.webp","https://pub-1967bc5812ee4164b19a806fb1427021.r2.dev/images/tarot/rws-1909-swords-14-king.webp","塔罗抽牌与牌义图：RWS-SWORDS-KING","/perspectives/tarot/","INTERACTIVE_FLOW_DISPLAYED","/perspectives/tarot/","content/interpretation/tarot/registries/tarot-visual-evidence-locator-v1.json | content/public-ux/symbolic-method/registries/tarot-artwork-production-manifest-v2.json | content/public-ux/symbolic-method/registries/tarot-r2-asset-delivery-registry-v1.json"
"247","塔罗牌","images/tarot/rws-1909-wands-01-ace.webp","https://pub-1967bc5812ee4164b19a806fb1427021.r2.dev/images/tarot/rws-1909-wands-01-ace.webp","塔罗抽牌与牌义图：RWS-WANDS-ACE","/perspectives/tarot/","INTERACTIVE_FLOW_DISPLAYED","/perspectives/tarot/","content/interpretation/tarot/registries/tarot-visual-evidence-locator-v1.json | content/public-ux/symbolic-method/registries/tarot-artwork-production-manifest-v2.json | content/public-ux/symbolic-method/registries/tarot-r2-asset-delivery-registry-v1.json"
"248","塔罗牌","images/tarot/rws-1909-wands-02-two.webp","https://pub-1967bc5812ee4164b19a806fb1427021.r2.dev/images/tarot/rws-1909-wands-02-two.webp","塔罗抽牌与牌义图：RWS-WANDS-TWO","/perspectives/tarot/","INTERACTIVE_FLOW_DISPLAYED","/perspectives/tarot/","content/interpretation/tarot/registries/tarot-visual-evidence-locator-v1.json | content/public-ux/symbolic-method/registries/tarot-artwork-production-manifest-v2.json | content/public-ux/symbolic-method/registries/tarot-r2-asset-delivery-registry-v1.json"
"249","塔罗牌","images/tarot/rws-1909-wands-03-three.webp","https://pub-1967bc5812ee4164b19a806fb1427021.r2.dev/images/tarot/rws-1909-wands-03-three.webp","塔罗抽牌与牌义图：RWS-WANDS-THREE","/perspectives/tarot/","INTERACTIVE_FLOW_DISPLAYED","/perspectives/tarot/","content/interpretation/tarot/registries/tarot-visual-evidence-locator-v1.json | content/public-ux/symbolic-method/registries/tarot-artwork-production-manifest-v2.json | content/public-ux/symbolic-method/registries/tarot-r2-asset-delivery-registry-v1.json"
"250","塔罗牌","images/tarot/rws-1909-wands-04-four.webp","https://pub-1967bc5812ee4164b19a806fb1427021.r2.dev/images/tarot/rws-1909-wands-04-four.webp","塔罗抽牌与牌义图：RWS-WANDS-FOUR","/perspectives/tarot/","INTERACTIVE_FLOW_DISPLAYED","/perspectives/tarot/","content/interpretation/tarot/registries/tarot-visual-evidence-locator-v1.json | content/public-ux/symbolic-method/registries/tarot-artwork-production-manifest-v2.json | content/public-ux/symbolic-method/registries/tarot-r2-asset-delivery-registry-v1.json"
"251","塔罗牌","images/tarot/rws-1909-wands-05-five.webp","https://pub-1967bc5812ee4164b19a806fb1427021.r2.dev/images/tarot/rws-1909-wands-05-five.webp","塔罗抽牌与牌义图：RWS-WANDS-FIVE","/perspectives/tarot/","INTERACTIVE_FLOW_DISPLAYED","/perspectives/tarot/","content/interpretation/tarot/registries/tarot-visual-evidence-locator-v1.json | content/public-ux/symbolic-method/registries/tarot-artwork-production-manifest-v2.json | content/public-ux/symbolic-method/registries/tarot-r2-asset-delivery-registry-v1.json"
"252","塔罗牌","images/tarot/rws-1909-wands-06-six.webp","https://pub-1967bc5812ee4164b19a806fb1427021.r2.dev/images/tarot/rws-1909-wands-06-six.webp","塔罗抽牌与牌义图：RWS-WANDS-SIX","/perspectives/tarot/","INTERACTIVE_FLOW_DISPLAYED","/perspectives/tarot/","content/interpretation/tarot/registries/tarot-visual-evidence-locator-v1.json | content/public-ux/symbolic-method/registries/tarot-artwork-production-manifest-v2.json | content/public-ux/symbolic-method/registries/tarot-r2-asset-delivery-registry-v1.json"
"253","塔罗牌","images/tarot/rws-1909-wands-07-seven.webp","https://pub-1967bc5812ee4164b19a806fb1427021.r2.dev/images/tarot/rws-1909-wands-07-seven.webp","塔罗抽牌与牌义图：RWS-WANDS-SEVEN","/perspectives/tarot/","INTERACTIVE_FLOW_DISPLAYED","/perspectives/tarot/","content/interpretation/tarot/registries/tarot-visual-evidence-locator-v1.json | content/public-ux/symbolic-method/registries/tarot-artwork-production-manifest-v2.json | content/public-ux/symbolic-method/registries/tarot-r2-asset-delivery-registry-v1.json"
"254","塔罗牌","images/tarot/rws-1909-wands-08-eight.webp","https://pub-1967bc5812ee4164b19a806fb1427021.r2.dev/images/tarot/rws-1909-wands-08-eight.webp","塔罗抽牌与牌义图：RWS-WANDS-EIGHT","/perspectives/tarot/","INTERACTIVE_FLOW_DISPLAYED","/perspectives/tarot/","content/interpretation/tarot/registries/tarot-visual-evidence-locator-v1.json | content/public-ux/symbolic-method/registries/tarot-artwork-production-manifest-v2.json | content/public-ux/symbolic-method/registries/tarot-r2-asset-delivery-registry-v1.json"
"255","塔罗牌","images/tarot/rws-1909-wands-09-nine.webp","https://pub-1967bc5812ee4164b19a806fb1427021.r2.dev/images/tarot/rws-1909-wands-09-nine.webp","塔罗抽牌与牌义图：RWS-WANDS-NINE","/perspectives/tarot/","INTERACTIVE_FLOW_DISPLAYED","/perspectives/tarot/","content/interpretation/tarot/registries/tarot-visual-evidence-locator-v1.json | content/public-ux/symbolic-method/registries/tarot-artwork-production-manifest-v2.json | content/public-ux/symbolic-method/registries/tarot-r2-asset-delivery-registry-v1.json"
"256","塔罗牌","images/tarot/rws-1909-wands-10-ten.webp","https://pub-1967bc5812ee4164b19a806fb1427021.r2.dev/images/tarot/rws-1909-wands-10-ten.webp","塔罗抽牌与牌义图：RWS-WANDS-TEN","/perspectives/tarot/","INTERACTIVE_FLOW_DISPLAYED","/perspectives/tarot/","content/interpretation/tarot/registries/tarot-visual-evidence-locator-v1.json | content/public-ux/symbolic-method/registries/tarot-artwork-production-manifest-v2.json | content/public-ux/symbolic-method/registries/tarot-r2-asset-delivery-registry-v1.json"
"257","塔罗牌","images/tarot/rws-1909-wands-11-page.webp","https://pub-1967bc5812ee4164b19a806fb1427021.r2.dev/images/tarot/rws-1909-wands-11-page.webp","塔罗抽牌与牌义图：RWS-WANDS-PAGE","/perspectives/tarot/","INTERACTIVE_FLOW_DISPLAYED","/perspectives/tarot/","content/interpretation/tarot/registries/tarot-visual-evidence-locator-v1.json | content/public-ux/symbolic-method/registries/tarot-artwork-production-manifest-v2.json | content/public-ux/symbolic-method/registries/tarot-r2-asset-delivery-registry-v1.json"
"258","塔罗牌","images/tarot/rws-1909-wands-12-knight.webp","https://pub-1967bc5812ee4164b19a806fb1427021.r2.dev/images/tarot/rws-1909-wands-12-knight.webp","塔罗抽牌与牌义图：RWS-WANDS-KNIGHT","/perspectives/tarot/","INTERACTIVE_FLOW_DISPLAYED","/perspectives/tarot/","content/interpretation/tarot/registries/tarot-visual-evidence-locator-v1.json | content/public-ux/symbolic-method/registries/tarot-artwork-production-manifest-v2.json | content/public-ux/symbolic-method/registries/tarot-r2-asset-delivery-registry-v1.json"
"259","塔罗牌","images/tarot/rws-1909-wands-13-queen.webp","https://pub-1967bc5812ee4164b19a806fb1427021.r2.dev/images/tarot/rws-1909-wands-13-queen.webp","塔罗抽牌与牌义图：RWS-WANDS-QUEEN","/perspectives/tarot/","INTERACTIVE_FLOW_DISPLAYED","/perspectives/tarot/","content/interpretation/tarot/registries/tarot-visual-evidence-locator-v1.json | content/public-ux/symbolic-method/registries/tarot-artwork-production-manifest-v2.json | content/public-ux/symbolic-method/registries/tarot-r2-asset-delivery-registry-v1.json"
"260","塔罗牌","images/tarot/rws-1909-wands-14-king.webp","https://pub-1967bc5812ee4164b19a806fb1427021.r2.dev/images/tarot/rws-1909-wands-14-king.webp","塔罗抽牌与牌义图：RWS-WANDS-KING","/perspectives/tarot/","INTERACTIVE_FLOW_DISPLAYED","/perspectives/tarot/","content/interpretation/tarot/registries/tarot-visual-evidence-locator-v1.json | content/public-ux/symbolic-method/registries/tarot-artwork-production-manifest-v2.json | content/public-ux/symbolic-method/registries/tarot-r2-asset-delivery-registry-v1.json"
