assetId,family,key,size,acceptanceEvidence,acceptanceExactScopeVerified,contentRegistry,consumerContentRegistry,contentObjectResolution,contentPointer,contentObjectIdPresent,consumer,page,classification,defaultPresentation,before,after,verifiedCombinations,mobileScope,bilingualScope,printScope
"VIS-CIV-CA-T06-02-SECONDARY","CASE_SECONDARY","images/civilization-atlas/cases/VIS-CIV-CA-T06-02-SECONDARY.webp","476394","docs/assets/r2-public/r2-owner-human-acceptance-v1.json","true","content/civilization-atlas/cases/civilization-case-registry-v1.json","content/civilization-atlas/cases/civilization-case-registry-v1.json","CURRENT_REGISTRY_ID_LOOKUP","cases[CA-T06-02]","true","Book V existing contextual visual deep link","/books/reality-differentiation/?visual=VIS-CIV-CA-T06-02-SECONDARY&lang=en","已经动态使用但被扫描误分类","EXISTING_COMPONENT_OR_CONTEXTUAL_DEEP_LINK","Static inventory did not resolve the dynamic family/subject owner.","Preserved admitted resolver and contextual route; requested artwork uses contain/intrinsic ratio instead of 16:9 cover cropping.","4","390 px; existing page, exact selected image decoded and displayed","English/zh-Hans interface; same accepted artwork, not a new translated image","Existing consumer expanded where applicable; print-media image remains visible. Full-book pagination is not certified by these image checks."
"VIS-CIV-CA-T06-03-SECONDARY","CASE_SECONDARY","images/civilization-atlas/cases/VIS-CIV-CA-T06-03-SECONDARY.webp","563846","docs/assets/r2-public/r2-owner-human-acceptance-v1.json","true","content/civilization-atlas/cases/civilization-case-registry-v1.json","content/civilization-atlas/cases/civilization-case-registry-v1.json","CURRENT_REGISTRY_ID_LOOKUP","cases[CA-T06-03]","true","Book V existing contextual visual deep link","/books/reality-differentiation/?visual=VIS-CIV-CA-T06-03-SECONDARY&lang=en","已经动态使用但被扫描误分类","EXISTING_COMPONENT_OR_CONTEXTUAL_DEEP_LINK","Static inventory did not resolve the dynamic family/subject owner.","Preserved admitted resolver and contextual route; requested artwork uses contain/intrinsic ratio instead of 16:9 cover cropping.","4","390 px; existing page, exact selected image decoded and displayed","English/zh-Hans interface; same accepted artwork, not a new translated image","Existing consumer expanded where applicable; print-media image remains visible. Full-book pagination is not certified by these image checks."
"VIS-CIV-CA-T06-06-SECONDARY","CASE_SECONDARY","images/civilization-atlas/cases/VIS-CIV-CA-T06-06-SECONDARY.webp","517416","docs/assets/r2-public/r2-owner-human-acceptance-v1.json","true","content/civilization-atlas/cases/civilization-case-registry-v1.json","content/civilization-atlas/cases/civilization-case-registry-v1.json","CURRENT_REGISTRY_ID_LOOKUP","cases[CA-T06-06]","true","Book V existing contextual visual deep link","/books/reality-differentiation/?visual=VIS-CIV-CA-T06-06-SECONDARY&lang=en","已经动态使用但被扫描误分类","EXISTING_COMPONENT_OR_CONTEXTUAL_DEEP_LINK","Static inventory did not resolve the dynamic family/subject owner.","Preserved admitted resolver and contextual route; requested artwork uses contain/intrinsic ratio instead of 16:9 cover cropping.","4","390 px; existing page, exact selected image decoded and displayed","English/zh-Hans interface; same accepted artwork, not a new translated image","Existing consumer expanded where applicable; print-media image remains visible. Full-book pagination is not certified by these image checks."
"VIS-CIV-CA-T07-01-HERO","CASE_HERO","images/civilization-atlas/cases/VIS-CIV-CA-T07-01-HERO.webp","741696","content/civilization-atlas/visuals/civilization-visual-owner-acceptance-2026-09-19.json","true","content/civilization-atlas/cases/civilization-case-registry-v1.json","content/civilization-atlas/cases/civilization-case-registry-v1.json","CURRENT_REGISTRY_ID_LOOKUP","cases[CA-T07-01]","true","Book V existing contextual visual deep link","/books/reality-differentiation/?visual=VIS-CIV-CA-T07-01-HERO&lang=en","已经动态使用但被扫描误分类","EXISTING_COMPONENT_OR_CONTEXTUAL_DEEP_LINK","Static inventory did not resolve the dynamic family/subject owner.","Preserved admitted resolver and contextual route; requested artwork uses contain/intrinsic ratio instead of 16:9 cover cropping.","4","390 px; existing page, exact selected image decoded and displayed","English/zh-Hans interface; same accepted artwork, not a new translated image","Existing consumer expanded where applicable; print-media image remains visible. Full-book pagination is not certified by these image checks."
"VIS-CIV-CA-T07-01-SECONDARY","CASE_SECONDARY","images/civilization-atlas/cases/VIS-CIV-CA-T07-01-SECONDARY.webp","611678","docs/assets/r2-public/r2-owner-human-acceptance-v1.json","true","content/civilization-atlas/cases/civilization-case-registry-v1.json","content/civilization-atlas/cases/civilization-case-registry-v1.json","CURRENT_REGISTRY_ID_LOOKUP","cases[CA-T07-01]","true","Book V existing contextual visual deep link","/books/reality-differentiation/?visual=VIS-CIV-CA-T07-01-SECONDARY&lang=en","已经动态使用但被扫描误分类","EXISTING_COMPONENT_OR_CONTEXTUAL_DEEP_LINK","Static inventory did not resolve the dynamic family/subject owner.","Preserved admitted resolver and contextual route; requested artwork uses contain/intrinsic ratio instead of 16:9 cover cropping.","4","390 px; existing page, exact selected image decoded and displayed","English/zh-Hans interface; same accepted artwork, not a new translated image","Existing consumer expanded where applicable; print-media image remains visible. Full-book pagination is not certified by these image checks."
"VIS-CIV-CA-T07-02-HERO","CASE_HERO","images/civilization-atlas/cases/VIS-CIV-CA-T07-02-HERO.webp","654800","content/civilization-atlas/visuals/civilization-visual-owner-acceptance-2026-09-19.json","true","content/civilization-atlas/cases/civilization-case-registry-v1.json","content/civilization-atlas/cases/civilization-case-registry-v1.json","CURRENT_REGISTRY_ID_LOOKUP","cases[CA-T07-02]","true","Book V existing contextual visual deep link","/books/reality-differentiation/?visual=VIS-CIV-CA-T07-02-HERO&lang=en","已经动态使用但被扫描误分类","EXISTING_COMPONENT_OR_CONTEXTUAL_DEEP_LINK","Static inventory did not resolve the dynamic family/subject owner.","Preserved admitted resolver and contextual route; requested artwork uses contain/intrinsic ratio instead of 16:9 cover cropping.","4","390 px; existing page, exact selected image decoded and displayed","English/zh-Hans interface; same accepted artwork, not a new translated image","Existing consumer expanded where applicable; print-media image remains visible. Full-book pagination is not certified by these image checks."
"VIS-CIV-CA-T07-02-SECONDARY","CASE_SECONDARY","images/civilization-atlas/cases/VIS-CIV-CA-T07-02-SECONDARY.webp","580556","docs/assets/r2-public/r2-owner-human-acceptance-v1.json","true","content/civilization-atlas/cases/civilization-case-registry-v1.json","content/civilization-atlas/cases/civilization-case-registry-v1.json","CURRENT_REGISTRY_ID_LOOKUP","cases[CA-T07-02]","true","Book V existing contextual visual deep link","/books/reality-differentiation/?visual=VIS-CIV-CA-T07-02-SECONDARY&lang=en","已经动态使用但被扫描误分类","EXISTING_COMPONENT_OR_CONTEXTUAL_DEEP_LINK","Static inventory did not resolve the dynamic family/subject owner.","Preserved admitted resolver and contextual route; requested artwork uses contain/intrinsic ratio instead of 16:9 cover cropping.","4","390 px; existing page, exact selected image decoded and displayed","English/zh-Hans interface; same accepted artwork, not a new translated image","Existing consumer expanded where applicable; print-media image remains visible. Full-book pagination is not certified by these image checks."
"VIS-CIV-CA-T07-03-SECONDARY","CASE_SECONDARY","images/civilization-atlas/cases/VIS-CIV-CA-T07-03-SECONDARY.webp","558322","docs/assets/r2-public/r2-owner-human-acceptance-v1.json","true","content/civilization-atlas/cases/civilization-case-registry-v1.json","content/civilization-atlas/cases/civilization-case-registry-v1.json","CURRENT_REGISTRY_ID_LOOKUP","cases[CA-T07-03]","true","Book V existing contextual visual deep link","/books/reality-differentiation/?visual=VIS-CIV-CA-T07-03-SECONDARY&lang=en","已经动态使用但被扫描误分类","EXISTING_COMPONENT_OR_CONTEXTUAL_DEEP_LINK","Static inventory did not resolve the dynamic family/subject owner.","Preserved admitted resolver and contextual route; requested artwork uses contain/intrinsic ratio instead of 16:9 cover cropping.","4","390 px; existing page, exact selected image decoded and displayed","English/zh-Hans interface; same accepted artwork, not a new translated image","Existing consumer expanded where applicable; print-media image remains visible. Full-book pagination is not certified by these image checks."
"VIS-CIV-CA-T07-05-SECONDARY","CASE_SECONDARY","images/civilization-atlas/cases/VIS-CIV-CA-T07-05-SECONDARY.webp","477606","docs/assets/r2-public/r2-owner-human-acceptance-v1.json","true","content/civilization-atlas/cases/civilization-case-registry-v1.json","content/civilization-atlas/cases/civilization-case-registry-v1.json","CURRENT_REGISTRY_ID_LOOKUP","cases[CA-T07-05]","true","Book V existing contextual visual deep link","/books/reality-differentiation/?visual=VIS-CIV-CA-T07-05-SECONDARY&lang=en","已经动态使用但被扫描误分类","EXISTING_COMPONENT_OR_CONTEXTUAL_DEEP_LINK","Static inventory did not resolve the dynamic family/subject owner.","Preserved admitted resolver and contextual route; requested artwork uses contain/intrinsic ratio instead of 16:9 cover cropping.","4","390 px; existing page, exact selected image decoded and displayed","English/zh-Hans interface; same accepted artwork, not a new translated image","Existing consumer expanded where applicable; print-media image remains visible. Full-book pagination is not certified by these image checks."
"VIS-CIV-CA-T07-06-SECONDARY","CASE_SECONDARY","images/civilization-atlas/cases/VIS-CIV-CA-T07-06-SECONDARY.webp","533378","docs/assets/r2-public/r2-owner-human-acceptance-v1.json","true","content/civilization-atlas/cases/civilization-case-registry-v1.json","content/civilization-atlas/cases/civilization-case-registry-v1.json","CURRENT_REGISTRY_ID_LOOKUP","cases[CA-T07-06]","true","Book V existing contextual visual deep link","/books/reality-differentiation/?visual=VIS-CIV-CA-T07-06-SECONDARY&lang=en","已经动态使用但被扫描误分类","EXISTING_COMPONENT_OR_CONTEXTUAL_DEEP_LINK","Static inventory did not resolve the dynamic family/subject owner.","Preserved admitted resolver and contextual route; requested artwork uses contain/intrinsic ratio instead of 16:9 cover cropping.","4","390 px; existing page, exact selected image decoded and displayed","English/zh-Hans interface; same accepted artwork, not a new translated image","Existing consumer expanded where applicable; print-media image remains visible. Full-book pagination is not certified by these image checks."
"VIS-CIV-CA-T08-01-SECONDARY","CASE_SECONDARY","images/civilization-atlas/cases/VIS-CIV-CA-T08-01-SECONDARY.webp","543790","docs/assets/r2-public/r2-owner-human-acceptance-v1.json","true","content/civilization-atlas/cases/civilization-case-registry-v1.json","content/civilization-atlas/cases/civilization-case-registry-v1.json","CURRENT_REGISTRY_ID_LOOKUP","cases[CA-T08-01]","true","Book V existing contextual visual deep link","/books/reality-differentiation/?visual=VIS-CIV-CA-T08-01-SECONDARY&lang=en","已经动态使用但被扫描误分类","EXISTING_COMPONENT_OR_CONTEXTUAL_DEEP_LINK","Static inventory did not resolve the dynamic family/subject owner.","Preserved admitted resolver and contextual route; requested artwork uses contain/intrinsic ratio instead of 16:9 cover cropping.","4","390 px; existing page, exact selected image decoded and displayed","English/zh-Hans interface; same accepted artwork, not a new translated image","Existing consumer expanded where applicable; print-media image remains visible. Full-book pagination is not certified by these image checks."
"VIS-CIV-CA-T08-03-SECONDARY","CASE_SECONDARY","images/civilization-atlas/cases/VIS-CIV-CA-T08-03-SECONDARY.webp","370564","docs/assets/r2-public/r2-owner-human-acceptance-v1.json","true","content/civilization-atlas/cases/civilization-case-registry-v1.json","content/civilization-atlas/cases/civilization-case-registry-v1.json","CURRENT_REGISTRY_ID_LOOKUP","cases[CA-T08-03]","true","Book V existing contextual visual deep link","/books/reality-differentiation/?visual=VIS-CIV-CA-T08-03-SECONDARY&lang=en","已经动态使用但被扫描误分类","EXISTING_COMPONENT_OR_CONTEXTUAL_DEEP_LINK","Static inventory did not resolve the dynamic family/subject owner.","Preserved admitted resolver and contextual route; requested artwork uses contain/intrinsic ratio instead of 16:9 cover cropping.","4","390 px; existing page, exact selected image decoded and displayed","English/zh-Hans interface; same accepted artwork, not a new translated image","Existing consumer expanded where applicable; print-media image remains visible. Full-book pagination is not certified by these image checks."
"VIS-CIV-CA-T08-05-SECONDARY","CASE_SECONDARY","images/civilization-atlas/cases/VIS-CIV-CA-T08-05-SECONDARY.webp","596968","docs/assets/r2-public/r2-owner-human-acceptance-v1.json","true","content/civilization-atlas/cases/civilization-case-registry-v1.json","content/civilization-atlas/cases/civilization-case-registry-v1.json","CURRENT_REGISTRY_ID_LOOKUP","cases[CA-T08-05]","true","Book V existing contextual visual deep link","/books/reality-differentiation/?visual=VIS-CIV-CA-T08-05-SECONDARY&lang=en","已经动态使用但被扫描误分类","EXISTING_COMPONENT_OR_CONTEXTUAL_DEEP_LINK","Static inventory did not resolve the dynamic family/subject owner.","Preserved admitted resolver and contextual route; requested artwork uses contain/intrinsic ratio instead of 16:9 cover cropping.","4","390 px; existing page, exact selected image decoded and displayed","English/zh-Hans interface; same accepted artwork, not a new translated image","Existing consumer expanded where applicable; print-media image remains visible. Full-book pagination is not certified by these image checks."
"VIS-CIV-CA-T08-06-SECONDARY","CASE_SECONDARY","images/civilization-atlas/cases/VIS-CIV-CA-T08-06-SECONDARY.webp","475868","docs/assets/r2-public/r2-owner-human-acceptance-v1.json","true","content/civilization-atlas/cases/civilization-case-registry-v1.json","content/civilization-atlas/cases/civilization-case-registry-v1.json","CURRENT_REGISTRY_ID_LOOKUP","cases[CA-T08-06]","true","Book V existing contextual visual deep link","/books/reality-differentiation/?visual=VIS-CIV-CA-T08-06-SECONDARY&lang=en","已经动态使用但被扫描误分类","EXISTING_COMPONENT_OR_CONTEXTUAL_DEEP_LINK","Static inventory did not resolve the dynamic family/subject owner.","Preserved admitted resolver and contextual route; requested artwork uses contain/intrinsic ratio instead of 16:9 cover cropping.","4","390 px; existing page, exact selected image decoded and displayed","English/zh-Hans interface; same accepted artwork, not a new translated image","Existing consumer expanded where applicable; print-media image remains visible. Full-book pagination is not certified by these image checks."
"VIS-CIV-CA-T09-01-SECONDARY","CASE_SECONDARY","images/civilization-atlas/cases/VIS-CIV-CA-T09-01-SECONDARY.webp","641794","docs/assets/r2-public/r2-owner-human-acceptance-v1.json","true","content/civilization-atlas/cases/civilization-case-registry-v1.json","content/civilization-atlas/cases/civilization-case-registry-v1.json","CURRENT_REGISTRY_ID_LOOKUP","cases[CA-T09-01]","true","Book V existing contextual visual deep link","/books/reality-differentiation/?visual=VIS-CIV-CA-T09-01-SECONDARY&lang=en","已经动态使用但被扫描误分类","EXISTING_COMPONENT_OR_CONTEXTUAL_DEEP_LINK","Static inventory did not resolve the dynamic family/subject owner.","Preserved admitted resolver and contextual route; requested artwork uses contain/intrinsic ratio instead of 16:9 cover cropping.","4","390 px; existing page, exact selected image decoded and displayed","English/zh-Hans interface; same accepted artwork, not a new translated image","Existing consumer expanded where applicable; print-media image remains visible. Full-book pagination is not certified by these image checks."
"VIS-CIV-CA-T09-02-SECONDARY","CASE_SECONDARY","images/civilization-atlas/cases/VIS-CIV-CA-T09-02-SECONDARY.webp","586962","docs/assets/r2-public/r2-owner-human-acceptance-v1.json","true","content/civilization-atlas/cases/civilization-case-registry-v1.json","content/civilization-atlas/cases/civilization-case-registry-v1.json","CURRENT_REGISTRY_ID_LOOKUP","cases[CA-T09-02]","true","Book V existing contextual visual deep link","/books/reality-differentiation/?visual=VIS-CIV-CA-T09-02-SECONDARY&lang=en","已经动态使用但被扫描误分类","EXISTING_COMPONENT_OR_CONTEXTUAL_DEEP_LINK","Static inventory did not resolve the dynamic family/subject owner.","Preserved admitted resolver and contextual route; requested artwork uses contain/intrinsic ratio instead of 16:9 cover cropping.","4","390 px; existing page, exact selected image decoded and displayed","English/zh-Hans interface; same accepted artwork, not a new translated image","Existing consumer expanded where applicable; print-media image remains visible. Full-book pagination is not certified by these image checks."
"VIS-CIV-CA-T09-05-SECONDARY","CASE_SECONDARY","images/civilization-atlas/cases/VIS-CIV-CA-T09-05-SECONDARY.webp","579270","docs/assets/r2-public/r2-owner-human-acceptance-v1.json","true","content/civilization-atlas/cases/civilization-case-registry-v1.json","content/civilization-atlas/cases/civilization-case-registry-v1.json","CURRENT_REGISTRY_ID_LOOKUP","cases[CA-T09-05]","true","Book V existing contextual visual deep link","/books/reality-differentiation/?visual=VIS-CIV-CA-T09-05-SECONDARY&lang=en","已经动态使用但被扫描误分类","EXISTING_COMPONENT_OR_CONTEXTUAL_DEEP_LINK","Static inventory did not resolve the dynamic family/subject owner.","Preserved admitted resolver and contextual route; requested artwork uses contain/intrinsic ratio instead of 16:9 cover cropping.","4","390 px; existing page, exact selected image decoded and displayed","English/zh-Hans interface; same accepted artwork, not a new translated image","Existing consumer expanded where applicable; print-media image remains visible. Full-book pagination is not certified by these image checks."
"VIS-CIV-CA-T10-01-SECONDARY","CASE_SECONDARY","images/civilization-atlas/cases/VIS-CIV-CA-T10-01-SECONDARY.webp","588686","docs/assets/r2-public/r2-owner-human-acceptance-v1.json","true","content/civilization-atlas/cases/civilization-case-registry-v1.json","content/civilization-atlas/cases/civilization-case-registry-v1.json","CURRENT_REGISTRY_ID_LOOKUP","cases[CA-T10-01]","true","Book V existing contextual visual deep link","/books/reality-differentiation/?visual=VIS-CIV-CA-T10-01-SECONDARY&lang=en","已经动态使用但被扫描误分类","EXISTING_COMPONENT_OR_CONTEXTUAL_DEEP_LINK","Static inventory did not resolve the dynamic family/subject owner.","Preserved admitted resolver and contextual route; requested artwork uses contain/intrinsic ratio instead of 16:9 cover cropping.","4","390 px; existing page, exact selected image decoded and displayed","English/zh-Hans interface; same accepted artwork, not a new translated image","Existing consumer expanded where applicable; print-media image remains visible. Full-book pagination is not certified by these image checks."
"VIS-CIV-CA-T10-02-SECONDARY","CASE_SECONDARY","images/civilization-atlas/cases/VIS-CIV-CA-T10-02-SECONDARY.webp","564162","docs/assets/r2-public/r2-owner-human-acceptance-v1.json","true","content/civilization-atlas/cases/civilization-case-registry-v1.json","content/civilization-atlas/cases/civilization-case-registry-v1.json","CURRENT_REGISTRY_ID_LOOKUP","cases[CA-T10-02]","true","Book V existing contextual visual deep link","/books/reality-differentiation/?visual=VIS-CIV-CA-T10-02-SECONDARY&lang=en","已经动态使用但被扫描误分类","EXISTING_COMPONENT_OR_CONTEXTUAL_DEEP_LINK","Static inventory did not resolve the dynamic family/subject owner.","Preserved admitted resolver and contextual route; requested artwork uses contain/intrinsic ratio instead of 16:9 cover cropping.","4","390 px; existing page, exact selected image decoded and displayed","English/zh-Hans interface; same accepted artwork, not a new translated image","Existing consumer expanded where applicable; print-media image remains visible. Full-book pagination is not certified by these image checks."
"VIS-CIV-CA-T10-06-SECONDARY","CASE_SECONDARY","images/civilization-atlas/cases/VIS-CIV-CA-T10-06-SECONDARY.webp","510622","docs/assets/r2-public/r2-owner-human-acceptance-v1.json","true","content/civilization-atlas/cases/civilization-case-registry-v1.json","content/civilization-atlas/cases/civilization-case-registry-v1.json","CURRENT_REGISTRY_ID_LOOKUP","cases[CA-T10-06]","true","Book V existing contextual visual deep link","/books/reality-differentiation/?visual=VIS-CIV-CA-T10-06-SECONDARY&lang=en","已经动态使用但被扫描误分类","EXISTING_COMPONENT_OR_CONTEXTUAL_DEEP_LINK","Static inventory did not resolve the dynamic family/subject owner.","Preserved admitted resolver and contextual route; requested artwork uses contain/intrinsic ratio instead of 16:9 cover cropping.","4","390 px; existing page, exact selected image decoded and displayed","English/zh-Hans interface; same accepted artwork, not a new translated image","Existing consumer expanded where applicable; print-media image remains visible. Full-book pagination is not certified by these image checks."
"VIS-CIV-CA-T11-01-SECONDARY","CASE_SECONDARY","images/civilization-atlas/cases/VIS-CIV-CA-T11-01-SECONDARY.webp","504096","docs/assets/r2-public/r2-owner-human-acceptance-v1.json","true","content/civilization-atlas/cases/civilization-case-registry-v1.json","content/civilization-atlas/cases/civilization-case-registry-v1.json","CURRENT_REGISTRY_ID_LOOKUP","cases[CA-T11-01]","true","Book V existing contextual visual deep link","/books/reality-differentiation/?visual=VIS-CIV-CA-T11-01-SECONDARY&lang=en","已经动态使用但被扫描误分类","EXISTING_COMPONENT_OR_CONTEXTUAL_DEEP_LINK","Static inventory did not resolve the dynamic family/subject owner.","Preserved admitted resolver and contextual route; requested artwork uses contain/intrinsic ratio instead of 16:9 cover cropping.","4","390 px; existing page, exact selected image decoded and displayed","English/zh-Hans interface; same accepted artwork, not a new translated image","Existing consumer expanded where applicable; print-media image remains visible. Full-book pagination is not certified by these image checks."
"VIS-CIV-CA-T11-02-SECONDARY","CASE_SECONDARY","images/civilization-atlas/cases/VIS-CIV-CA-T11-02-SECONDARY.webp","596968","docs/assets/r2-public/r2-owner-human-acceptance-v1.json","true","content/civilization-atlas/cases/civilization-case-registry-v1.json","content/civilization-atlas/cases/civilization-case-registry-v1.json","CURRENT_REGISTRY_ID_LOOKUP","cases[CA-T11-02]","true","Book V existing contextual visual deep link","/books/reality-differentiation/?visual=VIS-CIV-CA-T11-02-SECONDARY&lang=zh-Hans","已经动态使用但被扫描误分类","EXISTING_COMPONENT_OR_CONTEXTUAL_DEEP_LINK","Static inventory did not resolve the dynamic family/subject owner.","Preserved admitted resolver and contextual route; requested artwork uses contain/intrinsic ratio instead of 16:9 cover cropping.","4","390 px; existing page, exact selected image decoded and displayed","English/zh-Hans interface; same accepted artwork, not a new translated image","Existing consumer expanded where applicable; print-media image remains visible. Full-book pagination is not certified by these image checks."
"VIS-CIV-CA-T13-03-HERO","CASE_HERO","images/civilization-atlas/cases/VIS-CIV-CA-T13-03-HERO.webp","605056","content/civilization-atlas/visuals/civilization-visual-owner-acceptance-2026-09-19.json","true","content/civilization-atlas/cases/civilization-case-registry-v1.json","content/civilization-atlas/cases/civilization-case-registry-v1.json","CURRENT_REGISTRY_ID_LOOKUP","cases[CA-T13-03]","true","Book V existing contextual visual deep link","/books/reality-differentiation/?visual=VIS-CIV-CA-T13-03-HERO&lang=en","已经动态使用但被扫描误分类","EXISTING_COMPONENT_OR_CONTEXTUAL_DEEP_LINK","Static inventory did not resolve the dynamic family/subject owner.","Preserved admitted resolver and contextual route; requested artwork uses contain/intrinsic ratio instead of 16:9 cover cropping.","4","390 px; existing page, exact selected image decoded and displayed","English/zh-Hans interface; same accepted artwork, not a new translated image","Existing consumer expanded where applicable; print-media image remains visible. Full-book pagination is not certified by these image checks."
"VIS-CIV-CA-T13-04-HERO","CASE_HERO","images/civilization-atlas/cases/VIS-CIV-CA-T13-04-HERO.webp","653710","content/civilization-atlas/visuals/civilization-visual-owner-acceptance-2026-09-19.json","true","content/civilization-atlas/cases/civilization-case-registry-v1.json","content/civilization-atlas/cases/civilization-case-registry-v1.json","CURRENT_REGISTRY_ID_LOOKUP","cases[CA-T13-04]","true","Book V existing contextual visual deep link","/books/reality-differentiation/?visual=VIS-CIV-CA-T13-04-HERO&lang=en","已经动态使用但被扫描误分类","EXISTING_COMPONENT_OR_CONTEXTUAL_DEEP_LINK","Static inventory did not resolve the dynamic family/subject owner.","Preserved admitted resolver and contextual route; requested artwork uses contain/intrinsic ratio instead of 16:9 cover cropping.","4","390 px; existing page, exact selected image decoded and displayed","English/zh-Hans interface; same accepted artwork, not a new translated image","Existing consumer expanded where applicable; print-media image remains visible. Full-book pagination is not certified by these image checks."
"VIS-CIV-CA-T13-05-HERO","CASE_HERO","images/civilization-atlas/cases/VIS-CIV-CA-T13-05-HERO.webp","677250","content/civilization-atlas/visuals/civilization-visual-owner-acceptance-2026-09-19.json","true","content/civilization-atlas/cases/civilization-case-registry-v1.json","content/civilization-atlas/cases/civilization-case-registry-v1.json","CURRENT_REGISTRY_ID_LOOKUP","cases[CA-T13-05]","true","Book V existing contextual visual deep link","/books/reality-differentiation/?visual=VIS-CIV-CA-T13-05-HERO&lang=en","已经动态使用但被扫描误分类","EXISTING_COMPONENT_OR_CONTEXTUAL_DEEP_LINK","Static inventory did not resolve the dynamic family/subject owner.","Preserved admitted resolver and contextual route; requested artwork uses contain/intrinsic ratio instead of 16:9 cover cropping.","4","390 px; existing page, exact selected image decoded and displayed","English/zh-Hans interface; same accepted artwork, not a new translated image","Existing consumer expanded where applicable; print-media image remains visible. Full-book pagination is not certified by these image checks."
"VIS-CIV-CA-T13-06-HERO","CASE_HERO","images/civilization-atlas/cases/VIS-CIV-CA-T13-06-HERO.webp","597580","content/civilization-atlas/visuals/civilization-visual-owner-acceptance-2026-09-19.json","true","content/civilization-atlas/cases/civilization-case-registry-v1.json","content/civilization-atlas/cases/civilization-case-registry-v1.json","CURRENT_REGISTRY_ID_LOOKUP","cases[CA-T13-06]","true","Book V existing contextual visual deep link","/books/reality-differentiation/?visual=VIS-CIV-CA-T13-06-HERO&lang=en","已经动态使用但被扫描误分类","EXISTING_COMPONENT_OR_CONTEXTUAL_DEEP_LINK","Static inventory did not resolve the dynamic family/subject owner.","Preserved admitted resolver and contextual route; requested artwork uses contain/intrinsic ratio instead of 16:9 cover cropping.","4","390 px; existing page, exact selected image decoded and displayed","English/zh-Hans interface; same accepted artwork, not a new translated image","Existing consumer expanded where applicable; print-media image remains visible. Full-book pagination is not certified by these image checks."
"VIS-CIV-CA-T14-01-HERO","CASE_HERO","images/civilization-atlas/cases/VIS-CIV-CA-T14-01-HERO.webp","577026","content/civilization-atlas/visuals/civilization-visual-owner-acceptance-2026-09-19.json","true","content/civilization-atlas/cases/civilization-case-registry-v1.json","content/civilization-atlas/cases/civilization-case-registry-v1.json","CURRENT_REGISTRY_ID_LOOKUP","cases[CA-T14-01]","true","Book V existing contextual visual deep link","/books/reality-differentiation/?visual=VIS-CIV-CA-T14-01-HERO&lang=en","已经动态使用但被扫描误分类","EXISTING_COMPONENT_OR_CONTEXTUAL_DEEP_LINK","Static inventory did not resolve the dynamic family/subject owner.","Preserved admitted resolver and contextual route; requested artwork uses contain/intrinsic ratio instead of 16:9 cover cropping.","4","390 px; existing page, exact selected image decoded and displayed","English/zh-Hans interface; same accepted artwork, not a new translated image","Existing consumer expanded where applicable; print-media image remains visible. Full-book pagination is not certified by these image checks."
"VIS-CIV-CA-T14-02-HERO","CASE_HERO","images/civilization-atlas/cases/VIS-CIV-CA-T14-02-HERO.webp","571810","content/civilization-atlas/visuals/civilization-visual-owner-acceptance-2026-09-19.json","true","content/civilization-atlas/cases/civilization-case-registry-v1.json","content/civilization-atlas/cases/civilization-case-registry-v1.json","CURRENT_REGISTRY_ID_LOOKUP","cases[CA-T14-02]","true","Book V existing contextual visual deep link","/books/reality-differentiation/?visual=VIS-CIV-CA-T14-02-HERO&lang=en","已经动态使用但被扫描误分类","EXISTING_COMPONENT_OR_CONTEXTUAL_DEEP_LINK","Static inventory did not resolve the dynamic family/subject owner.","Preserved admitted resolver and contextual route; requested artwork uses contain/intrinsic ratio instead of 16:9 cover cropping.","4","390 px; existing page, exact selected image decoded and displayed","English/zh-Hans interface; same accepted artwork, not a new translated image","Existing consumer expanded where applicable; print-media image remains visible. Full-book pagination is not certified by these image checks."
"VIS-CIV-CA-T14-03-HERO","CASE_HERO","images/civilization-atlas/cases/VIS-CIV-CA-T14-03-HERO.webp","581548","content/civilization-atlas/visuals/civilization-visual-owner-acceptance-2026-09-19.json","true","content/civilization-atlas/cases/civilization-case-registry-v1.json","content/civilization-atlas/cases/civilization-case-registry-v1.json","CURRENT_REGISTRY_ID_LOOKUP","cases[CA-T14-03]","true","Book V existing contextual visual deep link","/books/reality-differentiation/?visual=VIS-CIV-CA-T14-03-HERO&lang=en","已经动态使用但被扫描误分类","EXISTING_COMPONENT_OR_CONTEXTUAL_DEEP_LINK","Static inventory did not resolve the dynamic family/subject owner.","Preserved admitted resolver and contextual route; requested artwork uses contain/intrinsic ratio instead of 16:9 cover cropping.","4","390 px; existing page, exact selected image decoded and displayed","English/zh-Hans interface; same accepted artwork, not a new translated image","Existing consumer expanded where applicable; print-media image remains visible. Full-book pagination is not certified by these image checks."
"VIS-CIV-CA-T14-04-HERO","CASE_HERO","images/civilization-atlas/cases/VIS-CIV-CA-T14-04-HERO.webp","590936","content/civilization-atlas/visuals/civilization-visual-owner-acceptance-2026-09-19.json","true","content/civilization-atlas/cases/civilization-case-registry-v1.json","content/civilization-atlas/cases/civilization-case-registry-v1.json","CURRENT_REGISTRY_ID_LOOKUP","cases[CA-T14-04]","true","Book V existing contextual visual deep link","/books/reality-differentiation/?visual=VIS-CIV-CA-T14-04-HERO&lang=en","已经动态使用但被扫描误分类","EXISTING_COMPONENT_OR_CONTEXTUAL_DEEP_LINK","Static inventory did not resolve the dynamic family/subject owner.","Preserved admitted resolver and contextual route; requested artwork uses contain/intrinsic ratio instead of 16:9 cover cropping.","4","390 px; existing page, exact selected image decoded and displayed","English/zh-Hans interface; same accepted artwork, not a new translated image","Existing consumer expanded where applicable; print-media image remains visible. Full-book pagination is not certified by these image checks."
"VIS-CIV-CA-T14-05-HERO","CASE_HERO","images/civilization-atlas/cases/VIS-CIV-CA-T14-05-HERO.webp","630676","content/civilization-atlas/visuals/civilization-visual-owner-acceptance-2026-09-19.json","true","content/civilization-atlas/cases/civilization-case-registry-v1.json","content/civilization-atlas/cases/civilization-case-registry-v1.json","CURRENT_REGISTRY_ID_LOOKUP","cases[CA-T14-05]","true","Book V existing contextual visual deep link","/books/reality-differentiation/?visual=VIS-CIV-CA-T14-05-HERO&lang=en","已经动态使用但被扫描误分类","EXISTING_COMPONENT_OR_CONTEXTUAL_DEEP_LINK","Static inventory did not resolve the dynamic family/subject owner.","Preserved admitted resolver and contextual route; requested artwork uses contain/intrinsic ratio instead of 16:9 cover cropping.","4","390 px; existing page, exact selected image decoded and displayed","English/zh-Hans interface; same accepted artwork, not a new translated image","Existing consumer expanded where applicable; print-media image remains visible. Full-book pagination is not certified by these image checks."
"VIS-CIV-CA-T14-06-HERO","CASE_HERO","images/civilization-atlas/cases/VIS-CIV-CA-T14-06-HERO.webp","624632","content/civilization-atlas/visuals/civilization-visual-owner-acceptance-2026-09-19.json","true","content/civilization-atlas/cases/civilization-case-registry-v1.json","content/civilization-atlas/cases/civilization-case-registry-v1.json","CURRENT_REGISTRY_ID_LOOKUP","cases[CA-T14-06]","true","Book V existing contextual visual deep link","/books/reality-differentiation/?visual=VIS-CIV-CA-T14-06-HERO&lang=en","已经动态使用但被扫描误分类","EXISTING_COMPONENT_OR_CONTEXTUAL_DEEP_LINK","Static inventory did not resolve the dynamic family/subject owner.","Preserved admitted resolver and contextual route; requested artwork uses contain/intrinsic ratio instead of 16:9 cover cropping.","4","390 px; existing page, exact selected image decoded and displayed","English/zh-Hans interface; same accepted artwork, not a new translated image","Existing consumer expanded where applicable; print-media image remains visible. Full-book pagination is not certified by these image checks."
"VIS-CIV-CA-T15-01-HERO","CASE_HERO","images/civilization-atlas/cases/VIS-CIV-CA-T15-01-HERO.webp","582846","content/civilization-atlas/visuals/civilization-visual-owner-acceptance-2026-09-19.json","true","content/civilization-atlas/cases/civilization-case-registry-v1.json","content/civilization-atlas/cases/civilization-case-registry-v1.json","CURRENT_REGISTRY_ID_LOOKUP","cases[CA-T15-01]","true","Book V existing contextual visual deep link","/books/reality-differentiation/?visual=VIS-CIV-CA-T15-01-HERO&lang=en","已经动态使用但被扫描误分类","EXISTING_COMPONENT_OR_CONTEXTUAL_DEEP_LINK","Static inventory did not resolve the dynamic family/subject owner.","Preserved admitted resolver and contextual route; requested artwork uses contain/intrinsic ratio instead of 16:9 cover cropping.","4","390 px; existing page, exact selected image decoded and displayed","English/zh-Hans interface; same accepted artwork, not a new translated image","Existing consumer expanded where applicable; print-media image remains visible. Full-book pagination is not certified by these image checks."
"VIS-CIV-CA-T15-02-HERO","CASE_HERO","images/civilization-atlas/cases/VIS-CIV-CA-T15-02-HERO.webp","420224","content/civilization-atlas/visuals/civilization-visual-owner-acceptance-2026-09-19.json","true","content/civilization-atlas/cases/civilization-case-registry-v1.json","content/civilization-atlas/cases/civilization-case-registry-v1.json","CURRENT_REGISTRY_ID_LOOKUP","cases[CA-T15-02]","true","Book V existing contextual visual deep link","/books/reality-differentiation/?visual=VIS-CIV-CA-T15-02-HERO&lang=en","已经动态使用但被扫描误分类","EXISTING_COMPONENT_OR_CONTEXTUAL_DEEP_LINK","Static inventory did not resolve the dynamic family/subject owner.","Preserved admitted resolver and contextual route; requested artwork uses contain/intrinsic ratio instead of 16:9 cover cropping.","4","390 px; existing page, exact selected image decoded and displayed","English/zh-Hans interface; same accepted artwork, not a new translated image","Existing consumer expanded where applicable; print-media image remains visible. Full-book pagination is not certified by these image checks."
"VIS-CIV-CA-T15-03-HERO","CASE_HERO","images/civilization-atlas/cases/VIS-CIV-CA-T15-03-HERO.webp","464088","content/civilization-atlas/visuals/civilization-visual-owner-acceptance-2026-09-19.json","true","content/civilization-atlas/cases/civilization-case-registry-v1.json","content/civilization-atlas/cases/civilization-case-registry-v1.json","CURRENT_REGISTRY_ID_LOOKUP","cases[CA-T15-03]","true","Book V existing contextual visual deep link","/books/reality-differentiation/?visual=VIS-CIV-CA-T15-03-HERO&lang=en","已经动态使用但被扫描误分类","EXISTING_COMPONENT_OR_CONTEXTUAL_DEEP_LINK","Static inventory did not resolve the dynamic family/subject owner.","Preserved admitted resolver and contextual route; requested artwork uses contain/intrinsic ratio instead of 16:9 cover cropping.","4","390 px; existing page, exact selected image decoded and displayed","English/zh-Hans interface; same accepted artwork, not a new translated image","Existing consumer expanded where applicable; print-media image remains visible. Full-book pagination is not certified by these image checks."
"VIS-CIV-CA-T15-04-HERO","CASE_HERO","images/civilization-atlas/cases/VIS-CIV-CA-T15-04-HERO.webp","727298","content/civilization-atlas/visuals/civilization-visual-owner-acceptance-2026-09-19.json","true","content/civilization-atlas/cases/civilization-case-registry-v1.json","content/civilization-atlas/cases/civilization-case-registry-v1.json","CURRENT_REGISTRY_ID_LOOKUP","cases[CA-T15-04]","true","Book V existing contextual visual deep link","/books/reality-differentiation/?visual=VIS-CIV-CA-T15-04-HERO&lang=en","已经动态使用但被扫描误分类","EXISTING_COMPONENT_OR_CONTEXTUAL_DEEP_LINK","Static inventory did not resolve the dynamic family/subject owner.","Preserved admitted resolver and contextual route; requested artwork uses contain/intrinsic ratio instead of 16:9 cover cropping.","4","390 px; existing page, exact selected image decoded and displayed","English/zh-Hans interface; same accepted artwork, not a new translated image","Existing consumer expanded where applicable; print-media image remains visible. Full-book pagination is not certified by these image checks."
"VIS-CIV-CA-T15-05-HERO","CASE_HERO","images/civilization-atlas/cases/VIS-CIV-CA-T15-05-HERO.webp","436972","content/civilization-atlas/visuals/civilization-visual-owner-acceptance-2026-09-19.json","true","content/civilization-atlas/cases/civilization-case-registry-v1.json","content/civilization-atlas/cases/civilization-case-registry-v1.json","CURRENT_REGISTRY_ID_LOOKUP","cases[CA-T15-05]","true","Book V existing contextual visual deep link","/books/reality-differentiation/?visual=VIS-CIV-CA-T15-05-HERO&lang=en","已经动态使用但被扫描误分类","EXISTING_COMPONENT_OR_CONTEXTUAL_DEEP_LINK","Static inventory did not resolve the dynamic family/subject owner.","Preserved admitted resolver and contextual route; requested artwork uses contain/intrinsic ratio instead of 16:9 cover cropping.","4","390 px; existing page, exact selected image decoded and displayed","English/zh-Hans interface; same accepted artwork, not a new translated image","Existing consumer expanded where applicable; print-media image remains visible. Full-book pagination is not certified by these image checks."
"VIS-CIV-CA-T15-06-HERO","CASE_HERO","images/civilization-atlas/cases/VIS-CIV-CA-T15-06-HERO.webp","442400","content/civilization-atlas/visuals/civilization-visual-owner-acceptance-2026-09-19.json","true","content/civilization-atlas/cases/civilization-case-registry-v1.json","content/civilization-atlas/cases/civilization-case-registry-v1.json","CURRENT_REGISTRY_ID_LOOKUP","cases[CA-T15-06]","true","Book V existing contextual visual deep link","/books/reality-differentiation/?visual=VIS-CIV-CA-T15-06-HERO&lang=en","已经动态使用但被扫描误分类","EXISTING_COMPONENT_OR_CONTEXTUAL_DEEP_LINK","Static inventory did not resolve the dynamic family/subject owner.","Preserved admitted resolver and contextual route; requested artwork uses contain/intrinsic ratio instead of 16:9 cover cropping.","4","390 px; existing page, exact selected image decoded and displayed","English/zh-Hans interface; same accepted artwork, not a new translated image","Existing consumer expanded where applicable; print-media image remains visible. Full-book pagination is not certified by these image checks."
"VIS-CIV-CA-T16-01-HERO","CASE_HERO","images/civilization-atlas/cases/VIS-CIV-CA-T16-01-HERO.webp","421228","content/civilization-atlas/visuals/civilization-visual-owner-acceptance-2026-09-19.json","true","content/civilization-atlas/cases/civilization-case-registry-v1.json","content/civilization-atlas/cases/civilization-case-registry-v1.json","CURRENT_REGISTRY_ID_LOOKUP","cases[CA-T16-01]","true","Book V existing contextual visual deep link","/books/reality-differentiation/?visual=VIS-CIV-CA-T16-01-HERO&lang=en","已经动态使用但被扫描误分类","EXISTING_COMPONENT_OR_CONTEXTUAL_DEEP_LINK","Static inventory did not resolve the dynamic family/subject owner.","Preserved admitted resolver and contextual route; requested artwork uses contain/intrinsic ratio instead of 16:9 cover cropping.","4","390 px; existing page, exact selected image decoded and displayed","English/zh-Hans interface; same accepted artwork, not a new translated image","Existing consumer expanded where applicable; print-media image remains visible. Full-book pagination is not certified by these image checks."
"VIS-CIV-CA-T16-02-HERO","CASE_HERO","images/civilization-atlas/cases/VIS-CIV-CA-T16-02-HERO.webp","502386","content/civilization-atlas/visuals/civilization-visual-owner-acceptance-2026-09-19.json","true","content/civilization-atlas/cases/civilization-case-registry-v1.json","content/civilization-atlas/cases/civilization-case-registry-v1.json","CURRENT_REGISTRY_ID_LOOKUP","cases[CA-T16-02]","true","Book V existing contextual visual deep link","/books/reality-differentiation/?visual=VIS-CIV-CA-T16-02-HERO&lang=en","已经动态使用但被扫描误分类","EXISTING_COMPONENT_OR_CONTEXTUAL_DEEP_LINK","Static inventory did not resolve the dynamic family/subject owner.","Preserved admitted resolver and contextual route; requested artwork uses contain/intrinsic ratio instead of 16:9 cover cropping.","4","390 px; existing page, exact selected image decoded and displayed","English/zh-Hans interface; same accepted artwork, not a new translated image","Existing consumer expanded where applicable; print-media image remains visible. Full-book pagination is not certified by these image checks."
"VIS-CIV-CA-T16-03-HERO","CASE_HERO","images/civilization-atlas/cases/VIS-CIV-CA-T16-03-HERO.webp","530830","content/civilization-atlas/visuals/civilization-visual-owner-acceptance-2026-09-19.json","true","content/civilization-atlas/cases/civilization-case-registry-v1.json","content/civilization-atlas/cases/civilization-case-registry-v1.json","CURRENT_REGISTRY_ID_LOOKUP","cases[CA-T16-03]","true","Book V existing contextual visual deep link","/books/reality-differentiation/?visual=VIS-CIV-CA-T16-03-HERO&lang=en","已经动态使用但被扫描误分类","EXISTING_COMPONENT_OR_CONTEXTUAL_DEEP_LINK","Static inventory did not resolve the dynamic family/subject owner.","Preserved admitted resolver and contextual route; requested artwork uses contain/intrinsic ratio instead of 16:9 cover cropping.","4","390 px; existing page, exact selected image decoded and displayed","English/zh-Hans interface; same accepted artwork, not a new translated image","Existing consumer expanded where applicable; print-media image remains visible. Full-book pagination is not certified by these image checks."
"VIS-CIV-CA-T16-04-HERO","CASE_HERO","images/civilization-atlas/cases/VIS-CIV-CA-T16-04-HERO.webp","533390","content/civilization-atlas/visuals/civilization-visual-owner-acceptance-2026-09-19.json","true","content/civilization-atlas/cases/civilization-case-registry-v1.json","content/civilization-atlas/cases/civilization-case-registry-v1.json","CURRENT_REGISTRY_ID_LOOKUP","cases[CA-T16-04]","true","Book V existing contextual visual deep link","/books/reality-differentiation/?visual=VIS-CIV-CA-T16-04-HERO&lang=en","已经动态使用但被扫描误分类","EXISTING_COMPONENT_OR_CONTEXTUAL_DEEP_LINK","Static inventory did not resolve the dynamic family/subject owner.","Preserved admitted resolver and contextual route; requested artwork uses contain/intrinsic ratio instead of 16:9 cover cropping.","4","390 px; existing page, exact selected image decoded and displayed","English/zh-Hans interface; same accepted artwork, not a new translated image","Existing consumer expanded where applicable; print-media image remains visible. Full-book pagination is not certified by these image checks."
"VIS-CIV-CA-T16-05-HERO","CASE_HERO","images/civilization-atlas/cases/VIS-CIV-CA-T16-05-HERO.webp","668066","content/civilization-atlas/visuals/civilization-visual-owner-acceptance-2026-09-19.json","true","content/civilization-atlas/cases/civilization-case-registry-v1.json","content/civilization-atlas/cases/civilization-case-registry-v1.json","CURRENT_REGISTRY_ID_LOOKUP","cases[CA-T16-05]","true","Book V existing contextual visual deep link","/books/reality-differentiation/?visual=VIS-CIV-CA-T16-05-HERO&lang=en","已经动态使用但被扫描误分类","EXISTING_COMPONENT_OR_CONTEXTUAL_DEEP_LINK","Static inventory did not resolve the dynamic family/subject owner.","Preserved admitted resolver and contextual route; requested artwork uses contain/intrinsic ratio instead of 16:9 cover cropping.","4","390 px; existing page, exact selected image decoded and displayed","English/zh-Hans interface; same accepted artwork, not a new translated image","Existing consumer expanded where applicable; print-media image remains visible. Full-book pagination is not certified by these image checks."
"VIS-CIV-CA-T16-06-HERO","CASE_HERO","images/civilization-atlas/cases/VIS-CIV-CA-T16-06-HERO.webp","786758","content/civilization-atlas/visuals/civilization-visual-owner-acceptance-2026-09-19.json","true","content/civilization-atlas/cases/civilization-case-registry-v1.json","content/civilization-atlas/cases/civilization-case-registry-v1.json","CURRENT_REGISTRY_ID_LOOKUP","cases[CA-T16-06]","true","Book V existing contextual visual deep link","/books/reality-differentiation/?visual=VIS-CIV-CA-T16-06-HERO&lang=en","已经动态使用但被扫描误分类","EXISTING_COMPONENT_OR_CONTEXTUAL_DEEP_LINK","Static inventory did not resolve the dynamic family/subject owner.","Preserved admitted resolver and contextual route; requested artwork uses contain/intrinsic ratio instead of 16:9 cover cropping.","4","390 px; existing page, exact selected image decoded and displayed","English/zh-Hans interface; same accepted artwork, not a new translated image","Existing consumer expanded where applicable; print-media image remains visible. Full-book pagination is not certified by these image checks."
"VIS-CIV-CA-T17-01-HERO","CASE_HERO","images/civilization-atlas/cases/VIS-CIV-CA-T17-01-HERO.webp","681266","content/civilization-atlas/visuals/civilization-visual-owner-acceptance-2026-09-19.json","true","content/civilization-atlas/cases/civilization-case-registry-v1.json","content/civilization-atlas/cases/civilization-case-registry-v1.json","CURRENT_REGISTRY_ID_LOOKUP","cases[CA-T17-01]","true","Book V existing contextual visual deep link","/books/reality-differentiation/?visual=VIS-CIV-CA-T17-01-HERO&lang=en","已经动态使用但被扫描误分类","EXISTING_COMPONENT_OR_CONTEXTUAL_DEEP_LINK","Static inventory did not resolve the dynamic family/subject owner.","Preserved admitted resolver and contextual route; requested artwork uses contain/intrinsic ratio instead of 16:9 cover cropping.","4","390 px; existing page, exact selected image decoded and displayed","English/zh-Hans interface; same accepted artwork, not a new translated image","Existing consumer expanded where applicable; print-media image remains visible. Full-book pagination is not certified by these image checks."
"VIS-CIV-CA-T17-02-HERO","CASE_HERO","images/civilization-atlas/cases/VIS-CIV-CA-T17-02-HERO.webp","758672","content/civilization-atlas/visuals/civilization-visual-owner-acceptance-2026-09-19.json","true","content/civilization-atlas/cases/civilization-case-registry-v1.json","content/civilization-atlas/cases/civilization-case-registry-v1.json","CURRENT_REGISTRY_ID_LOOKUP","cases[CA-T17-02]","true","Book V existing contextual visual deep link","/books/reality-differentiation/?visual=VIS-CIV-CA-T17-02-HERO&lang=en","已经动态使用但被扫描误分类","EXISTING_COMPONENT_OR_CONTEXTUAL_DEEP_LINK","Static inventory did not resolve the dynamic family/subject owner.","Preserved admitted resolver and contextual route; requested artwork uses contain/intrinsic ratio instead of 16:9 cover cropping.","4","390 px; existing page, exact selected image decoded and displayed","English/zh-Hans interface; same accepted artwork, not a new translated image","Existing consumer expanded where applicable; print-media image remains visible. Full-book pagination is not certified by these image checks."
"VIS-CIV-CA-T17-03-HERO","CASE_HERO","images/civilization-atlas/cases/VIS-CIV-CA-T17-03-HERO.webp","708664","content/civilization-atlas/visuals/civilization-visual-owner-acceptance-2026-09-19.json","true","content/civilization-atlas/cases/civilization-case-registry-v1.json","content/civilization-atlas/cases/civilization-case-registry-v1.json","CURRENT_REGISTRY_ID_LOOKUP","cases[CA-T17-03]","true","Book V existing contextual visual deep link","/books/reality-differentiation/?visual=VIS-CIV-CA-T17-03-HERO&lang=en","已经动态使用但被扫描误分类","EXISTING_COMPONENT_OR_CONTEXTUAL_DEEP_LINK","Static inventory did not resolve the dynamic family/subject owner.","Preserved admitted resolver and contextual route; requested artwork uses contain/intrinsic ratio instead of 16:9 cover cropping.","4","390 px; existing page, exact selected image decoded and displayed","English/zh-Hans interface; same accepted artwork, not a new translated image","Existing consumer expanded where applicable; print-media image remains visible. Full-book pagination is not certified by these image checks."
"VIS-CIV-CA-T17-04-HERO","CASE_HERO","images/civilization-atlas/cases/VIS-CIV-CA-T17-04-HERO.webp","687960","content/civilization-atlas/visuals/civilization-visual-owner-acceptance-2026-09-19.json","true","content/civilization-atlas/cases/civilization-case-registry-v1.json","content/civilization-atlas/cases/civilization-case-registry-v1.json","CURRENT_REGISTRY_ID_LOOKUP","cases[CA-T17-04]","true","Book V existing contextual visual deep link","/books/reality-differentiation/?visual=VIS-CIV-CA-T17-04-HERO&lang=en","已经动态使用但被扫描误分类","EXISTING_COMPONENT_OR_CONTEXTUAL_DEEP_LINK","Static inventory did not resolve the dynamic family/subject owner.","Preserved admitted resolver and contextual route; requested artwork uses contain/intrinsic ratio instead of 16:9 cover cropping.","4","390 px; existing page, exact selected image decoded and displayed","English/zh-Hans interface; same accepted artwork, not a new translated image","Existing consumer expanded where applicable; print-media image remains visible. Full-book pagination is not certified by these image checks."
"VIS-CIV-CA-T17-05-HERO","CASE_HERO","images/civilization-atlas/cases/VIS-CIV-CA-T17-05-HERO.webp","696170","content/civilization-atlas/visuals/civilization-visual-owner-acceptance-2026-09-19.json","true","content/civilization-atlas/cases/civilization-case-registry-v1.json","content/civilization-atlas/cases/civilization-case-registry-v1.json","CURRENT_REGISTRY_ID_LOOKUP","cases[CA-T17-05]","true","Book V existing contextual visual deep link","/books/reality-differentiation/?visual=VIS-CIV-CA-T17-05-HERO&lang=en","已经动态使用但被扫描误分类","EXISTING_COMPONENT_OR_CONTEXTUAL_DEEP_LINK","Static inventory did not resolve the dynamic family/subject owner.","Preserved admitted resolver and contextual route; requested artwork uses contain/intrinsic ratio instead of 16:9 cover cropping.","4","390 px; existing page, exact selected image decoded and displayed","English/zh-Hans interface; same accepted artwork, not a new translated image","Existing consumer expanded where applicable; print-media image remains visible. Full-book pagination is not certified by these image checks."
"VIS-CIV-CA-T17-06-HERO","CASE_HERO","images/civilization-atlas/cases/VIS-CIV-CA-T17-06-HERO.webp","705172","content/civilization-atlas/visuals/civilization-visual-owner-acceptance-2026-09-19.json","true","content/civilization-atlas/cases/civilization-case-registry-v1.json","content/civilization-atlas/cases/civilization-case-registry-v1.json","CURRENT_REGISTRY_ID_LOOKUP","cases[CA-T17-06]","true","Book V existing contextual visual deep link","/books/reality-differentiation/?visual=VIS-CIV-CA-T17-06-HERO&lang=en","已经动态使用但被扫描误分类","EXISTING_COMPONENT_OR_CONTEXTUAL_DEEP_LINK","Static inventory did not resolve the dynamic family/subject owner.","Preserved admitted resolver and contextual route; requested artwork uses contain/intrinsic ratio instead of 16:9 cover cropping.","4","390 px; existing page, exact selected image decoded and displayed","English/zh-Hans interface; same accepted artwork, not a new translated image","Existing consumer expanded where applicable; print-media image remains visible. Full-book pagination is not certified by these image checks."
"VIS-CIV-CA-T18-01-HERO","CASE_HERO","images/civilization-atlas/cases/VIS-CIV-CA-T18-01-HERO.webp","772044","content/civilization-atlas/visuals/civilization-visual-owner-acceptance-2026-09-19.json","true","content/civilization-atlas/cases/civilization-case-registry-v1.json","content/civilization-atlas/cases/civilization-case-registry-v1.json","CURRENT_REGISTRY_ID_LOOKUP","cases[CA-T18-01]","true","Book V existing contextual visual deep link","/books/reality-differentiation/?visual=VIS-CIV-CA-T18-01-HERO&lang=en","已经动态使用但被扫描误分类","EXISTING_COMPONENT_OR_CONTEXTUAL_DEEP_LINK","Static inventory did not resolve the dynamic family/subject owner.","Preserved admitted resolver and contextual route; requested artwork uses contain/intrinsic ratio instead of 16:9 cover cropping.","4","390 px; existing page, exact selected image decoded and displayed","English/zh-Hans interface; same accepted artwork, not a new translated image","Existing consumer expanded where applicable; print-media image remains visible. Full-book pagination is not certified by these image checks."
"VIS-CIV-CA-T18-02-HERO","CASE_HERO","images/civilization-atlas/cases/VIS-CIV-CA-T18-02-HERO.webp","757610","content/civilization-atlas/visuals/civilization-visual-owner-acceptance-2026-09-19.json","true","content/civilization-atlas/cases/civilization-case-registry-v1.json","content/civilization-atlas/cases/civilization-case-registry-v1.json","CURRENT_REGISTRY_ID_LOOKUP","cases[CA-T18-02]","true","Book V existing contextual visual deep link","/books/reality-differentiation/?visual=VIS-CIV-CA-T18-02-HERO&lang=en","已经动态使用但被扫描误分类","EXISTING_COMPONENT_OR_CONTEXTUAL_DEEP_LINK","Static inventory did not resolve the dynamic family/subject owner.","Preserved admitted resolver and contextual route; requested artwork uses contain/intrinsic ratio instead of 16:9 cover cropping.","4","390 px; existing page, exact selected image decoded and displayed","English/zh-Hans interface; same accepted artwork, not a new translated image","Existing consumer expanded where applicable; print-media image remains visible. Full-book pagination is not certified by these image checks."
"VIS-CIV-CA-T18-03-HERO","CASE_HERO","images/civilization-atlas/cases/VIS-CIV-CA-T18-03-HERO.webp","812480","content/civilization-atlas/visuals/civilization-visual-owner-acceptance-2026-09-19.json","true","content/civilization-atlas/cases/civilization-case-registry-v1.json","content/civilization-atlas/cases/civilization-case-registry-v1.json","CURRENT_REGISTRY_ID_LOOKUP","cases[CA-T18-03]","true","Book V existing contextual visual deep link","/books/reality-differentiation/?visual=VIS-CIV-CA-T18-03-HERO&lang=en","已经动态使用但被扫描误分类","EXISTING_COMPONENT_OR_CONTEXTUAL_DEEP_LINK","Static inventory did not resolve the dynamic family/subject owner.","Preserved admitted resolver and contextual route; requested artwork uses contain/intrinsic ratio instead of 16:9 cover cropping.","4","390 px; existing page, exact selected image decoded and displayed","English/zh-Hans interface; same accepted artwork, not a new translated image","Existing consumer expanded where applicable; print-media image remains visible. Full-book pagination is not certified by these image checks."
"VIS-CIV-CA-T18-04-HERO","CASE_HERO","images/civilization-atlas/cases/VIS-CIV-CA-T18-04-HERO.webp","759844","content/civilization-atlas/visuals/civilization-visual-owner-acceptance-2026-09-19.json","true","content/civilization-atlas/cases/civilization-case-registry-v1.json","content/civilization-atlas/cases/civilization-case-registry-v1.json","CURRENT_REGISTRY_ID_LOOKUP","cases[CA-T18-04]","true","Book V existing contextual visual deep link","/books/reality-differentiation/?visual=VIS-CIV-CA-T18-04-HERO&lang=en","已经动态使用但被扫描误分类","EXISTING_COMPONENT_OR_CONTEXTUAL_DEEP_LINK","Static inventory did not resolve the dynamic family/subject owner.","Preserved admitted resolver and contextual route; requested artwork uses contain/intrinsic ratio instead of 16:9 cover cropping.","4","390 px; existing page, exact selected image decoded and displayed","English/zh-Hans interface; same accepted artwork, not a new translated image","Existing consumer expanded where applicable; print-media image remains visible. Full-book pagination is not certified by these image checks."
"VIS-CIV-CA-T18-05-HERO","CASE_HERO","images/civilization-atlas/cases/VIS-CIV-CA-T18-05-HERO.webp","728864","content/civilization-atlas/visuals/civilization-visual-owner-acceptance-2026-09-19.json","true","content/civilization-atlas/cases/civilization-case-registry-v1.json","content/civilization-atlas/cases/civilization-case-registry-v1.json","CURRENT_REGISTRY_ID_LOOKUP","cases[CA-T18-05]","true","Book V existing contextual visual deep link","/books/reality-differentiation/?visual=VIS-CIV-CA-T18-05-HERO&lang=en","已经动态使用但被扫描误分类","EXISTING_COMPONENT_OR_CONTEXTUAL_DEEP_LINK","Static inventory did not resolve the dynamic family/subject owner.","Preserved admitted resolver and contextual route; requested artwork uses contain/intrinsic ratio instead of 16:9 cover cropping.","4","390 px; existing page, exact selected image decoded and displayed","English/zh-Hans interface; same accepted artwork, not a new translated image","Existing consumer expanded where applicable; print-media image remains visible. Full-book pagination is not certified by these image checks."
"VIS-CIV-CA-T18-06-HERO","CASE_HERO","images/civilization-atlas/cases/VIS-CIV-CA-T18-06-HERO.webp","740308","content/civilization-atlas/visuals/civilization-visual-owner-acceptance-2026-09-19.json","true","content/civilization-atlas/cases/civilization-case-registry-v1.json","content/civilization-atlas/cases/civilization-case-registry-v1.json","CURRENT_REGISTRY_ID_LOOKUP","cases[CA-T18-06]","true","Book V existing contextual visual deep link","/books/reality-differentiation/?visual=VIS-CIV-CA-T18-06-HERO&lang=en","已经动态使用但被扫描误分类","EXISTING_COMPONENT_OR_CONTEXTUAL_DEEP_LINK","Static inventory did not resolve the dynamic family/subject owner.","Preserved admitted resolver and contextual route; requested artwork uses contain/intrinsic ratio instead of 16:9 cover cropping.","4","390 px; existing page, exact selected image decoded and displayed","English/zh-Hans interface; same accepted artwork, not a new translated image","Existing consumer expanded where applicable; print-media image remains visible. Full-book pagination is not certified by these image checks."
"VIS-CIV-CA-T19-01-HERO","CASE_HERO","images/civilization-atlas/cases/VIS-CIV-CA-T19-01-HERO.webp","682838","content/civilization-atlas/visuals/civilization-visual-owner-acceptance-2026-09-19.json","true","content/civilization-atlas/cases/civilization-case-registry-v1.json","content/civilization-atlas/cases/civilization-case-registry-v1.json","CURRENT_REGISTRY_ID_LOOKUP","cases[CA-T19-01]","true","Book V existing contextual visual deep link","/books/reality-differentiation/?visual=VIS-CIV-CA-T19-01-HERO&lang=en","已经动态使用但被扫描误分类","EXISTING_COMPONENT_OR_CONTEXTUAL_DEEP_LINK","Static inventory did not resolve the dynamic family/subject owner.","Preserved admitted resolver and contextual route; requested artwork uses contain/intrinsic ratio instead of 16:9 cover cropping.","4","390 px; existing page, exact selected image decoded and displayed","English/zh-Hans interface; same accepted artwork, not a new translated image","Existing consumer expanded where applicable; print-media image remains visible. Full-book pagination is not certified by these image checks."
"VIS-CIV-CA-T19-02-HERO","CASE_HERO","images/civilization-atlas/cases/VIS-CIV-CA-T19-02-HERO.webp","754772","content/civilization-atlas/visuals/civilization-visual-owner-acceptance-2026-09-19.json","true","content/civilization-atlas/cases/civilization-case-registry-v1.json","content/civilization-atlas/cases/civilization-case-registry-v1.json","CURRENT_REGISTRY_ID_LOOKUP","cases[CA-T19-02]","true","Book V existing contextual visual deep link","/books/reality-differentiation/?visual=VIS-CIV-CA-T19-02-HERO&lang=en","已经动态使用但被扫描误分类","EXISTING_COMPONENT_OR_CONTEXTUAL_DEEP_LINK","Static inventory did not resolve the dynamic family/subject owner.","Preserved admitted resolver and contextual route; requested artwork uses contain/intrinsic ratio instead of 16:9 cover cropping.","4","390 px; existing page, exact selected image decoded and displayed","English/zh-Hans interface; same accepted artwork, not a new translated image","Existing consumer expanded where applicable; print-media image remains visible. Full-book pagination is not certified by these image checks."
"VIS-CIV-CA-T19-03-HERO","CASE_HERO","images/civilization-atlas/cases/VIS-CIV-CA-T19-03-HERO.webp","718308","content/civilization-atlas/visuals/civilization-visual-owner-acceptance-2026-09-19.json","true","content/civilization-atlas/cases/civilization-case-registry-v1.json","content/civilization-atlas/cases/civilization-case-registry-v1.json","CURRENT_REGISTRY_ID_LOOKUP","cases[CA-T19-03]","true","Book V existing contextual visual deep link","/books/reality-differentiation/?visual=VIS-CIV-CA-T19-03-HERO&lang=en","已经动态使用但被扫描误分类","EXISTING_COMPONENT_OR_CONTEXTUAL_DEEP_LINK","Static inventory did not resolve the dynamic family/subject owner.","Preserved admitted resolver and contextual route; requested artwork uses contain/intrinsic ratio instead of 16:9 cover cropping.","4","390 px; existing page, exact selected image decoded and displayed","English/zh-Hans interface; same accepted artwork, not a new translated image","Existing consumer expanded where applicable; print-media image remains visible. Full-book pagination is not certified by these image checks."
"VIS-CIV-CA-T19-04-HERO","CASE_HERO","images/civilization-atlas/cases/VIS-CIV-CA-T19-04-HERO.webp","765980","content/civilization-atlas/visuals/civilization-visual-owner-acceptance-2026-09-19.json","true","content/civilization-atlas/cases/civilization-case-registry-v1.json","content/civilization-atlas/cases/civilization-case-registry-v1.json","CURRENT_REGISTRY_ID_LOOKUP","cases[CA-T19-04]","true","Book V existing contextual visual deep link","/books/reality-differentiation/?visual=VIS-CIV-CA-T19-04-HERO&lang=en","已经动态使用但被扫描误分类","EXISTING_COMPONENT_OR_CONTEXTUAL_DEEP_LINK","Static inventory did not resolve the dynamic family/subject owner.","Preserved admitted resolver and contextual route; requested artwork uses contain/intrinsic ratio instead of 16:9 cover cropping.","4","390 px; existing page, exact selected image decoded and displayed","English/zh-Hans interface; same accepted artwork, not a new translated image","Existing consumer expanded where applicable; print-media image remains visible. Full-book pagination is not certified by these image checks."
"VIS-CIV-CA-T19-05-HERO","CASE_HERO","images/civilization-atlas/cases/VIS-CIV-CA-T19-05-HERO.webp","654958","content/civilization-atlas/visuals/civilization-visual-owner-acceptance-2026-09-19.json","true","content/civilization-atlas/cases/civilization-case-registry-v1.json","content/civilization-atlas/cases/civilization-case-registry-v1.json","CURRENT_REGISTRY_ID_LOOKUP","cases[CA-T19-05]","true","Book V existing contextual visual deep link","/books/reality-differentiation/?visual=VIS-CIV-CA-T19-05-HERO&lang=en","已经动态使用但被扫描误分类","EXISTING_COMPONENT_OR_CONTEXTUAL_DEEP_LINK","Static inventory did not resolve the dynamic family/subject owner.","Preserved admitted resolver and contextual route; requested artwork uses contain/intrinsic ratio instead of 16:9 cover cropping.","4","390 px; existing page, exact selected image decoded and displayed","English/zh-Hans interface; same accepted artwork, not a new translated image","Existing consumer expanded where applicable; print-media image remains visible. Full-book pagination is not certified by these image checks."
"VIS-CIV-CA-T19-06-HERO","CASE_HERO","images/civilization-atlas/cases/VIS-CIV-CA-T19-06-HERO.webp","762976","content/civilization-atlas/visuals/civilization-visual-owner-acceptance-2026-09-19.json","true","content/civilization-atlas/cases/civilization-case-registry-v1.json","content/civilization-atlas/cases/civilization-case-registry-v1.json","CURRENT_REGISTRY_ID_LOOKUP","cases[CA-T19-06]","true","Book V existing contextual visual deep link","/books/reality-differentiation/?visual=VIS-CIV-CA-T19-06-HERO&lang=en","已经动态使用但被扫描误分类","EXISTING_COMPONENT_OR_CONTEXTUAL_DEEP_LINK","Static inventory did not resolve the dynamic family/subject owner.","Preserved admitted resolver and contextual route; requested artwork uses contain/intrinsic ratio instead of 16:9 cover cropping.","4","390 px; existing page, exact selected image decoded and displayed","English/zh-Hans interface; same accepted artwork, not a new translated image","Existing consumer expanded where applicable; print-media image remains visible. Full-book pagination is not certified by these image checks."
"VIS-CIV-CF-COMMERCIAL_NETWORK","COMPARISON_FAMILY","images/civilization-atlas/comparison/VIS-CIV-CF-COMMERCIAL_NETWORK.webp","806700","content/civilization-atlas/visuals/civilization-visual-owner-acceptance-2026-09-19.json","true","content/civilization-atlas/comparison/comparison-families-v1.json","content/civilization-atlas/comparison/comparison-families-v1.json","CURRENT_REGISTRY_ID_LOOKUP","families[COMMERCIAL_NETWORK]","true","Book V existing contextual visual deep link","/books/reality-differentiation/?visual=VIS-CIV-CF-COMMERCIAL_NETWORK&lang=en","已经动态使用但被扫描误分类","EXISTING_COMPONENT_OR_CONTEXTUAL_DEEP_LINK","Static inventory did not resolve the dynamic family/subject owner.","Preserved admitted resolver and contextual route; requested artwork uses contain/intrinsic ratio instead of 16:9 cover cropping.","4","390 px; existing page, exact selected image decoded and displayed","English/zh-Hans interface; same accepted artwork, not a new translated image","Existing consumer expanded where applicable; print-media image remains visible. Full-book pagination is not certified by these image checks."
"VIS-CIV-CF-CONTINENTAL_EMPIRE","COMPARISON_FAMILY","images/civilization-atlas/comparison/VIS-CIV-CF-CONTINENTAL_EMPIRE.webp","797352","content/civilization-atlas/visuals/civilization-visual-owner-acceptance-2026-09-19.json","true","content/civilization-atlas/comparison/comparison-families-v1.json","content/civilization-atlas/comparison/comparison-families-v1.json","CURRENT_REGISTRY_ID_LOOKUP","families[CONTINENTAL_EMPIRE]","true","Book V existing contextual visual deep link","/books/reality-differentiation/?visual=VIS-CIV-CF-CONTINENTAL_EMPIRE&lang=en","已经动态使用但被扫描误分类","EXISTING_COMPONENT_OR_CONTEXTUAL_DEEP_LINK","Static inventory did not resolve the dynamic family/subject owner.","Preserved admitted resolver and contextual route; requested artwork uses contain/intrinsic ratio instead of 16:9 cover cropping.","4","390 px; existing page, exact selected image decoded and displayed","English/zh-Hans interface; same accepted artwork, not a new translated image","Existing consumer expanded where applicable; print-media image remains visible. Full-book pagination is not certified by these image checks."
"VIS-CIV-CF-INDUSTRIAL_MODERN_TRANSFORMATION","COMPARISON_FAMILY","images/civilization-atlas/comparison/VIS-CIV-CF-INDUSTRIAL_MODERN_TRANSFORMATION.webp","769612","content/civilization-atlas/visuals/civilization-visual-owner-acceptance-2026-09-19.json","true","content/civilization-atlas/comparison/comparison-families-v1.json","content/civilization-atlas/comparison/comparison-families-v1.json","CURRENT_REGISTRY_ID_LOOKUP","families[INDUSTRIAL_MODERN_TRANSFORMATION]","true","Book V existing contextual visual deep link","/books/reality-differentiation/?visual=VIS-CIV-CF-INDUSTRIAL_MODERN_TRANSFORMATION&lang=en","已经动态使用但被扫描误分类","EXISTING_COMPONENT_OR_CONTEXTUAL_DEEP_LINK","Static inventory did not resolve the dynamic family/subject owner.","Preserved admitted resolver and contextual route; requested artwork uses contain/intrinsic ratio instead of 16:9 cover cropping.","4","390 px; existing page, exact selected image decoded and displayed","English/zh-Hans interface; same accepted artwork, not a new translated image","Existing consumer expanded where applicable; print-media image remains visible. Full-book pagination is not certified by these image checks."
"VIS-CIV-CF-KNOWLEDGE_EXPANSION","COMPARISON_FAMILY","images/civilization-atlas/comparison/VIS-CIV-CF-KNOWLEDGE_EXPANSION.webp","662430","content/civilization-atlas/visuals/civilization-visual-owner-acceptance-2026-09-19.json","true","content/civilization-atlas/comparison/comparison-families-v1.json","content/civilization-atlas/comparison/comparison-families-v1.json","CURRENT_REGISTRY_ID_LOOKUP","families[KNOWLEDGE_EXPANSION]","true","Book V existing contextual visual deep link","/books/reality-differentiation/?visual=VIS-CIV-CF-KNOWLEDGE_EXPANSION&lang=en","已经动态使用但被扫描误分类","EXISTING_COMPONENT_OR_CONTEXTUAL_DEEP_LINK","Static inventory did not resolve the dynamic family/subject owner.","Preserved admitted resolver and contextual route; requested artwork uses contain/intrinsic ratio instead of 16:9 cover cropping.","4","390 px; existing page, exact selected image decoded and displayed","English/zh-Hans interface; same accepted artwork, not a new translated image","Existing consumer expanded where applicable; print-media image remains visible. Full-book pagination is not certified by these image checks."
"VIS-CIV-CF-MARITIME_CIVILIZATION","COMPARISON_FAMILY","images/civilization-atlas/comparison/VIS-CIV-CF-MARITIME_CIVILIZATION.webp","793324","content/civilization-atlas/visuals/civilization-visual-owner-acceptance-2026-09-19.json","true","content/civilization-atlas/comparison/comparison-families-v1.json","content/civilization-atlas/comparison/comparison-families-v1.json","CURRENT_REGISTRY_ID_LOOKUP","families[MARITIME_CIVILIZATION]","true","Book V existing contextual visual deep link","/books/reality-differentiation/?visual=VIS-CIV-CF-MARITIME_CIVILIZATION&lang=en","已经动态使用但被扫描误分类","EXISTING_COMPONENT_OR_CONTEXTUAL_DEEP_LINK","Static inventory did not resolve the dynamic family/subject owner.","Preserved admitted resolver and contextual route; requested artwork uses contain/intrinsic ratio instead of 16:9 cover cropping.","4","390 px; existing page, exact selected image decoded and displayed","English/zh-Hans interface; same accepted artwork, not a new translated image","Existing consumer expanded where applicable; print-media image remains visible. Full-book pagination is not certified by these image checks."
"VIS-CIV-CF-POLYCENTRIC_CIVILIZATION","COMPARISON_FAMILY","images/civilization-atlas/comparison/VIS-CIV-CF-POLYCENTRIC_CIVILIZATION.webp","799784","content/civilization-atlas/visuals/civilization-visual-owner-acceptance-2026-09-19.json","true","content/civilization-atlas/comparison/comparison-families-v1.json","content/civilization-atlas/comparison/comparison-families-v1.json","CURRENT_REGISTRY_ID_LOOKUP","families[POLYCENTRIC_CIVILIZATION]","true","Book V existing contextual visual deep link","/books/reality-differentiation/?visual=VIS-CIV-CF-POLYCENTRIC_CIVILIZATION&lang=en","已经动态使用但被扫描误分类","EXISTING_COMPONENT_OR_CONTEXTUAL_DEEP_LINK","Static inventory did not resolve the dynamic family/subject owner.","Preserved admitted resolver and contextual route; requested artwork uses contain/intrinsic ratio instead of 16:9 cover cropping.","4","390 px; existing page, exact selected image decoded and displayed","English/zh-Hans interface; same accepted artwork, not a new translated image","Existing consumer expanded where applicable; print-media image remains visible. Full-book pagination is not certified by these image checks."
"VIS-CIV-FLAG-01","MODERN_FLAG","images/civilization-atlas/flags/VIS-CIV-FLAG-01.webp","117074","content/civilization-atlas/visuals/civilization-visual-owner-acceptance-2026-09-19.json","true","BOOK-V-CIV-ATLAS-R1-M1-W4C-CANONICAL-v1.0.0","","W4C_PLANNING_METADATA_ONLY_NO_CURRENT_NATIVE_CONTENT_OBJECT","modernFlags[01]","false","Book V existing contextual visual deep link","/books/reality-differentiation/?visual=VIS-CIV-FLAG-01&lang=en","批准保留、尚无当前常规展示用途","APPROVED_CONTEXTUAL_DEEP_LINK_ONLY_NO_NEW_DEFAULT_PLACEMENT","Static inventory did not resolve the dynamic family/subject owner.","Preserved admitted resolver and contextual route; requested artwork uses contain/intrinsic ratio instead of 16:9 cover cropping.","4","390 px; existing page, exact selected image decoded and displayed","English/zh-Hans interface; same accepted artwork, not a new translated image","Existing consumer expanded where applicable; print-media image remains visible. Full-book pagination is not certified by these image checks."
"VIS-CIV-FLAG-02","MODERN_FLAG","images/civilization-atlas/flags/VIS-CIV-FLAG-02.webp","47622","content/civilization-atlas/visuals/civilization-visual-owner-acceptance-2026-09-19.json","true","BOOK-V-CIV-ATLAS-R1-M1-W4C-CANONICAL-v1.0.0","","W4C_PLANNING_METADATA_ONLY_NO_CURRENT_NATIVE_CONTENT_OBJECT","modernFlags[02]","false","Book V existing contextual visual deep link","/books/reality-differentiation/?visual=VIS-CIV-FLAG-02&lang=en","批准保留、尚无当前常规展示用途","APPROVED_CONTEXTUAL_DEEP_LINK_ONLY_NO_NEW_DEFAULT_PLACEMENT","Static inventory did not resolve the dynamic family/subject owner.","Preserved admitted resolver and contextual route; requested artwork uses contain/intrinsic ratio instead of 16:9 cover cropping.","4","390 px; existing page, exact selected image decoded and displayed","English/zh-Hans interface; same accepted artwork, not a new translated image","Existing consumer expanded where applicable; print-media image remains visible. Full-book pagination is not certified by these image checks."
"VIS-CIV-FLAG-03","MODERN_FLAG","images/civilization-atlas/flags/VIS-CIV-FLAG-03.webp","35908","content/civilization-atlas/visuals/civilization-visual-owner-acceptance-2026-09-19.json","true","BOOK-V-CIV-ATLAS-R1-M1-W4C-CANONICAL-v1.0.0","","W4C_PLANNING_METADATA_ONLY_NO_CURRENT_NATIVE_CONTENT_OBJECT","modernFlags[03]","false","Book V existing contextual visual deep link","/books/reality-differentiation/?visual=VIS-CIV-FLAG-03&lang=en","批准保留、尚无当前常规展示用途","APPROVED_CONTEXTUAL_DEEP_LINK_ONLY_NO_NEW_DEFAULT_PLACEMENT","Static inventory did not resolve the dynamic family/subject owner.","Preserved admitted resolver and contextual route; requested artwork uses contain/intrinsic ratio instead of 16:9 cover cropping.","4","390 px; existing page, exact selected image decoded and displayed","English/zh-Hans interface; same accepted artwork, not a new translated image","Existing consumer expanded where applicable; print-media image remains visible. Full-book pagination is not certified by these image checks."
"VIS-CIV-FLAG-04","MODERN_FLAG","images/civilization-atlas/flags/VIS-CIV-FLAG-04.webp","16926","content/civilization-atlas/visuals/civilization-visual-owner-acceptance-2026-09-19.json","true","BOOK-V-CIV-ATLAS-R1-M1-W4C-CANONICAL-v1.0.0","","W4C_PLANNING_METADATA_ONLY_NO_CURRENT_NATIVE_CONTENT_OBJECT","modernFlags[04]","false","Book V existing contextual visual deep link","/books/reality-differentiation/?visual=VIS-CIV-FLAG-04&lang=en","批准保留、尚无当前常规展示用途","APPROVED_CONTEXTUAL_DEEP_LINK_ONLY_NO_NEW_DEFAULT_PLACEMENT","Static inventory did not resolve the dynamic family/subject owner.","Preserved admitted resolver and contextual route; requested artwork uses contain/intrinsic ratio instead of 16:9 cover cropping.","4","390 px; existing page, exact selected image decoded and displayed","English/zh-Hans interface; same accepted artwork, not a new translated image","Existing consumer expanded where applicable; print-media image remains visible. Full-book pagination is not certified by these image checks."
"VIS-CIV-FLAG-05","MODERN_FLAG","images/civilization-atlas/flags/VIS-CIV-FLAG-05.webp","454600","content/civilization-atlas/visuals/civilization-visual-owner-acceptance-2026-09-19.json","true","BOOK-V-CIV-ATLAS-R1-M1-W4C-CANONICAL-v1.0.0","","W4C_PLANNING_METADATA_ONLY_NO_CURRENT_NATIVE_CONTENT_OBJECT","modernFlags[05]","false","Book V existing contextual visual deep link","/books/reality-differentiation/?visual=VIS-CIV-FLAG-05&lang=en","批准保留、尚无当前常规展示用途","APPROVED_CONTEXTUAL_DEEP_LINK_ONLY_NO_NEW_DEFAULT_PLACEMENT","Static inventory did not resolve the dynamic family/subject owner.","Preserved admitted resolver and contextual route; requested artwork uses contain/intrinsic ratio instead of 16:9 cover cropping.","4","390 px; existing page, exact selected image decoded and displayed","English/zh-Hans interface; same accepted artwork, not a new translated image","Existing consumer expanded where applicable; print-media image remains visible. Full-book pagination is not certified by these image checks."
"VIS-CIV-FLAG-06","MODERN_FLAG","images/civilization-atlas/flags/VIS-CIV-FLAG-06.webp","19030","content/civilization-atlas/visuals/civilization-visual-owner-acceptance-2026-09-19.json","true","BOOK-V-CIV-ATLAS-R1-M1-W4C-CANONICAL-v1.0.0","","W4C_PLANNING_METADATA_ONLY_NO_CURRENT_NATIVE_CONTENT_OBJECT","modernFlags[06]","false","Book V existing contextual visual deep link","/books/reality-differentiation/?visual=VIS-CIV-FLAG-06&lang=en","批准保留、尚无当前常规展示用途","APPROVED_CONTEXTUAL_DEEP_LINK_ONLY_NO_NEW_DEFAULT_PLACEMENT","Static inventory did not resolve the dynamic family/subject owner.","Preserved admitted resolver and contextual route; requested artwork uses contain/intrinsic ratio instead of 16:9 cover cropping.","4","390 px; existing page, exact selected image decoded and displayed","English/zh-Hans interface; same accepted artwork, not a new translated image","Existing consumer expanded where applicable; print-media image remains visible. Full-book pagination is not certified by these image checks."
"VIS-CIV-FLAG-07","MODERN_FLAG","images/civilization-atlas/flags/VIS-CIV-FLAG-07.webp","7390","content/civilization-atlas/visuals/civilization-visual-owner-acceptance-2026-09-19.json","true","BOOK-V-CIV-ATLAS-R1-M1-W4C-CANONICAL-v1.0.0","","W4C_PLANNING_METADATA_ONLY_NO_CURRENT_NATIVE_CONTENT_OBJECT","modernFlags[07]","false","Book V existing contextual visual deep link","/books/reality-differentiation/?visual=VIS-CIV-FLAG-07&lang=en","批准保留、尚无当前常规展示用途","APPROVED_CONTEXTUAL_DEEP_LINK_ONLY_NO_NEW_DEFAULT_PLACEMENT","Static inventory did not resolve the dynamic family/subject owner.","Preserved admitted resolver and contextual route; requested artwork uses contain/intrinsic ratio instead of 16:9 cover cropping.","4","390 px; existing page, exact selected image decoded and displayed","English/zh-Hans interface; same accepted artwork, not a new translated image","Existing consumer expanded where applicable; print-media image remains visible. Full-book pagination is not certified by these image checks."
"VIS-CIV-FLAG-08","MODERN_FLAG","images/civilization-atlas/flags/VIS-CIV-FLAG-08.webp","70694","content/civilization-atlas/visuals/civilization-visual-owner-acceptance-2026-09-19.json","true","BOOK-V-CIV-ATLAS-R1-M1-W4C-CANONICAL-v1.0.0","","W4C_PLANNING_METADATA_ONLY_NO_CURRENT_NATIVE_CONTENT_OBJECT","modernFlags[08]","false","Book V existing contextual visual deep link","/books/reality-differentiation/?visual=VIS-CIV-FLAG-08&lang=en","批准保留、尚无当前常规展示用途","APPROVED_CONTEXTUAL_DEEP_LINK_ONLY_NO_NEW_DEFAULT_PLACEMENT","Static inventory did not resolve the dynamic family/subject owner.","Preserved admitted resolver and contextual route; requested artwork uses contain/intrinsic ratio instead of 16:9 cover cropping.","4","390 px; existing page, exact selected image decoded and displayed","English/zh-Hans interface; same accepted artwork, not a new translated image","Existing consumer expanded where applicable; print-media image remains visible. Full-book pagination is not certified by these image checks."
"VIS-CIV-FLAG-09","MODERN_FLAG","images/civilization-atlas/flags/VIS-CIV-FLAG-09.webp","79432","content/civilization-atlas/visuals/civilization-visual-owner-acceptance-2026-09-19.json","true","BOOK-V-CIV-ATLAS-R1-M1-W4C-CANONICAL-v1.0.0","","W4C_PLANNING_METADATA_ONLY_NO_CURRENT_NATIVE_CONTENT_OBJECT","modernFlags[09]","false","Book V existing contextual visual deep link","/books/reality-differentiation/?visual=VIS-CIV-FLAG-09&lang=en","批准保留、尚无当前常规展示用途","APPROVED_CONTEXTUAL_DEEP_LINK_ONLY_NO_NEW_DEFAULT_PLACEMENT","Static inventory did not resolve the dynamic family/subject owner.","Preserved admitted resolver and contextual route; requested artwork uses contain/intrinsic ratio instead of 16:9 cover cropping.","4","390 px; existing page, exact selected image decoded and displayed","English/zh-Hans interface; same accepted artwork, not a new translated image","Existing consumer expanded where applicable; print-media image remains visible. Full-book pagination is not certified by these image checks."
"VIS-CIV-FLAG-10","MODERN_FLAG","images/civilization-atlas/flags/VIS-CIV-FLAG-10.webp","14732","content/civilization-atlas/visuals/civilization-visual-owner-acceptance-2026-09-19.json","true","BOOK-V-CIV-ATLAS-R1-M1-W4C-CANONICAL-v1.0.0","","W4C_PLANNING_METADATA_ONLY_NO_CURRENT_NATIVE_CONTENT_OBJECT","modernFlags[10]","false","Book V existing contextual visual deep link","/books/reality-differentiation/?visual=VIS-CIV-FLAG-10&lang=en","批准保留、尚无当前常规展示用途","APPROVED_CONTEXTUAL_DEEP_LINK_ONLY_NO_NEW_DEFAULT_PLACEMENT","Static inventory did not resolve the dynamic family/subject owner.","Preserved admitted resolver and contextual route; requested artwork uses contain/intrinsic ratio instead of 16:9 cover cropping.","4","390 px; existing page, exact selected image decoded and displayed","English/zh-Hans interface; same accepted artwork, not a new translated image","Existing consumer expanded where applicable; print-media image remains visible. Full-book pagination is not certified by these image checks."
"VIS-CIV-FLAG-11","MODERN_FLAG","images/civilization-atlas/flags/VIS-CIV-FLAG-11.webp","214584","content/civilization-atlas/visuals/civilization-visual-owner-acceptance-2026-09-19.json","true","BOOK-V-CIV-ATLAS-R1-M1-W4C-CANONICAL-v1.0.0","","W4C_PLANNING_METADATA_ONLY_NO_CURRENT_NATIVE_CONTENT_OBJECT","modernFlags[11]","false","Book V existing contextual visual deep link","/books/reality-differentiation/?visual=VIS-CIV-FLAG-11&lang=en","批准保留、尚无当前常规展示用途","APPROVED_CONTEXTUAL_DEEP_LINK_ONLY_NO_NEW_DEFAULT_PLACEMENT","Static inventory did not resolve the dynamic family/subject owner.","Preserved admitted resolver and contextual route; requested artwork uses contain/intrinsic ratio instead of 16:9 cover cropping.","4","390 px; existing page, exact selected image decoded and displayed","English/zh-Hans interface; same accepted artwork, not a new translated image","Existing consumer expanded where applicable; print-media image remains visible. Full-book pagination is not certified by these image checks."
"VIS-CIV-FLAG-12","MODERN_FLAG","images/civilization-atlas/flags/VIS-CIV-FLAG-12.webp","15578","content/civilization-atlas/visuals/civilization-visual-owner-acceptance-2026-09-19.json","true","BOOK-V-CIV-ATLAS-R1-M1-W4C-CANONICAL-v1.0.0","","W4C_PLANNING_METADATA_ONLY_NO_CURRENT_NATIVE_CONTENT_OBJECT","modernFlags[12]","false","Book V existing contextual visual deep link","/books/reality-differentiation/?visual=VIS-CIV-FLAG-12&lang=en","批准保留、尚无当前常规展示用途","APPROVED_CONTEXTUAL_DEEP_LINK_ONLY_NO_NEW_DEFAULT_PLACEMENT","Static inventory did not resolve the dynamic family/subject owner.","Preserved admitted resolver and contextual route; requested artwork uses contain/intrinsic ratio instead of 16:9 cover cropping.","4","390 px; existing page, exact selected image decoded and displayed","English/zh-Hans interface; same accepted artwork, not a new translated image","Existing consumer expanded where applicable; print-media image remains visible. Full-book pagination is not certified by these image checks."
"VIS-CIV-FLAG-13","MODERN_FLAG","images/civilization-atlas/flags/VIS-CIV-FLAG-13.webp","2734","content/civilization-atlas/visuals/civilization-visual-owner-acceptance-2026-09-19.json","true","BOOK-V-CIV-ATLAS-R1-M1-W4C-CANONICAL-v1.0.0","","W4C_PLANNING_METADATA_ONLY_NO_CURRENT_NATIVE_CONTENT_OBJECT","modernFlags[13]","false","Book V existing contextual visual deep link","/books/reality-differentiation/?visual=VIS-CIV-FLAG-13&lang=en","批准保留、尚无当前常规展示用途","APPROVED_CONTEXTUAL_DEEP_LINK_ONLY_NO_NEW_DEFAULT_PLACEMENT","Static inventory did not resolve the dynamic family/subject owner.","Preserved admitted resolver and contextual route; requested artwork uses contain/intrinsic ratio instead of 16:9 cover cropping.","4","390 px; existing page, exact selected image decoded and displayed","English/zh-Hans interface; same accepted artwork, not a new translated image","Existing consumer expanded where applicable; print-media image remains visible. Full-book pagination is not certified by these image checks."
"VIS-CIV-FLAG-14","MODERN_FLAG","images/civilization-atlas/flags/VIS-CIV-FLAG-14.webp","176422","content/civilization-atlas/visuals/civilization-visual-owner-acceptance-2026-09-19.json","true","BOOK-V-CIV-ATLAS-R1-M1-W4C-CANONICAL-v1.0.0","","W4C_PLANNING_METADATA_ONLY_NO_CURRENT_NATIVE_CONTENT_OBJECT","modernFlags[14]","false","Book V existing contextual visual deep link","/books/reality-differentiation/?visual=VIS-CIV-FLAG-14&lang=en","批准保留、尚无当前常规展示用途","APPROVED_CONTEXTUAL_DEEP_LINK_ONLY_NO_NEW_DEFAULT_PLACEMENT","Static inventory did not resolve the dynamic family/subject owner.","Preserved admitted resolver and contextual route; requested artwork uses contain/intrinsic ratio instead of 16:9 cover cropping.","4","390 px; existing page, exact selected image decoded and displayed","English/zh-Hans interface; same accepted artwork, not a new translated image","Existing consumer expanded where applicable; print-media image remains visible. Full-book pagination is not certified by these image checks."
"VIS-CIV-FLAG-15","MODERN_FLAG","images/civilization-atlas/flags/VIS-CIV-FLAG-15.webp","20884","content/civilization-atlas/visuals/civilization-visual-owner-acceptance-2026-09-19.json","true","BOOK-V-CIV-ATLAS-R1-M1-W4C-CANONICAL-v1.0.0","","W4C_PLANNING_METADATA_ONLY_NO_CURRENT_NATIVE_CONTENT_OBJECT","modernFlags[15]","false","Book V existing contextual visual deep link","/books/reality-differentiation/?visual=VIS-CIV-FLAG-15&lang=en","批准保留、尚无当前常规展示用途","APPROVED_CONTEXTUAL_DEEP_LINK_ONLY_NO_NEW_DEFAULT_PLACEMENT","Static inventory did not resolve the dynamic family/subject owner.","Preserved admitted resolver and contextual route; requested artwork uses contain/intrinsic ratio instead of 16:9 cover cropping.","4","390 px; existing page, exact selected image decoded and displayed","English/zh-Hans interface; same accepted artwork, not a new translated image","Existing consumer expanded where applicable; print-media image remains visible. Full-book pagination is not certified by these image checks."
"VIS-CIV-FLAG-16","MODERN_FLAG","images/civilization-atlas/flags/VIS-CIV-FLAG-16.webp","24614","content/civilization-atlas/visuals/civilization-visual-owner-acceptance-2026-09-19.json","true","BOOK-V-CIV-ATLAS-R1-M1-W4C-CANONICAL-v1.0.0","","W4C_PLANNING_METADATA_ONLY_NO_CURRENT_NATIVE_CONTENT_OBJECT","modernFlags[16]","false","Book V existing contextual visual deep link","/books/reality-differentiation/?visual=VIS-CIV-FLAG-16&lang=en","批准保留、尚无当前常规展示用途","APPROVED_CONTEXTUAL_DEEP_LINK_ONLY_NO_NEW_DEFAULT_PLACEMENT","Static inventory did not resolve the dynamic family/subject owner.","Preserved admitted resolver and contextual route; requested artwork uses contain/intrinsic ratio instead of 16:9 cover cropping.","4","390 px; existing page, exact selected image decoded and displayed","English/zh-Hans interface; same accepted artwork, not a new translated image","Existing consumer expanded where applicable; print-media image remains visible. Full-book pagination is not certified by these image checks."
"VIS-CIV-FLAG-17","MODERN_FLAG","images/civilization-atlas/flags/VIS-CIV-FLAG-17.webp","77836","content/civilization-atlas/visuals/civilization-visual-owner-acceptance-2026-09-19.json","true","BOOK-V-CIV-ATLAS-R1-M1-W4C-CANONICAL-v1.0.0","","W4C_PLANNING_METADATA_ONLY_NO_CURRENT_NATIVE_CONTENT_OBJECT","modernFlags[17]","false","Book V existing contextual visual deep link","/books/reality-differentiation/?visual=VIS-CIV-FLAG-17&lang=en","批准保留、尚无当前常规展示用途","APPROVED_CONTEXTUAL_DEEP_LINK_ONLY_NO_NEW_DEFAULT_PLACEMENT","Static inventory did not resolve the dynamic family/subject owner.","Preserved admitted resolver and contextual route; requested artwork uses contain/intrinsic ratio instead of 16:9 cover cropping.","4","390 px; existing page, exact selected image decoded and displayed","English/zh-Hans interface; same accepted artwork, not a new translated image","Existing consumer expanded where applicable; print-media image remains visible. Full-book pagination is not certified by these image checks."
"VIS-CIV-FLAG-18","MODERN_FLAG","images/civilization-atlas/flags/VIS-CIV-FLAG-18.webp","2826","content/civilization-atlas/visuals/civilization-visual-owner-acceptance-2026-09-19.json","true","BOOK-V-CIV-ATLAS-R1-M1-W4C-CANONICAL-v1.0.0","","W4C_PLANNING_METADATA_ONLY_NO_CURRENT_NATIVE_CONTENT_OBJECT","modernFlags[18]","false","Book V existing contextual visual deep link","/books/reality-differentiation/?visual=VIS-CIV-FLAG-18&lang=en","批准保留、尚无当前常规展示用途","APPROVED_CONTEXTUAL_DEEP_LINK_ONLY_NO_NEW_DEFAULT_PLACEMENT","Static inventory did not resolve the dynamic family/subject owner.","Preserved admitted resolver and contextual route; requested artwork uses contain/intrinsic ratio instead of 16:9 cover cropping.","4","390 px; existing page, exact selected image decoded and displayed","English/zh-Hans interface; same accepted artwork, not a new translated image","Existing consumer expanded where applicable; print-media image remains visible. Full-book pagination is not certified by these image checks."
"VIS-CIV-FLAG-19","MODERN_FLAG","images/civilization-atlas/flags/VIS-CIV-FLAG-19.webp","30074","content/civilization-atlas/visuals/civilization-visual-owner-acceptance-2026-09-19.json","true","BOOK-V-CIV-ATLAS-R1-M1-W4C-CANONICAL-v1.0.0","","W4C_PLANNING_METADATA_ONLY_NO_CURRENT_NATIVE_CONTENT_OBJECT","modernFlags[19]","false","Book V existing contextual visual deep link","/books/reality-differentiation/?visual=VIS-CIV-FLAG-19&lang=en","批准保留、尚无当前常规展示用途","APPROVED_CONTEXTUAL_DEEP_LINK_ONLY_NO_NEW_DEFAULT_PLACEMENT","Static inventory did not resolve the dynamic family/subject owner.","Preserved admitted resolver and contextual route; requested artwork uses contain/intrinsic ratio instead of 16:9 cover cropping.","4","390 px; existing page, exact selected image decoded and displayed","English/zh-Hans interface; same accepted artwork, not a new translated image","Existing consumer expanded where applicable; print-media image remains visible. Full-book pagination is not certified by these image checks."
"VIS-CIV-FLAG-20","MODERN_FLAG","images/civilization-atlas/flags/VIS-CIV-FLAG-20.webp","884","content/civilization-atlas/visuals/civilization-visual-owner-acceptance-2026-09-19.json","true","BOOK-V-CIV-ATLAS-R1-M1-W4C-CANONICAL-v1.0.0","","W4C_PLANNING_METADATA_ONLY_NO_CURRENT_NATIVE_CONTENT_OBJECT","modernFlags[20]","false","Book V existing contextual visual deep link","/books/reality-differentiation/?visual=VIS-CIV-FLAG-20&lang=en","批准保留、尚无当前常规展示用途","APPROVED_CONTEXTUAL_DEEP_LINK_ONLY_NO_NEW_DEFAULT_PLACEMENT","Static inventory did not resolve the dynamic family/subject owner.","Preserved admitted resolver and contextual route; requested artwork uses contain/intrinsic ratio instead of 16:9 cover cropping.","4","390 px; existing page, exact selected image decoded and displayed","English/zh-Hans interface; same accepted artwork, not a new translated image","Existing consumer expanded where applicable; print-media image remains visible. Full-book pagination is not certified by these image checks."
"VIS-CIV-FLAG-21","MODERN_FLAG","images/civilization-atlas/flags/VIS-CIV-FLAG-21.webp","55064","content/civilization-atlas/visuals/civilization-visual-owner-acceptance-2026-09-19.json","true","BOOK-V-CIV-ATLAS-R1-M1-W4C-CANONICAL-v1.0.0","","W4C_PLANNING_METADATA_ONLY_NO_CURRENT_NATIVE_CONTENT_OBJECT","modernFlags[21]","false","Book V existing contextual visual deep link","/books/reality-differentiation/?visual=VIS-CIV-FLAG-21&lang=en","批准保留、尚无当前常规展示用途","APPROVED_CONTEXTUAL_DEEP_LINK_ONLY_NO_NEW_DEFAULT_PLACEMENT","Static inventory did not resolve the dynamic family/subject owner.","Preserved admitted resolver and contextual route; requested artwork uses contain/intrinsic ratio instead of 16:9 cover cropping.","4","390 px; existing page, exact selected image decoded and displayed","English/zh-Hans interface; same accepted artwork, not a new translated image","Existing consumer expanded where applicable; print-media image remains visible. Full-book pagination is not certified by these image checks."
"VIS-CIV-FLAG-22","MODERN_FLAG","images/civilization-atlas/flags/VIS-CIV-FLAG-22.webp","348212","content/civilization-atlas/visuals/civilization-visual-owner-acceptance-2026-09-19.json","true","BOOK-V-CIV-ATLAS-R1-M1-W4C-CANONICAL-v1.0.0","","W4C_PLANNING_METADATA_ONLY_NO_CURRENT_NATIVE_CONTENT_OBJECT","modernFlags[22]","false","Book V existing contextual visual deep link","/books/reality-differentiation/?visual=VIS-CIV-FLAG-22&lang=en","批准保留、尚无当前常规展示用途","APPROVED_CONTEXTUAL_DEEP_LINK_ONLY_NO_NEW_DEFAULT_PLACEMENT","Static inventory did not resolve the dynamic family/subject owner.","Preserved admitted resolver and contextual route; requested artwork uses contain/intrinsic ratio instead of 16:9 cover cropping.","4","390 px; existing page, exact selected image decoded and displayed","English/zh-Hans interface; same accepted artwork, not a new translated image","Existing consumer expanded where applicable; print-media image remains visible. Full-book pagination is not certified by these image checks."
"VIS-CIV-FLAG-23","MODERN_FLAG","images/civilization-atlas/flags/VIS-CIV-FLAG-23.webp","76146","content/civilization-atlas/visuals/civilization-visual-owner-acceptance-2026-09-19.json","true","BOOK-V-CIV-ATLAS-R1-M1-W4C-CANONICAL-v1.0.0","","W4C_PLANNING_METADATA_ONLY_NO_CURRENT_NATIVE_CONTENT_OBJECT","modernFlags[23]","false","Book V existing contextual visual deep link","/books/reality-differentiation/?visual=VIS-CIV-FLAG-23&lang=en","批准保留、尚无当前常规展示用途","APPROVED_CONTEXTUAL_DEEP_LINK_ONLY_NO_NEW_DEFAULT_PLACEMENT","Static inventory did not resolve the dynamic family/subject owner.","Preserved admitted resolver and contextual route; requested artwork uses contain/intrinsic ratio instead of 16:9 cover cropping.","4","390 px; existing page, exact selected image decoded and displayed","English/zh-Hans interface; same accepted artwork, not a new translated image","Existing consumer expanded where applicable; print-media image remains visible. Full-book pagination is not certified by these image checks."
"VIS-CIV-FLAG-24","MODERN_FLAG","images/civilization-atlas/flags/VIS-CIV-FLAG-24.webp","822","content/civilization-atlas/visuals/civilization-visual-owner-acceptance-2026-09-19.json","true","BOOK-V-CIV-ATLAS-R1-M1-W4C-CANONICAL-v1.0.0","","W4C_PLANNING_METADATA_ONLY_NO_CURRENT_NATIVE_CONTENT_OBJECT","modernFlags[24]","false","Book V existing contextual visual deep link","/books/reality-differentiation/?visual=VIS-CIV-FLAG-24&lang=en","批准保留、尚无当前常规展示用途","APPROVED_CONTEXTUAL_DEEP_LINK_ONLY_NO_NEW_DEFAULT_PLACEMENT","Static inventory did not resolve the dynamic family/subject owner.","Preserved admitted resolver and contextual route; requested artwork uses contain/intrinsic ratio instead of 16:9 cover cropping.","4","390 px; existing page, exact selected image decoded and displayed","English/zh-Hans interface; same accepted artwork, not a new translated image","Existing consumer expanded where applicable; print-media image remains visible. Full-book pagination is not certified by these image checks."
"VIS-CIV-HF-01","HISTORICAL_FIGURE","images/civilization-atlas/historical-figures/VIS-CIV-HF-01.webp","354092","content/civilization-atlas/visuals/civilization-visual-owner-acceptance-2026-09-19.json","true","BOOK-V-CIV-ATLAS-R1-M1-W4C-CANONICAL-v1.0.0","","W4C_PLANNING_METADATA_ONLY_NO_CURRENT_NATIVE_CONTENT_OBJECT","historicalFigures[01]","false","Book V existing contextual visual deep link","/books/reality-differentiation/?visual=VIS-CIV-HF-01&lang=en","批准保留、尚无当前常规展示用途","APPROVED_CONTEXTUAL_DEEP_LINK_ONLY_NO_NEW_DEFAULT_PLACEMENT","Static inventory did not resolve the dynamic family/subject owner.","Preserved admitted resolver and contextual route; requested artwork uses contain/intrinsic ratio instead of 16:9 cover cropping.","4","390 px; existing page, exact selected image decoded and displayed","English/zh-Hans interface; same accepted artwork, not a new translated image","Existing consumer expanded where applicable; print-media image remains visible. Full-book pagination is not certified by these image checks."
"VIS-CIV-HF-02","HISTORICAL_FIGURE","images/civilization-atlas/historical-figures/VIS-CIV-HF-02.webp","5694","content/civilization-atlas/visuals/civilization-visual-owner-acceptance-2026-09-19.json","true","BOOK-V-CIV-ATLAS-R1-M1-W4C-CANONICAL-v1.0.0","","W4C_PLANNING_METADATA_ONLY_NO_CURRENT_NATIVE_CONTENT_OBJECT","historicalFigures[02]","false","Book V existing contextual visual deep link","/books/reality-differentiation/?visual=VIS-CIV-HF-02&lang=en","批准保留、尚无当前常规展示用途","APPROVED_CONTEXTUAL_DEEP_LINK_ONLY_NO_NEW_DEFAULT_PLACEMENT","Static inventory did not resolve the dynamic family/subject owner.","Preserved admitted resolver and contextual route; requested artwork uses contain/intrinsic ratio instead of 16:9 cover cropping.","4","390 px; existing page, exact selected image decoded and displayed","English/zh-Hans interface; same accepted artwork, not a new translated image","Existing consumer expanded where applicable; print-media image remains visible. Full-book pagination is not certified by these image checks."
"VIS-CIV-HF-03","HISTORICAL_FIGURE","images/civilization-atlas/historical-figures/VIS-CIV-HF-03.webp","10518","content/civilization-atlas/visuals/civilization-visual-owner-acceptance-2026-09-19.json","true","BOOK-V-CIV-ATLAS-R1-M1-W4C-CANONICAL-v1.0.0","","W4C_PLANNING_METADATA_ONLY_NO_CURRENT_NATIVE_CONTENT_OBJECT","historicalFigures[03]","false","Book V existing contextual visual deep link","/books/reality-differentiation/?visual=VIS-CIV-HF-03&lang=en","批准保留、尚无当前常规展示用途","APPROVED_CONTEXTUAL_DEEP_LINK_ONLY_NO_NEW_DEFAULT_PLACEMENT","Static inventory did not resolve the dynamic family/subject owner.","Preserved admitted resolver and contextual route; requested artwork uses contain/intrinsic ratio instead of 16:9 cover cropping.","4","390 px; existing page, exact selected image decoded and displayed","English/zh-Hans interface; same accepted artwork, not a new translated image","Existing consumer expanded where applicable; print-media image remains visible. Full-book pagination is not certified by these image checks."
"VIS-CIV-HF-04","HISTORICAL_FIGURE","images/civilization-atlas/historical-figures/VIS-CIV-HF-04.webp","151642","content/civilization-atlas/visuals/civilization-visual-owner-acceptance-2026-09-19.json","true","BOOK-V-CIV-ATLAS-R1-M1-W4C-CANONICAL-v1.0.0","","W4C_PLANNING_METADATA_ONLY_NO_CURRENT_NATIVE_CONTENT_OBJECT","historicalFigures[04]","false","Book V existing contextual visual deep link","/books/reality-differentiation/?visual=VIS-CIV-HF-04&lang=en","批准保留、尚无当前常规展示用途","APPROVED_CONTEXTUAL_DEEP_LINK_ONLY_NO_NEW_DEFAULT_PLACEMENT","Static inventory did not resolve the dynamic family/subject owner.","Preserved admitted resolver and contextual route; requested artwork uses contain/intrinsic ratio instead of 16:9 cover cropping.","4","390 px; existing page, exact selected image decoded and displayed","English/zh-Hans interface; same accepted artwork, not a new translated image","Existing consumer expanded where applicable; print-media image remains visible. Full-book pagination is not certified by these image checks."
"VIS-CIV-HF-05","HISTORICAL_FIGURE","images/civilization-atlas/historical-figures/VIS-CIV-HF-05.webp","132996","content/civilization-atlas/visuals/civilization-visual-owner-acceptance-2026-09-19.json","true","BOOK-V-CIV-ATLAS-R1-M1-W4C-CANONICAL-v1.0.0","","W4C_PLANNING_METADATA_ONLY_NO_CURRENT_NATIVE_CONTENT_OBJECT","historicalFigures[05]","false","Book V existing contextual visual deep link","/books/reality-differentiation/?visual=VIS-CIV-HF-05&lang=en","批准保留、尚无当前常规展示用途","APPROVED_CONTEXTUAL_DEEP_LINK_ONLY_NO_NEW_DEFAULT_PLACEMENT","Static inventory did not resolve the dynamic family/subject owner.","Preserved admitted resolver and contextual route; requested artwork uses contain/intrinsic ratio instead of 16:9 cover cropping.","4","390 px; existing page, exact selected image decoded and displayed","English/zh-Hans interface; same accepted artwork, not a new translated image","Existing consumer expanded where applicable; print-media image remains visible. Full-book pagination is not certified by these image checks."
"VIS-CIV-HF-06","HISTORICAL_FIGURE","images/civilization-atlas/historical-figures/VIS-CIV-HF-06.webp","7234","content/civilization-atlas/visuals/civilization-visual-owner-acceptance-2026-09-19.json","true","BOOK-V-CIV-ATLAS-R1-M1-W4C-CANONICAL-v1.0.0","","W4C_PLANNING_METADATA_ONLY_NO_CURRENT_NATIVE_CONTENT_OBJECT","historicalFigures[06]","false","Book V existing contextual visual deep link","/books/reality-differentiation/?visual=VIS-CIV-HF-06&lang=en","批准保留、尚无当前常规展示用途","APPROVED_CONTEXTUAL_DEEP_LINK_ONLY_NO_NEW_DEFAULT_PLACEMENT","Static inventory did not resolve the dynamic family/subject owner.","Preserved admitted resolver and contextual route; requested artwork uses contain/intrinsic ratio instead of 16:9 cover cropping.","4","390 px; existing page, exact selected image decoded and displayed","English/zh-Hans interface; same accepted artwork, not a new translated image","Existing consumer expanded where applicable; print-media image remains visible. Full-book pagination is not certified by these image checks."
"VIS-CIV-HF-07","HISTORICAL_FIGURE","images/civilization-atlas/historical-figures/VIS-CIV-HF-07.webp","24426","content/civilization-atlas/visuals/civilization-visual-owner-acceptance-2026-09-19.json","true","BOOK-V-CIV-ATLAS-R1-M1-W4C-CANONICAL-v1.0.0","","W4C_PLANNING_METADATA_ONLY_NO_CURRENT_NATIVE_CONTENT_OBJECT","historicalFigures[07]","false","Book V existing contextual visual deep link","/books/reality-differentiation/?visual=VIS-CIV-HF-07&lang=en","批准保留、尚无当前常规展示用途","APPROVED_CONTEXTUAL_DEEP_LINK_ONLY_NO_NEW_DEFAULT_PLACEMENT","Static inventory did not resolve the dynamic family/subject owner.","Preserved admitted resolver and contextual route; requested artwork uses contain/intrinsic ratio instead of 16:9 cover cropping.","4","390 px; existing page, exact selected image decoded and displayed","English/zh-Hans interface; same accepted artwork, not a new translated image","Existing consumer expanded where applicable; print-media image remains visible. Full-book pagination is not certified by these image checks."
"VIS-CIV-HF-08","HISTORICAL_FIGURE","images/civilization-atlas/historical-figures/VIS-CIV-HF-08.webp","24500","content/civilization-atlas/visuals/civilization-visual-owner-acceptance-2026-09-19.json","true","BOOK-V-CIV-ATLAS-R1-M1-W4C-CANONICAL-v1.0.0","","W4C_PLANNING_METADATA_ONLY_NO_CURRENT_NATIVE_CONTENT_OBJECT","historicalFigures[08]","false","Book V existing contextual visual deep link","/books/reality-differentiation/?visual=VIS-CIV-HF-08&lang=en","批准保留、尚无当前常规展示用途","APPROVED_CONTEXTUAL_DEEP_LINK_ONLY_NO_NEW_DEFAULT_PLACEMENT","Static inventory did not resolve the dynamic family/subject owner.","Preserved admitted resolver and contextual route; requested artwork uses contain/intrinsic ratio instead of 16:9 cover cropping.","4","390 px; existing page, exact selected image decoded and displayed","English/zh-Hans interface; same accepted artwork, not a new translated image","Existing consumer expanded where applicable; print-media image remains visible. Full-book pagination is not certified by these image checks."
"VIS-CIV-HF-09","HISTORICAL_FIGURE","images/civilization-atlas/historical-figures/VIS-CIV-HF-09.webp","9368","content/civilization-atlas/visuals/civilization-visual-owner-acceptance-2026-09-19.json","true","BOOK-V-CIV-ATLAS-R1-M1-W4C-CANONICAL-v1.0.0","","W4C_PLANNING_METADATA_ONLY_NO_CURRENT_NATIVE_CONTENT_OBJECT","historicalFigures[09]","false","Book V existing contextual visual deep link","/books/reality-differentiation/?visual=VIS-CIV-HF-09&lang=en","批准保留、尚无当前常规展示用途","APPROVED_CONTEXTUAL_DEEP_LINK_ONLY_NO_NEW_DEFAULT_PLACEMENT","Static inventory did not resolve the dynamic family/subject owner.","Preserved admitted resolver and contextual route; requested artwork uses contain/intrinsic ratio instead of 16:9 cover cropping.","4","390 px; existing page, exact selected image decoded and displayed","English/zh-Hans interface; same accepted artwork, not a new translated image","Existing consumer expanded where applicable; print-media image remains visible. Full-book pagination is not certified by these image checks."
"VIS-CIV-HF-10","HISTORICAL_FIGURE","images/civilization-atlas/historical-figures/VIS-CIV-HF-10.webp","6748","content/civilization-atlas/visuals/civilization-visual-owner-acceptance-2026-09-19.json","true","BOOK-V-CIV-ATLAS-R1-M1-W4C-CANONICAL-v1.0.0","","W4C_PLANNING_METADATA_ONLY_NO_CURRENT_NATIVE_CONTENT_OBJECT","historicalFigures[10]","false","Book V existing contextual visual deep link","/books/reality-differentiation/?visual=VIS-CIV-HF-10&lang=en","批准保留、尚无当前常规展示用途","APPROVED_CONTEXTUAL_DEEP_LINK_ONLY_NO_NEW_DEFAULT_PLACEMENT","Static inventory did not resolve the dynamic family/subject owner.","Preserved admitted resolver and contextual route; requested artwork uses contain/intrinsic ratio instead of 16:9 cover cropping.","4","390 px; existing page, exact selected image decoded and displayed","English/zh-Hans interface; same accepted artwork, not a new translated image","Existing consumer expanded where applicable; print-media image remains visible. Full-book pagination is not certified by these image checks."
"VIS-CIV-HF-11","HISTORICAL_FIGURE","images/civilization-atlas/historical-figures/VIS-CIV-HF-11.webp","10480","content/civilization-atlas/visuals/civilization-visual-owner-acceptance-2026-09-19.json","true","BOOK-V-CIV-ATLAS-R1-M1-W4C-CANONICAL-v1.0.0","","W4C_PLANNING_METADATA_ONLY_NO_CURRENT_NATIVE_CONTENT_OBJECT","historicalFigures[11]","false","Book V existing contextual visual deep link","/books/reality-differentiation/?visual=VIS-CIV-HF-11&lang=en","批准保留、尚无当前常规展示用途","APPROVED_CONTEXTUAL_DEEP_LINK_ONLY_NO_NEW_DEFAULT_PLACEMENT","Static inventory did not resolve the dynamic family/subject owner.","Preserved admitted resolver and contextual route; requested artwork uses contain/intrinsic ratio instead of 16:9 cover cropping.","4","390 px; existing page, exact selected image decoded and displayed","English/zh-Hans interface; same accepted artwork, not a new translated image","Existing consumer expanded where applicable; print-media image remains visible. Full-book pagination is not certified by these image checks."
"VIS-CIV-HF-12","HISTORICAL_FIGURE","images/civilization-atlas/historical-figures/VIS-CIV-HF-12.webp","15620","content/civilization-atlas/visuals/civilization-visual-owner-acceptance-2026-09-19.json","true","BOOK-V-CIV-ATLAS-R1-M1-W4C-CANONICAL-v1.0.0","","W4C_PLANNING_METADATA_ONLY_NO_CURRENT_NATIVE_CONTENT_OBJECT","historicalFigures[12]","false","Book V existing contextual visual deep link","/books/reality-differentiation/?visual=VIS-CIV-HF-12&lang=en","批准保留、尚无当前常规展示用途","APPROVED_CONTEXTUAL_DEEP_LINK_ONLY_NO_NEW_DEFAULT_PLACEMENT","Static inventory did not resolve the dynamic family/subject owner.","Preserved admitted resolver and contextual route; requested artwork uses contain/intrinsic ratio instead of 16:9 cover cropping.","4","390 px; existing page, exact selected image decoded and displayed","English/zh-Hans interface; same accepted artwork, not a new translated image","Existing consumer expanded where applicable; print-media image remains visible. Full-book pagination is not certified by these image checks."
"VIS-CIV-HF-13","HISTORICAL_FIGURE","images/civilization-atlas/historical-figures/VIS-CIV-HF-13.webp","15372","content/civilization-atlas/visuals/civilization-visual-owner-acceptance-2026-09-19.json","true","BOOK-V-CIV-ATLAS-R1-M1-W4C-CANONICAL-v1.0.0","","W4C_PLANNING_METADATA_ONLY_NO_CURRENT_NATIVE_CONTENT_OBJECT","historicalFigures[13]","false","Book V existing contextual visual deep link","/books/reality-differentiation/?visual=VIS-CIV-HF-13&lang=en","批准保留、尚无当前常规展示用途","APPROVED_CONTEXTUAL_DEEP_LINK_ONLY_NO_NEW_DEFAULT_PLACEMENT","Static inventory did not resolve the dynamic family/subject owner.","Preserved admitted resolver and contextual route; requested artwork uses contain/intrinsic ratio instead of 16:9 cover cropping.","4","390 px; existing page, exact selected image decoded and displayed","English/zh-Hans interface; same accepted artwork, not a new translated image","Existing consumer expanded where applicable; print-media image remains visible. Full-book pagination is not certified by these image checks."
"VIS-CIV-HF-14","HISTORICAL_FIGURE","images/civilization-atlas/historical-figures/VIS-CIV-HF-14.webp","17034","content/civilization-atlas/visuals/civilization-visual-owner-acceptance-2026-09-19.json","true","BOOK-V-CIV-ATLAS-R1-M1-W4C-CANONICAL-v1.0.0","","W4C_PLANNING_METADATA_ONLY_NO_CURRENT_NATIVE_CONTENT_OBJECT","historicalFigures[14]","false","Book V existing contextual visual deep link","/books/reality-differentiation/?visual=VIS-CIV-HF-14&lang=en","批准保留、尚无当前常规展示用途","APPROVED_CONTEXTUAL_DEEP_LINK_ONLY_NO_NEW_DEFAULT_PLACEMENT","Static inventory did not resolve the dynamic family/subject owner.","Preserved admitted resolver and contextual route; requested artwork uses contain/intrinsic ratio instead of 16:9 cover cropping.","4","390 px; existing page, exact selected image decoded and displayed","English/zh-Hans interface; same accepted artwork, not a new translated image","Existing consumer expanded where applicable; print-media image remains visible. Full-book pagination is not certified by these image checks."
"VIS-CIV-HF-15","HISTORICAL_FIGURE","images/civilization-atlas/historical-figures/VIS-CIV-HF-15.webp","4428","content/civilization-atlas/visuals/civilization-visual-owner-acceptance-2026-09-19.json","true","BOOK-V-CIV-ATLAS-R1-M1-W4C-CANONICAL-v1.0.0","","W4C_PLANNING_METADATA_ONLY_NO_CURRENT_NATIVE_CONTENT_OBJECT","historicalFigures[15]","false","Book V existing contextual visual deep link","/books/reality-differentiation/?visual=VIS-CIV-HF-15&lang=en","批准保留、尚无当前常规展示用途","APPROVED_CONTEXTUAL_DEEP_LINK_ONLY_NO_NEW_DEFAULT_PLACEMENT","Static inventory did not resolve the dynamic family/subject owner.","Preserved admitted resolver and contextual route; requested artwork uses contain/intrinsic ratio instead of 16:9 cover cropping.","4","390 px; existing page, exact selected image decoded and displayed","English/zh-Hans interface; same accepted artwork, not a new translated image","Existing consumer expanded where applicable; print-media image remains visible. Full-book pagination is not certified by these image checks."
"VIS-CIV-HF-16","HISTORICAL_FIGURE","images/civilization-atlas/historical-figures/VIS-CIV-HF-16.webp","79722","content/civilization-atlas/visuals/civilization-visual-owner-acceptance-2026-09-19.json","true","BOOK-V-CIV-ATLAS-R1-M1-W4C-CANONICAL-v1.0.0","","W4C_PLANNING_METADATA_ONLY_NO_CURRENT_NATIVE_CONTENT_OBJECT","historicalFigures[16]","false","Book V existing contextual visual deep link","/books/reality-differentiation/?visual=VIS-CIV-HF-16&lang=en","批准保留、尚无当前常规展示用途","APPROVED_CONTEXTUAL_DEEP_LINK_ONLY_NO_NEW_DEFAULT_PLACEMENT","Static inventory did not resolve the dynamic family/subject owner.","Preserved admitted resolver and contextual route; requested artwork uses contain/intrinsic ratio instead of 16:9 cover cropping.","4","390 px; existing page, exact selected image decoded and displayed","English/zh-Hans interface; same accepted artwork, not a new translated image","Existing consumer expanded where applicable; print-media image remains visible. Full-book pagination is not certified by these image checks."
"VIS-CIV-INF-01","CIVILIZATION_INFRASTRUCTURE","images/civilization-atlas/infrastructure/VIS-CIV-INF-01.webp","814286","content/civilization-atlas/visuals/civilization-visual-owner-acceptance-2026-09-19.json","true","BOOK-V-CIV-ATLAS-R1-M1-W4C-CANONICAL-v1.0.0","","W4C_PLANNING_METADATA_ONLY_NO_CURRENT_NATIVE_CONTENT_OBJECT","infrastructure[01]","false","Book V existing contextual visual deep link","/books/reality-differentiation/?visual=VIS-CIV-INF-01&lang=en","批准保留、尚无当前常规展示用途","APPROVED_CONTEXTUAL_DEEP_LINK_ONLY_NO_NEW_DEFAULT_PLACEMENT","Static inventory did not resolve the dynamic family/subject owner.","Preserved admitted resolver and contextual route; requested artwork uses contain/intrinsic ratio instead of 16:9 cover cropping.","4","390 px; existing page, exact selected image decoded and displayed","English/zh-Hans interface; same accepted artwork, not a new translated image","Existing consumer expanded where applicable; print-media image remains visible. Full-book pagination is not certified by these image checks."
"VIS-CIV-INF-02","CIVILIZATION_INFRASTRUCTURE","images/civilization-atlas/infrastructure/VIS-CIV-INF-02.webp","679070","content/civilization-atlas/visuals/civilization-visual-owner-acceptance-2026-09-19.json","true","BOOK-V-CIV-ATLAS-R1-M1-W4C-CANONICAL-v1.0.0","","W4C_PLANNING_METADATA_ONLY_NO_CURRENT_NATIVE_CONTENT_OBJECT","infrastructure[02]","false","Book V existing contextual visual deep link","/books/reality-differentiation/?visual=VIS-CIV-INF-02&lang=en","批准保留、尚无当前常规展示用途","APPROVED_CONTEXTUAL_DEEP_LINK_ONLY_NO_NEW_DEFAULT_PLACEMENT","Static inventory did not resolve the dynamic family/subject owner.","Preserved admitted resolver and contextual route; requested artwork uses contain/intrinsic ratio instead of 16:9 cover cropping.","4","390 px; existing page, exact selected image decoded and displayed","English/zh-Hans interface; same accepted artwork, not a new translated image","Existing consumer expanded where applicable; print-media image remains visible. Full-book pagination is not certified by these image checks."
"VIS-CIV-INF-03","CIVILIZATION_INFRASTRUCTURE","images/civilization-atlas/infrastructure/VIS-CIV-INF-03.webp","747042","content/civilization-atlas/visuals/civilization-visual-owner-acceptance-2026-09-19.json","true","BOOK-V-CIV-ATLAS-R1-M1-W4C-CANONICAL-v1.0.0","","W4C_PLANNING_METADATA_ONLY_NO_CURRENT_NATIVE_CONTENT_OBJECT","infrastructure[03]","false","Book V existing contextual visual deep link","/books/reality-differentiation/?visual=VIS-CIV-INF-03&lang=en","批准保留、尚无当前常规展示用途","APPROVED_CONTEXTUAL_DEEP_LINK_ONLY_NO_NEW_DEFAULT_PLACEMENT","Static inventory did not resolve the dynamic family/subject owner.","Preserved admitted resolver and contextual route; requested artwork uses contain/intrinsic ratio instead of 16:9 cover cropping.","4","390 px; existing page, exact selected image decoded and displayed","English/zh-Hans interface; same accepted artwork, not a new translated image","Existing consumer expanded where applicable; print-media image remains visible. Full-book pagination is not certified by these image checks."
"VIS-CIV-INF-04","CIVILIZATION_INFRASTRUCTURE","images/civilization-atlas/infrastructure/VIS-CIV-INF-04.webp","752746","content/civilization-atlas/visuals/civilization-visual-owner-acceptance-2026-09-19.json","true","BOOK-V-CIV-ATLAS-R1-M1-W4C-CANONICAL-v1.0.0","","W4C_PLANNING_METADATA_ONLY_NO_CURRENT_NATIVE_CONTENT_OBJECT","infrastructure[04]","false","Book V existing contextual visual deep link","/books/reality-differentiation/?visual=VIS-CIV-INF-04&lang=en","批准保留、尚无当前常规展示用途","APPROVED_CONTEXTUAL_DEEP_LINK_ONLY_NO_NEW_DEFAULT_PLACEMENT","Static inventory did not resolve the dynamic family/subject owner.","Preserved admitted resolver and contextual route; requested artwork uses contain/intrinsic ratio instead of 16:9 cover cropping.","4","390 px; existing page, exact selected image decoded and displayed","English/zh-Hans interface; same accepted artwork, not a new translated image","Existing consumer expanded where applicable; print-media image remains visible. Full-book pagination is not certified by these image checks."
"VIS-CIV-INF-05","CIVILIZATION_INFRASTRUCTURE","images/civilization-atlas/infrastructure/VIS-CIV-INF-05.webp","714334","content/civilization-atlas/visuals/civilization-visual-owner-acceptance-2026-09-19.json","true","BOOK-V-CIV-ATLAS-R1-M1-W4C-CANONICAL-v1.0.0","","W4C_PLANNING_METADATA_ONLY_NO_CURRENT_NATIVE_CONTENT_OBJECT","infrastructure[05]","false","Book V existing contextual visual deep link","/books/reality-differentiation/?visual=VIS-CIV-INF-05&lang=en","批准保留、尚无当前常规展示用途","APPROVED_CONTEXTUAL_DEEP_LINK_ONLY_NO_NEW_DEFAULT_PLACEMENT","Static inventory did not resolve the dynamic family/subject owner.","Preserved admitted resolver and contextual route; requested artwork uses contain/intrinsic ratio instead of 16:9 cover cropping.","4","390 px; existing page, exact selected image decoded and displayed","English/zh-Hans interface; same accepted artwork, not a new translated image","Existing consumer expanded where applicable; print-media image remains visible. Full-book pagination is not certified by these image checks."
"VIS-CIV-INF-06","CIVILIZATION_INFRASTRUCTURE","images/civilization-atlas/infrastructure/VIS-CIV-INF-06.webp","695796","content/civilization-atlas/visuals/civilization-visual-owner-acceptance-2026-09-19.json","true","BOOK-V-CIV-ATLAS-R1-M1-W4C-CANONICAL-v1.0.0","","W4C_PLANNING_METADATA_ONLY_NO_CURRENT_NATIVE_CONTENT_OBJECT","infrastructure[06]","false","Book V existing contextual visual deep link","/books/reality-differentiation/?visual=VIS-CIV-INF-06&lang=en","批准保留、尚无当前常规展示用途","APPROVED_CONTEXTUAL_DEEP_LINK_ONLY_NO_NEW_DEFAULT_PLACEMENT","Static inventory did not resolve the dynamic family/subject owner.","Preserved admitted resolver and contextual route; requested artwork uses contain/intrinsic ratio instead of 16:9 cover cropping.","4","390 px; existing page, exact selected image decoded and displayed","English/zh-Hans interface; same accepted artwork, not a new translated image","Existing consumer expanded where applicable; print-media image remains visible. Full-book pagination is not certified by these image checks."
"VIS-CIV-INF-07","CIVILIZATION_INFRASTRUCTURE","images/civilization-atlas/infrastructure/VIS-CIV-INF-07.webp","810038","content/civilization-atlas/visuals/civilization-visual-owner-acceptance-2026-09-19.json","true","BOOK-V-CIV-ATLAS-R1-M1-W4C-CANONICAL-v1.0.0","","W4C_PLANNING_METADATA_ONLY_NO_CURRENT_NATIVE_CONTENT_OBJECT","infrastructure[07]","false","Book V existing contextual visual deep link","/books/reality-differentiation/?visual=VIS-CIV-INF-07&lang=en","批准保留、尚无当前常规展示用途","APPROVED_CONTEXTUAL_DEEP_LINK_ONLY_NO_NEW_DEFAULT_PLACEMENT","Static inventory did not resolve the dynamic family/subject owner.","Preserved admitted resolver and contextual route; requested artwork uses contain/intrinsic ratio instead of 16:9 cover cropping.","4","390 px; existing page, exact selected image decoded and displayed","English/zh-Hans interface; same accepted artwork, not a new translated image","Existing consumer expanded where applicable; print-media image remains visible. Full-book pagination is not certified by these image checks."
"VIS-CIV-INF-08","CIVILIZATION_INFRASTRUCTURE","images/civilization-atlas/infrastructure/VIS-CIV-INF-08.webp","722556","content/civilization-atlas/visuals/civilization-visual-owner-acceptance-2026-09-19.json","true","BOOK-V-CIV-ATLAS-R1-M1-W4C-CANONICAL-v1.0.0","","W4C_PLANNING_METADATA_ONLY_NO_CURRENT_NATIVE_CONTENT_OBJECT","infrastructure[08]","false","Book V existing contextual visual deep link","/books/reality-differentiation/?visual=VIS-CIV-INF-08&lang=en","批准保留、尚无当前常规展示用途","APPROVED_CONTEXTUAL_DEEP_LINK_ONLY_NO_NEW_DEFAULT_PLACEMENT","Static inventory did not resolve the dynamic family/subject owner.","Preserved admitted resolver and contextual route; requested artwork uses contain/intrinsic ratio instead of 16:9 cover cropping.","4","390 px; existing page, exact selected image decoded and displayed","English/zh-Hans interface; same accepted artwork, not a new translated image","Existing consumer expanded where applicable; print-media image remains visible. Full-book pagination is not certified by these image checks."
"VIS-CIV-INF-09","CIVILIZATION_INFRASTRUCTURE","images/civilization-atlas/infrastructure/VIS-CIV-INF-09.webp","722364","content/civilization-atlas/visuals/civilization-visual-owner-acceptance-2026-09-19.json","true","BOOK-V-CIV-ATLAS-R1-M1-W4C-CANONICAL-v1.0.0","","W4C_PLANNING_METADATA_ONLY_NO_CURRENT_NATIVE_CONTENT_OBJECT","infrastructure[09]","false","Book V existing contextual visual deep link","/books/reality-differentiation/?visual=VIS-CIV-INF-09&lang=en","批准保留、尚无当前常规展示用途","APPROVED_CONTEXTUAL_DEEP_LINK_ONLY_NO_NEW_DEFAULT_PLACEMENT","Static inventory did not resolve the dynamic family/subject owner.","Preserved admitted resolver and contextual route; requested artwork uses contain/intrinsic ratio instead of 16:9 cover cropping.","4","390 px; existing page, exact selected image decoded and displayed","English/zh-Hans interface; same accepted artwork, not a new translated image","Existing consumer expanded where applicable; print-media image remains visible. Full-book pagination is not certified by these image checks."
"VIS-CIV-INF-10","CIVILIZATION_INFRASTRUCTURE","images/civilization-atlas/infrastructure/VIS-CIV-INF-10.webp","602204","content/civilization-atlas/visuals/civilization-visual-owner-acceptance-2026-09-19.json","true","BOOK-V-CIV-ATLAS-R1-M1-W4C-CANONICAL-v1.0.0","","W4C_PLANNING_METADATA_ONLY_NO_CURRENT_NATIVE_CONTENT_OBJECT","infrastructure[10]","false","Book V existing contextual visual deep link","/books/reality-differentiation/?visual=VIS-CIV-INF-10&lang=en","批准保留、尚无当前常规展示用途","APPROVED_CONTEXTUAL_DEEP_LINK_ONLY_NO_NEW_DEFAULT_PLACEMENT","Static inventory did not resolve the dynamic family/subject owner.","Preserved admitted resolver and contextual route; requested artwork uses contain/intrinsic ratio instead of 16:9 cover cropping.","4","390 px; existing page, exact selected image decoded and displayed","English/zh-Hans interface; same accepted artwork, not a new translated image","Existing consumer expanded where applicable; print-media image remains visible. Full-book pagination is not certified by these image checks."
"VIS-CIV-INF-11","CIVILIZATION_INFRASTRUCTURE","images/civilization-atlas/infrastructure/VIS-CIV-INF-11.webp","562694","content/civilization-atlas/visuals/civilization-visual-owner-acceptance-2026-09-19.json","true","BOOK-V-CIV-ATLAS-R1-M1-W4C-CANONICAL-v1.0.0","","W4C_PLANNING_METADATA_ONLY_NO_CURRENT_NATIVE_CONTENT_OBJECT","infrastructure[11]","false","Book V existing contextual visual deep link","/books/reality-differentiation/?visual=VIS-CIV-INF-11&lang=en","批准保留、尚无当前常规展示用途","APPROVED_CONTEXTUAL_DEEP_LINK_ONLY_NO_NEW_DEFAULT_PLACEMENT","Static inventory did not resolve the dynamic family/subject owner.","Preserved admitted resolver and contextual route; requested artwork uses contain/intrinsic ratio instead of 16:9 cover cropping.","4","390 px; existing page, exact selected image decoded and displayed","English/zh-Hans interface; same accepted artwork, not a new translated image","Existing consumer expanded where applicable; print-media image remains visible. Full-book pagination is not certified by these image checks."
"VIS-CIV-INF-12","CIVILIZATION_INFRASTRUCTURE","images/civilization-atlas/infrastructure/VIS-CIV-INF-12.webp","535762","content/civilization-atlas/visuals/civilization-visual-owner-acceptance-2026-09-19.json","true","BOOK-V-CIV-ATLAS-R1-M1-W4C-CANONICAL-v1.0.0","","W4C_PLANNING_METADATA_ONLY_NO_CURRENT_NATIVE_CONTENT_OBJECT","infrastructure[12]","false","Book V existing contextual visual deep link","/books/reality-differentiation/?visual=VIS-CIV-INF-12&lang=en","批准保留、尚无当前常规展示用途","APPROVED_CONTEXTUAL_DEEP_LINK_ONLY_NO_NEW_DEFAULT_PLACEMENT","Static inventory did not resolve the dynamic family/subject owner.","Preserved admitted resolver and contextual route; requested artwork uses contain/intrinsic ratio instead of 16:9 cover cropping.","4","390 px; existing page, exact selected image decoded and displayed","English/zh-Hans interface; same accepted artwork, not a new translated image","Existing consumer expanded where applicable; print-media image remains visible. Full-book pagination is not certified by these image checks."
"VIS-CIV-INF-13","CIVILIZATION_INFRASTRUCTURE","images/civilization-atlas/infrastructure/VIS-CIV-INF-13.webp","588266","content/civilization-atlas/visuals/civilization-visual-owner-acceptance-2026-09-19.json","true","BOOK-V-CIV-ATLAS-R1-M1-W4C-CANONICAL-v1.0.0","","W4C_PLANNING_METADATA_ONLY_NO_CURRENT_NATIVE_CONTENT_OBJECT","infrastructure[13]","false","Book V existing contextual visual deep link","/books/reality-differentiation/?visual=VIS-CIV-INF-13&lang=en","批准保留、尚无当前常规展示用途","APPROVED_CONTEXTUAL_DEEP_LINK_ONLY_NO_NEW_DEFAULT_PLACEMENT","Static inventory did not resolve the dynamic family/subject owner.","Preserved admitted resolver and contextual route; requested artwork uses contain/intrinsic ratio instead of 16:9 cover cropping.","4","390 px; existing page, exact selected image decoded and displayed","English/zh-Hans interface; same accepted artwork, not a new translated image","Existing consumer expanded where applicable; print-media image remains visible. Full-book pagination is not certified by these image checks."
"VIS-CIV-INF-14","CIVILIZATION_INFRASTRUCTURE","images/civilization-atlas/infrastructure/VIS-CIV-INF-14.webp","570360","content/civilization-atlas/visuals/civilization-visual-owner-acceptance-2026-09-19.json","true","BOOK-V-CIV-ATLAS-R1-M1-W4C-CANONICAL-v1.0.0","","W4C_PLANNING_METADATA_ONLY_NO_CURRENT_NATIVE_CONTENT_OBJECT","infrastructure[14]","false","Book V existing contextual visual deep link","/books/reality-differentiation/?visual=VIS-CIV-INF-14&lang=en","批准保留、尚无当前常规展示用途","APPROVED_CONTEXTUAL_DEEP_LINK_ONLY_NO_NEW_DEFAULT_PLACEMENT","Static inventory did not resolve the dynamic family/subject owner.","Preserved admitted resolver and contextual route; requested artwork uses contain/intrinsic ratio instead of 16:9 cover cropping.","4","390 px; existing page, exact selected image decoded and displayed","English/zh-Hans interface; same accepted artwork, not a new translated image","Existing consumer expanded where applicable; print-media image remains visible. Full-book pagination is not certified by these image checks."
"VIS-CIV-INF-15","CIVILIZATION_INFRASTRUCTURE","images/civilization-atlas/infrastructure/VIS-CIV-INF-15.webp","660608","content/civilization-atlas/visuals/civilization-visual-owner-acceptance-2026-09-19.json","true","BOOK-V-CIV-ATLAS-R1-M1-W4C-CANONICAL-v1.0.0","","W4C_PLANNING_METADATA_ONLY_NO_CURRENT_NATIVE_CONTENT_OBJECT","infrastructure[15]","false","Book V existing contextual visual deep link","/books/reality-differentiation/?visual=VIS-CIV-INF-15&lang=en","批准保留、尚无当前常规展示用途","APPROVED_CONTEXTUAL_DEEP_LINK_ONLY_NO_NEW_DEFAULT_PLACEMENT","Static inventory did not resolve the dynamic family/subject owner.","Preserved admitted resolver and contextual route; requested artwork uses contain/intrinsic ratio instead of 16:9 cover cropping.","4","390 px; existing page, exact selected image decoded and displayed","English/zh-Hans interface; same accepted artwork, not a new translated image","Existing consumer expanded where applicable; print-media image remains visible. Full-book pagination is not certified by these image checks."
"VIS-CIV-INF-16","CIVILIZATION_INFRASTRUCTURE","images/civilization-atlas/infrastructure/VIS-CIV-INF-16.webp","533402","content/civilization-atlas/visuals/civilization-visual-owner-acceptance-2026-09-19.json","true","BOOK-V-CIV-ATLAS-R1-M1-W4C-CANONICAL-v1.0.0","","W4C_PLANNING_METADATA_ONLY_NO_CURRENT_NATIVE_CONTENT_OBJECT","infrastructure[16]","false","Book V existing contextual visual deep link","/books/reality-differentiation/?visual=VIS-CIV-INF-16&lang=en","批准保留、尚无当前常规展示用途","APPROVED_CONTEXTUAL_DEEP_LINK_ONLY_NO_NEW_DEFAULT_PLACEMENT","Static inventory did not resolve the dynamic family/subject owner.","Preserved admitted resolver and contextual route; requested artwork uses contain/intrinsic ratio instead of 16:9 cover cropping.","4","390 px; existing page, exact selected image decoded and displayed","English/zh-Hans interface; same accepted artwork, not a new translated image","Existing consumer expanded where applicable; print-media image remains visible. Full-book pagination is not certified by these image checks."
"VIS-CIV-INF-17","CIVILIZATION_INFRASTRUCTURE","images/civilization-atlas/infrastructure/VIS-CIV-INF-17.webp","665764","content/civilization-atlas/visuals/civilization-visual-owner-acceptance-2026-09-19.json","true","BOOK-V-CIV-ATLAS-R1-M1-W4C-CANONICAL-v1.0.0","","W4C_PLANNING_METADATA_ONLY_NO_CURRENT_NATIVE_CONTENT_OBJECT","infrastructure[17]","false","Book V existing contextual visual deep link","/books/reality-differentiation/?visual=VIS-CIV-INF-17&lang=en","批准保留、尚无当前常规展示用途","APPROVED_CONTEXTUAL_DEEP_LINK_ONLY_NO_NEW_DEFAULT_PLACEMENT","Static inventory did not resolve the dynamic family/subject owner.","Preserved admitted resolver and contextual route; requested artwork uses contain/intrinsic ratio instead of 16:9 cover cropping.","4","390 px; existing page, exact selected image decoded and displayed","English/zh-Hans interface; same accepted artwork, not a new translated image","Existing consumer expanded where applicable; print-media image remains visible. Full-book pagination is not certified by these image checks."
"VIS-CIV-INF-18","CIVILIZATION_INFRASTRUCTURE","images/civilization-atlas/infrastructure/VIS-CIV-INF-18.webp","615480","content/civilization-atlas/visuals/civilization-visual-owner-acceptance-2026-09-19.json","true","BOOK-V-CIV-ATLAS-R1-M1-W4C-CANONICAL-v1.0.0","","W4C_PLANNING_METADATA_ONLY_NO_CURRENT_NATIVE_CONTENT_OBJECT","infrastructure[18]","false","Book V existing contextual visual deep link","/books/reality-differentiation/?visual=VIS-CIV-INF-18&lang=en","批准保留、尚无当前常规展示用途","APPROVED_CONTEXTUAL_DEEP_LINK_ONLY_NO_NEW_DEFAULT_PLACEMENT","Static inventory did not resolve the dynamic family/subject owner.","Preserved admitted resolver and contextual route; requested artwork uses contain/intrinsic ratio instead of 16:9 cover cropping.","4","390 px; existing page, exact selected image decoded and displayed","English/zh-Hans interface; same accepted artwork, not a new translated image","Existing consumer expanded where applicable; print-media image remains visible. Full-book pagination is not certified by these image checks."
"VIS-CIV-INF-19","CIVILIZATION_INFRASTRUCTURE","images/civilization-atlas/infrastructure/VIS-CIV-INF-19.webp","567390","content/civilization-atlas/visuals/civilization-visual-owner-acceptance-2026-09-19.json","true","BOOK-V-CIV-ATLAS-R1-M1-W4C-CANONICAL-v1.0.0","","W4C_PLANNING_METADATA_ONLY_NO_CURRENT_NATIVE_CONTENT_OBJECT","infrastructure[19]","false","Book V existing contextual visual deep link","/books/reality-differentiation/?visual=VIS-CIV-INF-19&lang=en","批准保留、尚无当前常规展示用途","APPROVED_CONTEXTUAL_DEEP_LINK_ONLY_NO_NEW_DEFAULT_PLACEMENT","Static inventory did not resolve the dynamic family/subject owner.","Preserved admitted resolver and contextual route; requested artwork uses contain/intrinsic ratio instead of 16:9 cover cropping.","4","390 px; existing page, exact selected image decoded and displayed","English/zh-Hans interface; same accepted artwork, not a new translated image","Existing consumer expanded where applicable; print-media image remains visible. Full-book pagination is not certified by these image checks."
"VIS-CIV-INF-20","CIVILIZATION_INFRASTRUCTURE","images/civilization-atlas/infrastructure/VIS-CIV-INF-20.webp","525892","content/civilization-atlas/visuals/civilization-visual-owner-acceptance-2026-09-19.json","true","BOOK-V-CIV-ATLAS-R1-M1-W4C-CANONICAL-v1.0.0","","W4C_PLANNING_METADATA_ONLY_NO_CURRENT_NATIVE_CONTENT_OBJECT","infrastructure[20]","false","Book V existing contextual visual deep link","/books/reality-differentiation/?visual=VIS-CIV-INF-20&lang=en","批准保留、尚无当前常规展示用途","APPROVED_CONTEXTUAL_DEEP_LINK_ONLY_NO_NEW_DEFAULT_PLACEMENT","Static inventory did not resolve the dynamic family/subject owner.","Preserved admitted resolver and contextual route; requested artwork uses contain/intrinsic ratio instead of 16:9 cover cropping.","4","390 px; existing page, exact selected image decoded and displayed","English/zh-Hans interface; same accepted artwork, not a new translated image","Existing consumer expanded where applicable; print-media image remains visible. Full-book pagination is not certified by these image checks."
"VIS-CIV-LF-KNOWLEDGE_INSTITUTIONAL","LOSS_FAMILY","images/civilization-atlas/loss/VIS-CIV-LF-KNOWLEDGE_INSTITUTIONAL.webp","488128","content/civilization-atlas/visuals/civilization-visual-owner-acceptance-2026-09-19.json","true","content/civilization-atlas/loss/reversal-loss-atlas-v1.json","content/civilization-atlas/loss/reversal-loss-atlas-v1.json","CURRENT_REGISTRY_ID_LOOKUP","families[KNOWLEDGE_INSTITUTIONAL]","true","Book V existing contextual visual deep link","/books/reality-differentiation/?visual=VIS-CIV-LF-KNOWLEDGE_INSTITUTIONAL&lang=en","已经动态使用但被扫描误分类","EXISTING_COMPONENT_OR_CONTEXTUAL_DEEP_LINK","Static inventory did not resolve the dynamic family/subject owner.","Preserved admitted resolver and contextual route; requested artwork uses contain/intrinsic ratio instead of 16:9 cover cropping.","4","390 px; existing page, exact selected image decoded and displayed","English/zh-Hans interface; same accepted artwork, not a new translated image","Existing consumer expanded where applicable; print-media image remains visible. Full-book pagination is not certified by these image checks."
"VIS-CIV-LF-MEANING_IDENTITY_CARRIER","LOSS_FAMILY","images/civilization-atlas/loss/VIS-CIV-LF-MEANING_IDENTITY_CARRIER.webp","453878","content/civilization-atlas/visuals/civilization-visual-owner-acceptance-2026-09-19.json","true","content/civilization-atlas/loss/reversal-loss-atlas-v1.json","content/civilization-atlas/loss/reversal-loss-atlas-v1.json","CURRENT_REGISTRY_ID_LOOKUP","families[MEANING_IDENTITY_CARRIER]","true","Book V existing contextual visual deep link","/books/reality-differentiation/?visual=VIS-CIV-LF-MEANING_IDENTITY_CARRIER&lang=en","已经动态使用但被扫描误分类","EXISTING_COMPONENT_OR_CONTEXTUAL_DEEP_LINK","Static inventory did not resolve the dynamic family/subject owner.","Preserved admitted resolver and contextual route; requested artwork uses contain/intrinsic ratio instead of 16:9 cover cropping.","4","390 px; existing page, exact selected image decoded and displayed","English/zh-Hans interface; same accepted artwork, not a new translated image","Existing consumer expanded where applicable; print-media image remains visible. Full-book pagination is not certified by these image checks."
"VIS-CIV-LF-NETWORK_INFRASTRUCTURE","LOSS_FAMILY","images/civilization-atlas/loss/VIS-CIV-LF-NETWORK_INFRASTRUCTURE.webp","477914","content/civilization-atlas/visuals/civilization-visual-owner-acceptance-2026-09-19.json","true","content/civilization-atlas/loss/reversal-loss-atlas-v1.json","content/civilization-atlas/loss/reversal-loss-atlas-v1.json","CURRENT_REGISTRY_ID_LOOKUP","families[NETWORK_INFRASTRUCTURE]","true","Book V existing contextual visual deep link","/books/reality-differentiation/?visual=VIS-CIV-LF-NETWORK_INFRASTRUCTURE&lang=en","已经动态使用但被扫描误分类","EXISTING_COMPONENT_OR_CONTEXTUAL_DEEP_LINK","Static inventory did not resolve the dynamic family/subject owner.","Preserved admitted resolver and contextual route; requested artwork uses contain/intrinsic ratio instead of 16:9 cover cropping.","4","390 px; existing page, exact selected image decoded and displayed","English/zh-Hans interface; same accepted artwork, not a new translated image","Existing consumer expanded where applicable; print-media image remains visible. Full-book pagination is not certified by these image checks."
"VIS-CIV-LF-POLITICAL_BOUNDARY","LOSS_FAMILY","images/civilization-atlas/loss/VIS-CIV-LF-POLITICAL_BOUNDARY.webp","480398","content/civilization-atlas/visuals/civilization-visual-owner-acceptance-2026-09-19.json","true","content/civilization-atlas/loss/reversal-loss-atlas-v1.json","content/civilization-atlas/loss/reversal-loss-atlas-v1.json","CURRENT_REGISTRY_ID_LOOKUP","families[POLITICAL_BOUNDARY]","true","Book V existing contextual visual deep link","/books/reality-differentiation/?visual=VIS-CIV-LF-POLITICAL_BOUNDARY&lang=en","已经动态使用但被扫描误分类","EXISTING_COMPONENT_OR_CONTEXTUAL_DEEP_LINK","Static inventory did not resolve the dynamic family/subject owner.","Preserved admitted resolver and contextual route; requested artwork uses contain/intrinsic ratio instead of 16:9 cover cropping.","4","390 px; existing page, exact selected image decoded and displayed","English/zh-Hans interface; same accepted artwork, not a new translated image","Existing consumer expanded where applicable; print-media image remains visible. Full-book pagination is not certified by these image checks."
"VIS-CIV-LF-POPULATION_URBAN","LOSS_FAMILY","images/civilization-atlas/loss/VIS-CIV-LF-POPULATION_URBAN.webp","508560","content/civilization-atlas/visuals/civilization-visual-owner-acceptance-2026-09-19.json","true","content/civilization-atlas/loss/reversal-loss-atlas-v1.json","content/civilization-atlas/loss/reversal-loss-atlas-v1.json","CURRENT_REGISTRY_ID_LOOKUP","families[POPULATION_URBAN]","true","Book V existing contextual visual deep link","/books/reality-differentiation/?visual=VIS-CIV-LF-POPULATION_URBAN&lang=en","已经动态使用但被扫描误分类","EXISTING_COMPONENT_OR_CONTEXTUAL_DEEP_LINK","Static inventory did not resolve the dynamic family/subject owner.","Preserved admitted resolver and contextual route; requested artwork uses contain/intrinsic ratio instead of 16:9 cover cropping.","4","390 px; existing page, exact selected image decoded and displayed","English/zh-Hans interface; same accepted artwork, not a new translated image","Existing consumer expanded where applicable; print-media image remains visible. Full-book pagination is not certified by these image checks."
"VIS-CIV-LF-SUCCESSION_ABSORPTION_FUTURE","LOSS_FAMILY","images/civilization-atlas/loss/VIS-CIV-LF-SUCCESSION_ABSORPTION_FUTURE.webp","474682","content/civilization-atlas/visuals/civilization-visual-owner-acceptance-2026-09-19.json","true","content/civilization-atlas/loss/reversal-loss-atlas-v1.json","content/civilization-atlas/loss/reversal-loss-atlas-v1.json","CURRENT_REGISTRY_ID_LOOKUP","families[SUCCESSION_ABSORPTION_FUTURE]","true","Book V existing contextual visual deep link","/books/reality-differentiation/?visual=VIS-CIV-LF-SUCCESSION_ABSORPTION_FUTURE&lang=en","已经动态使用但被扫描误分类","EXISTING_COMPONENT_OR_CONTEXTUAL_DEEP_LINK","Static inventory did not resolve the dynamic family/subject owner.","Preserved admitted resolver and contextual route; requested artwork uses contain/intrinsic ratio instead of 16:9 cover cropping.","4","390 px; existing page, exact selected image decoded and displayed","English/zh-Hans interface; same accepted artwork, not a new translated image","Existing consumer expanded where applicable; print-media image remains visible. Full-book pagination is not certified by these image checks."
"VIS-CIV-LT-LOSS-ABSORPTION-BY-OTHERS","LOSS_TYPE_VIGNETTE","images/civilization-atlas/loss/VIS-CIV-LT-LOSS-ABSORPTION-BY-OTHERS.webp","595596","content/civilization-atlas/visuals/civilization-visual-owner-acceptance-2026-09-19.json","true","content/civilization-atlas/loss/reversal-loss-atlas-v1.json","content/civilization-atlas/loss/reversal-loss-atlas-v1.json","CURRENT_REGISTRY_ID_LOOKUP","lossTypes[LOSS-ABSORPTION-BY-OTHERS]","true","Book V existing contextual visual deep link","/books/reality-differentiation/?visual=VIS-CIV-LT-LOSS-ABSORPTION-BY-OTHERS&lang=en","已经动态使用但被扫描误分类","EXISTING_COMPONENT_OR_CONTEXTUAL_DEEP_LINK","Static inventory did not resolve the dynamic family/subject owner.","Preserved admitted resolver and contextual route; requested artwork uses contain/intrinsic ratio instead of 16:9 cover cropping.","4","390 px; existing page, exact selected image decoded and displayed","English/zh-Hans interface; same accepted artwork, not a new translated image","Existing consumer expanded where applicable; print-media image remains visible. Full-book pagination is not certified by these image checks."
"VIS-CIV-LT-LOSS-BOUNDARY-RECONFIGURATION","LOSS_TYPE_VIGNETTE","images/civilization-atlas/loss/VIS-CIV-LT-LOSS-BOUNDARY-RECONFIGURATION.webp","379124","content/civilization-atlas/visuals/civilization-visual-owner-acceptance-2026-09-19.json","true","content/civilization-atlas/loss/reversal-loss-atlas-v1.json","content/civilization-atlas/loss/reversal-loss-atlas-v1.json","CURRENT_REGISTRY_ID_LOOKUP","lossTypes[LOSS-BOUNDARY-RECONFIGURATION]","true","Book V existing contextual visual deep link","/books/reality-differentiation/?visual=VIS-CIV-LT-LOSS-BOUNDARY-RECONFIGURATION&lang=en","已经动态使用但被扫描误分类","EXISTING_COMPONENT_OR_CONTEXTUAL_DEEP_LINK","Static inventory did not resolve the dynamic family/subject owner.","Preserved admitted resolver and contextual route; requested artwork uses contain/intrinsic ratio instead of 16:9 cover cropping.","4","390 px; existing page, exact selected image decoded and displayed","English/zh-Hans interface; same accepted artwork, not a new translated image","Existing consumer expanded where applicable; print-media image remains visible. Full-book pagination is not certified by these image checks."
"VIS-CIV-LT-LOSS-COMMUNICATION-BREAKDOWN","LOSS_TYPE_VIGNETTE","images/civilization-atlas/loss/VIS-CIV-LT-LOSS-COMMUNICATION-BREAKDOWN.webp","404812","content/civilization-atlas/visuals/civilization-visual-owner-acceptance-2026-09-19.json","true","content/civilization-atlas/loss/reversal-loss-atlas-v1.json","content/civilization-atlas/loss/reversal-loss-atlas-v1.json","CURRENT_REGISTRY_ID_LOOKUP","lossTypes[LOSS-COMMUNICATION-BREAKDOWN]","true","Book V existing contextual visual deep link","/books/reality-differentiation/?visual=VIS-CIV-LT-LOSS-COMMUNICATION-BREAKDOWN&lang=en","已经动态使用但被扫描误分类","EXISTING_COMPONENT_OR_CONTEXTUAL_DEEP_LINK","Static inventory did not resolve the dynamic family/subject owner.","Preserved admitted resolver and contextual route; requested artwork uses contain/intrinsic ratio instead of 16:9 cover cropping.","4","390 px; existing page, exact selected image decoded and displayed","English/zh-Hans interface; same accepted artwork, not a new translated image","Existing consumer expanded where applicable; print-media image remains visible. Full-book pagination is not certified by these image checks."
"VIS-CIV-LT-LOSS-CULTURAL-DISCONTINUITY","LOSS_TYPE_VIGNETTE","images/civilization-atlas/loss/VIS-CIV-LT-LOSS-CULTURAL-DISCONTINUITY.webp","488076","content/civilization-atlas/visuals/civilization-visual-owner-acceptance-2026-09-19.json","true","content/civilization-atlas/loss/reversal-loss-atlas-v1.json","content/civilization-atlas/loss/reversal-loss-atlas-v1.json","CURRENT_REGISTRY_ID_LOOKUP","lossTypes[LOSS-CULTURAL-DISCONTINUITY]","true","Book V existing contextual visual deep link","/books/reality-differentiation/?visual=VIS-CIV-LT-LOSS-CULTURAL-DISCONTINUITY&lang=en","已经动态使用但被扫描误分类","EXISTING_COMPONENT_OR_CONTEXTUAL_DEEP_LINK","Static inventory did not resolve the dynamic family/subject owner.","Preserved admitted resolver and contextual route; requested artwork uses contain/intrinsic ratio instead of 16:9 cover cropping.","4","390 px; existing page, exact selected image decoded and displayed","English/zh-Hans interface; same accepted artwork, not a new translated image","Existing consumer expanded where applicable; print-media image remains visible. Full-book pagination is not certified by these image checks."
"VIS-CIV-LT-LOSS-DEMOGRAPHIC-TRANSFORMATION","LOSS_TYPE_VIGNETTE","images/civilization-atlas/loss/VIS-CIV-LT-LOSS-DEMOGRAPHIC-TRANSFORMATION.webp","319114","content/civilization-atlas/visuals/civilization-visual-owner-acceptance-2026-09-19.json","true","content/civilization-atlas/loss/reversal-loss-atlas-v1.json","content/civilization-atlas/loss/reversal-loss-atlas-v1.json","CURRENT_REGISTRY_ID_LOOKUP","lossTypes[LOSS-DEMOGRAPHIC-TRANSFORMATION]","true","Book V existing contextual visual deep link","/books/reality-differentiation/?visual=VIS-CIV-LT-LOSS-DEMOGRAPHIC-TRANSFORMATION&lang=en","已经动态使用但被扫描误分类","EXISTING_COMPONENT_OR_CONTEXTUAL_DEEP_LINK","Static inventory did not resolve the dynamic family/subject owner.","Preserved admitted resolver and contextual route; requested artwork uses contain/intrinsic ratio instead of 16:9 cover cropping.","4","390 px; existing page, exact selected image decoded and displayed","English/zh-Hans interface; same accepted artwork, not a new translated image","Existing consumer expanded where applicable; print-media image remains visible. Full-book pagination is not certified by these image checks."
"VIS-CIV-LT-LOSS-EDUCATION-DECLINE","LOSS_TYPE_VIGNETTE","images/civilization-atlas/loss/VIS-CIV-LT-LOSS-EDUCATION-DECLINE.webp","479678","content/civilization-atlas/visuals/civilization-visual-owner-acceptance-2026-09-19.json","true","content/civilization-atlas/loss/reversal-loss-atlas-v1.json","content/civilization-atlas/loss/reversal-loss-atlas-v1.json","CURRENT_REGISTRY_ID_LOOKUP","lossTypes[LOSS-EDUCATION-DECLINE]","true","Book V existing contextual visual deep link","/books/reality-differentiation/?visual=VIS-CIV-LT-LOSS-EDUCATION-DECLINE&lang=en","已经动态使用但被扫描误分类","EXISTING_COMPONENT_OR_CONTEXTUAL_DEEP_LINK","Static inventory did not resolve the dynamic family/subject owner.","Preserved admitted resolver and contextual route; requested artwork uses contain/intrinsic ratio instead of 16:9 cover cropping.","4","390 px; existing page, exact selected image decoded and displayed","English/zh-Hans interface; same accepted artwork, not a new translated image","Existing consumer expanded where applicable; print-media image remains visible. Full-book pagination is not certified by these image checks."
"VIS-CIV-LT-LOSS-FORM-TRANSFORMATION","LOSS_TYPE_VIGNETTE","images/civilization-atlas/loss/VIS-CIV-LT-LOSS-FORM-TRANSFORMATION.webp","568866","content/civilization-atlas/visuals/civilization-visual-owner-acceptance-2026-09-19.json","true","content/civilization-atlas/loss/reversal-loss-atlas-v1.json","content/civilization-atlas/loss/reversal-loss-atlas-v1.json","CURRENT_REGISTRY_ID_LOOKUP","lossTypes[LOSS-FORM-TRANSFORMATION]","true","Book V existing contextual visual deep link","/books/reality-differentiation/?visual=VIS-CIV-LT-LOSS-FORM-TRANSFORMATION&lang=en","已经动态使用但被扫描误分类","EXISTING_COMPONENT_OR_CONTEXTUAL_DEEP_LINK","Static inventory did not resolve the dynamic family/subject owner.","Preserved admitted resolver and contextual route; requested artwork uses contain/intrinsic ratio instead of 16:9 cover cropping.","4","390 px; existing page, exact selected image decoded and displayed","English/zh-Hans interface; same accepted artwork, not a new translated image","Existing consumer expanded where applicable; print-media image remains visible. Full-book pagination is not certified by these image checks."
"VIS-CIV-LT-LOSS-IDENTITY-RECONFIGURATION","LOSS_TYPE_VIGNETTE","images/civilization-atlas/loss/VIS-CIV-LT-LOSS-IDENTITY-RECONFIGURATION.webp","532044","content/civilization-atlas/visuals/civilization-visual-owner-acceptance-2026-09-19.json","true","content/civilization-atlas/loss/reversal-loss-atlas-v1.json","content/civilization-atlas/loss/reversal-loss-atlas-v1.json","CURRENT_REGISTRY_ID_LOOKUP","lossTypes[LOSS-IDENTITY-RECONFIGURATION]","true","Book V existing contextual visual deep link","/books/reality-differentiation/?visual=VIS-CIV-LT-LOSS-IDENTITY-RECONFIGURATION&lang=en","已经动态使用但被扫描误分类","EXISTING_COMPONENT_OR_CONTEXTUAL_DEEP_LINK","Static inventory did not resolve the dynamic family/subject owner.","Preserved admitted resolver and contextual route; requested artwork uses contain/intrinsic ratio instead of 16:9 cover cropping.","4","390 px; existing page, exact selected image decoded and displayed","English/zh-Hans interface; same accepted artwork, not a new translated image","Existing consumer expanded where applicable; print-media image remains visible. Full-book pagination is not certified by these image checks."
"VIS-CIV-LT-LOSS-INFRASTRUCTURE-ABANDONMENT","LOSS_TYPE_VIGNETTE","images/civilization-atlas/loss/VIS-CIV-LT-LOSS-INFRASTRUCTURE-ABANDONMENT.webp","582370","content/civilization-atlas/visuals/civilization-visual-owner-acceptance-2026-09-19.json","true","content/civilization-atlas/loss/reversal-loss-atlas-v1.json","content/civilization-atlas/loss/reversal-loss-atlas-v1.json","CURRENT_REGISTRY_ID_LOOKUP","lossTypes[LOSS-INFRASTRUCTURE-ABANDONMENT]","true","Book V existing contextual visual deep link","/books/reality-differentiation/?visual=VIS-CIV-LT-LOSS-INFRASTRUCTURE-ABANDONMENT&lang=en","已经动态使用但被扫描误分类","EXISTING_COMPONENT_OR_CONTEXTUAL_DEEP_LINK","Static inventory did not resolve the dynamic family/subject owner.","Preserved admitted resolver and contextual route; requested artwork uses contain/intrinsic ratio instead of 16:9 cover cropping.","4","390 px; existing page, exact selected image decoded and displayed","English/zh-Hans interface; same accepted artwork, not a new translated image","Existing consumer expanded where applicable; print-media image remains visible. Full-book pagination is not certified by these image checks."
"VIS-CIV-LT-LOSS-INSTITUTIONAL-BREAKDOWN","LOSS_TYPE_VIGNETTE","images/civilization-atlas/loss/VIS-CIV-LT-LOSS-INSTITUTIONAL-BREAKDOWN.webp","490784","content/civilization-atlas/visuals/civilization-visual-owner-acceptance-2026-09-19.json","true","content/civilization-atlas/loss/reversal-loss-atlas-v1.json","content/civilization-atlas/loss/reversal-loss-atlas-v1.json","CURRENT_REGISTRY_ID_LOOKUP","lossTypes[LOSS-INSTITUTIONAL-BREAKDOWN]","true","Book V existing contextual visual deep link","/books/reality-differentiation/?visual=VIS-CIV-LT-LOSS-INSTITUTIONAL-BREAKDOWN&lang=en","已经动态使用但被扫描误分类","EXISTING_COMPONENT_OR_CONTEXTUAL_DEEP_LINK","Static inventory did not resolve the dynamic family/subject owner.","Preserved admitted resolver and contextual route; requested artwork uses contain/intrinsic ratio instead of 16:9 cover cropping.","4","390 px; existing page, exact selected image decoded and displayed","English/zh-Hans interface; same accepted artwork, not a new translated image","Existing consumer expanded where applicable; print-media image remains visible. Full-book pagination is not certified by these image checks."
"VIS-CIV-LT-LOSS-KNOWLEDGE-TRANSMISSION-LOSS","LOSS_TYPE_VIGNETTE","images/civilization-atlas/loss/VIS-CIV-LT-LOSS-KNOWLEDGE-TRANSMISSION-LOSS.webp","534170","content/civilization-atlas/visuals/civilization-visual-owner-acceptance-2026-09-19.json","true","content/civilization-atlas/loss/reversal-loss-atlas-v1.json","content/civilization-atlas/loss/reversal-loss-atlas-v1.json","CURRENT_REGISTRY_ID_LOOKUP","lossTypes[LOSS-KNOWLEDGE-TRANSMISSION-LOSS]","true","Book V existing contextual visual deep link","/books/reality-differentiation/?visual=VIS-CIV-LT-LOSS-KNOWLEDGE-TRANSMISSION-LOSS&lang=en","已经动态使用但被扫描误分类","EXISTING_COMPONENT_OR_CONTEXTUAL_DEEP_LINK","Static inventory did not resolve the dynamic family/subject owner.","Preserved admitted resolver and contextual route; requested artwork uses contain/intrinsic ratio instead of 16:9 cover cropping.","4","390 px; existing page, exact selected image decoded and displayed","English/zh-Hans interface; same accepted artwork, not a new translated image","Existing consumer expanded where applicable; print-media image remains visible. Full-book pagination is not certified by these image checks."
"VIS-CIV-LT-LOSS-LANGUAGE-DECLINE","LOSS_TYPE_VIGNETTE","images/civilization-atlas/loss/VIS-CIV-LT-LOSS-LANGUAGE-DECLINE.webp","544134","content/civilization-atlas/visuals/civilization-visual-owner-acceptance-2026-09-19.json","true","content/civilization-atlas/loss/reversal-loss-atlas-v1.json","content/civilization-atlas/loss/reversal-loss-atlas-v1.json","CURRENT_REGISTRY_ID_LOOKUP","lossTypes[LOSS-LANGUAGE-DECLINE]","true","Book V existing contextual visual deep link","/books/reality-differentiation/?visual=VIS-CIV-LT-LOSS-LANGUAGE-DECLINE&lang=en","已经动态使用但被扫描误分类","EXISTING_COMPONENT_OR_CONTEXTUAL_DEEP_LINK","Static inventory did not resolve the dynamic family/subject owner.","Preserved admitted resolver and contextual route; requested artwork uses contain/intrinsic ratio instead of 16:9 cover cropping.","4","390 px; existing page, exact selected image decoded and displayed","English/zh-Hans interface; same accepted artwork, not a new translated image","Existing consumer expanded where applicable; print-media image remains visible. Full-book pagination is not certified by these image checks."
"VIS-CIV-LT-LOSS-LEGACY-IN-NEW-SYSTEMS","LOSS_TYPE_VIGNETTE","images/civilization-atlas/loss/VIS-CIV-LT-LOSS-LEGACY-IN-NEW-SYSTEMS.webp","595256","content/civilization-atlas/visuals/civilization-visual-owner-acceptance-2026-09-19.json","true","content/civilization-atlas/loss/reversal-loss-atlas-v1.json","content/civilization-atlas/loss/reversal-loss-atlas-v1.json","CURRENT_REGISTRY_ID_LOOKUP","lossTypes[LOSS-LEGACY-IN-NEW-SYSTEMS]","true","Book V existing contextual visual deep link","/books/reality-differentiation/?visual=VIS-CIV-LT-LOSS-LEGACY-IN-NEW-SYSTEMS&lang=en","已经动态使用但被扫描误分类","EXISTING_COMPONENT_OR_CONTEXTUAL_DEEP_LINK","Static inventory did not resolve the dynamic family/subject owner.","Preserved admitted resolver and contextual route; requested artwork uses contain/intrinsic ratio instead of 16:9 cover cropping.","4","390 px; existing page, exact selected image decoded and displayed","English/zh-Hans interface; same accepted artwork, not a new translated image","Existing consumer expanded where applicable; print-media image remains visible. Full-book pagination is not certified by these image checks."
"VIS-CIV-LT-LOSS-PARTIAL-CONTINUATION","LOSS_TYPE_VIGNETTE","images/civilization-atlas/loss/VIS-CIV-LT-LOSS-PARTIAL-CONTINUATION.webp","483410","content/civilization-atlas/visuals/civilization-visual-owner-acceptance-2026-09-19.json","true","content/civilization-atlas/loss/reversal-loss-atlas-v1.json","content/civilization-atlas/loss/reversal-loss-atlas-v1.json","CURRENT_REGISTRY_ID_LOOKUP","lossTypes[LOSS-PARTIAL-CONTINUATION]","true","Book V existing contextual visual deep link","/books/reality-differentiation/?visual=VIS-CIV-LT-LOSS-PARTIAL-CONTINUATION&lang=en","已经动态使用但被扫描误分类","EXISTING_COMPONENT_OR_CONTEXTUAL_DEEP_LINK","Static inventory did not resolve the dynamic family/subject owner.","Preserved admitted resolver and contextual route; requested artwork uses contain/intrinsic ratio instead of 16:9 cover cropping.","4","390 px; existing page, exact selected image decoded and displayed","English/zh-Hans interface; same accepted artwork, not a new translated image","Existing consumer expanded where applicable; print-media image remains visible. Full-book pagination is not certified by these image checks."
"VIS-CIV-LT-LOSS-POPULATION-DECLINE","LOSS_TYPE_VIGNETTE","images/civilization-atlas/loss/VIS-CIV-LT-LOSS-POPULATION-DECLINE.webp","408578","content/civilization-atlas/visuals/civilization-visual-owner-acceptance-2026-09-19.json","true","content/civilization-atlas/loss/reversal-loss-atlas-v1.json","content/civilization-atlas/loss/reversal-loss-atlas-v1.json","CURRENT_REGISTRY_ID_LOOKUP","lossTypes[LOSS-POPULATION-DECLINE]","true","Book V existing contextual visual deep link","/books/reality-differentiation/?visual=VIS-CIV-LT-LOSS-POPULATION-DECLINE&lang=en","已经动态使用但被扫描误分类","EXISTING_COMPONENT_OR_CONTEXTUAL_DEEP_LINK","Static inventory did not resolve the dynamic family/subject owner.","Preserved admitted resolver and contextual route; requested artwork uses contain/intrinsic ratio instead of 16:9 cover cropping.","4","390 px; existing page, exact selected image decoded and displayed","English/zh-Hans interface; same accepted artwork, not a new translated image","Existing consumer expanded where applicable; print-media image remains visible. Full-book pagination is not certified by these image checks."
"VIS-CIV-LT-LOSS-PROFESSIONAL-CLASS-LOSS","LOSS_TYPE_VIGNETTE","images/civilization-atlas/loss/VIS-CIV-LT-LOSS-PROFESSIONAL-CLASS-LOSS.webp","499586","content/civilization-atlas/visuals/civilization-visual-owner-acceptance-2026-09-19.json","true","content/civilization-atlas/loss/reversal-loss-atlas-v1.json","content/civilization-atlas/loss/reversal-loss-atlas-v1.json","CURRENT_REGISTRY_ID_LOOKUP","lossTypes[LOSS-PROFESSIONAL-CLASS-LOSS]","true","Book V existing contextual visual deep link","/books/reality-differentiation/?visual=VIS-CIV-LT-LOSS-PROFESSIONAL-CLASS-LOSS&lang=en","已经动态使用但被扫描误分类","EXISTING_COMPONENT_OR_CONTEXTUAL_DEEP_LINK","Static inventory did not resolve the dynamic family/subject owner.","Preserved admitted resolver and contextual route; requested artwork uses contain/intrinsic ratio instead of 16:9 cover cropping.","4","390 px; existing page, exact selected image decoded and displayed","English/zh-Hans interface; same accepted artwork, not a new translated image","Existing consumer expanded where applicable; print-media image remains visible. Full-book pagination is not certified by these image checks."
"VIS-CIV-LT-LOSS-REGIME-END","LOSS_TYPE_VIGNETTE","images/civilization-atlas/loss/VIS-CIV-LT-LOSS-REGIME-END.webp","378226","content/civilization-atlas/visuals/civilization-visual-owner-acceptance-2026-09-19.json","true","content/civilization-atlas/loss/reversal-loss-atlas-v1.json","content/civilization-atlas/loss/reversal-loss-atlas-v1.json","CURRENT_REGISTRY_ID_LOOKUP","lossTypes[LOSS-REGIME-END]","true","Book V existing contextual visual deep link","/books/reality-differentiation/?visual=VIS-CIV-LT-LOSS-REGIME-END&lang=en","已经动态使用但被扫描误分类","EXISTING_COMPONENT_OR_CONTEXTUAL_DEEP_LINK","Static inventory did not resolve the dynamic family/subject owner.","Preserved admitted resolver and contextual route; requested artwork uses contain/intrinsic ratio instead of 16:9 cover cropping.","4","390 px; existing page, exact selected image decoded and displayed","English/zh-Hans interface; same accepted artwork, not a new translated image","Existing consumer expanded where applicable; print-media image remains visible. Full-book pagination is not certified by these image checks."
"VIS-CIV-LT-LOSS-RELIGIOUS-TRANSFORMATION","LOSS_TYPE_VIGNETTE","images/civilization-atlas/loss/VIS-CIV-LT-LOSS-RELIGIOUS-TRANSFORMATION.webp","575938","content/civilization-atlas/visuals/civilization-visual-owner-acceptance-2026-09-19.json","true","content/civilization-atlas/loss/reversal-loss-atlas-v1.json","content/civilization-atlas/loss/reversal-loss-atlas-v1.json","CURRENT_REGISTRY_ID_LOOKUP","lossTypes[LOSS-RELIGIOUS-TRANSFORMATION]","true","Book V existing contextual visual deep link","/books/reality-differentiation/?visual=VIS-CIV-LT-LOSS-RELIGIOUS-TRANSFORMATION&lang=en","已经动态使用但被扫描误分类","EXISTING_COMPONENT_OR_CONTEXTUAL_DEEP_LINK","Static inventory did not resolve the dynamic family/subject owner.","Preserved admitted resolver and contextual route; requested artwork uses contain/intrinsic ratio instead of 16:9 cover cropping.","4","390 px; existing page, exact selected image decoded and displayed","English/zh-Hans interface; same accepted artwork, not a new translated image","Existing consumer expanded where applicable; print-media image remains visible. Full-book pagination is not certified by these image checks."
"VIS-CIV-LT-LOSS-SETTLEMENT-NETWORK-BREAKDOWN","LOSS_TYPE_VIGNETTE","images/civilization-atlas/loss/VIS-CIV-LT-LOSS-SETTLEMENT-NETWORK-BREAKDOWN.webp","242226","content/civilization-atlas/visuals/civilization-visual-owner-acceptance-2026-09-19.json","true","content/civilization-atlas/loss/reversal-loss-atlas-v1.json","content/civilization-atlas/loss/reversal-loss-atlas-v1.json","CURRENT_REGISTRY_ID_LOOKUP","lossTypes[LOSS-SETTLEMENT-NETWORK-BREAKDOWN]","true","Book V existing contextual visual deep link","/books/reality-differentiation/?visual=VIS-CIV-LT-LOSS-SETTLEMENT-NETWORK-BREAKDOWN&lang=en","已经动态使用但被扫描误分类","EXISTING_COMPONENT_OR_CONTEXTUAL_DEEP_LINK","Static inventory did not resolve the dynamic family/subject owner.","Preserved admitted resolver and contextual route; requested artwork uses contain/intrinsic ratio instead of 16:9 cover cropping.","4","390 px; existing page, exact selected image decoded and displayed","English/zh-Hans interface; same accepted artwork, not a new translated image","Existing consumer expanded where applicable; print-media image remains visible. Full-book pagination is not certified by these image checks."
"VIS-CIV-LT-LOSS-SOVEREIGNTY-LOSS","LOSS_TYPE_VIGNETTE","images/civilization-atlas/loss/VIS-CIV-LT-LOSS-SOVEREIGNTY-LOSS.webp","262634","content/civilization-atlas/visuals/civilization-visual-owner-acceptance-2026-09-19.json","true","content/civilization-atlas/loss/reversal-loss-atlas-v1.json","content/civilization-atlas/loss/reversal-loss-atlas-v1.json","CURRENT_REGISTRY_ID_LOOKUP","lossTypes[LOSS-SOVEREIGNTY-LOSS]","true","Book V existing contextual visual deep link","/books/reality-differentiation/?visual=VIS-CIV-LT-LOSS-SOVEREIGNTY-LOSS&lang=en","已经动态使用但被扫描误分类","EXISTING_COMPONENT_OR_CONTEXTUAL_DEEP_LINK","Static inventory did not resolve the dynamic family/subject owner.","Preserved admitted resolver and contextual route; requested artwork uses contain/intrinsic ratio instead of 16:9 cover cropping.","4","390 px; existing page, exact selected image decoded and displayed","English/zh-Hans interface; same accepted artwork, not a new translated image","Existing consumer expanded where applicable; print-media image remains visible. Full-book pagination is not certified by these image checks."
"VIS-CIV-LT-LOSS-TERRITORIAL-CONTRACTION","LOSS_TYPE_VIGNETTE","images/civilization-atlas/loss/VIS-CIV-LT-LOSS-TERRITORIAL-CONTRACTION.webp","251130","content/civilization-atlas/visuals/civilization-visual-owner-acceptance-2026-09-19.json","true","content/civilization-atlas/loss/reversal-loss-atlas-v1.json","content/civilization-atlas/loss/reversal-loss-atlas-v1.json","CURRENT_REGISTRY_ID_LOOKUP","lossTypes[LOSS-TERRITORIAL-CONTRACTION]","true","Book V existing contextual visual deep link","/books/reality-differentiation/?visual=VIS-CIV-LT-LOSS-TERRITORIAL-CONTRACTION&lang=en","已经动态使用但被扫描误分类","EXISTING_COMPONENT_OR_CONTEXTUAL_DEEP_LINK","Static inventory did not resolve the dynamic family/subject owner.","Preserved admitted resolver and contextual route; requested artwork uses contain/intrinsic ratio instead of 16:9 cover cropping.","4","390 px; existing page, exact selected image decoded and displayed","English/zh-Hans interface; same accepted artwork, not a new translated image","Existing consumer expanded where applicable; print-media image remains visible. Full-book pagination is not certified by these image checks."
"VIS-CIV-LT-LOSS-TRADE-SYSTEM-DISRUPTION","LOSS_TYPE_VIGNETTE","images/civilization-atlas/loss/VIS-CIV-LT-LOSS-TRADE-SYSTEM-DISRUPTION.webp","502900","content/civilization-atlas/visuals/civilization-visual-owner-acceptance-2026-09-19.json","true","content/civilization-atlas/loss/reversal-loss-atlas-v1.json","content/civilization-atlas/loss/reversal-loss-atlas-v1.json","CURRENT_REGISTRY_ID_LOOKUP","lossTypes[LOSS-TRADE-SYSTEM-DISRUPTION]","true","Book V existing contextual visual deep link","/books/reality-differentiation/?visual=VIS-CIV-LT-LOSS-TRADE-SYSTEM-DISRUPTION&lang=en","已经动态使用但被扫描误分类","EXISTING_COMPONENT_OR_CONTEXTUAL_DEEP_LINK","Static inventory did not resolve the dynamic family/subject owner.","Preserved admitted resolver and contextual route; requested artwork uses contain/intrinsic ratio instead of 16:9 cover cropping.","4","390 px; existing page, exact selected image decoded and displayed","English/zh-Hans interface; same accepted artwork, not a new translated image","Existing consumer expanded where applicable; print-media image remains visible. Full-book pagination is not certified by these image checks."
"VIS-CIV-LT-LOSS-TRANSPORT-NETWORK-LOSS","LOSS_TYPE_VIGNETTE","images/civilization-atlas/loss/VIS-CIV-LT-LOSS-TRANSPORT-NETWORK-LOSS.webp","553534","content/civilization-atlas/visuals/civilization-visual-owner-acceptance-2026-09-19.json","true","content/civilization-atlas/loss/reversal-loss-atlas-v1.json","content/civilization-atlas/loss/reversal-loss-atlas-v1.json","CURRENT_REGISTRY_ID_LOOKUP","lossTypes[LOSS-TRANSPORT-NETWORK-LOSS]","true","Book V existing contextual visual deep link","/books/reality-differentiation/?visual=VIS-CIV-LT-LOSS-TRANSPORT-NETWORK-LOSS&lang=en","已经动态使用但被扫描误分类","EXISTING_COMPONENT_OR_CONTEXTUAL_DEEP_LINK","Static inventory did not resolve the dynamic family/subject owner.","Preserved admitted resolver and contextual route; requested artwork uses contain/intrinsic ratio instead of 16:9 cover cropping.","4","390 px; existing page, exact selected image decoded and displayed","English/zh-Hans interface; same accepted artwork, not a new translated image","Existing consumer expanded where applicable; print-media image remains visible. Full-book pagination is not certified by these image checks."
"VIS-CIV-LT-LOSS-URBAN-DECLINE","LOSS_TYPE_VIGNETTE","images/civilization-atlas/loss/VIS-CIV-LT-LOSS-URBAN-DECLINE.webp","384532","content/civilization-atlas/visuals/civilization-visual-owner-acceptance-2026-09-19.json","true","content/civilization-atlas/loss/reversal-loss-atlas-v1.json","content/civilization-atlas/loss/reversal-loss-atlas-v1.json","CURRENT_REGISTRY_ID_LOOKUP","lossTypes[LOSS-URBAN-DECLINE]","true","Book V existing contextual visual deep link","/books/reality-differentiation/?visual=VIS-CIV-LT-LOSS-URBAN-DECLINE&lang=en","已经动态使用但被扫描误分类","EXISTING_COMPONENT_OR_CONTEXTUAL_DEEP_LINK","Static inventory did not resolve the dynamic family/subject owner.","Preserved admitted resolver and contextual route; requested artwork uses contain/intrinsic ratio instead of 16:9 cover cropping.","4","390 px; existing page, exact selected image decoded and displayed","English/zh-Hans interface; same accepted artwork, not a new translated image","Existing consumer expanded where applicable; print-media image remains visible. Full-book pagination is not certified by these image checks."
"VIS-CIV-MAP-01","GEOGRAPHIC_BASE","images/civilization-atlas/maps/VIS-CIV-MAP-01.webp","498962","content/civilization-atlas/visuals/civilization-visual-owner-acceptance-2026-09-19.json","true","BOOK-V-CIV-ATLAS-R1-M1-W4C-CANONICAL-v1.0.0","","W4C_PLANNING_METADATA_ONLY_NO_CURRENT_NATIVE_CONTENT_OBJECT","maps[01]","false","Book V existing contextual visual deep link","/books/reality-differentiation/?visual=VIS-CIV-MAP-01&lang=en","批准保留、尚无当前常规展示用途","APPROVED_CONTEXTUAL_DEEP_LINK_ONLY_NO_NEW_DEFAULT_PLACEMENT","Static inventory did not resolve the dynamic family/subject owner.","Preserved admitted resolver and contextual route; requested artwork uses contain/intrinsic ratio instead of 16:9 cover cropping.","4","390 px; existing page, exact selected image decoded and displayed","English/zh-Hans interface; same accepted artwork, not a new translated image","Existing consumer expanded where applicable; print-media image remains visible. Full-book pagination is not certified by these image checks."
"VIS-CIV-MAP-02","GEOGRAPHIC_BASE","images/civilization-atlas/maps/VIS-CIV-MAP-02.webp","444190","content/civilization-atlas/visuals/civilization-visual-owner-acceptance-2026-09-19.json","true","BOOK-V-CIV-ATLAS-R1-M1-W4C-CANONICAL-v1.0.0","","W4C_PLANNING_METADATA_ONLY_NO_CURRENT_NATIVE_CONTENT_OBJECT","maps[02]","false","Book V existing contextual visual deep link","/books/reality-differentiation/?visual=VIS-CIV-MAP-02&lang=en","批准保留、尚无当前常规展示用途","APPROVED_CONTEXTUAL_DEEP_LINK_ONLY_NO_NEW_DEFAULT_PLACEMENT","Static inventory did not resolve the dynamic family/subject owner.","Preserved admitted resolver and contextual route; requested artwork uses contain/intrinsic ratio instead of 16:9 cover cropping.","4","390 px; existing page, exact selected image decoded and displayed","English/zh-Hans interface; same accepted artwork, not a new translated image","Existing consumer expanded where applicable; print-media image remains visible. Full-book pagination is not certified by these image checks."
"VIS-CIV-MAP-03","GEOGRAPHIC_BASE","images/civilization-atlas/maps/VIS-CIV-MAP-03.webp","590802","content/civilization-atlas/visuals/civilization-visual-owner-acceptance-2026-09-19.json","true","BOOK-V-CIV-ATLAS-R1-M1-W4C-CANONICAL-v1.0.0","","W4C_PLANNING_METADATA_ONLY_NO_CURRENT_NATIVE_CONTENT_OBJECT","maps[03]","false","Book V existing contextual visual deep link","/books/reality-differentiation/?visual=VIS-CIV-MAP-03&lang=en","批准保留、尚无当前常规展示用途","APPROVED_CONTEXTUAL_DEEP_LINK_ONLY_NO_NEW_DEFAULT_PLACEMENT","Static inventory did not resolve the dynamic family/subject owner.","Preserved admitted resolver and contextual route; requested artwork uses contain/intrinsic ratio instead of 16:9 cover cropping.","4","390 px; existing page, exact selected image decoded and displayed","English/zh-Hans interface; same accepted artwork, not a new translated image","Existing consumer expanded where applicable; print-media image remains visible. Full-book pagination is not certified by these image checks."
"VIS-CIV-MAP-04","GEOGRAPHIC_BASE","images/civilization-atlas/maps/VIS-CIV-MAP-04.webp","561206","content/civilization-atlas/visuals/civilization-visual-owner-acceptance-2026-09-19.json","true","BOOK-V-CIV-ATLAS-R1-M1-W4C-CANONICAL-v1.0.0","","W4C_PLANNING_METADATA_ONLY_NO_CURRENT_NATIVE_CONTENT_OBJECT","maps[04]","false","Book V existing contextual visual deep link","/books/reality-differentiation/?visual=VIS-CIV-MAP-04&lang=en","批准保留、尚无当前常规展示用途","APPROVED_CONTEXTUAL_DEEP_LINK_ONLY_NO_NEW_DEFAULT_PLACEMENT","Static inventory did not resolve the dynamic family/subject owner.","Preserved admitted resolver and contextual route; requested artwork uses contain/intrinsic ratio instead of 16:9 cover cropping.","4","390 px; existing page, exact selected image decoded and displayed","English/zh-Hans interface; same accepted artwork, not a new translated image","Existing consumer expanded where applicable; print-media image remains visible. Full-book pagination is not certified by these image checks."
"VIS-CIV-MAP-05","GEOGRAPHIC_BASE","images/civilization-atlas/maps/VIS-CIV-MAP-05.webp","619978","content/civilization-atlas/visuals/civilization-visual-owner-acceptance-2026-09-19.json","true","BOOK-V-CIV-ATLAS-R1-M1-W4C-CANONICAL-v1.0.0","","W4C_PLANNING_METADATA_ONLY_NO_CURRENT_NATIVE_CONTENT_OBJECT","maps[05]","false","Book V existing contextual visual deep link","/books/reality-differentiation/?visual=VIS-CIV-MAP-05&lang=en","批准保留、尚无当前常规展示用途","APPROVED_CONTEXTUAL_DEEP_LINK_ONLY_NO_NEW_DEFAULT_PLACEMENT","Static inventory did not resolve the dynamic family/subject owner.","Preserved admitted resolver and contextual route; requested artwork uses contain/intrinsic ratio instead of 16:9 cover cropping.","4","390 px; existing page, exact selected image decoded and displayed","English/zh-Hans interface; same accepted artwork, not a new translated image","Existing consumer expanded where applicable; print-media image remains visible. Full-book pagination is not certified by these image checks."
"VIS-CIV-MAP-06","GEOGRAPHIC_BASE","images/civilization-atlas/maps/VIS-CIV-MAP-06.webp","490868","content/civilization-atlas/visuals/civilization-visual-owner-acceptance-2026-09-19.json","true","BOOK-V-CIV-ATLAS-R1-M1-W4C-CANONICAL-v1.0.0","","W4C_PLANNING_METADATA_ONLY_NO_CURRENT_NATIVE_CONTENT_OBJECT","maps[06]","false","Book V existing contextual visual deep link","/books/reality-differentiation/?visual=VIS-CIV-MAP-06&lang=en","批准保留、尚无当前常规展示用途","APPROVED_CONTEXTUAL_DEEP_LINK_ONLY_NO_NEW_DEFAULT_PLACEMENT","Static inventory did not resolve the dynamic family/subject owner.","Preserved admitted resolver and contextual route; requested artwork uses contain/intrinsic ratio instead of 16:9 cover cropping.","4","390 px; existing page, exact selected image decoded and displayed","English/zh-Hans interface; same accepted artwork, not a new translated image","Existing consumer expanded where applicable; print-media image remains visible. Full-book pagination is not certified by these image checks."
"VIS-CIV-MAP-07","GEOGRAPHIC_BASE","images/civilization-atlas/maps/VIS-CIV-MAP-07.webp","536376","content/civilization-atlas/visuals/civilization-visual-owner-acceptance-2026-09-19.json","true","BOOK-V-CIV-ATLAS-R1-M1-W4C-CANONICAL-v1.0.0","","W4C_PLANNING_METADATA_ONLY_NO_CURRENT_NATIVE_CONTENT_OBJECT","maps[07]","false","Book V existing contextual visual deep link","/books/reality-differentiation/?visual=VIS-CIV-MAP-07&lang=en","批准保留、尚无当前常规展示用途","APPROVED_CONTEXTUAL_DEEP_LINK_ONLY_NO_NEW_DEFAULT_PLACEMENT","Static inventory did not resolve the dynamic family/subject owner.","Preserved admitted resolver and contextual route; requested artwork uses contain/intrinsic ratio instead of 16:9 cover cropping.","4","390 px; existing page, exact selected image decoded and displayed","English/zh-Hans interface; same accepted artwork, not a new translated image","Existing consumer expanded where applicable; print-media image remains visible. Full-book pagination is not certified by these image checks."
"VIS-CIV-MAP-08","GEOGRAPHIC_BASE","images/civilization-atlas/maps/VIS-CIV-MAP-08.webp","616696","content/civilization-atlas/visuals/civilization-visual-owner-acceptance-2026-09-19.json","true","BOOK-V-CIV-ATLAS-R1-M1-W4C-CANONICAL-v1.0.0","","W4C_PLANNING_METADATA_ONLY_NO_CURRENT_NATIVE_CONTENT_OBJECT","maps[08]","false","Book V existing contextual visual deep link","/books/reality-differentiation/?visual=VIS-CIV-MAP-08&lang=en","批准保留、尚无当前常规展示用途","APPROVED_CONTEXTUAL_DEEP_LINK_ONLY_NO_NEW_DEFAULT_PLACEMENT","Static inventory did not resolve the dynamic family/subject owner.","Preserved admitted resolver and contextual route; requested artwork uses contain/intrinsic ratio instead of 16:9 cover cropping.","4","390 px; existing page, exact selected image decoded and displayed","English/zh-Hans interface; same accepted artwork, not a new translated image","Existing consumer expanded where applicable; print-media image remains visible. Full-book pagination is not certified by these image checks."
"VIS-CIV-MAP-09","GEOGRAPHIC_BASE","images/civilization-atlas/maps/VIS-CIV-MAP-09.webp","583210","content/civilization-atlas/visuals/civilization-visual-owner-acceptance-2026-09-19.json","true","BOOK-V-CIV-ATLAS-R1-M1-W4C-CANONICAL-v1.0.0","","W4C_PLANNING_METADATA_ONLY_NO_CURRENT_NATIVE_CONTENT_OBJECT","maps[09]","false","Book V existing contextual visual deep link","/books/reality-differentiation/?visual=VIS-CIV-MAP-09&lang=en","批准保留、尚无当前常规展示用途","APPROVED_CONTEXTUAL_DEEP_LINK_ONLY_NO_NEW_DEFAULT_PLACEMENT","Static inventory did not resolve the dynamic family/subject owner.","Preserved admitted resolver and contextual route; requested artwork uses contain/intrinsic ratio instead of 16:9 cover cropping.","4","390 px; existing page, exact selected image decoded and displayed","English/zh-Hans interface; same accepted artwork, not a new translated image","Existing consumer expanded where applicable; print-media image remains visible. Full-book pagination is not certified by these image checks."
"VIS-CIV-MAP-10","GEOGRAPHIC_BASE","images/civilization-atlas/maps/VIS-CIV-MAP-10.webp","639668","content/civilization-atlas/visuals/civilization-visual-owner-acceptance-2026-09-19.json","true","BOOK-V-CIV-ATLAS-R1-M1-W4C-CANONICAL-v1.0.0","","W4C_PLANNING_METADATA_ONLY_NO_CURRENT_NATIVE_CONTENT_OBJECT","maps[10]","false","Book V existing contextual visual deep link","/books/reality-differentiation/?visual=VIS-CIV-MAP-10&lang=en","批准保留、尚无当前常规展示用途","APPROVED_CONTEXTUAL_DEEP_LINK_ONLY_NO_NEW_DEFAULT_PLACEMENT","Static inventory did not resolve the dynamic family/subject owner.","Preserved admitted resolver and contextual route; requested artwork uses contain/intrinsic ratio instead of 16:9 cover cropping.","4","390 px; existing page, exact selected image decoded and displayed","English/zh-Hans interface; same accepted artwork, not a new translated image","Existing consumer expanded where applicable; print-media image remains visible. Full-book pagination is not certified by these image checks."
"WORLD_RECONFIGURATION_SNAPSHOT_1914","WORLD_RECONFIGURATION_SNAPSHOT","images/civilization-atlas/reconfiguration/WORLD_RECONFIGURATION_SNAPSHOT_1914.webp","764948","content/civilization-atlas/visuals/civilization-visual-owner-acceptance-2026-09-19.json","true","SUPPLEMENTAL_PRODUCTION_MAP","content/civilization-atlas/reconfiguration/world-reconfiguration-snapshots-v1.json","CURRENT_REGISTRY_ID_LOOKUP","WORLD_RECONFIGURATION_SNAPSHOT_1914","true","Book VI snapshot triptych","/books/reality-reconfiguration/?atlas=snapshots&snapshot=WORLD_RECONFIGURATION_SNAPSHOT_1914&lang=en","已经动态使用但被扫描误分类","EXISTING_COMPONENT_OR_CONTEXTUAL_DEEP_LINK","Static inventory did not resolve the dynamic family/subject owner.","Preserved admitted resolver and current snapshot owner; actual 12-image consumer verified.","4","390 px; existing page, exact selected image decoded and displayed","English/zh-Hans interface; same accepted artwork, not a new translated image","Existing consumer expanded where applicable; print-media image remains visible. Full-book pagination is not certified by these image checks."
"WORLD_RECONFIGURATION_SNAPSHOT_1919","WORLD_RECONFIGURATION_SNAPSHOT","images/civilization-atlas/reconfiguration/WORLD_RECONFIGURATION_SNAPSHOT_1919.webp","721502","content/civilization-atlas/visuals/civilization-visual-owner-acceptance-2026-09-19.json","true","SUPPLEMENTAL_PRODUCTION_MAP","content/civilization-atlas/reconfiguration/world-reconfiguration-snapshots-v1.json","CURRENT_REGISTRY_ID_LOOKUP","WORLD_RECONFIGURATION_SNAPSHOT_1919","true","Book VI snapshot triptych","/books/reality-reconfiguration/?atlas=snapshots&snapshot=WORLD_RECONFIGURATION_SNAPSHOT_1919&lang=en","已经动态使用但被扫描误分类","EXISTING_COMPONENT_OR_CONTEXTUAL_DEEP_LINK","Static inventory did not resolve the dynamic family/subject owner.","Preserved admitted resolver and current snapshot owner; actual 12-image consumer verified.","4","390 px; existing page, exact selected image decoded and displayed","English/zh-Hans interface; same accepted artwork, not a new translated image","Existing consumer expanded where applicable; print-media image remains visible. Full-book pagination is not certified by these image checks."
"WORLD_RECONFIGURATION_SNAPSHOT_1929","WORLD_RECONFIGURATION_SNAPSHOT","images/civilization-atlas/reconfiguration/WORLD_RECONFIGURATION_SNAPSHOT_1929.webp","756536","content/civilization-atlas/visuals/civilization-visual-owner-acceptance-2026-09-19.json","true","SUPPLEMENTAL_PRODUCTION_MAP","content/civilization-atlas/reconfiguration/world-reconfiguration-snapshots-v1.json","CURRENT_REGISTRY_ID_LOOKUP","WORLD_RECONFIGURATION_SNAPSHOT_1929","true","Book VI snapshot triptych","/books/reality-reconfiguration/?atlas=snapshots&snapshot=WORLD_RECONFIGURATION_SNAPSHOT_1929&lang=en","已经动态使用但被扫描误分类","EXISTING_COMPONENT_OR_CONTEXTUAL_DEEP_LINK","Static inventory did not resolve the dynamic family/subject owner.","Preserved admitted resolver and current snapshot owner; actual 12-image consumer verified.","4","390 px; existing page, exact selected image decoded and displayed","English/zh-Hans interface; same accepted artwork, not a new translated image","Existing consumer expanded where applicable; print-media image remains visible. Full-book pagination is not certified by these image checks."
"WORLD_RECONFIGURATION_SNAPSHOT_1939","WORLD_RECONFIGURATION_SNAPSHOT","images/civilization-atlas/reconfiguration/WORLD_RECONFIGURATION_SNAPSHOT_1939.webp","703798","content/civilization-atlas/visuals/civilization-visual-owner-acceptance-2026-09-19.json","true","SUPPLEMENTAL_PRODUCTION_MAP","content/civilization-atlas/reconfiguration/world-reconfiguration-snapshots-v1.json","CURRENT_REGISTRY_ID_LOOKUP","WORLD_RECONFIGURATION_SNAPSHOT_1939","true","Book VI snapshot triptych","/books/reality-reconfiguration/?atlas=snapshots&snapshot=WORLD_RECONFIGURATION_SNAPSHOT_1939&lang=en","已经动态使用但被扫描误分类","EXISTING_COMPONENT_OR_CONTEXTUAL_DEEP_LINK","Static inventory did not resolve the dynamic family/subject owner.","Preserved admitted resolver and current snapshot owner; actual 12-image consumer verified.","4","390 px; existing page, exact selected image decoded and displayed","English/zh-Hans interface; same accepted artwork, not a new translated image","Existing consumer expanded where applicable; print-media image remains visible. Full-book pagination is not certified by these image checks."
"WORLD_RECONFIGURATION_SNAPSHOT_1945","WORLD_RECONFIGURATION_SNAPSHOT","images/civilization-atlas/reconfiguration/WORLD_RECONFIGURATION_SNAPSHOT_1945.webp","748392","content/civilization-atlas/visuals/civilization-visual-owner-acceptance-2026-09-19.json","true","SUPPLEMENTAL_PRODUCTION_MAP","content/civilization-atlas/reconfiguration/world-reconfiguration-snapshots-v1.json","CURRENT_REGISTRY_ID_LOOKUP","WORLD_RECONFIGURATION_SNAPSHOT_1945","true","Book VI snapshot triptych","/books/reality-reconfiguration/?atlas=snapshots&snapshot=WORLD_RECONFIGURATION_SNAPSHOT_1945&lang=en","已经动态使用但被扫描误分类","EXISTING_COMPONENT_OR_CONTEXTUAL_DEEP_LINK","Static inventory did not resolve the dynamic family/subject owner.","Preserved admitted resolver and current snapshot owner; actual 12-image consumer verified.","4","390 px; existing page, exact selected image decoded and displayed","English/zh-Hans interface; same accepted artwork, not a new translated image","Existing consumer expanded where applicable; print-media image remains visible. Full-book pagination is not certified by these image checks."
"WORLD_RECONFIGURATION_SNAPSHOT_1955","WORLD_RECONFIGURATION_SNAPSHOT","images/civilization-atlas/reconfiguration/WORLD_RECONFIGURATION_SNAPSHOT_1955.webp","713262","content/civilization-atlas/visuals/civilization-visual-owner-acceptance-2026-09-19.json","true","SUPPLEMENTAL_PRODUCTION_MAP","content/civilization-atlas/reconfiguration/world-reconfiguration-snapshots-v1.json","CURRENT_REGISTRY_ID_LOOKUP","WORLD_RECONFIGURATION_SNAPSHOT_1955","true","Book VI snapshot triptych","/books/reality-reconfiguration/?atlas=snapshots&snapshot=WORLD_RECONFIGURATION_SNAPSHOT_1955&lang=en","已经动态使用但被扫描误分类","EXISTING_COMPONENT_OR_CONTEXTUAL_DEEP_LINK","Static inventory did not resolve the dynamic family/subject owner.","Preserved admitted resolver and current snapshot owner; actual 12-image consumer verified.","4","390 px; existing page, exact selected image decoded and displayed","English/zh-Hans interface; same accepted artwork, not a new translated image","Existing consumer expanded where applicable; print-media image remains visible. Full-book pagination is not certified by these image checks."
"WORLD_RECONFIGURATION_SNAPSHOT_1965","WORLD_RECONFIGURATION_SNAPSHOT","images/civilization-atlas/reconfiguration/WORLD_RECONFIGURATION_SNAPSHOT_1965.webp","709328","content/civilization-atlas/visuals/civilization-visual-owner-acceptance-2026-09-19.json","true","SUPPLEMENTAL_PRODUCTION_MAP","content/civilization-atlas/reconfiguration/world-reconfiguration-snapshots-v1.json","CURRENT_REGISTRY_ID_LOOKUP","WORLD_RECONFIGURATION_SNAPSHOT_1965","true","Book VI snapshot triptych","/books/reality-reconfiguration/?atlas=snapshots&snapshot=WORLD_RECONFIGURATION_SNAPSHOT_1965&lang=en","已经动态使用但被扫描误分类","EXISTING_COMPONENT_OR_CONTEXTUAL_DEEP_LINK","Static inventory did not resolve the dynamic family/subject owner.","Preserved admitted resolver and current snapshot owner; actual 12-image consumer verified.","4","390 px; existing page, exact selected image decoded and displayed","English/zh-Hans interface; same accepted artwork, not a new translated image","Existing consumer expanded where applicable; print-media image remains visible. Full-book pagination is not certified by these image checks."
"WORLD_RECONFIGURATION_SNAPSHOT_1975","WORLD_RECONFIGURATION_SNAPSHOT","images/civilization-atlas/reconfiguration/WORLD_RECONFIGURATION_SNAPSHOT_1975.webp","693040","content/civilization-atlas/visuals/civilization-visual-owner-acceptance-2026-09-19.json","true","SUPPLEMENTAL_PRODUCTION_MAP","content/civilization-atlas/reconfiguration/world-reconfiguration-snapshots-v1.json","CURRENT_REGISTRY_ID_LOOKUP","WORLD_RECONFIGURATION_SNAPSHOT_1975","true","Book VI snapshot triptych","/books/reality-reconfiguration/?atlas=snapshots&snapshot=WORLD_RECONFIGURATION_SNAPSHOT_1975&lang=en","已经动态使用但被扫描误分类","EXISTING_COMPONENT_OR_CONTEXTUAL_DEEP_LINK","Static inventory did not resolve the dynamic family/subject owner.","Preserved admitted resolver and current snapshot owner; actual 12-image consumer verified.","4","390 px; existing page, exact selected image decoded and displayed","English/zh-Hans interface; same accepted artwork, not a new translated image","Existing consumer expanded where applicable; print-media image remains visible. Full-book pagination is not certified by these image checks."
"WORLD_RECONFIGURATION_SNAPSHOT_1989","WORLD_RECONFIGURATION_SNAPSHOT","images/civilization-atlas/reconfiguration/WORLD_RECONFIGURATION_SNAPSHOT_1989.webp","698992","content/civilization-atlas/visuals/civilization-visual-owner-acceptance-2026-09-19.json","true","SUPPLEMENTAL_PRODUCTION_MAP","content/civilization-atlas/reconfiguration/world-reconfiguration-snapshots-v1.json","CURRENT_REGISTRY_ID_LOOKUP","WORLD_RECONFIGURATION_SNAPSHOT_1989","true","Book VI snapshot triptych","/books/reality-reconfiguration/?atlas=snapshots&snapshot=WORLD_RECONFIGURATION_SNAPSHOT_1989&lang=en","已经动态使用但被扫描误分类","EXISTING_COMPONENT_OR_CONTEXTUAL_DEEP_LINK","Static inventory did not resolve the dynamic family/subject owner.","Preserved admitted resolver and current snapshot owner; actual 12-image consumer verified.","4","390 px; existing page, exact selected image decoded and displayed","English/zh-Hans interface; same accepted artwork, not a new translated image","Existing consumer expanded where applicable; print-media image remains visible. Full-book pagination is not certified by these image checks."
"WORLD_RECONFIGURATION_SNAPSHOT_2001","WORLD_RECONFIGURATION_SNAPSHOT","images/civilization-atlas/reconfiguration/WORLD_RECONFIGURATION_SNAPSHOT_2001.webp","730166","content/civilization-atlas/visuals/civilization-visual-owner-acceptance-2026-09-19.json","true","SUPPLEMENTAL_PRODUCTION_MAP","content/civilization-atlas/reconfiguration/world-reconfiguration-snapshots-v1.json","CURRENT_REGISTRY_ID_LOOKUP","WORLD_RECONFIGURATION_SNAPSHOT_2001","true","Book VI snapshot triptych","/books/reality-reconfiguration/?atlas=snapshots&snapshot=WORLD_RECONFIGURATION_SNAPSHOT_2001&lang=en","已经动态使用但被扫描误分类","EXISTING_COMPONENT_OR_CONTEXTUAL_DEEP_LINK","Static inventory did not resolve the dynamic family/subject owner.","Preserved admitted resolver and current snapshot owner; actual 12-image consumer verified.","4","390 px; existing page, exact selected image decoded and displayed","English/zh-Hans interface; same accepted artwork, not a new translated image","Existing consumer expanded where applicable; print-media image remains visible. Full-book pagination is not certified by these image checks."
"WORLD_RECONFIGURATION_SNAPSHOT_2008","WORLD_RECONFIGURATION_SNAPSHOT","images/civilization-atlas/reconfiguration/WORLD_RECONFIGURATION_SNAPSHOT_2008.webp","735754","content/civilization-atlas/visuals/civilization-visual-owner-acceptance-2026-09-19.json","true","SUPPLEMENTAL_PRODUCTION_MAP","content/civilization-atlas/reconfiguration/world-reconfiguration-snapshots-v1.json","CURRENT_REGISTRY_ID_LOOKUP","WORLD_RECONFIGURATION_SNAPSHOT_2008","true","Book VI snapshot triptych","/books/reality-reconfiguration/?atlas=snapshots&snapshot=WORLD_RECONFIGURATION_SNAPSHOT_2008&lang=en","已经动态使用但被扫描误分类","EXISTING_COMPONENT_OR_CONTEXTUAL_DEEP_LINK","Static inventory did not resolve the dynamic family/subject owner.","Preserved admitted resolver and current snapshot owner; actual 12-image consumer verified.","4","390 px; existing page, exact selected image decoded and displayed","English/zh-Hans interface; same accepted artwork, not a new translated image","Existing consumer expanded where applicable; print-media image remains visible. Full-book pagination is not certified by these image checks."
"WORLD_RECONFIGURATION_SNAPSHOT_2026","WORLD_RECONFIGURATION_SNAPSHOT","images/civilization-atlas/reconfiguration/WORLD_RECONFIGURATION_SNAPSHOT_2026.webp","735046","content/civilization-atlas/visuals/civilization-visual-owner-acceptance-2026-09-19.json","true","SUPPLEMENTAL_PRODUCTION_MAP","content/civilization-atlas/reconfiguration/world-reconfiguration-snapshots-v1.json","CURRENT_REGISTRY_ID_LOOKUP","WORLD_RECONFIGURATION_SNAPSHOT_2026","true","Book VI snapshot triptych","/books/reality-reconfiguration/?atlas=snapshots&snapshot=WORLD_RECONFIGURATION_SNAPSHOT_2026&lang=en","已经动态使用但被扫描误分类","EXISTING_COMPONENT_OR_CONTEXTUAL_DEEP_LINK","Static inventory did not resolve the dynamic family/subject owner.","Preserved admitted resolver and current snapshot owner; actual 12-image consumer verified.","4","390 px; existing page, exact selected image decoded and displayed","English/zh-Hans interface; same accepted artwork, not a new translated image","Existing consumer expanded where applicable; print-media image remains visible. Full-book pagination is not certified by these image checks."
"VIS-CIV-SS-01","SCALE_SHIFT","images/civilization-atlas/scale-shifts/VIS-CIV-SS-01.webp","743876","content/civilization-atlas/visuals/civilization-visual-owner-acceptance-2026-09-19.json","true","content/civilization-atlas/transitions/transition-windows-v1.json","content/civilization-atlas/transitions/transition-windows-v1.json","CURRENT_REGISTRY_ID_LOOKUP","scaleShifts[SS-01]","true","Book V existing contextual visual deep link","/books/reality-differentiation/?visual=VIS-CIV-SS-01&lang=en","已经动态使用但被扫描误分类","EXISTING_COMPONENT_OR_CONTEXTUAL_DEEP_LINK","Static inventory did not resolve the dynamic family/subject owner.","Preserved admitted resolver and contextual route; requested artwork uses contain/intrinsic ratio instead of 16:9 cover cropping.","4","390 px; existing page, exact selected image decoded and displayed","English/zh-Hans interface; same accepted artwork, not a new translated image","Existing consumer expanded where applicable; print-media image remains visible. Full-book pagination is not certified by these image checks."
"VIS-CIV-SS-02","SCALE_SHIFT","images/civilization-atlas/scale-shifts/VIS-CIV-SS-02.webp","658090","content/civilization-atlas/visuals/civilization-visual-owner-acceptance-2026-09-19.json","true","content/civilization-atlas/transitions/transition-windows-v1.json","content/civilization-atlas/transitions/transition-windows-v1.json","CURRENT_REGISTRY_ID_LOOKUP","scaleShifts[SS-02]","true","Book V existing contextual visual deep link","/books/reality-differentiation/?visual=VIS-CIV-SS-02&lang=en","已经动态使用但被扫描误分类","EXISTING_COMPONENT_OR_CONTEXTUAL_DEEP_LINK","Static inventory did not resolve the dynamic family/subject owner.","Preserved admitted resolver and contextual route; requested artwork uses contain/intrinsic ratio instead of 16:9 cover cropping.","4","390 px; existing page, exact selected image decoded and displayed","English/zh-Hans interface; same accepted artwork, not a new translated image","Existing consumer expanded where applicable; print-media image remains visible. Full-book pagination is not certified by these image checks."
"VIS-CIV-SS-03","SCALE_SHIFT","images/civilization-atlas/scale-shifts/VIS-CIV-SS-03.webp","668480","content/civilization-atlas/visuals/civilization-visual-owner-acceptance-2026-09-19.json","true","content/civilization-atlas/transitions/transition-windows-v1.json","content/civilization-atlas/transitions/transition-windows-v1.json","CURRENT_REGISTRY_ID_LOOKUP","scaleShifts[SS-03]","true","Book V existing contextual visual deep link","/books/reality-differentiation/?visual=VIS-CIV-SS-03&lang=en","已经动态使用但被扫描误分类","EXISTING_COMPONENT_OR_CONTEXTUAL_DEEP_LINK","Static inventory did not resolve the dynamic family/subject owner.","Preserved admitted resolver and contextual route; requested artwork uses contain/intrinsic ratio instead of 16:9 cover cropping.","4","390 px; existing page, exact selected image decoded and displayed","English/zh-Hans interface; same accepted artwork, not a new translated image","Existing consumer expanded where applicable; print-media image remains visible. Full-book pagination is not certified by these image checks."
"VIS-CIV-SS-04","SCALE_SHIFT","images/civilization-atlas/scale-shifts/VIS-CIV-SS-04.webp","541946","content/civilization-atlas/visuals/civilization-visual-owner-acceptance-2026-09-19.json","true","content/civilization-atlas/transitions/transition-windows-v1.json","content/civilization-atlas/transitions/transition-windows-v1.json","CURRENT_REGISTRY_ID_LOOKUP","scaleShifts[SS-04]","true","Book V existing contextual visual deep link","/books/reality-differentiation/?visual=VIS-CIV-SS-04&lang=en","已经动态使用但被扫描误分类","EXISTING_COMPONENT_OR_CONTEXTUAL_DEEP_LINK","Static inventory did not resolve the dynamic family/subject owner.","Preserved admitted resolver and contextual route; requested artwork uses contain/intrinsic ratio instead of 16:9 cover cropping.","4","390 px; existing page, exact selected image decoded and displayed","English/zh-Hans interface; same accepted artwork, not a new translated image","Existing consumer expanded where applicable; print-media image remains visible. Full-book pagination is not certified by these image checks."
"VIS-CIV-SS-05","SCALE_SHIFT","images/civilization-atlas/scale-shifts/VIS-CIV-SS-05.webp","592568","content/civilization-atlas/visuals/civilization-visual-owner-acceptance-2026-09-19.json","true","content/civilization-atlas/transitions/transition-windows-v1.json","content/civilization-atlas/transitions/transition-windows-v1.json","CURRENT_REGISTRY_ID_LOOKUP","scaleShifts[SS-05]","true","Book V existing contextual visual deep link","/books/reality-differentiation/?visual=VIS-CIV-SS-05&lang=en","已经动态使用但被扫描误分类","EXISTING_COMPONENT_OR_CONTEXTUAL_DEEP_LINK","Static inventory did not resolve the dynamic family/subject owner.","Preserved admitted resolver and contextual route; requested artwork uses contain/intrinsic ratio instead of 16:9 cover cropping.","4","390 px; existing page, exact selected image decoded and displayed","English/zh-Hans interface; same accepted artwork, not a new translated image","Existing consumer expanded where applicable; print-media image remains visible. Full-book pagination is not certified by these image checks."
"VIS-CIV-SS-06","SCALE_SHIFT","images/civilization-atlas/scale-shifts/VIS-CIV-SS-06.webp","641730","content/civilization-atlas/visuals/civilization-visual-owner-acceptance-2026-09-19.json","true","content/civilization-atlas/transitions/transition-windows-v1.json","content/civilization-atlas/transitions/transition-windows-v1.json","CURRENT_REGISTRY_ID_LOOKUP","scaleShifts[SS-06]","true","Book V existing contextual visual deep link","/books/reality-differentiation/?visual=VIS-CIV-SS-06&lang=en","已经动态使用但被扫描误分类","EXISTING_COMPONENT_OR_CONTEXTUAL_DEEP_LINK","Static inventory did not resolve the dynamic family/subject owner.","Preserved admitted resolver and contextual route; requested artwork uses contain/intrinsic ratio instead of 16:9 cover cropping.","4","390 px; existing page, exact selected image decoded and displayed","English/zh-Hans interface; same accepted artwork, not a new translated image","Existing consumer expanded where applicable; print-media image remains visible. Full-book pagination is not certified by these image checks."
"VIS-CIV-SS-07","SCALE_SHIFT","images/civilization-atlas/scale-shifts/VIS-CIV-SS-07.webp","582996","content/civilization-atlas/visuals/civilization-visual-owner-acceptance-2026-09-19.json","true","content/civilization-atlas/transitions/transition-windows-v1.json","content/civilization-atlas/transitions/transition-windows-v1.json","CURRENT_REGISTRY_ID_LOOKUP","scaleShifts[SS-07]","true","Book V existing contextual visual deep link","/books/reality-differentiation/?visual=VIS-CIV-SS-07&lang=en","已经动态使用但被扫描误分类","EXISTING_COMPONENT_OR_CONTEXTUAL_DEEP_LINK","Static inventory did not resolve the dynamic family/subject owner.","Preserved admitted resolver and contextual route; requested artwork uses contain/intrinsic ratio instead of 16:9 cover cropping.","4","390 px; existing page, exact selected image decoded and displayed","English/zh-Hans interface; same accepted artwork, not a new translated image","Existing consumer expanded where applicable; print-media image remains visible. Full-book pagination is not certified by these image checks."
"VIS-CIV-WS-0001-ATMOSPHERE","WORLD_SNAPSHOT_ATMOSPHERE","images/civilization-atlas/snapshots/VIS-CIV-WS-0001-ATMOSPHERE.webp","570690","content/civilization-atlas/visuals/civilization-visual-owner-acceptance-2026-09-19.json","true","content/civilization-atlas/snapshots/world-snapshots-v1.json","content/civilization-atlas/snapshots/world-snapshots-v1.json","CURRENT_REGISTRY_ID_LOOKUP","snapshots[WS-0001]","true","Book V selected world snapshot → expanded details","/books/reality-differentiation/?atlas=world&snapshot=WS-0001&lang=en","已经动态使用但被扫描误分类","EXISTING_COMPONENT_OR_CONTEXTUAL_DEEP_LINK","Static inventory did not resolve the dynamic family/subject owner.","Preserved binding; landscape illustration now occupies a full-width intrinsic-ratio row.","4","390 px; existing page, exact selected image decoded and displayed","English/zh-Hans interface; same accepted artwork, not a new translated image","Existing consumer expanded where applicable; print-media image remains visible. Full-book pagination is not certified by these image checks."
"VIS-CIV-WS-0500-ATMOSPHERE","WORLD_SNAPSHOT_ATMOSPHERE","images/civilization-atlas/snapshots/VIS-CIV-WS-0500-ATMOSPHERE.webp","555246","content/civilization-atlas/visuals/civilization-visual-owner-acceptance-2026-09-19.json","true","content/civilization-atlas/snapshots/world-snapshots-v1.json","content/civilization-atlas/snapshots/world-snapshots-v1.json","CURRENT_REGISTRY_ID_LOOKUP","snapshots[WS-0500]","true","Book V selected world snapshot → expanded details","/books/reality-differentiation/?atlas=world&snapshot=WS-0500&lang=en","已经动态使用但被扫描误分类","EXISTING_COMPONENT_OR_CONTEXTUAL_DEEP_LINK","Static inventory did not resolve the dynamic family/subject owner.","Preserved binding; landscape illustration now occupies a full-width intrinsic-ratio row.","4","390 px; existing page, exact selected image decoded and displayed","English/zh-Hans interface; same accepted artwork, not a new translated image","Existing consumer expanded where applicable; print-media image remains visible. Full-book pagination is not certified by these image checks."
"VIS-CIV-WS-1000-ATMOSPHERE","WORLD_SNAPSHOT_ATMOSPHERE","images/civilization-atlas/snapshots/VIS-CIV-WS-1000-ATMOSPHERE.webp","473936","content/civilization-atlas/visuals/civilization-visual-owner-acceptance-2026-09-19.json","true","content/civilization-atlas/snapshots/world-snapshots-v1.json","content/civilization-atlas/snapshots/world-snapshots-v1.json","CURRENT_REGISTRY_ID_LOOKUP","snapshots[WS-1000]","true","Book V selected world snapshot → expanded details","/books/reality-differentiation/?atlas=world&snapshot=WS-1000&lang=en","已经动态使用但被扫描误分类","EXISTING_COMPONENT_OR_CONTEXTUAL_DEEP_LINK","Static inventory did not resolve the dynamic family/subject owner.","Preserved binding; landscape illustration now occupies a full-width intrinsic-ratio row.","4","390 px; existing page, exact selected image decoded and displayed","English/zh-Hans interface; same accepted artwork, not a new translated image","Existing consumer expanded where applicable; print-media image remains visible. Full-book pagination is not certified by these image checks."
"VIS-CIV-WS-1250-ATMOSPHERE","WORLD_SNAPSHOT_ATMOSPHERE","images/civilization-atlas/snapshots/VIS-CIV-WS-1250-ATMOSPHERE.webp","561516","content/civilization-atlas/visuals/civilization-visual-owner-acceptance-2026-09-19.json","true","content/civilization-atlas/snapshots/world-snapshots-v1.json","content/civilization-atlas/snapshots/world-snapshots-v1.json","CURRENT_REGISTRY_ID_LOOKUP","snapshots[WS-1250]","true","Book V selected world snapshot → expanded details","/books/reality-differentiation/?atlas=world&snapshot=WS-1250&lang=en","已经动态使用但被扫描误分类","EXISTING_COMPONENT_OR_CONTEXTUAL_DEEP_LINK","Static inventory did not resolve the dynamic family/subject owner.","Preserved binding; landscape illustration now occupies a full-width intrinsic-ratio row.","4","390 px; existing page, exact selected image decoded and displayed","English/zh-Hans interface; same accepted artwork, not a new translated image","Existing consumer expanded where applicable; print-media image remains visible. Full-book pagination is not certified by these image checks."
"VIS-CIV-WS-1500-ATMOSPHERE","WORLD_SNAPSHOT_ATMOSPHERE","images/civilization-atlas/snapshots/VIS-CIV-WS-1500-ATMOSPHERE.webp","587968","content/civilization-atlas/visuals/civilization-visual-owner-acceptance-2026-09-19.json","true","content/civilization-atlas/snapshots/world-snapshots-v1.json","content/civilization-atlas/snapshots/world-snapshots-v1.json","CURRENT_REGISTRY_ID_LOOKUP","snapshots[WS-1500]","true","Book V selected world snapshot → expanded details","/books/reality-differentiation/?atlas=world&snapshot=WS-1500&lang=en","已经动态使用但被扫描误分类","EXISTING_COMPONENT_OR_CONTEXTUAL_DEEP_LINK","Static inventory did not resolve the dynamic family/subject owner.","Preserved binding; landscape illustration now occupies a full-width intrinsic-ratio row.","4","390 px; existing page, exact selected image decoded and displayed","English/zh-Hans interface; same accepted artwork, not a new translated image","Existing consumer expanded where applicable; print-media image remains visible. Full-book pagination is not certified by these image checks."
"VIS-CIV-WS-1750-ATMOSPHERE","WORLD_SNAPSHOT_ATMOSPHERE","images/civilization-atlas/snapshots/VIS-CIV-WS-1750-ATMOSPHERE.webp","543272","content/civilization-atlas/visuals/civilization-visual-owner-acceptance-2026-09-19.json","true","content/civilization-atlas/snapshots/world-snapshots-v1.json","content/civilization-atlas/snapshots/world-snapshots-v1.json","CURRENT_REGISTRY_ID_LOOKUP","snapshots[WS-1750]","true","Book V selected world snapshot → expanded details","/books/reality-differentiation/?atlas=world&snapshot=WS-1750&lang=en","已经动态使用但被扫描误分类","EXISTING_COMPONENT_OR_CONTEXTUAL_DEEP_LINK","Static inventory did not resolve the dynamic family/subject owner.","Preserved binding; landscape illustration now occupies a full-width intrinsic-ratio row.","4","390 px; existing page, exact selected image decoded and displayed","English/zh-Hans interface; same accepted artwork, not a new translated image","Existing consumer expanded where applicable; print-media image remains visible. Full-book pagination is not certified by these image checks."
"VIS-CIV-WS-1850-ATMOSPHERE","WORLD_SNAPSHOT_ATMOSPHERE","images/civilization-atlas/snapshots/VIS-CIV-WS-1850-ATMOSPHERE.webp","531492","content/civilization-atlas/visuals/civilization-visual-owner-acceptance-2026-09-19.json","true","content/civilization-atlas/snapshots/world-snapshots-v1.json","content/civilization-atlas/snapshots/world-snapshots-v1.json","CURRENT_REGISTRY_ID_LOOKUP","snapshots[WS-1850]","true","Book V selected world snapshot → expanded details","/books/reality-differentiation/?atlas=world&snapshot=WS-1850&lang=en","已经动态使用但被扫描误分类","EXISTING_COMPONENT_OR_CONTEXTUAL_DEEP_LINK","Static inventory did not resolve the dynamic family/subject owner.","Preserved binding; landscape illustration now occupies a full-width intrinsic-ratio row.","4","390 px; existing page, exact selected image decoded and displayed","English/zh-Hans interface; same accepted artwork, not a new translated image","Existing consumer expanded where applicable; print-media image remains visible. Full-book pagination is not certified by these image checks."
"VIS-CIV-WS-1914-ATMOSPHERE","WORLD_SNAPSHOT_ATMOSPHERE","images/civilization-atlas/snapshots/VIS-CIV-WS-1914-ATMOSPHERE.webp","605696","content/civilization-atlas/visuals/civilization-visual-owner-acceptance-2026-09-19.json","true","content/civilization-atlas/snapshots/world-snapshots-v1.json","content/civilization-atlas/snapshots/world-snapshots-v1.json","CURRENT_REGISTRY_ID_LOOKUP","snapshots[WS-1914]","true","Book V selected world snapshot → expanded details","/books/reality-differentiation/?atlas=world&snapshot=WS-1914&lang=en","已经动态使用但被扫描误分类","EXISTING_COMPONENT_OR_CONTEXTUAL_DEEP_LINK","Static inventory did not resolve the dynamic family/subject owner.","Preserved binding; landscape illustration now occupies a full-width intrinsic-ratio row.","4","390 px; existing page, exact selected image decoded and displayed","English/zh-Hans interface; same accepted artwork, not a new translated image","Existing consumer expanded where applicable; print-media image remains visible. Full-book pagination is not certified by these image checks."
"VIS-CIV-WS-1945-ATMOSPHERE","WORLD_SNAPSHOT_ATMOSPHERE","images/civilization-atlas/snapshots/VIS-CIV-WS-1945-ATMOSPHERE.webp","573868","content/civilization-atlas/visuals/civilization-visual-owner-acceptance-2026-09-19.json","true","content/civilization-atlas/snapshots/world-snapshots-v1.json","content/civilization-atlas/snapshots/world-snapshots-v1.json","CURRENT_REGISTRY_ID_LOOKUP","snapshots[WS-1945]","true","Book V selected world snapshot → expanded details","/books/reality-differentiation/?atlas=world&snapshot=WS-1945&lang=en","已经动态使用但被扫描误分类","EXISTING_COMPONENT_OR_CONTEXTUAL_DEEP_LINK","Static inventory did not resolve the dynamic family/subject owner.","Preserved binding; landscape illustration now occupies a full-width intrinsic-ratio row.","4","390 px; existing page, exact selected image decoded and displayed","English/zh-Hans interface; same accepted artwork, not a new translated image","Existing consumer expanded where applicable; print-media image remains visible. Full-book pagination is not certified by these image checks."
"VIS-CIV-WS-1980-ATMOSPHERE","WORLD_SNAPSHOT_ATMOSPHERE","images/civilization-atlas/snapshots/VIS-CIV-WS-1980-ATMOSPHERE.webp","633548","content/civilization-atlas/visuals/civilization-visual-owner-acceptance-2026-09-19.json","true","content/civilization-atlas/snapshots/world-snapshots-v1.json","content/civilization-atlas/snapshots/world-snapshots-v1.json","CURRENT_REGISTRY_ID_LOOKUP","snapshots[WS-1980]","true","Book V selected world snapshot → expanded details","/books/reality-differentiation/?atlas=world&snapshot=WS-1980&lang=en","已经动态使用但被扫描误分类","EXISTING_COMPONENT_OR_CONTEXTUAL_DEEP_LINK","Static inventory did not resolve the dynamic family/subject owner.","Preserved binding; landscape illustration now occupies a full-width intrinsic-ratio row.","4","390 px; existing page, exact selected image decoded and displayed","English/zh-Hans interface; same accepted artwork, not a new translated image","Existing consumer expanded where applicable; print-media image remains visible. Full-book pagination is not certified by these image checks."
"VIS-CIV-WS-2000-ATMOSPHERE","WORLD_SNAPSHOT_ATMOSPHERE","images/civilization-atlas/snapshots/VIS-CIV-WS-2000-ATMOSPHERE.webp","635518","content/civilization-atlas/visuals/civilization-visual-owner-acceptance-2026-09-19.json","true","content/civilization-atlas/snapshots/world-snapshots-v1.json","content/civilization-atlas/snapshots/world-snapshots-v1.json","CURRENT_REGISTRY_ID_LOOKUP","snapshots[WS-2000]","true","Book V selected world snapshot → expanded details","/books/reality-differentiation/?atlas=world&snapshot=WS-2000&lang=en","已经动态使用但被扫描误分类","EXISTING_COMPONENT_OR_CONTEXTUAL_DEEP_LINK","Static inventory did not resolve the dynamic family/subject owner.","Preserved binding; landscape illustration now occupies a full-width intrinsic-ratio row.","4","390 px; existing page, exact selected image decoded and displayed","English/zh-Hans interface; same accepted artwork, not a new translated image","Existing consumer expanded where applicable; print-media image remains visible. Full-book pagination is not certified by these image checks."
"VIS-CIV-WS-2026-ATMOSPHERE","WORLD_SNAPSHOT_ATMOSPHERE","images/civilization-atlas/snapshots/VIS-CIV-WS-2026-ATMOSPHERE.webp","604022","content/civilization-atlas/visuals/civilization-visual-owner-acceptance-2026-09-19.json","true","content/civilization-atlas/snapshots/world-snapshots-v1.json","content/civilization-atlas/snapshots/world-snapshots-v1.json","CURRENT_REGISTRY_ID_LOOKUP","snapshots[WS-2026]","true","Book V selected world snapshot → expanded details","/books/reality-differentiation/?atlas=world&snapshot=WS-2026&lang=en","已经动态使用但被扫描误分类","EXISTING_COMPONENT_OR_CONTEXTUAL_DEEP_LINK","Static inventory did not resolve the dynamic family/subject owner.","Preserved binding; landscape illustration now occupies a full-width intrinsic-ratio row.","4","390 px; existing page, exact selected image decoded and displayed","English/zh-Hans interface; same accepted artwork, not a new translated image","Existing consumer expanded where applicable; print-media image remains visible. Full-book pagination is not certified by these image checks."
"VIS-CIV-WS-M0500-ATMOSPHERE","WORLD_SNAPSHOT_ATMOSPHERE","images/civilization-atlas/snapshots/VIS-CIV-WS-M0500-ATMOSPHERE.webp","492928","content/civilization-atlas/visuals/civilization-visual-owner-acceptance-2026-09-19.json","true","content/civilization-atlas/snapshots/world-snapshots-v1.json","content/civilization-atlas/snapshots/world-snapshots-v1.json","CURRENT_REGISTRY_ID_LOOKUP","snapshots[WS-M0500]","true","Book V selected world snapshot → expanded details","/books/reality-differentiation/?atlas=world&snapshot=WS-M0500&lang=en","已经动态使用但被扫描误分类","EXISTING_COMPONENT_OR_CONTEXTUAL_DEEP_LINK","Static inventory did not resolve the dynamic family/subject owner.","Preserved binding; landscape illustration now occupies a full-width intrinsic-ratio row.","4","390 px; existing page, exact selected image decoded and displayed","English/zh-Hans interface; same accepted artwork, not a new translated image","Existing consumer expanded where applicable; print-media image remains visible. Full-book pagination is not certified by these image checks."
"VIS-CIV-WS-M1500-ATMOSPHERE","WORLD_SNAPSHOT_ATMOSPHERE","images/civilization-atlas/snapshots/VIS-CIV-WS-M1500-ATMOSPHERE.webp","480258","content/civilization-atlas/visuals/civilization-visual-owner-acceptance-2026-09-19.json","true","content/civilization-atlas/snapshots/world-snapshots-v1.json","content/civilization-atlas/snapshots/world-snapshots-v1.json","CURRENT_REGISTRY_ID_LOOKUP","snapshots[WS-M1500]","true","Book V selected world snapshot → expanded details","/books/reality-differentiation/?atlas=world&snapshot=WS-M1500&lang=en","已经动态使用但被扫描误分类","EXISTING_COMPONENT_OR_CONTEXTUAL_DEEP_LINK","Static inventory did not resolve the dynamic family/subject owner.","Preserved binding; landscape illustration now occupies a full-width intrinsic-ratio row.","4","390 px; existing page, exact selected image decoded and displayed","English/zh-Hans interface; same accepted artwork, not a new translated image","Existing consumer expanded where applicable; print-media image remains visible. Full-book pagination is not certified by these image checks."
"VIS-CIV-WS-M3000-ATMOSPHERE","WORLD_SNAPSHOT_ATMOSPHERE","images/civilization-atlas/snapshots/VIS-CIV-WS-M3000-ATMOSPHERE.webp","463168","content/civilization-atlas/visuals/civilization-visual-owner-acceptance-2026-09-19.json","true","content/civilization-atlas/snapshots/world-snapshots-v1.json","content/civilization-atlas/snapshots/world-snapshots-v1.json","CURRENT_REGISTRY_ID_LOOKUP","snapshots[WS-M3000]","true","Book V selected world snapshot → expanded details","/books/reality-differentiation/?atlas=world&snapshot=WS-M3000&lang=en","已经动态使用但被扫描误分类","EXISTING_COMPONENT_OR_CONTEXTUAL_DEEP_LINK","Static inventory did not resolve the dynamic family/subject owner.","Preserved binding; landscape illustration now occupies a full-width intrinsic-ratio row.","4","390 px; existing page, exact selected image decoded and displayed","English/zh-Hans interface; same accepted artwork, not a new translated image","Existing consumer expanded where applicable; print-media image remains visible. Full-book pagination is not certified by these image checks."
"VIS-CIV-TRJ-COMPUTATIONAL_CAPACITY","TRAJECTORY_MOTIF","images/civilization-atlas/trajectories/VIS-CIV-TRJ-COMPUTATIONAL_CAPACITY.webp","490722","content/civilization-atlas/visuals/civilization-visual-owner-acceptance-2026-09-19.json","true","content/civilization-atlas/trajectories/long-duration-trajectories-v1.json","content/civilization-atlas/trajectories/long-duration-trajectories-v1.json","CURRENT_REGISTRY_ID_LOOKUP","trajectories[COMPUTATIONAL_CAPACITY]","true","Book V existing contextual visual deep link","/books/reality-differentiation/?visual=VIS-CIV-TRJ-COMPUTATIONAL_CAPACITY&lang=en","已经动态使用但被扫描误分类","EXISTING_COMPONENT_OR_CONTEXTUAL_DEEP_LINK","Static inventory did not resolve the dynamic family/subject owner.","Preserved admitted resolver and contextual route; requested artwork uses contain/intrinsic ratio instead of 16:9 cover cropping.","4","390 px; existing page, exact selected image decoded and displayed","English/zh-Hans interface; same accepted artwork, not a new translated image","Existing consumer expanded where applicable; print-media image remains visible. Full-book pagination is not certified by these image checks."
"VIS-CIV-TRJ-COORDINATION_SCALE","TRAJECTORY_MOTIF","images/civilization-atlas/trajectories/VIS-CIV-TRJ-COORDINATION_SCALE.webp","605672","content/civilization-atlas/visuals/civilization-visual-owner-acceptance-2026-09-19.json","true","content/civilization-atlas/trajectories/long-duration-trajectories-v1.json","content/civilization-atlas/trajectories/long-duration-trajectories-v1.json","CURRENT_REGISTRY_ID_LOOKUP","trajectories[COORDINATION_SCALE]","true","Book V existing contextual visual deep link","/books/reality-differentiation/?visual=VIS-CIV-TRJ-COORDINATION_SCALE&lang=en","已经动态使用但被扫描误分类","EXISTING_COMPONENT_OR_CONTEXTUAL_DEEP_LINK","Static inventory did not resolve the dynamic family/subject owner.","Preserved admitted resolver and contextual route; requested artwork uses contain/intrinsic ratio instead of 16:9 cover cropping.","4","390 px; existing page, exact selected image decoded and displayed","English/zh-Hans interface; same accepted artwork, not a new translated image","Existing consumer expanded where applicable; print-media image remains visible. Full-book pagination is not certified by these image checks."
"VIS-CIV-TRJ-DISEASE_COUPLING","TRAJECTORY_MOTIF","images/civilization-atlas/trajectories/VIS-CIV-TRJ-DISEASE_COUPLING.webp","511632","content/civilization-atlas/visuals/civilization-visual-owner-acceptance-2026-09-19.json","true","content/civilization-atlas/trajectories/long-duration-trajectories-v1.json","content/civilization-atlas/trajectories/long-duration-trajectories-v1.json","CURRENT_REGISTRY_ID_LOOKUP","trajectories[DISEASE_COUPLING]","true","Book V existing contextual visual deep link","/books/reality-differentiation/?visual=VIS-CIV-TRJ-DISEASE_COUPLING&lang=en","已经动态使用但被扫描误分类","EXISTING_COMPONENT_OR_CONTEXTUAL_DEEP_LINK","Static inventory did not resolve the dynamic family/subject owner.","Preserved admitted resolver and contextual route; requested artwork uses contain/intrinsic ratio instead of 16:9 cover cropping.","4","390 px; existing page, exact selected image decoded and displayed","English/zh-Hans interface; same accepted artwork, not a new translated image","Existing consumer expanded where applicable; print-media image remains visible. Full-book pagination is not certified by these image checks."
"VIS-CIV-TRJ-ECONOMIC_CONNECTIVITY","TRAJECTORY_MOTIF","images/civilization-atlas/trajectories/VIS-CIV-TRJ-ECONOMIC_CONNECTIVITY.webp","504220","content/civilization-atlas/visuals/civilization-visual-owner-acceptance-2026-09-19.json","true","content/civilization-atlas/trajectories/long-duration-trajectories-v1.json","content/civilization-atlas/trajectories/long-duration-trajectories-v1.json","CURRENT_REGISTRY_ID_LOOKUP","trajectories[ECONOMIC_CONNECTIVITY]","true","Book V existing contextual visual deep link","/books/reality-differentiation/?visual=VIS-CIV-TRJ-ECONOMIC_CONNECTIVITY&lang=en","已经动态使用但被扫描误分类","EXISTING_COMPONENT_OR_CONTEXTUAL_DEEP_LINK","Static inventory did not resolve the dynamic family/subject owner.","Preserved admitted resolver and contextual route; requested artwork uses contain/intrinsic ratio instead of 16:9 cover cropping.","4","390 px; existing page, exact selected image decoded and displayed","English/zh-Hans interface; same accepted artwork, not a new translated image","Existing consumer expanded where applicable; print-media image remains visible. Full-book pagination is not certified by these image checks."
"VIS-CIV-TRJ-ENERGY","TRAJECTORY_MOTIF","images/civilization-atlas/trajectories/VIS-CIV-TRJ-ENERGY.webp","489504","content/civilization-atlas/visuals/civilization-visual-owner-acceptance-2026-09-19.json","true","content/civilization-atlas/trajectories/long-duration-trajectories-v1.json","content/civilization-atlas/trajectories/long-duration-trajectories-v1.json","CURRENT_REGISTRY_ID_LOOKUP","trajectories[ENERGY]","true","Book V existing contextual visual deep link","/books/reality-differentiation/?visual=VIS-CIV-TRJ-ENERGY&lang=en","已经动态使用但被扫描误分类","EXISTING_COMPONENT_OR_CONTEXTUAL_DEEP_LINK","Static inventory did not resolve the dynamic family/subject owner.","Preserved admitted resolver and contextual route; requested artwork uses contain/intrinsic ratio instead of 16:9 cover cropping.","4","390 px; existing page, exact selected image decoded and displayed","English/zh-Hans interface; same accepted artwork, not a new translated image","Existing consumer expanded where applicable; print-media image remains visible. Full-book pagination is not certified by these image checks."
"VIS-CIV-TRJ-INFORMATION_VELOCITY","TRAJECTORY_MOTIF","images/civilization-atlas/trajectories/VIS-CIV-TRJ-INFORMATION_VELOCITY.webp","495402","content/civilization-atlas/visuals/civilization-visual-owner-acceptance-2026-09-19.json","true","content/civilization-atlas/trajectories/long-duration-trajectories-v1.json","content/civilization-atlas/trajectories/long-duration-trajectories-v1.json","CURRENT_REGISTRY_ID_LOOKUP","trajectories[INFORMATION_VELOCITY]","true","Book V existing contextual visual deep link","/books/reality-differentiation/?visual=VIS-CIV-TRJ-INFORMATION_VELOCITY&lang=en","已经动态使用但被扫描误分类","EXISTING_COMPONENT_OR_CONTEXTUAL_DEEP_LINK","Static inventory did not resolve the dynamic family/subject owner.","Preserved admitted resolver and contextual route; requested artwork uses contain/intrinsic ratio instead of 16:9 cover cropping.","4","390 px; existing page, exact selected image decoded and displayed","English/zh-Hans interface; same accepted artwork, not a new translated image","Existing consumer expanded where applicable; print-media image remains visible. Full-book pagination is not certified by these image checks."
"VIS-CIV-TRJ-INFRASTRUCTURE_DEPENDENCY","TRAJECTORY_MOTIF","images/civilization-atlas/trajectories/VIS-CIV-TRJ-INFRASTRUCTURE_DEPENDENCY.webp","541258","content/civilization-atlas/visuals/civilization-visual-owner-acceptance-2026-09-19.json","true","content/civilization-atlas/trajectories/long-duration-trajectories-v1.json","content/civilization-atlas/trajectories/long-duration-trajectories-v1.json","CURRENT_REGISTRY_ID_LOOKUP","trajectories[INFRASTRUCTURE_DEPENDENCY]","true","Book V existing contextual visual deep link","/books/reality-differentiation/?visual=VIS-CIV-TRJ-INFRASTRUCTURE_DEPENDENCY&lang=en","已经动态使用但被扫描误分类","EXISTING_COMPONENT_OR_CONTEXTUAL_DEEP_LINK","Static inventory did not resolve the dynamic family/subject owner.","Preserved admitted resolver and contextual route; requested artwork uses contain/intrinsic ratio instead of 16:9 cover cropping.","4","390 px; existing page, exact selected image decoded and displayed","English/zh-Hans interface; same accepted artwork, not a new translated image","Existing consumer expanded where applicable; print-media image remains visible. Full-book pagination is not certified by these image checks."
"VIS-CIV-TRJ-INSTITUTIONAL_COMPLEXITY","TRAJECTORY_MOTIF","images/civilization-atlas/trajectories/VIS-CIV-TRJ-INSTITUTIONAL_COMPLEXITY.webp","503174","content/civilization-atlas/visuals/civilization-visual-owner-acceptance-2026-09-19.json","true","content/civilization-atlas/trajectories/long-duration-trajectories-v1.json","content/civilization-atlas/trajectories/long-duration-trajectories-v1.json","CURRENT_REGISTRY_ID_LOOKUP","trajectories[INSTITUTIONAL_COMPLEXITY]","true","Book V existing contextual visual deep link","/books/reality-differentiation/?visual=VIS-CIV-TRJ-INSTITUTIONAL_COMPLEXITY&lang=en","已经动态使用但被扫描误分类","EXISTING_COMPONENT_OR_CONTEXTUAL_DEEP_LINK","Static inventory did not resolve the dynamic family/subject owner.","Preserved admitted resolver and contextual route; requested artwork uses contain/intrinsic ratio instead of 16:9 cover cropping.","4","390 px; existing page, exact selected image decoded and displayed","English/zh-Hans interface; same accepted artwork, not a new translated image","Existing consumer expanded where applicable; print-media image remains visible. Full-book pagination is not certified by these image checks."
"VIS-CIV-TRJ-KNOWLEDGE_PARTICIPATION","TRAJECTORY_MOTIF","images/civilization-atlas/trajectories/VIS-CIV-TRJ-KNOWLEDGE_PARTICIPATION.webp","504412","content/civilization-atlas/visuals/civilization-visual-owner-acceptance-2026-09-19.json","true","content/civilization-atlas/trajectories/long-duration-trajectories-v1.json","content/civilization-atlas/trajectories/long-duration-trajectories-v1.json","CURRENT_REGISTRY_ID_LOOKUP","trajectories[KNOWLEDGE_PARTICIPATION]","true","Book V existing contextual visual deep link","/books/reality-differentiation/?visual=VIS-CIV-TRJ-KNOWLEDGE_PARTICIPATION&lang=en","已经动态使用但被扫描误分类","EXISTING_COMPONENT_OR_CONTEXTUAL_DEEP_LINK","Static inventory did not resolve the dynamic family/subject owner.","Preserved admitted resolver and contextual route; requested artwork uses contain/intrinsic ratio instead of 16:9 cover cropping.","4","390 px; existing page, exact selected image decoded and displayed","English/zh-Hans interface; same accepted artwork, not a new translated image","Existing consumer expanded where applicable; print-media image remains visible. Full-book pagination is not certified by these image checks."
"VIS-CIV-TRJ-LOAD_FUTURE_CAPACITY","TRAJECTORY_MOTIF","images/civilization-atlas/trajectories/VIS-CIV-TRJ-LOAD_FUTURE_CAPACITY.webp","499964","content/civilization-atlas/visuals/civilization-visual-owner-acceptance-2026-09-19.json","true","content/civilization-atlas/trajectories/long-duration-trajectories-v1.json","content/civilization-atlas/trajectories/long-duration-trajectories-v1.json","CURRENT_REGISTRY_ID_LOOKUP","trajectories[LOAD_FUTURE_CAPACITY]","true","Book V existing contextual visual deep link","/books/reality-differentiation/?visual=VIS-CIV-TRJ-LOAD_FUTURE_CAPACITY&lang=en","已经动态使用但被扫描误分类","EXISTING_COMPONENT_OR_CONTEXTUAL_DEEP_LINK","Static inventory did not resolve the dynamic family/subject owner.","Preserved admitted resolver and contextual route; requested artwork uses contain/intrinsic ratio instead of 16:9 cover cropping.","4","390 px; existing page, exact selected image decoded and displayed","English/zh-Hans interface; same accepted artwork, not a new translated image","Existing consumer expanded where applicable; print-media image remains visible. Full-book pagination is not certified by these image checks."
"VIS-CIV-TRJ-MEANING_NETWORK_REACH","TRAJECTORY_MOTIF","images/civilization-atlas/trajectories/VIS-CIV-TRJ-MEANING_NETWORK_REACH.webp","505376","content/civilization-atlas/visuals/civilization-visual-owner-acceptance-2026-09-19.json","true","content/civilization-atlas/trajectories/long-duration-trajectories-v1.json","content/civilization-atlas/trajectories/long-duration-trajectories-v1.json","CURRENT_REGISTRY_ID_LOOKUP","trajectories[MEANING_NETWORK_REACH]","true","Book V existing contextual visual deep link","/books/reality-differentiation/?visual=VIS-CIV-TRJ-MEANING_NETWORK_REACH&lang=en","已经动态使用但被扫描误分类","EXISTING_COMPONENT_OR_CONTEXTUAL_DEEP_LINK","Static inventory did not resolve the dynamic family/subject owner.","Preserved admitted resolver and contextual route; requested artwork uses contain/intrinsic ratio instead of 16:9 cover cropping.","4","390 px; existing page, exact selected image decoded and displayed","English/zh-Hans interface; same accepted artwork, not a new translated image","Existing consumer expanded where applicable; print-media image remains visible. Full-book pagination is not certified by these image checks."
"VIS-CIV-TRJ-MEMORY_CAPACITY","TRAJECTORY_MOTIF","images/civilization-atlas/trajectories/VIS-CIV-TRJ-MEMORY_CAPACITY.webp","549428","content/civilization-atlas/visuals/civilization-visual-owner-acceptance-2026-09-19.json","true","content/civilization-atlas/trajectories/long-duration-trajectories-v1.json","content/civilization-atlas/trajectories/long-duration-trajectories-v1.json","CURRENT_REGISTRY_ID_LOOKUP","trajectories[MEMORY_CAPACITY]","true","Book V existing contextual visual deep link","/books/reality-differentiation/?visual=VIS-CIV-TRJ-MEMORY_CAPACITY&lang=en","已经动态使用但被扫描误分类","EXISTING_COMPONENT_OR_CONTEXTUAL_DEEP_LINK","Static inventory did not resolve the dynamic family/subject owner.","Preserved admitted resolver and contextual route; requested artwork uses contain/intrinsic ratio instead of 16:9 cover cropping.","4","390 px; existing page, exact selected image decoded and displayed","English/zh-Hans interface; same accepted artwork, not a new translated image","Existing consumer expanded where applicable; print-media image remains visible. Full-book pagination is not certified by these image checks."
"VIS-CIV-TRJ-MOBILITY_RADIUS","TRAJECTORY_MOTIF","images/civilization-atlas/trajectories/VIS-CIV-TRJ-MOBILITY_RADIUS.webp","547398","content/civilization-atlas/visuals/civilization-visual-owner-acceptance-2026-09-19.json","true","content/civilization-atlas/trajectories/long-duration-trajectories-v1.json","content/civilization-atlas/trajectories/long-duration-trajectories-v1.json","CURRENT_REGISTRY_ID_LOOKUP","trajectories[MOBILITY_RADIUS]","true","Book V existing contextual visual deep link","/books/reality-differentiation/?visual=VIS-CIV-TRJ-MOBILITY_RADIUS&lang=en","已经动态使用但被扫描误分类","EXISTING_COMPONENT_OR_CONTEXTUAL_DEEP_LINK","Static inventory did not resolve the dynamic family/subject owner.","Preserved admitted resolver and contextual route; requested artwork uses contain/intrinsic ratio instead of 16:9 cover cropping.","4","390 px; existing page, exact selected image decoded and displayed","English/zh-Hans interface; same accepted artwork, not a new translated image","Existing consumer expanded where applicable; print-media image remains visible. Full-book pagination is not certified by these image checks."
"VIS-CIV-TRJ-POPULATION","TRAJECTORY_MOTIF","images/civilization-atlas/trajectories/VIS-CIV-TRJ-POPULATION.webp","486944","content/civilization-atlas/visuals/civilization-visual-owner-acceptance-2026-09-19.json","true","content/civilization-atlas/trajectories/long-duration-trajectories-v1.json","content/civilization-atlas/trajectories/long-duration-trajectories-v1.json","CURRENT_REGISTRY_ID_LOOKUP","trajectories[POPULATION]","true","Book V existing contextual visual deep link","/books/reality-differentiation/?visual=VIS-CIV-TRJ-POPULATION&lang=en","已经动态使用但被扫描误分类","EXISTING_COMPONENT_OR_CONTEXTUAL_DEEP_LINK","Static inventory did not resolve the dynamic family/subject owner.","Preserved admitted resolver and contextual route; requested artwork uses contain/intrinsic ratio instead of 16:9 cover cropping.","4","390 px; existing page, exact selected image decoded and displayed","English/zh-Hans interface; same accepted artwork, not a new translated image","Existing consumer expanded where applicable; print-media image remains visible. Full-book pagination is not certified by these image checks."
"VIS-CIV-TRJ-SURPLUS_BUFFER","TRAJECTORY_MOTIF","images/civilization-atlas/trajectories/VIS-CIV-TRJ-SURPLUS_BUFFER.webp","538970","content/civilization-atlas/visuals/civilization-visual-owner-acceptance-2026-09-19.json","true","content/civilization-atlas/trajectories/long-duration-trajectories-v1.json","content/civilization-atlas/trajectories/long-duration-trajectories-v1.json","CURRENT_REGISTRY_ID_LOOKUP","trajectories[SURPLUS_BUFFER]","true","Book V existing contextual visual deep link","/books/reality-differentiation/?visual=VIS-CIV-TRJ-SURPLUS_BUFFER&lang=en","已经动态使用但被扫描误分类","EXISTING_COMPONENT_OR_CONTEXTUAL_DEEP_LINK","Static inventory did not resolve the dynamic family/subject owner.","Preserved admitted resolver and contextual route; requested artwork uses contain/intrinsic ratio instead of 16:9 cover cropping.","4","390 px; existing page, exact selected image decoded and displayed","English/zh-Hans interface; same accepted artwork, not a new translated image","Existing consumer expanded where applicable; print-media image remains visible. Full-book pagination is not certified by these image checks."
"VIS-CIV-TRJ-URBAN_DENSITY","TRAJECTORY_MOTIF","images/civilization-atlas/trajectories/VIS-CIV-TRJ-URBAN_DENSITY.webp","502892","content/civilization-atlas/visuals/civilization-visual-owner-acceptance-2026-09-19.json","true","content/civilization-atlas/trajectories/long-duration-trajectories-v1.json","content/civilization-atlas/trajectories/long-duration-trajectories-v1.json","CURRENT_REGISTRY_ID_LOOKUP","trajectories[URBAN_DENSITY]","true","Book V existing contextual visual deep link","/books/reality-differentiation/?visual=VIS-CIV-TRJ-URBAN_DENSITY&lang=en","已经动态使用但被扫描误分类","EXISTING_COMPONENT_OR_CONTEXTUAL_DEEP_LINK","Static inventory did not resolve the dynamic family/subject owner.","Preserved admitted resolver and contextual route; requested artwork uses contain/intrinsic ratio instead of 16:9 cover cropping.","4","390 px; existing page, exact selected image decoded and displayed","English/zh-Hans interface; same accepted artwork, not a new translated image","Existing consumer expanded where applicable; print-media image remains visible. Full-book pagination is not certified by these image checks."
"VIS-CIV-TW-01","TRANSITION_WINDOW","images/civilization-atlas/transitions/VIS-CIV-TW-01.webp","779482","content/civilization-atlas/visuals/civilization-visual-owner-acceptance-2026-09-19.json","true","content/civilization-atlas/transitions/transition-windows-v1.json","content/civilization-atlas/transitions/transition-windows-v1.json","CURRENT_REGISTRY_ID_LOOKUP","transitionWindows[TW-01]","true","Book V existing contextual visual deep link","/books/reality-differentiation/?visual=VIS-CIV-TW-01&lang=en","已经动态使用但被扫描误分类","EXISTING_COMPONENT_OR_CONTEXTUAL_DEEP_LINK","Static inventory did not resolve the dynamic family/subject owner.","Preserved admitted resolver and contextual route; requested artwork uses contain/intrinsic ratio instead of 16:9 cover cropping.","4","390 px; existing page, exact selected image decoded and displayed","English/zh-Hans interface; same accepted artwork, not a new translated image","Existing consumer expanded where applicable; print-media image remains visible. Full-book pagination is not certified by these image checks."
"VIS-CIV-TW-02","TRANSITION_WINDOW","images/civilization-atlas/transitions/VIS-CIV-TW-02.webp","779482","content/civilization-atlas/visuals/civilization-visual-owner-acceptance-2026-09-19.json","true","content/civilization-atlas/transitions/transition-windows-v1.json","content/civilization-atlas/transitions/transition-windows-v1.json","CURRENT_REGISTRY_ID_LOOKUP","transitionWindows[TW-02]","true","Book V existing contextual visual deep link","/books/reality-differentiation/?visual=VIS-CIV-TW-02&lang=en","已经动态使用但被扫描误分类","EXISTING_COMPONENT_OR_CONTEXTUAL_DEEP_LINK","Static inventory did not resolve the dynamic family/subject owner.","Preserved admitted resolver and contextual route; requested artwork uses contain/intrinsic ratio instead of 16:9 cover cropping.","4","390 px; existing page, exact selected image decoded and displayed","English/zh-Hans interface; same accepted artwork, not a new translated image","Existing consumer expanded where applicable; print-media image remains visible. Full-book pagination is not certified by these image checks."
"VIS-CIV-TW-03","TRANSITION_WINDOW","images/civilization-atlas/transitions/VIS-CIV-TW-03.webp","779962","content/civilization-atlas/visuals/civilization-visual-owner-acceptance-2026-09-19.json","true","content/civilization-atlas/transitions/transition-windows-v1.json","content/civilization-atlas/transitions/transition-windows-v1.json","CURRENT_REGISTRY_ID_LOOKUP","transitionWindows[TW-03]","true","Book V existing contextual visual deep link","/books/reality-differentiation/?visual=VIS-CIV-TW-03&lang=en","已经动态使用但被扫描误分类","EXISTING_COMPONENT_OR_CONTEXTUAL_DEEP_LINK","Static inventory did not resolve the dynamic family/subject owner.","Preserved admitted resolver and contextual route; requested artwork uses contain/intrinsic ratio instead of 16:9 cover cropping.","4","390 px; existing page, exact selected image decoded and displayed","English/zh-Hans interface; same accepted artwork, not a new translated image","Existing consumer expanded where applicable; print-media image remains visible. Full-book pagination is not certified by these image checks."
"VIS-CIV-TW-04","TRANSITION_WINDOW","images/civilization-atlas/transitions/VIS-CIV-TW-04.webp","720842","content/civilization-atlas/visuals/civilization-visual-owner-acceptance-2026-09-19.json","true","content/civilization-atlas/transitions/transition-windows-v1.json","content/civilization-atlas/transitions/transition-windows-v1.json","CURRENT_REGISTRY_ID_LOOKUP","transitionWindows[TW-04]","true","Book V existing contextual visual deep link","/books/reality-differentiation/?visual=VIS-CIV-TW-04&lang=en","已经动态使用但被扫描误分类","EXISTING_COMPONENT_OR_CONTEXTUAL_DEEP_LINK","Static inventory did not resolve the dynamic family/subject owner.","Preserved admitted resolver and contextual route; requested artwork uses contain/intrinsic ratio instead of 16:9 cover cropping.","4","390 px; existing page, exact selected image decoded and displayed","English/zh-Hans interface; same accepted artwork, not a new translated image","Existing consumer expanded where applicable; print-media image remains visible. Full-book pagination is not certified by these image checks."
"VIS-CIV-TW-05","TRANSITION_WINDOW","images/civilization-atlas/transitions/VIS-CIV-TW-05.webp","730938","content/civilization-atlas/visuals/civilization-visual-owner-acceptance-2026-09-19.json","true","content/civilization-atlas/transitions/transition-windows-v1.json","content/civilization-atlas/transitions/transition-windows-v1.json","CURRENT_REGISTRY_ID_LOOKUP","transitionWindows[TW-05]","true","Book V existing contextual visual deep link","/books/reality-differentiation/?visual=VIS-CIV-TW-05&lang=en","已经动态使用但被扫描误分类","EXISTING_COMPONENT_OR_CONTEXTUAL_DEEP_LINK","Static inventory did not resolve the dynamic family/subject owner.","Preserved admitted resolver and contextual route; requested artwork uses contain/intrinsic ratio instead of 16:9 cover cropping.","4","390 px; existing page, exact selected image decoded and displayed","English/zh-Hans interface; same accepted artwork, not a new translated image","Existing consumer expanded where applicable; print-media image remains visible. Full-book pagination is not certified by these image checks."
"VIS-CIV-TW-06","TRANSITION_WINDOW","images/civilization-atlas/transitions/VIS-CIV-TW-06.webp","788700","content/civilization-atlas/visuals/civilization-visual-owner-acceptance-2026-09-19.json","true","content/civilization-atlas/transitions/transition-windows-v1.json","content/civilization-atlas/transitions/transition-windows-v1.json","CURRENT_REGISTRY_ID_LOOKUP","transitionWindows[TW-06]","true","Book V existing contextual visual deep link","/books/reality-differentiation/?visual=VIS-CIV-TW-06&lang=en","已经动态使用但被扫描误分类","EXISTING_COMPONENT_OR_CONTEXTUAL_DEEP_LINK","Static inventory did not resolve the dynamic family/subject owner.","Preserved admitted resolver and contextual route; requested artwork uses contain/intrinsic ratio instead of 16:9 cover cropping.","4","390 px; existing page, exact selected image decoded and displayed","English/zh-Hans interface; same accepted artwork, not a new translated image","Existing consumer expanded where applicable; print-media image remains visible. Full-book pagination is not certified by these image checks."
"VIS-CIV-TW-07","TRANSITION_WINDOW","images/civilization-atlas/transitions/VIS-CIV-TW-07.webp","708298","content/civilization-atlas/visuals/civilization-visual-owner-acceptance-2026-09-19.json","true","content/civilization-atlas/transitions/transition-windows-v1.json","content/civilization-atlas/transitions/transition-windows-v1.json","CURRENT_REGISTRY_ID_LOOKUP","transitionWindows[TW-07]","true","Book V existing contextual visual deep link","/books/reality-differentiation/?visual=VIS-CIV-TW-07&lang=en","已经动态使用但被扫描误分类","EXISTING_COMPONENT_OR_CONTEXTUAL_DEEP_LINK","Static inventory did not resolve the dynamic family/subject owner.","Preserved admitted resolver and contextual route; requested artwork uses contain/intrinsic ratio instead of 16:9 cover cropping.","4","390 px; existing page, exact selected image decoded and displayed","English/zh-Hans interface; same accepted artwork, not a new translated image","Existing consumer expanded where applicable; print-media image remains visible. Full-book pagination is not certified by these image checks."
"VIS-CIV-TW-08","TRANSITION_WINDOW","images/civilization-atlas/transitions/VIS-CIV-TW-08.webp","787808","content/civilization-atlas/visuals/civilization-visual-owner-acceptance-2026-09-19.json","true","content/civilization-atlas/transitions/transition-windows-v1.json","content/civilization-atlas/transitions/transition-windows-v1.json","CURRENT_REGISTRY_ID_LOOKUP","transitionWindows[TW-08]","true","Book V existing contextual visual deep link","/books/reality-differentiation/?visual=VIS-CIV-TW-08&lang=en","已经动态使用但被扫描误分类","EXISTING_COMPONENT_OR_CONTEXTUAL_DEEP_LINK","Static inventory did not resolve the dynamic family/subject owner.","Preserved admitted resolver and contextual route; requested artwork uses contain/intrinsic ratio instead of 16:9 cover cropping.","4","390 px; existing page, exact selected image decoded and displayed","English/zh-Hans interface; same accepted artwork, not a new translated image","Existing consumer expanded where applicable; print-media image remains visible. Full-book pagination is not certified by these image checks."
"VIS-CIV-TW-09","TRANSITION_WINDOW","images/civilization-atlas/transitions/VIS-CIV-TW-09.webp","652310","content/civilization-atlas/visuals/civilization-visual-owner-acceptance-2026-09-19.json","true","content/civilization-atlas/transitions/transition-windows-v1.json","content/civilization-atlas/transitions/transition-windows-v1.json","CURRENT_REGISTRY_ID_LOOKUP","transitionWindows[TW-09]","true","Book V existing contextual visual deep link","/books/reality-differentiation/?visual=VIS-CIV-TW-09&lang=en","已经动态使用但被扫描误分类","EXISTING_COMPONENT_OR_CONTEXTUAL_DEEP_LINK","Static inventory did not resolve the dynamic family/subject owner.","Preserved admitted resolver and contextual route; requested artwork uses contain/intrinsic ratio instead of 16:9 cover cropping.","4","390 px; existing page, exact selected image decoded and displayed","English/zh-Hans interface; same accepted artwork, not a new translated image","Existing consumer expanded where applicable; print-media image remains visible. Full-book pagination is not certified by these image checks."
"VIS-CIV-TW-10","TRANSITION_WINDOW","images/civilization-atlas/transitions/VIS-CIV-TW-10.webp","749228","content/civilization-atlas/visuals/civilization-visual-owner-acceptance-2026-09-19.json","true","content/civilization-atlas/transitions/transition-windows-v1.json","content/civilization-atlas/transitions/transition-windows-v1.json","CURRENT_REGISTRY_ID_LOOKUP","transitionWindows[TW-10]","true","Book V existing contextual visual deep link","/books/reality-differentiation/?visual=VIS-CIV-TW-10&lang=en","已经动态使用但被扫描误分类","EXISTING_COMPONENT_OR_CONTEXTUAL_DEEP_LINK","Static inventory did not resolve the dynamic family/subject owner.","Preserved admitted resolver and contextual route; requested artwork uses contain/intrinsic ratio instead of 16:9 cover cropping.","4","390 px; existing page, exact selected image decoded and displayed","English/zh-Hans interface; same accepted artwork, not a new translated image","Existing consumer expanded where applicable; print-media image remains visible. Full-book pagination is not certified by these image checks."
"VIS-CIV-TW-11","TRANSITION_WINDOW","images/civilization-atlas/transitions/VIS-CIV-TW-11.webp","591866","content/civilization-atlas/visuals/civilization-visual-owner-acceptance-2026-09-19.json","true","content/civilization-atlas/transitions/transition-windows-v1.json","content/civilization-atlas/transitions/transition-windows-v1.json","CURRENT_REGISTRY_ID_LOOKUP","transitionWindows[TW-11]","true","Book V existing contextual visual deep link","/books/reality-differentiation/?visual=VIS-CIV-TW-11&lang=en","已经动态使用但被扫描误分类","EXISTING_COMPONENT_OR_CONTEXTUAL_DEEP_LINK","Static inventory did not resolve the dynamic family/subject owner.","Preserved admitted resolver and contextual route; requested artwork uses contain/intrinsic ratio instead of 16:9 cover cropping.","4","390 px; existing page, exact selected image decoded and displayed","English/zh-Hans interface; same accepted artwork, not a new translated image","Existing consumer expanded where applicable; print-media image remains visible. Full-book pagination is not certified by these image checks."
"VIS-CIV-TW-12","TRANSITION_WINDOW","images/civilization-atlas/transitions/VIS-CIV-TW-12.webp","700538","content/civilization-atlas/visuals/civilization-visual-owner-acceptance-2026-09-19.json","true","content/civilization-atlas/transitions/transition-windows-v1.json","content/civilization-atlas/transitions/transition-windows-v1.json","CURRENT_REGISTRY_ID_LOOKUP","transitionWindows[TW-12]","true","Book V existing contextual visual deep link","/books/reality-differentiation/?visual=VIS-CIV-TW-12&lang=en","已经动态使用但被扫描误分类","EXISTING_COMPONENT_OR_CONTEXTUAL_DEEP_LINK","Static inventory did not resolve the dynamic family/subject owner.","Preserved admitted resolver and contextual route; requested artwork uses contain/intrinsic ratio instead of 16:9 cover cropping.","4","390 px; existing page, exact selected image decoded and displayed","English/zh-Hans interface; same accepted artwork, not a new translated image","Existing consumer expanded where applicable; print-media image remains visible. Full-book pagination is not certified by these image checks."
"VIS-CIV-TW-13","TRANSITION_WINDOW","images/civilization-atlas/transitions/VIS-CIV-TW-13.webp","714994","content/civilization-atlas/visuals/civilization-visual-owner-acceptance-2026-09-19.json","true","content/civilization-atlas/transitions/transition-windows-v1.json","content/civilization-atlas/transitions/transition-windows-v1.json","CURRENT_REGISTRY_ID_LOOKUP","transitionWindows[TW-13]","true","Book V existing contextual visual deep link","/books/reality-differentiation/?visual=VIS-CIV-TW-13&lang=en","已经动态使用但被扫描误分类","EXISTING_COMPONENT_OR_CONTEXTUAL_DEEP_LINK","Static inventory did not resolve the dynamic family/subject owner.","Preserved admitted resolver and contextual route; requested artwork uses contain/intrinsic ratio instead of 16:9 cover cropping.","4","390 px; existing page, exact selected image decoded and displayed","English/zh-Hans interface; same accepted artwork, not a new translated image","Existing consumer expanded where applicable; print-media image remains visible. Full-book pagination is not certified by these image checks."
"VIS-CIV-TW-14","TRANSITION_WINDOW","images/civilization-atlas/transitions/VIS-CIV-TW-14.webp","800014","content/civilization-atlas/visuals/civilization-visual-owner-acceptance-2026-09-19.json","true","content/civilization-atlas/transitions/transition-windows-v1.json","content/civilization-atlas/transitions/transition-windows-v1.json","CURRENT_REGISTRY_ID_LOOKUP","transitionWindows[TW-14]","true","Book V existing contextual visual deep link","/books/reality-differentiation/?visual=VIS-CIV-TW-14&lang=en","已经动态使用但被扫描误分类","EXISTING_COMPONENT_OR_CONTEXTUAL_DEEP_LINK","Static inventory did not resolve the dynamic family/subject owner.","Preserved admitted resolver and contextual route; requested artwork uses contain/intrinsic ratio instead of 16:9 cover cropping.","4","390 px; existing page, exact selected image decoded and displayed","English/zh-Hans interface; same accepted artwork, not a new translated image","Existing consumer expanded where applicable; print-media image remains visible. Full-book pagination is not certified by these image checks."
"VIS-CIV-TW-15","TRANSITION_WINDOW","images/civilization-atlas/transitions/VIS-CIV-TW-15.webp","631850","content/civilization-atlas/visuals/civilization-visual-owner-acceptance-2026-09-19.json","true","content/civilization-atlas/transitions/transition-windows-v1.json","content/civilization-atlas/transitions/transition-windows-v1.json","CURRENT_REGISTRY_ID_LOOKUP","transitionWindows[TW-15]","true","Book V existing contextual visual deep link","/books/reality-differentiation/?visual=VIS-CIV-TW-15&lang=en","已经动态使用但被扫描误分类","EXISTING_COMPONENT_OR_CONTEXTUAL_DEEP_LINK","Static inventory did not resolve the dynamic family/subject owner.","Preserved admitted resolver and contextual route; requested artwork uses contain/intrinsic ratio instead of 16:9 cover cropping.","4","390 px; existing page, exact selected image decoded and displayed","English/zh-Hans interface; same accepted artwork, not a new translated image","Existing consumer expanded where applicable; print-media image remains visible. Full-book pagination is not certified by these image checks."
"VIS-CIV-TW-16","TRANSITION_WINDOW","images/civilization-atlas/transitions/VIS-CIV-TW-16.webp","604590","content/civilization-atlas/visuals/civilization-visual-owner-acceptance-2026-09-19.json","true","content/civilization-atlas/transitions/transition-windows-v1.json","content/civilization-atlas/transitions/transition-windows-v1.json","CURRENT_REGISTRY_ID_LOOKUP","transitionWindows[TW-16]","true","Book V existing contextual visual deep link","/books/reality-differentiation/?visual=VIS-CIV-TW-16&lang=en","已经动态使用但被扫描误分类","EXISTING_COMPONENT_OR_CONTEXTUAL_DEEP_LINK","Static inventory did not resolve the dynamic family/subject owner.","Preserved admitted resolver and contextual route; requested artwork uses contain/intrinsic ratio instead of 16:9 cover cropping.","4","390 px; existing page, exact selected image decoded and displayed","English/zh-Hans interface; same accepted artwork, not a new translated image","Existing consumer expanded where applicable; print-media image remains visible. Full-book pagination is not certified by these image checks."
"VIS-CIV-TW-17","TRANSITION_WINDOW","images/civilization-atlas/transitions/VIS-CIV-TW-17.webp","783496","content/civilization-atlas/visuals/civilization-visual-owner-acceptance-2026-09-19.json","true","content/civilization-atlas/transitions/transition-windows-v1.json","content/civilization-atlas/transitions/transition-windows-v1.json","CURRENT_REGISTRY_ID_LOOKUP","transitionWindows[TW-17]","true","Book V existing contextual visual deep link","/books/reality-differentiation/?visual=VIS-CIV-TW-17&lang=en","已经动态使用但被扫描误分类","EXISTING_COMPONENT_OR_CONTEXTUAL_DEEP_LINK","Static inventory did not resolve the dynamic family/subject owner.","Preserved admitted resolver and contextual route; requested artwork uses contain/intrinsic ratio instead of 16:9 cover cropping.","4","390 px; existing page, exact selected image decoded and displayed","English/zh-Hans interface; same accepted artwork, not a new translated image","Existing consumer expanded where applicable; print-media image remains visible. Full-book pagination is not certified by these image checks."
"VIS-CIV-TW-18","TRANSITION_WINDOW","images/civilization-atlas/transitions/VIS-CIV-TW-18.webp","798852","content/civilization-atlas/visuals/civilization-visual-owner-acceptance-2026-09-19.json","true","content/civilization-atlas/transitions/transition-windows-v1.json","content/civilization-atlas/transitions/transition-windows-v1.json","CURRENT_REGISTRY_ID_LOOKUP","transitionWindows[TW-18]","true","Book V existing contextual visual deep link","/books/reality-differentiation/?visual=VIS-CIV-TW-18&lang=en","已经动态使用但被扫描误分类","EXISTING_COMPONENT_OR_CONTEXTUAL_DEEP_LINK","Static inventory did not resolve the dynamic family/subject owner.","Preserved admitted resolver and contextual route; requested artwork uses contain/intrinsic ratio instead of 16:9 cover cropping.","4","390 px; existing page, exact selected image decoded and displayed","English/zh-Hans interface; same accepted artwork, not a new translated image","Existing consumer expanded where applicable; print-media image remains visible. Full-book pagination is not certified by these image checks."
"VIS-CIV-TW-19","TRANSITION_WINDOW","images/civilization-atlas/transitions/VIS-CIV-TW-19.webp","807354","content/civilization-atlas/visuals/civilization-visual-owner-acceptance-2026-09-19.json","true","content/civilization-atlas/transitions/transition-windows-v1.json","content/civilization-atlas/transitions/transition-windows-v1.json","CURRENT_REGISTRY_ID_LOOKUP","transitionWindows[TW-19]","true","Book V existing contextual visual deep link","/books/reality-differentiation/?visual=VIS-CIV-TW-19&lang=en","已经动态使用但被扫描误分类","EXISTING_COMPONENT_OR_CONTEXTUAL_DEEP_LINK","Static inventory did not resolve the dynamic family/subject owner.","Preserved admitted resolver and contextual route; requested artwork uses contain/intrinsic ratio instead of 16:9 cover cropping.","4","390 px; existing page, exact selected image decoded and displayed","English/zh-Hans interface; same accepted artwork, not a new translated image","Existing consumer expanded where applicable; print-media image remains visible. Full-book pagination is not certified by these image checks."
"VIS-CIV-TW-20","TRANSITION_WINDOW","images/civilization-atlas/transitions/VIS-CIV-TW-20.webp","728848","content/civilization-atlas/visuals/civilization-visual-owner-acceptance-2026-09-19.json","true","content/civilization-atlas/transitions/transition-windows-v1.json","content/civilization-atlas/transitions/transition-windows-v1.json","CURRENT_REGISTRY_ID_LOOKUP","transitionWindows[TW-20]","true","Book V existing contextual visual deep link","/books/reality-differentiation/?visual=VIS-CIV-TW-20&lang=en","已经动态使用但被扫描误分类","EXISTING_COMPONENT_OR_CONTEXTUAL_DEEP_LINK","Static inventory did not resolve the dynamic family/subject owner.","Preserved admitted resolver and contextual route; requested artwork uses contain/intrinsic ratio instead of 16:9 cover cropping.","4","390 px; existing page, exact selected image decoded and displayed","English/zh-Hans interface; same accepted artwork, not a new translated image","Existing consumer expanded where applicable; print-media image remains visible. Full-book pagination is not certified by these image checks."
"VIS-CIV-TW-21","TRANSITION_WINDOW","images/civilization-atlas/transitions/VIS-CIV-TW-21.webp","812360","content/civilization-atlas/visuals/civilization-visual-owner-acceptance-2026-09-19.json","true","content/civilization-atlas/transitions/transition-windows-v1.json","content/civilization-atlas/transitions/transition-windows-v1.json","CURRENT_REGISTRY_ID_LOOKUP","transitionWindows[TW-21]","true","Book V existing contextual visual deep link","/books/reality-differentiation/?visual=VIS-CIV-TW-21&lang=en","已经动态使用但被扫描误分类","EXISTING_COMPONENT_OR_CONTEXTUAL_DEEP_LINK","Static inventory did not resolve the dynamic family/subject owner.","Preserved admitted resolver and contextual route; requested artwork uses contain/intrinsic ratio instead of 16:9 cover cropping.","4","390 px; existing page, exact selected image decoded and displayed","English/zh-Hans interface; same accepted artwork, not a new translated image","Existing consumer expanded where applicable; print-media image remains visible. Full-book pagination is not certified by these image checks."
"VIS-CIV-TW-22","TRANSITION_WINDOW","images/civilization-atlas/transitions/VIS-CIV-TW-22.webp","760830","content/civilization-atlas/visuals/civilization-visual-owner-acceptance-2026-09-19.json","true","content/civilization-atlas/transitions/transition-windows-v1.json","content/civilization-atlas/transitions/transition-windows-v1.json","CURRENT_REGISTRY_ID_LOOKUP","transitionWindows[TW-22]","true","Book V existing contextual visual deep link","/books/reality-differentiation/?visual=VIS-CIV-TW-22&lang=en","已经动态使用但被扫描误分类","EXISTING_COMPONENT_OR_CONTEXTUAL_DEEP_LINK","Static inventory did not resolve the dynamic family/subject owner.","Preserved admitted resolver and contextual route; requested artwork uses contain/intrinsic ratio instead of 16:9 cover cropping.","4","390 px; existing page, exact selected image decoded and displayed","English/zh-Hans interface; same accepted artwork, not a new translated image","Existing consumer expanded where applicable; print-media image remains visible. Full-book pagination is not certified by these image checks."
"VIS-CIV-TW-23","TRANSITION_WINDOW","images/civilization-atlas/transitions/VIS-CIV-TW-23.webp","822028","content/civilization-atlas/visuals/civilization-visual-owner-acceptance-2026-09-19.json","true","content/civilization-atlas/transitions/transition-windows-v1.json","content/civilization-atlas/transitions/transition-windows-v1.json","CURRENT_REGISTRY_ID_LOOKUP","transitionWindows[TW-23]","true","Book V existing contextual visual deep link","/books/reality-differentiation/?visual=VIS-CIV-TW-23&lang=en","已经动态使用但被扫描误分类","EXISTING_COMPONENT_OR_CONTEXTUAL_DEEP_LINK","Static inventory did not resolve the dynamic family/subject owner.","Preserved admitted resolver and contextual route; requested artwork uses contain/intrinsic ratio instead of 16:9 cover cropping.","4","390 px; existing page, exact selected image decoded and displayed","English/zh-Hans interface; same accepted artwork, not a new translated image","Existing consumer expanded where applicable; print-media image remains visible. Full-book pagination is not certified by these image checks."
"VIS-CIV-TW-24","TRANSITION_WINDOW","images/civilization-atlas/transitions/VIS-CIV-TW-24.webp","813892","content/civilization-atlas/visuals/civilization-visual-owner-acceptance-2026-09-19.json","true","content/civilization-atlas/transitions/transition-windows-v1.json","content/civilization-atlas/transitions/transition-windows-v1.json","CURRENT_REGISTRY_ID_LOOKUP","transitionWindows[TW-24]","true","Book V existing contextual visual deep link","/books/reality-differentiation/?visual=VIS-CIV-TW-24&lang=en","已经动态使用但被扫描误分类","EXISTING_COMPONENT_OR_CONTEXTUAL_DEEP_LINK","Static inventory did not resolve the dynamic family/subject owner.","Preserved admitted resolver and contextual route; requested artwork uses contain/intrinsic ratio instead of 16:9 cover cropping.","4","390 px; existing page, exact selected image decoded and displayed","English/zh-Hans interface; same accepted artwork, not a new translated image","Existing consumer expanded where applicable; print-media image remains visible. Full-book pagination is not certified by these image checks."
"VIS-CIV-TW-25","TRANSITION_WINDOW","images/civilization-atlas/transitions/VIS-CIV-TW-25.webp","621772","content/civilization-atlas/visuals/civilization-visual-owner-acceptance-2026-09-19.json","true","content/civilization-atlas/transitions/transition-windows-v1.json","content/civilization-atlas/transitions/transition-windows-v1.json","CURRENT_REGISTRY_ID_LOOKUP","transitionWindows[TW-25]","true","Book V existing contextual visual deep link","/books/reality-differentiation/?visual=VIS-CIV-TW-25&lang=en","已经动态使用但被扫描误分类","EXISTING_COMPONENT_OR_CONTEXTUAL_DEEP_LINK","Static inventory did not resolve the dynamic family/subject owner.","Preserved admitted resolver and contextual route; requested artwork uses contain/intrinsic ratio instead of 16:9 cover cropping.","4","390 px; existing page, exact selected image decoded and displayed","English/zh-Hans interface; same accepted artwork, not a new translated image","Existing consumer expanded where applicable; print-media image remains visible. Full-book pagination is not certified by these image checks."
"VIS-CIV-TW-26","TRANSITION_WINDOW","images/civilization-atlas/transitions/VIS-CIV-TW-26.webp","475302","content/civilization-atlas/visuals/civilization-visual-owner-acceptance-2026-09-19.json","true","content/civilization-atlas/transitions/transition-windows-v1.json","content/civilization-atlas/transitions/transition-windows-v1.json","CURRENT_REGISTRY_ID_LOOKUP","transitionWindows[TW-26]","true","Book V existing contextual visual deep link","/books/reality-differentiation/?visual=VIS-CIV-TW-26&lang=en","已经动态使用但被扫描误分类","EXISTING_COMPONENT_OR_CONTEXTUAL_DEEP_LINK","Static inventory did not resolve the dynamic family/subject owner.","Preserved admitted resolver and contextual route; requested artwork uses contain/intrinsic ratio instead of 16:9 cover cropping.","4","390 px; existing page, exact selected image decoded and displayed","English/zh-Hans interface; same accepted artwork, not a new translated image","Existing consumer expanded where applicable; print-media image remains visible. Full-book pagination is not certified by these image checks."
"VIS-CIV-TW-27","TRANSITION_WINDOW","images/civilization-atlas/transitions/VIS-CIV-TW-27.webp","566034","content/civilization-atlas/visuals/civilization-visual-owner-acceptance-2026-09-19.json","true","content/civilization-atlas/transitions/transition-windows-v1.json","content/civilization-atlas/transitions/transition-windows-v1.json","CURRENT_REGISTRY_ID_LOOKUP","transitionWindows[TW-27]","true","Book V existing contextual visual deep link","/books/reality-differentiation/?visual=VIS-CIV-TW-27&lang=en","已经动态使用但被扫描误分类","EXISTING_COMPONENT_OR_CONTEXTUAL_DEEP_LINK","Static inventory did not resolve the dynamic family/subject owner.","Preserved admitted resolver and contextual route; requested artwork uses contain/intrinsic ratio instead of 16:9 cover cropping.","4","390 px; existing page, exact selected image decoded and displayed","English/zh-Hans interface; same accepted artwork, not a new translated image","Existing consumer expanded where applicable; print-media image remains visible. Full-book pagination is not certified by these image checks."
"VIS-CIV-TW-28","TRANSITION_WINDOW","images/civilization-atlas/transitions/VIS-CIV-TW-28.webp","639950","content/civilization-atlas/visuals/civilization-visual-owner-acceptance-2026-09-19.json","true","content/civilization-atlas/transitions/transition-windows-v1.json","content/civilization-atlas/transitions/transition-windows-v1.json","CURRENT_REGISTRY_ID_LOOKUP","transitionWindows[TW-28]","true","Book V existing contextual visual deep link","/books/reality-differentiation/?visual=VIS-CIV-TW-28&lang=en","已经动态使用但被扫描误分类","EXISTING_COMPONENT_OR_CONTEXTUAL_DEEP_LINK","Static inventory did not resolve the dynamic family/subject owner.","Preserved admitted resolver and contextual route; requested artwork uses contain/intrinsic ratio instead of 16:9 cover cropping.","4","390 px; existing page, exact selected image decoded and displayed","English/zh-Hans interface; same accepted artwork, not a new translated image","Existing consumer expanded where applicable; print-media image remains visible. Full-book pagination is not certified by these image checks."
"VIS-CIV-TW-29","TRANSITION_WINDOW","images/civilization-atlas/transitions/VIS-CIV-TW-29.webp","543128","content/civilization-atlas/visuals/civilization-visual-owner-acceptance-2026-09-19.json","true","content/civilization-atlas/transitions/transition-windows-v1.json","content/civilization-atlas/transitions/transition-windows-v1.json","CURRENT_REGISTRY_ID_LOOKUP","transitionWindows[TW-29]","true","Book V existing contextual visual deep link","/books/reality-differentiation/?visual=VIS-CIV-TW-29&lang=en","已经动态使用但被扫描误分类","EXISTING_COMPONENT_OR_CONTEXTUAL_DEEP_LINK","Static inventory did not resolve the dynamic family/subject owner.","Preserved admitted resolver and contextual route; requested artwork uses contain/intrinsic ratio instead of 16:9 cover cropping.","4","390 px; existing page, exact selected image decoded and displayed","English/zh-Hans interface; same accepted artwork, not a new translated image","Existing consumer expanded where applicable; print-media image remains visible. Full-book pagination is not certified by these image checks."
"VIS-CIV-TW-30","TRANSITION_WINDOW","images/civilization-atlas/transitions/VIS-CIV-TW-30.webp","624940","content/civilization-atlas/visuals/civilization-visual-owner-acceptance-2026-09-19.json","true","content/civilization-atlas/transitions/transition-windows-v1.json","content/civilization-atlas/transitions/transition-windows-v1.json","CURRENT_REGISTRY_ID_LOOKUP","transitionWindows[TW-30]","true","Book V existing contextual visual deep link","/books/reality-differentiation/?visual=VIS-CIV-TW-30&lang=en","已经动态使用但被扫描误分类","EXISTING_COMPONENT_OR_CONTEXTUAL_DEEP_LINK","Static inventory did not resolve the dynamic family/subject owner.","Preserved admitted resolver and contextual route; requested artwork uses contain/intrinsic ratio instead of 16:9 cover cropping.","4","390 px; existing page, exact selected image decoded and displayed","English/zh-Hans interface; same accepted artwork, not a new translated image","Existing consumer expanded where applicable; print-media image remains visible. Full-book pagination is not certified by these image checks."
"VIS-CIV-TW-31","TRANSITION_WINDOW","images/civilization-atlas/transitions/VIS-CIV-TW-31.webp","628436","content/civilization-atlas/visuals/civilization-visual-owner-acceptance-2026-09-19.json","true","content/civilization-atlas/transitions/transition-windows-v1.json","content/civilization-atlas/transitions/transition-windows-v1.json","CURRENT_REGISTRY_ID_LOOKUP","transitionWindows[TW-31]","true","Book V existing contextual visual deep link","/books/reality-differentiation/?visual=VIS-CIV-TW-31&lang=en","已经动态使用但被扫描误分类","EXISTING_COMPONENT_OR_CONTEXTUAL_DEEP_LINK","Static inventory did not resolve the dynamic family/subject owner.","Preserved admitted resolver and contextual route; requested artwork uses contain/intrinsic ratio instead of 16:9 cover cropping.","4","390 px; existing page, exact selected image decoded and displayed","English/zh-Hans interface; same accepted artwork, not a new translated image","Existing consumer expanded where applicable; print-media image remains visible. Full-book pagination is not certified by these image checks."
"VIS-CIV-TW-32","TRANSITION_WINDOW","images/civilization-atlas/transitions/VIS-CIV-TW-32.webp","632408","content/civilization-atlas/visuals/civilization-visual-owner-acceptance-2026-09-19.json","true","content/civilization-atlas/transitions/transition-windows-v1.json","content/civilization-atlas/transitions/transition-windows-v1.json","CURRENT_REGISTRY_ID_LOOKUP","transitionWindows[TW-32]","true","Book V existing contextual visual deep link","/books/reality-differentiation/?visual=VIS-CIV-TW-32&lang=en","已经动态使用但被扫描误分类","EXISTING_COMPONENT_OR_CONTEXTUAL_DEEP_LINK","Static inventory did not resolve the dynamic family/subject owner.","Preserved admitted resolver and contextual route; requested artwork uses contain/intrinsic ratio instead of 16:9 cover cropping.","4","390 px; existing page, exact selected image decoded and displayed","English/zh-Hans interface; same accepted artwork, not a new translated image","Existing consumer expanded where applicable; print-media image remains visible. Full-book pagination is not certified by these image checks."
