canonicalProductionIndex,productionGroup,batchIndex,bookCode,partCode,nodeCode,titleZhHans,canonicalQuestionKey,registryStatus,publicationState,mappingState
1,PRE-BFA-PUBLISHED,,BOOK-1,P0,KN-PREFACE-001,人工智能如何从文明能力中形成？,ai-formation-from-civilizational-capability,frozen,PUBLISHED,PUBLISHED_EXISTING_AUTHORITY
2,BATCH-003,1,BOOK-1,P0,KN-PREFACE-002,为什么计算能力不能自动产生方向？,why-computation-cannot-create-direction,frozen,UNPUBLISHED,SUCCESSOR_BINDING_PROPOSAL_REQUIRES_TL
3,BATCH-003,2,BOOK-1,P0,KN-PREFACE-003,为什么知识专业化会削弱整体理解？,why-specialization-weakens-whole-understanding,frozen,UNPUBLISHED,SUCCESSOR_BINDING_PROPOSAL_REQUIRES_TL
4,PRE-BFA-PUBLISHED,,BOOK-1,P0,KN-PREFACE-004,为什么需要 PHI OS？,why-phi-os-is-needed,frozen,PUBLISHED,PUBLISHED_EXISTING_AUTHORITY
5,BATCH-003,3,BOOK-1,P0,KN-PREFACE-005,为什么能力增长不等于系统稳定？,why-capability-growth-does-not-equal-stability,frozen,UNPUBLISHED,KAU_R3_HUMAN_APPROVED
6,BATCH-003,4,BOOK-1,P0,KN-PREFACE-006,为什么连接与放大也会传播失稳？,why-connection-and-amplification-spread-instability,frozen,UNPUBLISHED,KAU_R3_HUMAN_APPROVED
7,BATCH-003,5,BOOK-1,P0,KN-PREFACE-007,为什么工具越先进，人却可能越疲惫？,why-advanced-tools-can-increase-fatigue,frozen,UNPUBLISHED,SUCCESSOR_BINDING_PROPOSAL_REQUIRES_TL
8,BATCH-003,6,BOOK-1,P0,KN-PREFACE-008,系统速度失配如何形成现实压力？,how-system-speed-mismatch-creates-pressure,frozen,UNPUBLISHED,KAU_R3_HUMAN_APPROVED
9,BATCH-003,7,BOOK-1,P0,KN-PREFACE-009,现实运行究竟需要承担哪些成本？,what-costs-reality-runtime-carries,frozen,UNPUBLISHED,KAU_R3_HUMAN_APPROVED
10,PRE-BFA-PUBLISHED,,BOOK-1,P0,KN-PREFACE-010,为什么解释结果不等于理解现实？,why-explanation-does-not-equal-understanding,frozen,PUBLISHED,PUBLISHED_EXISTING_AUTHORITY
11,BATCH-003,8,BOOK-1,P0,KN-PREFACE-011,为什么需要描述现实形成的新语言？,why-reality-formation-needs-new-language,frozen,UNPUBLISHED,KAU_R3_HUMAN_APPROVED
12,BATCH-003,9,BOOK-1,P0,KN-PREFACE-012,什么是现实语法？,what-is-reality-grammar,frozen,UNPUBLISHED,KAU_R3_HUMAN_APPROVED
13,PRE-BFA-PUBLISHED,,BOOK-1,P0,KN-PREFACE-013,为什么导航必须先辨认现实位置？,why-navigation-begins-with-reality-position,frozen,PUBLISHED,PUBLISHED_EXISTING_AUTHORITY
14,BATCH-003,10,BOOK-1,P1,KN-B1-P1-001,差异如何打开现实形成的可能,difference-opens-reality-formation,planned,UNPUBLISHED,KAU_R3_HUMAN_APPROVED
15,BATCH-003,11,BOOK-1,P1,KN-B1-P1-002,约束如何裁剪可能并保存差异,constraint-selects-possibility-and-preserves-difference,planned,UNPUBLISHED,KAU_R3_HUMAN_APPROVED
16,BATCH-002,,BOOK-1,P1,KN-B1-P1-003,结构如何由可持续关系形成,structure-forms-from-sustainable-relations,planned,PUBLISHED,PUBLISHED_EXISTING_AUTHORITY
17,BATCH-003,12,BOOK-1,P1,KN-B1-P1-004,结构如何形成配置、连续性与压缩,structure-forms-configuration-continuity-and-compression,planned,UNPUBLISHED,KAU_R3_HUMAN_APPROVED
18,BATCH-003,13,BOOK-1,P1,KN-B1-P1-005,结构差异如何形成可连接的区域与网络,structural-difference-forms-regions-and-networks,planned,UNPUBLISHED,KAU_R3_HUMAN_APPROVED
19,BATCH-001,,BOOK-1,P1,KN-B1-P1-006,方向、位置与坐标如何共同形成导航,direction-position-and-coordinates-form-navigation,planned,PUBLISHED,PUBLISHED_EXISTING_AUTHORITY
20,BATCH-003,14,BOOK-1,P1,KN-B1-P1-007,导航如何在结构中获得精度,navigation-gains-precision-through-structure,planned,UNPUBLISHED,KAU_R3_HUMAN_APPROVED
21,BATCH-003,15,BOOK-1,P1,KN-B1-P1-008,持续结构如何形成场及其梯度与边界,persistent-structure-forms-fields-gradients-and-boundaries,planned,UNPUBLISHED,KAU_R3_HUMAN_APPROVED
22,BATCH-003,16,BOOK-1,P1,KN-B1-P1-009,多个场如何传播、重叠并共同作用,fields-propagate-overlap-and-interact,planned,UNPUBLISHED,KAU_R3_HUMAN_APPROVED
23,BATCH-003,17,BOOK-1,P1,KN-B1-P1-010,人类如何建立人工结构与制度现实,humans-build-artificial-structures-and-institutional-reality,planned,UNPUBLISHED,KAU_R3_HUMAN_APPROVED
24,BATCH-003,18,BOOK-1,P1,KN-B1-P1-011,算法与合成场如何重新组织现代现实,algorithms-and-synthetic-fields-reorganize-modern-reality,planned,UNPUBLISHED,KAU_R3_HUMAN_APPROVED
25,BATCH-003,19,BOOK-1,P1,KN-B1-P1-012,运行表面与观察接口如何形成,runtime-surfaces-and-observation-interfaces-form,planned,UNPUBLISHED,KAU_R3_HUMAN_APPROVED
26,BATCH-001,,BOOK-1,P2,KN-B1-P2-001,为什么现实必须经过投影才能成为世界,projection-makes-reality-experiencable-as-world,planned,PUBLISHED,PUBLISHED_EXISTING_AUTHORITY
27,BATCH-003,20,BOOK-1,P2,KN-B1-P2-002,投影表面如何成为经验界面,projection-surfaces-become-experience-interfaces,planned,UNPUBLISHED,KAU_R3_HUMAN_APPROVED
28,BATCH-003,21,BOOK-1,P2,KN-B1-P2-003,投影压缩与分辨率如何选择可经验现实,projection-compression-and-resolution-select-experiencable-reality,planned,UNPUBLISHED,KAU_R3_HUMAN_APPROVED
29,BATCH-003,22,BOOK-1,P2,KN-B1-P2-004,投影如何形成个人、组织与文明世界,projection-forms-personal-organizational-and-civilizational-worlds,planned,UNPUBLISHED,KAU_R3_HUMAN_APPROVED
30,BATCH-003,23,BOOK-1,P2,KN-B1-P2-005,意义如何形成叙事、解释、信念与身份,meaning-forms-narrative-interpretation-belief-and-identity,planned,UNPUBLISHED,KAU_R3_HUMAN_APPROVED
31,BATCH-003,24,BOOK-1,P2,KN-B1-P2-006,符号、原型与共同意义如何形成文明叙事,symbols-archetypes-and-shared-meaning-form-civilizational-narratives,planned,UNPUBLISHED,KAU_R3_HUMAN_APPROVED
32,BATCH-004,1,BOOK-1,P2,KN-B1-P2-007,结构、功能、关系与网络如何产生不同投影,structure-function-relations-and-networks-produce-projections,planned,UNPUBLISHED,KAU_R3_HUMAN_APPROVED
33,BATCH-004,2,BOOK-1,P2,KN-B1-P2-008,位置、感知、行为、角色与方向如何塑造现实版本,position-perception-behavior-role-and-direction-shape-reality-versions,planned,UNPUBLISHED,KAU_R3_HUMAN_APPROVED
34,BATCH-001,,BOOK-1,P2,KN-B1-P2-009,投影偏向、失真、稳定与更新如何发生,projection-bias-distortion-stability-and-renewal,planned,PUBLISHED,PUBLISHED_EXISTING_AUTHORITY
35,BATCH-004,3,BOOK-1,P2,KN-B1-P2-010,多个投影如何协调并形成共同现实,multiple-projections-coordinate-into-shared-reality,planned,UNPUBLISHED,KAU_R3_HUMAN_APPROVED
36,BATCH-004,4,BOOK-1,P2,KN-B1-P2-011,社会、制度、经济、历史与文明如何稳定投影,society-institutions-economy-history-and-civilization-stabilize-projection,planned,UNPUBLISHED,KAU_R3_HUMAN_APPROVED
37,BATCH-004,5,BOOK-1,P2,KN-B1-P2-012,人工智能如何参与合成投影、意义与叙事,ai-participates-in-synthetic-projection-meaning-and-narrative,planned,UNPUBLISHED,KAU_R3_HUMAN_APPROVED
38,BATCH-004,6,BOOK-1,P2,KN-B1-P2-013,人机共投影如何加速、整合并暴露投影边界,human-ai-co-projection-accelerates-integration-and-exposes-boundaries,planned,UNPUBLISHED,KAU_R3_HUMAN_APPROVED
39,BATCH-004,7,BOOK-1,P3,KN-B1-P3-001,时间如何成为运行媒介并形成窗口,time-becomes-runtime-medium-and-forms-windows,planned,UNPUBLISHED,KAU_R3_HUMAN_APPROVED
40,BATCH-004,8,BOOK-1,P3,KN-B1-P3-002,现实如何获得进入时间的运行接口,reality-gains-an-interface-into-time,planned,UNPUBLISHED,KAU_R3_HUMAN_APPROVED
41,BATCH-004,9,BOOK-1,P3,KN-B1-P3-003,长期方向与发展重心如何形成,long-term-direction-and-development-focus-form,planned,UNPUBLISHED,KAU_R3_HUMAN_APPROVED
42,BATCH-004,10,BOOK-1,P3,KN-B1-P3-004,现实语法如何组织形成、激活、内化与重组,reality-grammar-organizes-formation-activation-internalization-and-reorganization,planned,UNPUBLISHED,KAU_R3_HUMAN_APPROVED
43,BATCH-001,,BOOK-1,P3,KN-B1-P3-005,无限现实如何压缩为有限问题,infinite-reality-compresses-into-finite-problems,planned,PUBLISHED,PUBLISHED_EXISTING_AUTHORITY
44,BATCH-004,11,BOOK-1,P3,KN-B1-P3-006,十六个基础问题如何组织辨认、建立、共存与延续,sixteen-foundational-questions-organize-recognition-building-coexistence-and-continuity,planned,UNPUBLISHED,KAU_R3_HUMAN_APPROVED
45,BATCH-004,12,BOOK-1,P3,KN-B1-P3-007,运行需求如何选择九种基础能力,runtime-needs-select-nine-foundational-capabilities,planned,UNPUBLISHED,KAU_R3_HUMAN_APPROVED
46,BATCH-004,13,BOOK-1,P3,KN-B1-P3-008,方向、理解、表达、位置与资源能力如何协同,direction-understanding-expression-position-and-resource-capabilities-coordinate,planned,UNPUBLISHED,KAU_R3_HUMAN_APPROVED
47,BATCH-004,14,BOOK-1,P3,KN-B1-P3-009,执行、关系、生存与驱动能力如何协同,execution-relation-survival-and-drive-capabilities-coordinate,planned,UNPUBLISHED,KAU_R3_HUMAN_APPROVED
48,BATCH-004,15,BOOK-1,P3,KN-B1-P3-010,运行驱动如何形成优先级与变化偏向,runtime-drives-form-priority-and-change-bias,planned,UNPUBLISHED,KAU_R3_HUMAN_APPROVED
49,BATCH-004,16,BOOK-1,P3,KN-B1-P3-011,坐标与运动语法如何组织现实变化,coordinates-and-motion-grammar-organize-reality-change,planned,UNPUBLISHED,KAU_R3_HUMAN_APPROVED
50,BATCH-004,17,BOOK-1,P3,KN-B1-P3-012,八种基础运动如何转换、闭环与稳定,eight-foundational-motions-transform-close-loops-and-stabilize,planned,UNPUBLISHED,KAU_R3_HUMAN_APPROVED
51,BATCH-004,18,BOOK-1,P3,KN-B1-P3-013,运动如何形成回路、网络与不同尺度,motion-forms-circuits-networks-and-scales,planned,UNPUBLISHED,KAU_R3_HUMAN_APPROVED
52,BATCH-004,19,BOOK-1,P3,KN-B1-P3-014,激活窗口、权重、场与时间如何共同放大或结束运动,activation-windows-weights-fields-and-time-amplify-or-end-motion,planned,UNPUBLISHED,KAU_R3_HUMAN_APPROVED
53,BATCH-001,,BOOK-1,P3,KN-B1-P3-015,运行网络如何形成状态、反馈、重组与连续性,runtime-networks-form-state-feedback-reorganization-and-continuity,planned,PUBLISHED,PUBLISHED_EXISTING_AUTHORITY
54,BATCH-004,20,BOOK-1,P4,KN-B1-P4-001,持续运行如何通过压缩成为生命组织,persistent-runtime-compresses-into-living-organization,planned,UNPUBLISHED,KAU_R3_HUMAN_APPROVED
55,BATCH-004,21,BOOK-1,P4,KN-B1-P4-002,生物压缩如何形成稳定运行配置,biological-compression-forms-stable-runtime-configuration,planned,UNPUBLISHED,KAU_R3_HUMAN_APPROVED
56,BATCH-002,,BOOK-1,P4,KN-B1-P4-003,初始化状态如何触发、嵌入坐标并长期稳定,initial-state-triggers-embeds-coordinates-and-stabilizes,planned,PUBLISHED,PUBLISHED_EXISTING_AUTHORITY
57,BATCH-002,,BOOK-1,P4,KN-B1-P4-004,身体为何成为分层且有限的现实载体,body-becomes-layered-and-finite-reality-carrier,planned,PUBLISHED,PUBLISHED_EXISTING_AUTHORITY
58,BATCH-004,22,BOOK-1,P4,KN-B1-P4-005,载体能力、约束、完整性与适应如何共同运行,carrier-capability-constraint-integrity-and-adaptation-coordinate,planned,UNPUBLISHED,KAU_R3_HUMAN_APPROVED
59,BATCH-001,,BOOK-1,P4,KN-B1-P4-006,运行成本、恢复与内部连接如何维持身体,runtime-cost-recovery-and-internal-connection-sustain-body,planned,PUBLISHED,PUBLISHED_EXISTING_AUTHORITY
60,BATCH-004,23,BOOK-1,P4,KN-B1-P4-007,感官、环境与摄取条件如何调制现实输入,senses-environment-and-intake-conditions-modulate-reality-input,planned,UNPUBLISHED,KAU_R3_HUMAN_APPROVED
61,BATCH-004,24,BOOK-1,P4,KN-B1-P4-008,过滤、注意、优先级与解析度如何形成认知入口,filtering-attention-priority-and-resolution-form-cognitive-entry,planned,UNPUBLISHED,KAU_R3_HUMAN_APPROVED
62,BATCH-005,1,BOOK-1,P4,KN-B1-P4-009,神经、激素、节律与代谢如何把现实转成身体状态,neural-hormonal-rhythmic-and-metabolic-systems-convert-reality-into-body-state,planned,UNPUBLISHED,KAU_R3_HUMAN_APPROVED
63,BATCH-005,2,BOOK-1,P4,KN-B1-P4-010,生物噪声、缓冲与适应如何改变载体运行,biological-noise-buffering-and-adaptation-change-carrier-runtime,planned,UNPUBLISHED,KAU_R3_HUMAN_APPROVED
64,BATCH-005,3,BOOK-1,P4,KN-B1-P4-011,光、空气、水、食物、声音、温度与空间如何成为运行介质,light-air-water-food-sound-temperature-and-space-become-runtime-media,planned,UNPUBLISHED,KAU_R3_HUMAN_APPROVED
65,BATCH-005,4,BOOK-1,P4,KN-B1-P4-012,载体如何形成稳定组织，并在维护、漂移、失败与恢复之间运行,carrier-forms-stable-organization-across-maintenance-drift-failure-and-recovery,planned,UNPUBLISHED,KAU_R3_HUMAN_APPROVED
66,BATCH-006,1,BOOK-2,P5,KN-B1-P5-001,为什么某些 Reality 会进入意识,book-2-p5-01-runtime-visibility,planned,UNPUBLISHED,KAU_R3_HUMAN_APPROVED
67,BATCH-006,2,BOOK-2,P5,KN-B1-P5-002,Reality 如何形成体验,book-2-p5-02-experience-emergence,planned,UNPUBLISHED,KAU_R3_HUMAN_APPROVED
68,BATCH-006,3,BOOK-2,P5,KN-B1-P5-003,现实如何在觉察之外继续运行,book-2-p5-04-dream-runtime,planned,UNPUBLISHED,KAU_R3_HUMAN_APPROVED
69,BATCH-006,4,BOOK-2,P5,KN-B1-P5-004,为什么意识误以为自己创造 Reality,book-2-p5-07-conscious-illusion,planned,UNPUBLISHED,KAU_R3_HUMAN_APPROVED
70,BATCH-006,5,BOOK-2,P5,KN-B1-P5-005,为什么持续的运行中心会逐渐形成稳定的自我模型,book-2-p5-09-self-construction,planned,UNPUBLISHED,KAU_R3_HUMAN_APPROVED
71,BATCH-006,6,BOOK-2,P5,KN-B1-P5-006,情绪为何出现,book-2-p5-13-emotional-emergence,planned,UNPUBLISHED,KAU_R3_HUMAN_APPROVED
72,BATCH-006,7,BOOK-2,P5,KN-B1-P5-007,现实如何留下适应痕迹,book-2-p5-18-adaptive-imprinting,planned,UNPUBLISHED,KAU_R3_HUMAN_APPROVED
73,BATCH-006,8,BOOK-2,P5,KN-B1-P5-008,体验配置系统如何形成,book-2-p5-21-experience-configuration-system,planned,UNPUBLISHED,KAU_R3_HUMAN_APPROVED
74,BATCH-006,9,BOOK-2,P5,KN-B1-P5-009,Reality 如何被观察,book-2-p5-24-perspective-runtime,planned,UNPUBLISHED,KAU_R3_HUMAN_APPROVED
75,BATCH-006,10,BOOK-2,P5,KN-B1-P5-010,复杂 Experience 如何被压缩,book-2-p5-35-compression-and-expression,planned,UNPUBLISHED,KAU_R3_HUMAN_APPROVED
76,BATCH-006,11,BOOK-2,P5,KN-B1-P5-011,意图为何形成,book-2-p5-44-intention-formation,planned,UNPUBLISHED,KAU_R3_HUMAN_APPROVED
77,BATCH-006,12,BOOK-2,P5,KN-B1-P5-012,身份如何被维持,book-2-p5-52-identity-stabilization,planned,UNPUBLISHED,KAU_R3_HUMAN_APPROVED
78,BATCH-006,13,BOOK-2,P5,KN-B1-P5-013,人工智能是否能够形成自我模型,book-2-p5-64-synthetic-self-model,planned,UNPUBLISHED,KAU_R3_HUMAN_APPROVED
79,BATCH-006,14,BOOK-2,P5,KN-B1-P5-014,体验如何进入觉察,book-2-p5-03-awareness-formation,planned,UNPUBLISHED,KAU_R3_HUMAN_APPROVED
80,BATCH-006,15,BOOK-2,P5,KN-B1-P5-015,为什么 Consciousness 是过程而不是对象,book-2-p5-05-continuous-conscious-process,planned,UNPUBLISHED,KAU_R3_HUMAN_APPROVED
81,BATCH-006,16,BOOK-2,P5,KN-B1-P5-016,为什么不同人体验不同 Reality,book-2-p5-06-subjective-reality,planned,UNPUBLISHED,KAU_R3_HUMAN_APPROVED
82,BATCH-006,17,BOOK-2,P5,KN-B1-P5-017,自我如何开始观察自己,book-2-p5-08-self-observation,planned,UNPUBLISHED,KAU_R3_HUMAN_APPROVED
83,BATCH-006,18,BOOK-2,P5,KN-B1-P5-018,为什么自我会不断维持自己的存在,book-2-p5-10-self-maintenance,planned,UNPUBLISHED,KAU_R3_HUMAN_APPROVED
84,BATCH-006,19,BOOK-2,P5,KN-B1-P5-019,为什么同一个生命会形成彼此冲突的多个自我状态,book-2-p5-11-self-fragmentation,planned,UNPUBLISHED,KAU_R3_HUMAN_APPROVED
85,BATCH-006,20,BOOK-2,P5,KN-B1-P5-020,自我如何重新整合,book-2-p5-12-self-reintegration,planned,UNPUBLISHED,KAU_R3_HUMAN_APPROVED
86,BATCH-006,21,BOOK-2,P5,KN-B1-P5-021,情绪如何预测未来,book-2-p5-14-emotional-prediction,planned,UNPUBLISHED,KAU_R3_HUMAN_APPROVED
87,BATCH-006,22,BOOK-2,P5,KN-B1-P5-022,情绪如何参与未来模拟,book-2-p5-15-future-simulation,planned,UNPUBLISHED,KAU_R3_HUMAN_APPROVED
88,BATCH-006,23,BOOK-2,P5,KN-B1-P5-023,情绪如何被调节,book-2-p5-16-emotional-regulation,planned,UNPUBLISHED,KAU_R3_HUMAN_APPROVED
89,BATCH-006,24,BOOK-2,P5,KN-B1-P5-024,情绪如何扭曲 Reality,book-2-p5-17-emotional-distortion,planned,UNPUBLISHED,KAU_R3_HUMAN_APPROVED
90,BATCH-007,1,BOOK-2,P5,KN-B1-P5-025,适应如何改变运行方式,book-2-p5-19-adaptive-reconfiguration,planned,UNPUBLISHED,KAU_R3_HUMAN_APPROVED
91,BATCH-007,2,BOOK-2,P5,KN-B1-P5-026,适应结构如何重新整合,book-2-p5-20-adaptive-reintegration,planned,UNPUBLISHED,KAU_R3_HUMAN_APPROVED
92,BATCH-007,3,BOOK-2,P5,KN-B1-P5-027,为什么进入系统的 Reality 只有部分形成体验,book-2-p5-22-experience-selection,planned,UNPUBLISHED,KAU_R3_HUMAN_APPROVED
93,BATCH-007,4,BOOK-2,P5,KN-B1-P5-028,体验如何获得稳定性,book-2-p5-23-experience-stabilization,planned,UNPUBLISHED,KAU_R3_HUMAN_APPROVED
94,BATCH-007,5,BOOK-2,P5,KN-B1-P5-029,Reality 为什么变得重要,book-2-p5-25-motivation-runtime,planned,UNPUBLISHED,KAU_R3_HUMAN_APPROVED
95,BATCH-007,6,BOOK-2,P5,KN-B1-P5-030,不同 Experience 如何被组织为整体,book-2-p5-26-experience-integration,planned,UNPUBLISHED,KAU_R3_HUMAN_APPROVED
96,BATCH-007,7,BOOK-2,P5,KN-B1-P5-031,分散时刻如何形成连续时间,book-2-p5-27-temporal-integration,planned,UNPUBLISHED,KAU_R3_HUMAN_APPROVED
97,BATCH-007,8,BOOK-2,P5,KN-B1-P5-032,不同感觉如何形成同一个 Reality,book-2-p5-28-sensory-integration,planned,UNPUBLISHED,KAU_R3_HUMAN_APPROVED
98,BATCH-007,9,BOOK-2,P5,KN-B1-P5-033,Experience 如何形成内部表征,book-2-p5-29-internal-representation,planned,UNPUBLISHED,KAU_R3_HUMAN_APPROVED
99,BATCH-007,10,BOOK-2,P5,KN-B1-P5-034,经验如何成为可调用的过去,book-2-p5-30-memory-organization,planned,UNPUBLISHED,KAU_R3_HUMAN_APPROVED
100,BATCH-007,11,BOOK-2,P5,KN-B1-P5-035,Runtime 如何在内部预演 Reality,book-2-p5-31-predictive-simulation,planned,UNPUBLISHED,KAU_R3_HUMAN_APPROVED
101,BATCH-007,12,BOOK-2,P5,KN-B1-P5-036,内部世界如何保持连续,book-2-p5-32-representation-continuity,planned,UNPUBLISHED,KAU_R3_HUMAN_APPROVED
102,BATCH-007,13,BOOK-2,P5,KN-B1-P5-037,表达为何出现,book-2-p5-33-expression-emergence,planned,UNPUBLISHED,KAU_R3_HUMAN_APPROVED
103,BATCH-007,14,BOOK-2,P5,KN-B1-P5-038,思考如何形成可表达结构,book-2-p5-34-cognitive-expression,planned,UNPUBLISHED,KAU_R3_HUMAN_APPROVED
104,BATCH-007,15,BOOK-2,P5,KN-B1-P5-039,Reality 如何形成不同表达路径,book-2-p5-36-expression-architectures,planned,UNPUBLISHED,KAU_R3_HUMAN_APPROVED
105,BATCH-007,16,BOOK-2,P5,KN-B1-P5-040,为什么有些 Experience 能够表达而有些不能,book-2-p5-37-expression-threshold,planned,UNPUBLISHED,KAU_R3_HUMAN_APPROVED
106,BATCH-007,17,BOOK-2,P5,KN-B1-P5-041,表达能力如何发展,book-2-p5-38-expression-development,planned,UNPUBLISHED,KAU_R3_HUMAN_APPROVED
107,BATCH-007,18,BOOK-2,P5,KN-B1-P5-042,为什么不同 Runtime 使用不同表达方式,book-2-p5-39-expression-configuration,planned,UNPUBLISHED,KAU_R3_HUMAN_APPROVED
108,BATCH-007,19,BOOK-2,P5,KN-B1-P5-043,媒介如何改变表达,book-2-p5-40-medium-configuration,planned,UNPUBLISHED,KAU_R3_HUMAN_APPROVED
109,BATCH-007,20,BOOK-2,P5,KN-B1-P5-044,表达如何改变其他 Runtime,book-2-p5-41-expression-power,planned,UNPUBLISHED,KAU_R3_HUMAN_APPROVED
110,BATCH-007,21,BOOK-2,P5,KN-B1-P5-045,为什么表达会偏离 Experience,book-2-p5-42-expression-distortion,planned,UNPUBLISHED,KAU_R3_HUMAN_APPROVED
111,BATCH-007,22,BOOK-2,P5,KN-B1-P5-046,为什么某些 Reality 无法被表达,book-2-p5-43-expression-silence,planned,UNPUBLISHED,KAU_R3_HUMAN_APPROVED
112,BATCH-007,23,BOOK-2,P5,KN-B1-P5-047,决策为何出现,book-2-p5-45-decision-emergence,planned,UNPUBLISHED,KAU_R3_HUMAN_APPROVED
113,BATCH-007,24,BOOK-2,P5,KN-B1-P5-048,Reality 如何形成不同决策路径,book-2-p5-46-decision-architectures,planned,UNPUBLISHED,KAU_R3_HUMAN_APPROVED
114,BATCH-008,1,BOOK-2,P5,KN-B1-P5-049,现实如何形成选择,book-2-p5-47-decision-formation,planned,UNPUBLISHED,KAU_R3_HUMAN_APPROVED
115,BATCH-008,2,BOOK-2,P5,KN-B1-P5-050,内部冲突为何出现,book-2-p5-48-internal-conflict,planned,UNPUBLISHED,KAU_R3_HUMAN_APPROVED
116,BATCH-008,3,BOOK-2,P5,KN-B1-P5-051,责任为何形成,book-2-p5-49-responsibility-formation,planned,UNPUBLISHED,KAU_R3_HUMAN_APPROVED
117,BATCH-008,4,BOOK-2,P5,KN-B1-P5-052,承诺为何能够持续,book-2-p5-50-commitment-stability,planned,UNPUBLISHED,KAU_R3_HUMAN_APPROVED
118,BATCH-008,5,BOOK-2,P5,KN-B1-P5-053,行动力为何瓦解,book-2-p5-51-agency-collapse,planned,UNPUBLISHED,KAU_R3_HUMAN_APPROVED
119,BATCH-008,6,BOOK-2,P5,KN-B1-P5-054,身份如何被压缩,book-2-p5-53-identity-compression,planned,UNPUBLISHED,KAU_R3_HUMAN_APPROVED
120,BATCH-008,7,BOOK-2,P5,KN-B1-P5-055,身份为何偏离,book-2-p5-54-identity-drift,planned,UNPUBLISHED,KAU_R3_HUMAN_APPROVED
121,BATCH-008,8,BOOK-2,P5,KN-B1-P5-056,身份如何重组,book-2-p5-55-identity-reconfiguration,planned,UNPUBLISHED,KAU_R3_HUMAN_APPROVED
122,BATCH-008,9,BOOK-2,P5,KN-B1-P5-057,身份如何瓦解,book-2-p5-56-identity-dissolution,planned,UNPUBLISHED,KAU_R3_HUMAN_APPROVED
123,BATCH-008,10,BOOK-2,P5,KN-B1-P5-058,行动结果如何重新进入 Experience,book-2-p5-57-feedback-formation,planned,UNPUBLISHED,KAU_R3_HUMAN_APPROVED
124,BATCH-008,11,BOOK-2,P5,KN-B1-P5-059,Runtime 如何修正自己,book-2-p5-58-runtime-calibration,planned,UNPUBLISHED,KAU_R3_HUMAN_APPROVED
125,BATCH-008,12,BOOK-2,P5,KN-B1-P5-060,经验如何改变下一次意识运行,book-2-p5-59-conscious-learning,planned,UNPUBLISHED,KAU_R3_HUMAN_APPROVED
126,BATCH-008,13,BOOK-2,P5,KN-B1-P5-061,自我模型如何停止维持自身,book-2-p5-60-self-model-dissolution,planned,UNPUBLISHED,KAU_R3_HUMAN_APPROVED
127,BATCH-008,14,BOOK-2,P5,KN-B1-P5-062,叙事如何在当前 Runtime 结束以后继续存在,book-2-p5-61-narrative-survival,planned,UNPUBLISHED,KAU_R3_HUMAN_APPROVED
128,BATCH-008,15,BOOK-2,P5,KN-B1-P5-063,意义为何留下残留,book-2-p5-62-meaning-residue,planned,UNPUBLISHED,KAU_R3_HUMAN_APPROVED
129,BATCH-008,16,BOOK-2,P5,KN-B1-P5-064,Conscious Runtime 如何完成一次运行,book-2-p5-63-conscious-completion,planned,UNPUBLISHED,KAU_R3_HUMAN_APPROVED
130,BATCH-008,17,BOOK-2,P5,KN-B1-P5-065,人工智能是否能够形成 Conscious Runtime,book-2-p5-65-synthetic-consciousness,planned,UNPUBLISHED,KAU_R3_HUMAN_APPROVED
131,BATCH-008,18,BOOK-2,P6,KN-B2-P6-001,为什么共同 Reality 会出现,book-2-p6-01-shared-runtime,planned,UNPUBLISHED,KAU_R3_HUMAN_APPROVED
132,BATCH-008,19,BOOK-2,P6,KN-B2-P6-002,多个 Runtime 如何开始同步,book-2-p6-02-runtime-synchronization,planned,UNPUBLISHED,KAU_R3_HUMAN_APPROVED
133,BATCH-008,20,BOOK-2,P6,KN-B2-P6-003,Runtime 如何形成连接,book-2-p6-03-runtime-connection-mechanics,planned,UNPUBLISHED,KAU_R3_HUMAN_APPROVED
134,BATCH-008,21,BOOK-2,P6,KN-B2-P6-004,为什么共同场开始形成,book-2-p6-04-shared-field,planned,UNPUBLISHED,KAU_R3_HUMAN_APPROVED
135,BATCH-008,22,BOOK-2,P6,KN-B2-P6-005,多个 Runtime 如何同步同一个 Field,book-2-p6-05-field-synchronization,planned,UNPUBLISHED,MAPPING_NOT_ESTABLISHED
136,BATCH-008,23,BOOK-2,P6,KN-B2-P6-006,为什么开始共振,book-2-p6-06-resonance,planned,UNPUBLISHED,KAU_R3_HUMAN_APPROVED
137,BATCH-008,24,BOOK-2,P6,KN-B2-P6-007,为什么开始互相干扰,book-2-p6-07-interference,planned,UNPUBLISHED,KAU_R3_HUMAN_APPROVED
138,BATCH-009,1,BOOK-2,P6,KN-B2-P6-008,生命为何能够共同运行,book-2-p6-08-biological-resonance,planned,UNPUBLISHED,KAU_R3_HUMAN_APPROVED
139,BATCH-009,2,BOOK-2,P6,KN-B2-P6-009,Reality 如何形成多人系统,book-2-p6-09-multi-node-runtime,planned,UNPUBLISHED,KAU_R3_HUMAN_APPROVED
140,BATCH-009,3,BOOK-2,P6,KN-B2-P6-010,为什么共同 Runtime 会开始出现稳定中心,book-2-p6-10-runtime-dominance,planned,UNPUBLISHED,KAU_R3_HUMAN_APPROVED
141,BATCH-009,4,BOOK-2,P6,KN-B2-P6-011,为什么共同 Runtime 必须开始分配运行成本,book-2-p6-11-relational-load,planned,UNPUBLISHED,KAU_R3_HUMAN_APPROVED
142,BATCH-009,5,BOOK-2,P6,KN-B2-P6-012,为什么长期系统一定开始出现结构冲突,book-2-p6-12-conflict-formation,planned,UNPUBLISHED,MAPPING_NOT_ESTABLISHED
143,BATCH-009,6,BOOK-2,P6,KN-B2-P6-013,共同 Reality 为什么需要形成边界,book-2-p6-13-boundary-formation,planned,UNPUBLISHED,KAU_R3_HUMAN_APPROVED
144,BATCH-009,7,BOOK-2,P6,KN-B2-P6-014,为什么边界一直改变,book-2-p6-14-boundary-transition,planned,UNPUBLISHED,KAU_R3_HUMAN_APPROVED
145,BATCH-009,8,BOOK-2,P6,KN-B2-P6-015,为什么边界最终瓦解,book-2-p6-15-boundary-collapse,planned,UNPUBLISHED,KAU_R3_HUMAN_APPROVED
146,BATCH-009,9,BOOK-2,P6,KN-B2-P6-016,为什么 Runtime 会开始降低独立性,book-2-p6-16-runtime-dependency,planned,UNPUBLISHED,KAU_R3_HUMAN_APPROVED
147,BATCH-009,10,BOOK-2,P6,KN-B2-P6-017,为什么 Runtime 会开始固定连接,book-2-p6-17-attachment-runtime,planned,UNPUBLISHED,KAU_R3_HUMAN_APPROVED
148,BATCH-009,11,BOOK-2,P6,KN-B2-P6-018,整个共同 Runtime 如何持续改变,book-2-p6-18-runtime-evolution,planned,UNPUBLISHED,KAU_R3_HUMAN_APPROVED
149,BATCH-009,12,BOOK-2,P6,KN-B2-P6-019,为什么多个共同现实开始彼此连接,book-2-p6-19-reality-network,planned,UNPUBLISHED,KAU_R3_HUMAN_APPROVED
150,BATCH-009,13,BOOK-2,P6,KN-B2-P6-020,为什么不同共同现实维持参与平衡,book-2-p6-20-participation-balance,planned,UNPUBLISHED,KAU_R3_HUMAN_APPROVED
151,BATCH-009,14,BOOK-2,P6,KN-B2-P6-021,为什么不同共同现实开始承担不同责任,book-2-p6-21-responsibility-distribution,planned,UNPUBLISHED,KAU_R3_HUMAN_APPROVED
152,BATCH-009,15,BOOK-2,P6,KN-B2-P6-022,为什么运行负荷开始跨共同现实重新分配,book-2-p6-22-system-load-distribution,planned,UNPUBLISHED,KAU_R3_HUMAN_APPROVED
153,BATCH-009,16,BOOK-2,P6,KN-B2-P6-023,为什么现实生态必须承担整体成本,book-2-p6-23-structural-cost,planned,UNPUBLISHED,KAU_R3_HUMAN_APPROVED
154,BATCH-009,17,BOOK-2,P6,KN-B2-P6-024,为什么多个共同现实能够长期稳定共存,book-2-p6-24-ecological-stability,planned,UNPUBLISHED,KAU_R3_HUMAN_APPROVED
155,BATCH-009,18,BOOK-2,P6,KN-B2-P6-025,生命为什么需要共同形成下一代,book-2-p6-25-reproductive-relationship,planned,UNPUBLISHED,KAU_R3_HUMAN_APPROVED
156,BATCH-009,19,BOOK-2,P6,KN-B2-P6-026,为什么长期关系能够稳定形成,book-2-p6-26-pair-bond-runtime,planned,UNPUBLISHED,KAU_R3_HUMAN_APPROVED
157,BATCH-009,20,BOOK-2,P6,KN-B2-P6-027,为什么共同养育会形成新的 Runtime,book-2-p6-27-parenting-runtime,planned,UNPUBLISHED,KAU_R3_HUMAN_APPROVED
158,BATCH-009,21,BOOK-2,P6,KN-B2-P6-028,为什么孩子会成为新的 Runtime,book-2-p6-28-child-runtime-reading,planned,UNPUBLISHED,KAU_R3_HUMAN_APPROVED
159,BATCH-009,22,BOOK-2,P6,KN-B2-P6-029,为什么 Runtime 会跨世代延续,book-2-p6-29-generational-runtime,planned,UNPUBLISHED,KAU_R3_HUMAN_APPROVED
160,BATCH-009,23,BOOK-2,P6,KN-B2-P6-030,家庭模式为什么不断复制,book-2-p6-30-generational-projection,planned,UNPUBLISHED,KAU_R3_HUMAN_APPROVED
161,BATCH-009,24,BOOK-2,P6,KN-B2-P6-031,Runtime 如何在世代之间改变,book-2-p6-31-intergenerational-transition,planned,UNPUBLISHED,KAU_R3_HUMAN_APPROVED
162,BATCH-010,1,BOOK-2,P6,KN-B2-P6-032,Family 如何形成长期稳定系统,book-2-p6-32-family-stabilization,planned,UNPUBLISHED,KAU_R3_HUMAN_APPROVED
163,BATCH-010,2,BOOK-2,P6,KN-B2-P6-033,情绪如何在家庭 Runtime 中流动,book-2-p6-33-emotional-flow,planned,UNPUBLISHED,KAU_R3_HUMAN_APPROVED
164,BATCH-010,3,BOOK-2,P6,KN-B2-P6-034,家庭成员如何形成共同节奏,book-2-p6-34-family-synchronization,planned,UNPUBLISHED,KAU_R3_HUMAN_APPROVED
165,BATCH-010,4,BOOK-2,P6,KN-B2-P6-035,家庭 Runtime 如何重新配置,book-2-p6-35-family-reconfiguration,planned,UNPUBLISHED,KAU_R3_HUMAN_APPROVED
166,BATCH-010,5,BOOK-2,P6,KN-B2-P6-036,家庭 Runtime 为什么会瓦解,book-2-p6-36-family-collapse,planned,UNPUBLISHED,KAU_R3_HUMAN_APPROVED
167,BATCH-010,6,BOOK-2,P6,KN-B2-P6-037,为什么多个家庭会形成群体,book-2-p6-37-group-formation,planned,UNPUBLISHED,KAU_R3_HUMAN_APPROVED
168,BATCH-010,7,BOOK-2,P6,KN-B2-P6-038,群体如何形成社区运行,book-2-p6-38-community-runtime,planned,UNPUBLISHED,KAU_R3_HUMAN_APPROVED
169,BATCH-010,8,BOOK-2,P6,KN-B2-P6-039,群体如何形成共享身份,book-2-p6-39-shared-identity,planned,UNPUBLISHED,KAU_R3_HUMAN_APPROVED
170,BATCH-010,9,BOOK-2,P6,KN-B2-P6-040,为什么共同现实会不断彼此强化,book-2-p6-40-collective-synchronization,planned,UNPUBLISHED,KAU_R3_HUMAN_APPROVED
171,BATCH-010,10,BOOK-2,P6,KN-B2-P6-041,群体为什么走向两极化,book-2-p6-41-collective-polarization,planned,UNPUBLISHED,KAU_R3_HUMAN_APPROVED
172,BATCH-010,11,BOOK-2,P6,KN-B2-P6-042,现实影响如何形成,book-2-p6-42-influence-formation,planned,UNPUBLISHED,KAU_R3_HUMAN_APPROVED
173,BATCH-010,12,BOOK-2,P6,KN-B2-P6-043,注意力如何在多个 Runtime 之间耦合,book-2-p6-43-attention-coupling,planned,UNPUBLISHED,KAU_R3_HUMAN_APPROVED
174,BATCH-010,13,BOOK-2,P6,KN-B2-P6-044,信念如何在多个 Runtime 之间耦合,book-2-p6-44-belief-coupling,planned,UNPUBLISHED,KAU_R3_HUMAN_APPROVED
175,BATCH-010,14,BOOK-2,P6,KN-B2-P6-045,为什么共同运行会不断重复同一个故事,book-2-p6-45-narrative-coupling,planned,UNPUBLISHED,KAU_R3_HUMAN_APPROVED
176,BATCH-010,15,BOOK-2,P6,KN-B2-P6-046,群体暗示如何改变 Reality,book-2-p6-46-collective-suggestion,planned,UNPUBLISHED,KAU_R3_HUMAN_APPROVED
177,BATCH-010,16,BOOK-2,P6,KN-B2-P6-047,符号如何形成关系影响,book-2-p6-47-symbolic-influence,planned,UNPUBLISHED,KAU_R3_HUMAN_APPROVED
178,BATCH-010,17,BOOK-2,P6,KN-B2-P6-048,为什么共同运行会逐渐限制生命的运行方向,book-2-p6-48-relationship-deadlock,planned,UNPUBLISHED,KAU_R3_HUMAN_APPROVED
179,BATCH-010,18,BOOK-2,P6,KN-B2-P6-049,一个 Runtime 如何劫持另一个 Runtime,book-2-p6-49-runtime-hijacking,planned,UNPUBLISHED,KAU_R3_HUMAN_APPROVED
180,BATCH-010,19,BOOK-2,P6,KN-B2-P6-050,Runtime 如何从关系影响中恢复,book-2-p6-50-influence-recovery,planned,UNPUBLISHED,KAU_R3_HUMAN_APPROVED
181,BATCH-010,20,BOOK-2,P6,KN-B2-P6-056,Runtime 如何离开共同 Reality,book-2-p6-56-exit-dynamics,planned,UNPUBLISHED,KAU_R3_HUMAN_APPROVED
182,BATCH-010,21,BOOK-2,P6,KN-B2-P6-057,共同 Reality 如何留下共享记忆,book-2-p6-57-shared-memory,planned,UNPUBLISHED,KAU_R3_HUMAN_APPROVED
183,BATCH-010,22,BOOK-2,P6,KN-B2-P6-058,共同 Reality 如何完成一次运行,book-2-p6-58-shared-reality-closure,planned,UNPUBLISHED,KAU_R3_HUMAN_APPROVED
184,BATCH-010,23,BOOK-2,P7,KN-B2-P7-001,集体场为何出现,book-2-p7-01-collective-field,planned,UNPUBLISHED,KAU_R3_HUMAN_APPROVED
185,BATCH-010,24,BOOK-2,P7,KN-B2-P7-002,为何多人会相信同一个现实,book-2-p7-02-shared-projection,planned,UNPUBLISHED,KAU_R3_HUMAN_APPROVED
186,BATCH-011,1,BOOK-2,P7,KN-B2-P7-003,为何故事能够形成共同现实,book-2-p7-03-narrative-synchronization,planned,UNPUBLISHED,KAU_R3_HUMAN_APPROVED
187,BATCH-011,2,BOOK-2,P7,KN-B2-P7-004,情绪如何跨个体传播,book-2-p7-04-collective-emotion,planned,UNPUBLISHED,KAU_R3_HUMAN_APPROVED
188,BATCH-011,3,BOOK-2,P7,KN-B2-P7-005,群体如何形成我们,book-2-p7-05-collective-identity,planned,UNPUBLISHED,KAU_R3_HUMAN_APPROVED
189,BATCH-011,4,BOOK-2,P7,KN-B2-P7-006,集体为什么开始约束个体,book-2-p7-06-collective-pressure,planned,UNPUBLISHED,KAU_R3_HUMAN_APPROVED
190,BATCH-011,5,BOOK-2,P7,KN-B2-P7-007,价值为何出现,book-2-p7-07-value-formation,planned,UNPUBLISHED,KAU_R3_HUMAN_APPROVED
191,BATCH-011,6,BOOK-2,P7,KN-B2-P7-008,价值如何形成排序,book-2-p7-08-value-hierarchy,planned,UNPUBLISHED,KAU_R3_HUMAN_APPROVED
192,BATCH-011,7,BOOK-2,P7,KN-B2-P7-009,资源为何被压缩,book-2-p7-09-resource-compression,planned,UNPUBLISHED,KAU_R3_HUMAN_APPROVED
193,BATCH-011,8,BOOK-2,P7,KN-B2-P7-010,稀缺性如何形成,book-2-p7-10-scarcity-formation,planned,UNPUBLISHED,KAU_R3_HUMAN_APPROVED
194,BATCH-011,9,BOOK-2,P7,KN-B2-P7-011,社会奖励机制如何形成,book-2-p7-11-social-reward-systems,planned,UNPUBLISHED,KAU_R3_HUMAN_APPROVED
195,BATCH-011,10,BOOK-2,P7,KN-B2-P7-012,为什么集体会通过未来回报组织现在的行动,book-2-p7-12-collective-incentive-structures,planned,UNPUBLISHED,KAU_R3_HUMAN_APPROVED
196,BATCH-011,11,BOOK-2,P7,KN-B2-P7-013,模因如何运行,book-2-p7-13-memetic-runtime,planned,UNPUBLISHED,KAU_R3_HUMAN_APPROVED
197,BATCH-011,12,BOOK-2,P7,KN-B2-P7-014,文化如何运行,book-2-p7-14-cultural-runtime,planned,UNPUBLISHED,KAU_R3_HUMAN_APPROVED
198,BATCH-011,13,BOOK-2,P7,KN-B2-P7-015,资源如何流动,book-2-p7-15-economic-runtime,planned,UNPUBLISHED,KAU_R3_HUMAN_APPROVED
199,BATCH-011,14,BOOK-2,P7,KN-B2-P7-016,价值如何储存,book-2-p7-16-value-storage,planned,UNPUBLISHED,KAU_R3_HUMAN_APPROVED
200,BATCH-011,15,BOOK-2,P7,KN-B2-P7-017,信用如何创造现实,book-2-p7-17-credit-creation,planned,UNPUBLISHED,KAU_R3_HUMAN_APPROVED
201,BATCH-011,16,BOOK-2,P7,KN-B2-P7-018,债务如何扩张,book-2-p7-18-debt-expansion,planned,UNPUBLISHED,KAU_R3_HUMAN_APPROVED
202,BATCH-011,17,BOOK-2,P7,KN-B2-P7-019,资本如何被配置,book-2-p7-19-capital-allocation,planned,UNPUBLISHED,KAU_R3_HUMAN_APPROVED
203,BATCH-011,18,BOOK-2,P7,KN-B2-P7-020,金融叙事如何形成,book-2-p7-20-financial-narratives,planned,UNPUBLISHED,KAU_R3_HUMAN_APPROVED
204,BATCH-011,19,BOOK-2,P7,KN-B2-P7-021,投机周期如何形成,book-2-p7-21-speculative-cycles,planned,UNPUBLISHED,KAU_R3_HUMAN_APPROVED
205,BATCH-011,20,BOOK-2,P7,KN-B2-P7-022,金融如何压缩未来,book-2-p7-22-financial-compression,planned,UNPUBLISHED,KAU_R3_HUMAN_APPROVED
206,BATCH-011,21,BOOK-2,P7,KN-B2-P7-023,未来为何被提前提取,book-2-p7-23-future-extraction,planned,UNPUBLISHED,KAU_R3_HUMAN_APPROVED
207,BATCH-011,22,BOOK-2,P7,KN-B2-P7-024,制度如何稳定现实,book-2-p7-24-institutional-runtime,planned,UNPUBLISHED,KAU_R3_HUMAN_APPROVED
208,BATCH-011,23,BOOK-2,P7,KN-B2-P7-025,信息如何成为文明运行结构,book-2-p7-25-information-runtime,planned,UNPUBLISHED,KAU_R3_HUMAN_APPROVED
209,BATCH-011,24,BOOK-2,P7,KN-B2-P7-026,媒体如何组织集体现实,book-2-p7-26-media-runtime,planned,UNPUBLISHED,KAU_R3_HUMAN_APPROVED
210,BATCH-012,1,BOOK-2,P7,KN-B2-P7-027,平台如何组织集体现实,book-2-p7-27-platform-runtime,planned,UNPUBLISHED,KAU_R3_HUMAN_APPROVED
211,BATCH-012,2,BOOK-2,P7,KN-B2-P7-028,网络如何形成文明连接,book-2-p7-28-network-runtime,planned,UNPUBLISHED,KAU_R3_HUMAN_APPROVED
212,BATCH-012,3,BOOK-2,P7,KN-B2-P7-029,基础设施如何承载文明,book-2-p7-29-infrastructure-runtime,planned,UNPUBLISHED,KAU_R3_HUMAN_APPROVED
213,BATCH-012,4,BOOK-2,P7,KN-B2-P7-030,文明如何形成集体神经网络,book-2-p7-30-collective-neural-networks,planned,UNPUBLISHED,KAU_R3_HUMAN_APPROVED
214,BATCH-012,5,BOOK-2,P7,KN-B2-P7-031,注意力如何成为经济资源,book-2-p7-31-attention-economy,planned,UNPUBLISHED,KAU_R3_HUMAN_APPROVED
215,BATCH-012,6,BOOK-2,P7,KN-B2-P7-032,注意力如何被竞争,book-2-p7-32-attention-competition,planned,UNPUBLISHED,KAU_R3_HUMAN_APPROVED
216,BATCH-012,7,BOOK-2,P7,KN-B2-P7-033,叙事如何形成市场,book-2-p7-33-narrative-markets,planned,UNPUBLISHED,KAU_R3_HUMAN_APPROVED
217,BATCH-012,8,BOOK-2,P7,KN-B2-P7-034,集体注意力回路如何形成,book-2-p7-34-collective-attention-loops,planned,UNPUBLISHED,KAU_R3_HUMAN_APPROVED
218,BATCH-012,9,BOOK-2,P7,KN-B2-P7-035,注意力如何被捕获,book-2-p7-35-attention-capture,planned,UNPUBLISHED,KAU_R3_HUMAN_APPROVED
219,BATCH-012,10,BOOK-2,P7,KN-B2-P7-036,算法如何放大集体现实,book-2-p7-36-algorithmic-amplification,planned,UNPUBLISHED,KAU_R3_HUMAN_APPROVED
220,BATCH-012,11,BOOK-2,P7,KN-B2-P7-037,病毒式传播如何运行,book-2-p7-37-viral-runtime,planned,UNPUBLISHED,KAU_R3_HUMAN_APPROVED
221,BATCH-012,12,BOOK-2,P7,KN-B2-P7-038,AI 如何重构注意力架构,book-2-p7-38-ai-attention-architecture,planned,UNPUBLISHED,KAU_R3_HUMAN_APPROVED
222,BATCH-012,13,BOOK-2,P7,KN-B2-P7-039,文明如何压缩时间,book-2-p7-39-temporal-compression,planned,UNPUBLISHED,KAU_R3_HUMAN_APPROVED
223,BATCH-012,14,BOOK-2,P7,KN-B2-P7-040,加速如何成为文明运行方式,book-2-p7-40-acceleration-runtime,planned,UNPUBLISHED,KAU_R3_HUMAN_APPROVED
224,BATCH-012,15,BOOK-2,P7,KN-B2-P7-041,生产力如何组织时间,book-2-p7-41-productivity-runtime,planned,UNPUBLISHED,KAU_R3_HUMAN_APPROVED
225,BATCH-012,16,BOOK-2,P7,KN-B2-P7-042,文明为何持续面向未来,book-2-p7-42-future-orientation,planned,UNPUBLISHED,KAU_R3_HUMAN_APPROVED
226,BATCH-012,17,BOOK-2,P7,KN-B2-P7-043,世代如何形成不同时间尺度,book-2-p7-43-generational-time,planned,UNPUBLISHED,KAU_R3_HUMAN_APPROVED
227,BATCH-012,18,BOOK-2,P7,KN-B2-P7-044,历史如何成为集体记忆,book-2-p7-44-historical-memory,planned,UNPUBLISHED,KAU_R3_HUMAN_APPROVED
228,BATCH-012,19,BOOK-2,P7,KN-B2-P7-045,文明为何形成期限,book-2-p7-45-civilization-deadline,planned,UNPUBLISHED,KAU_R3_HUMAN_APPROVED
229,BATCH-012,20,BOOK-2,P7,KN-B2-P7-046,时间债务如何形成,book-2-p7-46-time-debt,planned,UNPUBLISHED,KAU_R3_HUMAN_APPROVED
230,BATCH-012,21,BOOK-2,P7,KN-B2-P7-047,人工集体如何运行,book-2-p7-47-artificial-collective-runtime,planned,UNPUBLISHED,KAU_R3_HUMAN_APPROVED
231,BATCH-012,22,BOOK-2,P7,KN-B2-P7-048,人机集体如何形成,book-2-p7-48-human-ai-collective,planned,UNPUBLISHED,KAU_R3_HUMAN_APPROVED
232,BATCH-012,23,BOOK-2,P7,KN-B2-P7-049,AI 文化如何形成,book-2-p7-49-synthetic-culture,planned,UNPUBLISHED,KAU_R3_HUMAN_APPROVED
233,BATCH-012,24,BOOK-2,P7,KN-B2-P7-050,AI 价值系统如何形成,book-2-p7-50-synthetic-value-systems,planned,UNPUBLISHED,KAU_R3_HUMAN_APPROVED
234,BATCH-013,1,BOOK-2,P7,KN-B2-P7-051,AI 如何形成协调机制,book-2-p7-51-synthetic-coordination,planned,UNPUBLISHED,KAU_R3_HUMAN_APPROVED
235,BATCH-019,1,BOOK-4,P11,KN-B2-P7-052,AI 文明雏形如何出现,book-2-p7-52-synthetic-civilization,planned,UNPUBLISHED,MANUSCRIPT_CORPUS_NOT_AVAILABLE_IN_CURRENT_INPUT
236,BATCH-013,2,BOOK-2,P7,KN-B2-P7-053,集体现实如何达到饱和,book-2-p7-53-collective-saturation,planned,UNPUBLISHED,KAU_R3_HUMAN_APPROVED
237,BATCH-013,3,BOOK-2,P7,KN-B2-P7-054,集体现实如何碎裂,book-2-p7-54-collective-fragmentation,planned,UNPUBLISHED,KAU_R3_HUMAN_APPROVED
238,BATCH-013,4,BOOK-2,P7,KN-B2-P7-055,集体现实如何崩塌,book-2-p7-55-collective-collapse,planned,UNPUBLISHED,KAU_R3_HUMAN_APPROVED
239,BATCH-013,5,BOOK-2,P7,KN-B2-P7-056,为什么旧的集体结构失效之后，现实会重新形成新的连接、边界与组织方式,book-2-p7-56-collective-reconfiguration,planned,UNPUBLISHED,KAU_R3_HUMAN_APPROVED
240,BATCH-019,2,BOOK-4,P10,KN-B2-P7-057,文明如何进入下一阶段,book-2-p7-57-civilization-threshold,planned,UNPUBLISHED,MANUSCRIPT_CORPUS_NOT_AVAILABLE_IN_CURRENT_INPUT
241,BATCH-014,1,BOOK-3,P8,KN-B2-P8-001,运行为何留下残留,book-2-p8-01-residual-load,planned,UNPUBLISHED,MANUSCRIPT_CORPUS_NOT_AVAILABLE_IN_CURRENT_INPUT
242,BATCH-014,2,BOOK-3,P8,KN-B2-P8-002,Reality 为什么不会自动归零,book-2-p8-02-runtime-accumulation,planned,UNPUBLISHED,MANUSCRIPT_CORPUS_NOT_AVAILABLE_IN_CURRENT_INPUT
243,BATCH-014,3,BOOK-3,P8,KN-B2-P8-003,过去为何持续存在,book-2-p8-03-runtime-persistence,planned,UNPUBLISHED,MANUSCRIPT_CORPUS_NOT_AVAILABLE_IN_CURRENT_INPUT
244,BATCH-014,4,BOOK-3,P8,KN-B2-P8-004,Reality 如何偏离原有轨道,book-2-p8-04-drift-formation,planned,UNPUBLISHED,MANUSCRIPT_CORPUS_NOT_AVAILABLE_IN_CURRENT_INPUT
245,BATCH-014,5,BOOK-3,P8,KN-B2-P8-005,Reality 如何逐渐变形,book-2-p8-05-distortion-formation,planned,UNPUBLISHED,MANUSCRIPT_CORPUS_NOT_AVAILABLE_IN_CURRENT_INPUT
246,BATCH-014,6,BOOK-3,P8,KN-B2-P8-006,为何问题长期存在,book-2-p8-06-chronic-runtime,planned,UNPUBLISHED,MANUSCRIPT_CORPUS_NOT_AVAILABLE_IN_CURRENT_INPUT
247,BATCH-014,7,BOOK-3,P8,KN-B2-P8-007,Reality 如何失去整体性,book-2-p8-07-fragmentation,planned,UNPUBLISHED,MANUSCRIPT_CORPUS_NOT_AVAILABLE_IN_CURRENT_INPUT
248,BATCH-014,8,BOOK-3,P8,KN-B2-P8-008,为何系统无法继续承载,book-2-p8-08-saturation,planned,UNPUBLISHED,MANUSCRIPT_CORPUS_NOT_AVAILABLE_IN_CURRENT_INPUT
249,BATCH-014,9,BOOK-3,P8,KN-B2-P8-009,摩擦如何成为警告信号,book-2-p8-09-friction-signals,planned,UNPUBLISHED,MANUSCRIPT_CORPUS_NOT_AVAILABLE_IN_CURRENT_INPUT
250,BATCH-014,10,BOOK-3,P8,KN-B2-P8-010,重复模式如何成为警告,book-2-p8-10-repetition-patterns,planned,UNPUBLISHED,MANUSCRIPT_CORPUS_NOT_AVAILABLE_IN_CURRENT_INPUT
251,BATCH-014,11,BOOK-3,P8,KN-B2-P8-011,慢性噪音如何形成,book-2-p8-11-chronic-noise,planned,UNPUBLISHED,MANUSCRIPT_CORPUS_NOT_AVAILABLE_IN_CURRENT_INPUT
252,BATCH-014,12,BOOK-3,P8,KN-B2-P8-012,失稳如何逐步升级,book-2-p8-12-escalation,planned,UNPUBLISHED,MANUSCRIPT_CORPUS_NOT_AVAILABLE_IN_CURRENT_INPUT
253,BATCH-014,13,BOOK-3,P8,KN-B2-P8-013,系统如何跨越失稳阈值,book-2-p8-13-threshold-crossing,planned,UNPUBLISHED,MANUSCRIPT_CORPUS_NOT_AVAILABLE_IN_CURRENT_INPUT
254,BATCH-014,14,BOOK-3,P8,KN-B2-P8-014,为何系统持续警告却无人察觉,book-2-p8-14-signal-blindness,planned,UNPUBLISHED,MANUSCRIPT_CORPUS_NOT_AVAILABLE_IN_CURRENT_INPUT
255,BATCH-014,15,BOOK-3,P8,KN-B2-P8-015,Reality 如何持续占用资源,book-2-p8-15-interface-occupancy,planned,UNPUBLISHED,MANUSCRIPT_CORPUS_NOT_AVAILABLE_IN_CURRENT_INPUT
256,BATCH-014,16,BOOK-3,P8,KN-B2-P8-016,为何系统无法退出运行,book-2-p8-16-interface-saturation,planned,UNPUBLISHED,MANUSCRIPT_CORPUS_NOT_AVAILABLE_IN_CURRENT_INPUT
257,BATCH-014,17,BOOK-3,P8,KN-B2-P8-017,为何成本最终进入载体,book-2-p8-17-structural-cost-transfer,planned,UNPUBLISHED,MANUSCRIPT_CORPUS_NOT_AVAILABLE_IN_CURRENT_INPUT
258,BATCH-014,18,BOOK-3,P8,KN-B2-P8-018,载体限制如何约束运行,book-2-p8-18-embodied-constraints,planned,UNPUBLISHED,MANUSCRIPT_CORPUS_NOT_AVAILABLE_IN_CURRENT_INPUT
259,BATCH-014,19,BOOK-3,P8,KN-B2-P8-019,为何没有崩溃却无法顺畅运行,book-2-p8-19-soft-interruptions,planned,UNPUBLISHED,MANUSCRIPT_CORPUS_NOT_AVAILABLE_IN_CURRENT_INPUT
260,BATCH-014,20,BOOK-3,P8,KN-B2-P8-020,慢性运行状态如何形成,book-2-p8-20-chronic-runtime-states,planned,UNPUBLISHED,MANUSCRIPT_CORPUS_NOT_AVAILABLE_IN_CURRENT_INPUT
261,BATCH-014,21,BOOK-3,P8,KN-B2-P8-021,责任如何转化为运行成本,book-2-p8-21-responsibility-mapping,planned,UNPUBLISHED,MANUSCRIPT_CORPUS_NOT_AVAILABLE_IN_CURRENT_INPUT
262,BATCH-014,22,BOOK-3,P8,KN-B2-P8-022,运行接口如何组织,book-2-p8-22-interface-architecture,planned,UNPUBLISHED,MANUSCRIPT_CORPUS_NOT_AVAILABLE_IN_CURRENT_INPUT
263,BATCH-014,23,BOOK-3,P8,KN-B2-P8-023,Medical OS 如何成为 Runtime Maintenance Layer,book-2-p8-23-medical-runtime,planned,UNPUBLISHED,MANUSCRIPT_CORPUS_NOT_AVAILABLE_IN_CURRENT_INPUT
264,BATCH-014,24,BOOK-3,P8,KN-B2-P8-024,系统如何检测安全,book-2-p8-24-safety-detection,planned,UNPUBLISHED,MANUSCRIPT_CORPUS_NOT_AVAILABLE_IN_CURRENT_INPUT
265,BATCH-015,1,BOOK-3,P8,KN-B2-P8-025,恢复许可如何形成,book-2-p8-25-recovery-permission,planned,UNPUBLISHED,MANUSCRIPT_CORPUS_NOT_AVAILABLE_IN_CURRENT_INPUT
266,BATCH-015,2,BOOK-3,P8,KN-B2-P8-026,为何系统拒绝恢复,book-2-p8-26-recovery-resistance,planned,UNPUBLISHED,MANUSCRIPT_CORPUS_NOT_AVAILABLE_IN_CURRENT_INPUT
267,BATCH-015,3,BOOK-3,P8,KN-B2-P8-027,恢复窗口如何出现,book-2-p8-27-recovery-window,planned,UNPUBLISHED,MANUSCRIPT_CORPUS_NOT_AVAILABLE_IN_CURRENT_INPUT
268,BATCH-015,4,BOOK-3,P8,KN-B2-P8-028,系统如何重新整合,book-2-p8-28-reintegration,planned,UNPUBLISHED,MANUSCRIPT_CORPUS_NOT_AVAILABLE_IN_CURRENT_INPUT
269,BATCH-015,5,BOOK-3,P8,KN-B2-P8-029,系统如何重新进入运行,book-2-p8-29-runtime-re-entry,planned,UNPUBLISHED,MANUSCRIPT_CORPUS_NOT_AVAILABLE_IN_CURRENT_INPUT
270,BATCH-015,6,BOOK-3,P8,KN-B2-P8-030,恢复如何被排程,book-2-p8-30-recovery-scheduling,planned,UNPUBLISHED,MANUSCRIPT_CORPUS_NOT_AVAILABLE_IN_CURRENT_INPUT
271,BATCH-015,7,BOOK-3,P8,KN-B2-P8-031,恢复债务如何形成,book-2-p8-31-recovery-debt,planned,UNPUBLISHED,MANUSCRIPT_CORPUS_NOT_AVAILABLE_IN_CURRENT_INPUT
272,BATCH-015,8,BOOK-3,P8,KN-B2-P8-032,结构如何被修复,book-2-p8-32-structural-repair,planned,UNPUBLISHED,MANUSCRIPT_CORPUS_NOT_AVAILABLE_IN_CURRENT_INPUT
273,BATCH-015,9,BOOK-3,P8,KN-B2-P8-033,运行如何重新平衡,book-2-p8-33-runtime-rebalancing,planned,UNPUBLISHED,MANUSCRIPT_CORPUS_NOT_AVAILABLE_IN_CURRENT_INPUT
274,BATCH-015,10,BOOK-3,P8,KN-B2-P8-034,恢复架构如何形成,book-2-p8-34-recovery-architecture,planned,UNPUBLISHED,MANUSCRIPT_CORPUS_NOT_AVAILABLE_IN_CURRENT_INPUT
275,BATCH-015,11,BOOK-3,P8,KN-B2-P8-035,神经系统如何恢复,book-2-p8-35-nervous-recovery,planned,UNPUBLISHED,MANUSCRIPT_CORPUS_NOT_AVAILABLE_IN_CURRENT_INPUT
276,BATCH-015,12,BOOK-3,P8,KN-B2-P8-036,内分泌系统如何恢复,book-2-p8-36-endocrine-recovery,planned,UNPUBLISHED,MANUSCRIPT_CORPUS_NOT_AVAILABLE_IN_CURRENT_INPUT
277,BATCH-015,13,BOOK-3,P8,KN-B2-P8-037,免疫系统如何恢复,book-2-p8-37-immune-recovery,planned,UNPUBLISHED,MANUSCRIPT_CORPUS_NOT_AVAILABLE_IN_CURRENT_INPUT
278,BATCH-015,14,BOOK-3,P8,KN-B2-P8-038,代谢系统如何恢复,book-2-p8-38-metabolic-recovery,planned,UNPUBLISHED,MANUSCRIPT_CORPUS_NOT_AVAILABLE_IN_CURRENT_INPUT
279,BATCH-015,15,BOOK-3,P8,KN-B2-P8-039,心理运行如何恢复,book-2-p8-39-psychological-recovery,planned,UNPUBLISHED,MANUSCRIPT_CORPUS_NOT_AVAILABLE_IN_CURRENT_INPUT
280,BATCH-015,16,BOOK-3,P8,KN-B2-P8-040,AI 如何辅助恢复,book-2-p8-40-ai-assisted-recovery,planned,UNPUBLISHED,MANUSCRIPT_CORPUS_NOT_AVAILABLE_IN_CURRENT_INPUT
281,BATCH-015,17,BOOK-3,P8,KN-B2-P8-041,可持续运行如何形成,book-2-p8-41-sustainability,planned,UNPUBLISHED,MANUSCRIPT_CORPUS_NOT_AVAILABLE_IN_CURRENT_INPUT
282,BATCH-015,18,BOOK-3,P8,KN-B2-P8-042,运行韧性如何形成,book-2-p8-42-runtime-resilience,planned,UNPUBLISHED,MANUSCRIPT_CORPUS_NOT_AVAILABLE_IN_CURRENT_INPUT
283,BATCH-015,19,BOOK-3,P8,KN-B2-P8-043,维护如何适应变化,book-2-p8-43-adaptive-maintenance,planned,UNPUBLISHED,MANUSCRIPT_CORPUS_NOT_AVAILABLE_IN_CURRENT_INPUT
284,BATCH-015,20,BOOK-3,P8,KN-B2-P8-044,Reality 如何形成长期连续性,book-2-p8-44-long-term-continuity,planned,UNPUBLISHED,MANUSCRIPT_CORPUS_NOT_AVAILABLE_IN_CURRENT_INPUT
285,BATCH-015,21,BOOK-3,P8,KN-B2-P8-045,系统如何形成自维护能力,book-2-p8-45-self-maintaining-systems,planned,UNPUBLISHED,MANUSCRIPT_CORPUS_NOT_AVAILABLE_IN_CURRENT_INPUT
286,BATCH-015,22,BOOK-3,P8,KN-B2-P8-046,恢复之后如何进入长期稳定,book-2-p8-46-beyond-recovery,planned,UNPUBLISHED,MANUSCRIPT_CORPUS_NOT_AVAILABLE_IN_CURRENT_INPUT
287,BATCH-015,23,BOOK-3,P8,KN-B2-P8-047,维护如何升级为治理,book-2-p8-47-maintenance-transition,planned,UNPUBLISHED,MANUSCRIPT_CORPUS_NOT_AVAILABLE_IN_CURRENT_INPUT
288,BATCH-015,24,BOOK-3,P9,KN-B2-P9-001,治理为何出现,book-2-p9-01-governance-emergence,planned,UNPUBLISHED,MANUSCRIPT_CORPUS_NOT_AVAILABLE_IN_CURRENT_INPUT
289,BATCH-016,1,BOOK-3,P9,KN-B2-P9-002,为什么复杂系统需要治理,book-2-p9-02-coordination-problem,planned,UNPUBLISHED,MANUSCRIPT_CORPUS_NOT_AVAILABLE_IN_CURRENT_INPUT
290,BATCH-016,2,BOOK-3,P9,KN-B2-P9-003,资源如何被分配,book-2-p9-03-resource-allocation,planned,UNPUBLISHED,MANUSCRIPT_CORPUS_NOT_AVAILABLE_IN_CURRENT_INPUT
291,BATCH-016,3,BOOK-3,P9,KN-B2-P9-005,治理为何产生不同形式,book-2-p9-05-governance-selection,planned,UNPUBLISHED,MANUSCRIPT_CORPUS_NOT_AVAILABLE_IN_CURRENT_INPUT
292,BATCH-016,4,BOOK-3,P9,KN-B2-P9-006,为什么人们接受治理,book-2-p9-06-legitimacy-formation,planned,UNPUBLISHED,MANUSCRIPT_CORPUS_NOT_AVAILABLE_IN_CURRENT_INPUT
293,BATCH-016,5,BOOK-3,P9,KN-B2-P9-007,治理如何通过服从机制持续存在,book-2-p9-07-compliance-systems,planned,UNPUBLISHED,MANUSCRIPT_CORPUS_NOT_AVAILABLE_IN_CURRENT_INPUT
294,BATCH-016,6,BOOK-3,P9,KN-B2-P9-008,市场治理如何运行,book-2-p9-08-market-governance,planned,UNPUBLISHED,MANUSCRIPT_CORPUS_NOT_AVAILABLE_IN_CURRENT_INPUT
295,BATCH-016,7,BOOK-3,P9,KN-B2-P9-009,计划治理如何运行,book-2-p9-09-planned-governance,planned,UNPUBLISHED,MANUSCRIPT_CORPUS_NOT_AVAILABLE_IN_CURRENT_INPUT
296,BATCH-016,8,BOOK-3,P9,KN-B2-P9-010,宗教治理如何运行,book-2-p9-10-religious-governance,planned,UNPUBLISHED,MANUSCRIPT_CORPUS_NOT_AVAILABLE_IN_CURRENT_INPUT
297,BATCH-016,9,BOOK-3,P9,KN-B2-P9-011,世俗治理如何运行,book-2-p9-11-secular-governance,planned,UNPUBLISHED,MANUSCRIPT_CORPUS_NOT_AVAILABLE_IN_CURRENT_INPUT
298,BATCH-016,10,BOOK-3,P9,KN-B2-P9-012,制度治理如何运行,book-2-p9-12-institutional-governance,planned,UNPUBLISHED,MANUSCRIPT_CORPUS_NOT_AVAILABLE_IN_CURRENT_INPUT
299,BATCH-016,11,BOOK-3,P9,KN-B2-P9-013,混合治理如何运行,book-2-p9-13-hybrid-governance,planned,UNPUBLISHED,MANUSCRIPT_CORPUS_NOT_AVAILABLE_IN_CURRENT_INPUT
300,BATCH-016,12,BOOK-3,P9,KN-B2-P9-014,网络与平台治理如何运行,book-2-p9-14-network-governance,planned,UNPUBLISHED,MANUSCRIPT_CORPUS_NOT_AVAILABLE_IN_CURRENT_INPUT
301,BATCH-016,13,BOOK-3,P9,KN-B2-P9-015,资源如何被治理,book-2-p9-15-resource-governance,planned,UNPUBLISHED,MANUSCRIPT_CORPUS_NOT_AVAILABLE_IN_CURRENT_INPUT
302,BATCH-016,14,BOOK-3,P9,KN-B2-P9-016,意义如何被治理,book-2-p9-16-meaning-governance,planned,UNPUBLISHED,MANUSCRIPT_CORPUS_NOT_AVAILABLE_IN_CURRENT_INPUT
303,BATCH-016,15,BOOK-3,P9,KN-B2-P9-017,信息如何被治理,book-2-p9-17-information-governance,planned,UNPUBLISHED,MANUSCRIPT_CORPUS_NOT_AVAILABLE_IN_CURRENT_INPUT
304,BATCH-016,16,BOOK-3,P9,KN-B2-P9-018,注意力如何被治理,book-2-p9-18-attention-governance,planned,UNPUBLISHED,MANUSCRIPT_CORPUS_NOT_AVAILABLE_IN_CURRENT_INPUT
305,BATCH-016,17,BOOK-3,P9,KN-B2-P9-019,权力如何被治理,book-2-p9-19-power-governance,planned,UNPUBLISHED,MANUSCRIPT_CORPUS_NOT_AVAILABLE_IN_CURRENT_INPUT
306,BATCH-016,18,BOOK-3,P9,KN-B2-P9-020,激励如何被治理,book-2-p9-20-incentive-governance,planned,UNPUBLISHED,MANUSCRIPT_CORPUS_NOT_AVAILABLE_IN_CURRENT_INPUT
307,BATCH-016,19,BOOK-3,P9,KN-B2-P9-021,风险如何被治理,book-2-p9-21-risk-governance,planned,UNPUBLISHED,MANUSCRIPT_CORPUS_NOT_AVAILABLE_IN_CURRENT_INPUT
308,BATCH-016,20,BOOK-3,P9,KN-B2-P9-022,复杂度如何被治理,book-2-p9-22-complexity-governance,planned,UNPUBLISHED,MANUSCRIPT_CORPUS_NOT_AVAILABLE_IN_CURRENT_INPUT
309,BATCH-016,21,BOOK-3,P9,KN-B2-P9-023,治理如何发生漂移,book-2-p9-23-governance-drift,planned,UNPUBLISHED,MANUSCRIPT_CORPUS_NOT_AVAILABLE_IN_CURRENT_INPUT
310,BATCH-016,22,BOOK-3,P9,KN-B2-P9-024,治理如何达到饱和,book-2-p9-24-governance-saturation,planned,UNPUBLISHED,MANUSCRIPT_CORPUS_NOT_AVAILABLE_IN_CURRENT_INPUT
311,BATCH-016,23,BOOK-3,P9,KN-B2-P9-025,治理如何碎裂,book-2-p9-25-governance-fragmentation,planned,UNPUBLISHED,MANUSCRIPT_CORPUS_NOT_AVAILABLE_IN_CURRENT_INPUT
312,BATCH-016,24,BOOK-3,P9,KN-B2-P9-026,合法性如何崩塌,book-2-p9-26-legitimacy-collapse,planned,UNPUBLISHED,MANUSCRIPT_CORPUS_NOT_AVAILABLE_IN_CURRENT_INPUT
313,BATCH-017,1,BOOK-3,P9,KN-B2-P9-027,治理如何被利益结构俘获,book-2-p9-27-governance-capture,planned,UNPUBLISHED,MANUSCRIPT_CORPUS_NOT_AVAILABLE_IN_CURRENT_INPUT
314,BATCH-017,2,BOOK-3,P9,KN-B2-P9-028,治理如何崩塌,book-2-p9-28-governance-collapse,planned,UNPUBLISHED,MANUSCRIPT_CORPUS_NOT_AVAILABLE_IN_CURRENT_INPUT
315,BATCH-017,3,BOOK-3,P9,KN-B2-P9-029,算法治理如何运行,book-2-p9-29-algorithmic-governance,planned,UNPUBLISHED,MANUSCRIPT_CORPUS_NOT_AVAILABLE_IN_CURRENT_INPUT
316,BATCH-017,4,BOOK-3,P9,KN-B2-P9-030,人工协调如何运行,book-2-p9-30-synthetic-coordination,planned,UNPUBLISHED,MANUSCRIPT_CORPUS_NOT_AVAILABLE_IN_CURRENT_INPUT
317,BATCH-017,5,BOOK-3,P9,KN-B2-P9-031,AI 如何辅助治理,book-2-p9-31-ai-assisted-governance,planned,UNPUBLISHED,MANUSCRIPT_CORPUS_NOT_AVAILABLE_IN_CURRENT_INPUT
318,BATCH-017,6,BOOK-3,P9,KN-B2-P9-032,人机共治如何形成,book-2-p9-32-human-ai-governance,planned,UNPUBLISHED,MANUSCRIPT_CORPUS_NOT_AVAILABLE_IN_CURRENT_INPUT
319,BATCH-017,7,BOOK-3,P9,KN-B2-P9-033,自主治理系统如何形成,book-2-p9-33-autonomous-governance,planned,UNPUBLISHED,MANUSCRIPT_CORPUS_NOT_AVAILABLE_IN_CURRENT_INPUT
320,BATCH-017,8,BOOK-3,P9,KN-B2-P9-034,没有人类的治理是否可能,book-2-p9-34-governance-without-humans,planned,UNPUBLISHED,MANUSCRIPT_CORPUS_NOT_AVAILABLE_IN_CURRENT_INPUT
321,BATCH-017,9,BOOK-3,P9,KN-B2-P9-035,治理韧性如何形成,book-2-p9-35-governance-resilience,planned,UNPUBLISHED,MANUSCRIPT_CORPUS_NOT_AVAILABLE_IN_CURRENT_INPUT
322,BATCH-017,10,BOOK-3,P9,KN-B2-P9-036,治理如何适应变化,book-2-p9-36-governance-adaptation,planned,UNPUBLISHED,MANUSCRIPT_CORPUS_NOT_AVAILABLE_IN_CURRENT_INPUT
323,BATCH-017,11,BOOK-3,P9,KN-B2-P9-037,治理如何演化,book-2-p9-37-governance-evolution,planned,UNPUBLISHED,MANUSCRIPT_CORPUS_NOT_AVAILABLE_IN_CURRENT_INPUT
324,BATCH-017,12,BOOK-3,P9,KN-B2-P9-038,文明级协调如何形成,book-2-p9-38-civilizational-coordination,planned,UNPUBLISHED,MANUSCRIPT_CORPUS_NOT_AVAILABLE_IN_CURRENT_INPUT
325,BATCH-017,13,BOOK-3,P9,KN-B2-P9-039,治理如何迁移,book-2-p9-39-governance-transition,planned,UNPUBLISHED,MANUSCRIPT_CORPUS_NOT_AVAILABLE_IN_CURRENT_INPUT
326,BATCH-019,3,BOOK-4,P10,KN-B3-P10-001,Runtime 本质为何持续扩展,book-3-p10-01-runtime-expansion,planned,UNPUBLISHED,MANUSCRIPT_CORPUS_NOT_AVAILABLE_IN_CURRENT_INPUT
327,BATCH-019,4,BOOK-4,P10,KN-B3-P10-002,Reality 为什么持续形成新的承载体,book-3-p10-02-carrier-evolution,planned,UNPUBLISHED,MANUSCRIPT_CORPUS_NOT_AVAILABLE_IN_CURRENT_INPUT
328,BATCH-019,5,BOOK-4,P10,KN-B3-P10-003,为什么不同 Runtime 使用不同初始化方式,book-3-p10-03-runtime-initialization,planned,UNPUBLISHED,MANUSCRIPT_CORPUS_NOT_AVAILABLE_IN_CURRENT_INPUT
329,BATCH-019,6,BOOK-4,P10,KN-B3-P10-004,为什么 Runtime 会更换承载体,book-3-p10-04-carrier-replacement,planned,UNPUBLISHED,MANUSCRIPT_CORPUS_NOT_AVAILABLE_IN_CURRENT_INPUT
330,BATCH-019,7,BOOK-4,P10,KN-B3-P10-005,为什么旧承载体最终失效,book-3-p10-05-carrier-collapse,planned,UNPUBLISHED,MANUSCRIPT_CORPUS_NOT_AVAILABLE_IN_CURRENT_INPUT
331,BATCH-019,8,BOOK-4,P10,KN-B3-P10-006,什么推动 Runtime 改变,book-3-p10-06-selection-pressure,planned,UNPUBLISHED,MANUSCRIPT_CORPUS_NOT_AVAILABLE_IN_CURRENT_INPUT
332,BATCH-019,9,BOOK-4,P10,KN-B3-P10-007,复杂度如何推动扩展,book-3-p10-07-complexity-gradient,planned,UNPUBLISHED,MANUSCRIPT_CORPUS_NOT_AVAILABLE_IN_CURRENT_INPUT
333,BATCH-019,10,BOOK-4,P10,KN-B3-P10-008,稳定性如何影响扩展方向,book-3-p10-08-stability-gradient,planned,UNPUBLISHED,MANUSCRIPT_CORPUS_NOT_AVAILABLE_IN_CURRENT_INPUT
334,BATCH-019,11,BOOK-4,P10,KN-B3-P10-009,资源如何推动扩展,book-3-p10-09-resource-gradient,planned,UNPUBLISHED,MANUSCRIPT_CORPUS_NOT_AVAILABLE_IN_CURRENT_INPUT
335,BATCH-019,12,BOOK-4,P10,KN-B3-P10-010,意义如何推动扩展,book-3-p10-10-meaning-gradient,planned,UNPUBLISHED,MANUSCRIPT_CORPUS_NOT_AVAILABLE_IN_CURRENT_INPUT
336,BATCH-019,13,BOOK-4,P10,KN-B3-P10-011,信息如何推动扩展,book-3-p10-11-information-gradient,planned,UNPUBLISHED,MANUSCRIPT_CORPUS_NOT_AVAILABLE_IN_CURRENT_INPUT
337,BATCH-019,14,BOOK-4,P10,KN-B3-P10-012,Runtime 如何开始偏移,book-3-p10-12-runtime-drift,planned,UNPUBLISHED,MANUSCRIPT_CORPUS_NOT_AVAILABLE_IN_CURRENT_INPUT
338,BATCH-019,15,BOOK-4,P10,KN-B3-P10-013,Runtime 何时进入扩展临界点,book-3-p10-13-expansion-threshold,planned,UNPUBLISHED,MANUSCRIPT_CORPUS_NOT_AVAILABLE_IN_CURRENT_INPUT
339,BATCH-019,16,BOOK-4,P10,KN-B3-P10-014,Runtime 扩展如何被触发,book-3-p10-14-expansion-trigger,planned,UNPUBLISHED,MANUSCRIPT_CORPUS_NOT_AVAILABLE_IN_CURRENT_INPUT
340,BATCH-019,17,BOOK-4,P10,KN-B3-P10-015,新的 Runtime 如何出现,book-3-p10-15-emergence,planned,UNPUBLISHED,MANUSCRIPT_CORPUS_NOT_AVAILABLE_IN_CURRENT_INPUT
341,BATCH-019,18,BOOK-4,P10,KN-B3-P10-016,Runtime 如何获得稳定,book-3-p10-16-stabilization,planned,UNPUBLISHED,MANUSCRIPT_CORPUS_NOT_AVAILABLE_IN_CURRENT_INPUT
342,BATCH-019,19,BOOK-4,P10,KN-B3-P10-017,Runtime 如何扩张,book-3-p10-17-expansion,planned,UNPUBLISHED,MANUSCRIPT_CORPUS_NOT_AVAILABLE_IN_CURRENT_INPUT
343,BATCH-019,20,BOOK-4,P10,KN-B3-P10-018,Runtime 如何达到饱和,book-3-p10-18-saturation,planned,UNPUBLISHED,MANUSCRIPT_CORPUS_NOT_AVAILABLE_IN_CURRENT_INPUT
344,BATCH-019,21,BOOK-4,P10,KN-B3-P10-019,Runtime 如何发生碎裂,book-3-p10-19-fragmentation,planned,UNPUBLISHED,MANUSCRIPT_CORPUS_NOT_AVAILABLE_IN_CURRENT_INPUT
345,BATCH-019,22,BOOK-4,P10,KN-B3-P10-020,Runtime 如何崩塌,book-3-p10-20-collapse,planned,UNPUBLISHED,MANUSCRIPT_CORPUS_NOT_AVAILABLE_IN_CURRENT_INPUT
346,BATCH-019,23,BOOK-4,P10,KN-B3-P10-022,Runtime 如何重组,book-3-p10-22-reconfiguration,planned,UNPUBLISHED,MANUSCRIPT_CORPUS_NOT_AVAILABLE_IN_CURRENT_INPUT
347,BATCH-019,24,BOOK-4,P10,KN-B3-P10-023,继任 Runtime 如何出现,book-3-p10-23-successor-runtime,planned,UNPUBLISHED,MANUSCRIPT_CORPUS_NOT_AVAILABLE_IN_CURRENT_INPUT
348,BATCH-020,1,BOOK-4,P10,KN-B3-P10-024,个体如何成为扩展节点,book-3-p10-24-human-nodes,planned,UNPUBLISHED,MANUSCRIPT_CORPUS_NOT_AVAILABLE_IN_CURRENT_INPUT
349,BATCH-020,2,BOOK-4,P10,KN-B3-P10-025,架构者如何成为扩展节点,book-3-p10-25-architect-nodes,planned,UNPUBLISHED,MANUSCRIPT_CORPUS_NOT_AVAILABLE_IN_CURRENT_INPUT
350,BATCH-020,3,BOOK-4,P10,KN-B3-P10-026,制度如何成为扩展节点,book-3-p10-26-institutional-nodes,planned,UNPUBLISHED,MANUSCRIPT_CORPUS_NOT_AVAILABLE_IN_CURRENT_INPUT
351,BATCH-020,4,BOOK-4,P10,KN-B3-P10-027,资本如何成为扩展节点,book-3-p10-27-financial-nodes,planned,UNPUBLISHED,MANUSCRIPT_CORPUS_NOT_AVAILABLE_IN_CURRENT_INPUT
352,BATCH-020,5,BOOK-4,P10,KN-B3-P10-028,知识如何成为扩展节点,book-3-p10-28-knowledge-nodes,planned,UNPUBLISHED,MANUSCRIPT_CORPUS_NOT_AVAILABLE_IN_CURRENT_INPUT
353,BATCH-020,6,BOOK-4,P10,KN-B3-P10-029,技术如何成为扩展节点,book-3-p10-29-technology-nodes,planned,UNPUBLISHED,MANUSCRIPT_CORPUS_NOT_AVAILABLE_IN_CURRENT_INPUT
354,BATCH-020,7,BOOK-4,P10,KN-B3-P10-030,媒体如何成为扩展节点,book-3-p10-30-media-nodes,planned,UNPUBLISHED,MANUSCRIPT_CORPUS_NOT_AVAILABLE_IN_CURRENT_INPUT
355,BATCH-020,8,BOOK-4,P10,KN-B3-P10-031,娱乐如何成为扩展节点,book-3-p10-31-entertainment-nodes,planned,UNPUBLISHED,MANUSCRIPT_CORPUS_NOT_AVAILABLE_IN_CURRENT_INPUT
356,BATCH-020,9,BOOK-4,P10,KN-B3-P10-032,人工智能如何成为扩展节点,book-3-p10-32-ai-nodes,planned,UNPUBLISHED,MANUSCRIPT_CORPUS_NOT_AVAILABLE_IN_CURRENT_INPUT
357,BATCH-020,10,BOOK-4,P10,KN-B3-P10-033,压缩节点如何推动扩展,book-3-p10-33-compression-nodes,planned,UNPUBLISHED,MANUSCRIPT_CORPUS_NOT_AVAILABLE_IN_CURRENT_INPUT
358,BATCH-020,11,BOOK-4,P10,KN-B3-P10-034,扩展节点如何迁移,book-3-p10-34-node-transition,planned,UNPUBLISHED,MANUSCRIPT_CORPUS_NOT_AVAILABLE_IN_CURRENT_INPUT
359,BATCH-020,12,BOOK-4,P10,KN-B3-P10-035,Runtime 如何发生复杂度过载,book-3-p10-35-complexity-overload,planned,UNPUBLISHED,MANUSCRIPT_CORPUS_NOT_AVAILABLE_IN_CURRENT_INPUT
360,BATCH-020,13,BOOK-4,P10,KN-B3-P10-036,Runtime 结构为何僵化,book-3-p10-36-structural-rigidity,planned,UNPUBLISHED,MANUSCRIPT_CORPUS_NOT_AVAILABLE_IN_CURRENT_INPUT
361,BATCH-020,14,BOOK-4,P10,KN-B3-P10-037,集体为何发生失配,book-3-p10-37-collective-misalignment,planned,UNPUBLISHED,MANUSCRIPT_CORPUS_NOT_AVAILABLE_IN_CURRENT_INPUT
362,BATCH-020,15,BOOK-4,P10,KN-B3-P10-038,Runtime 为何依赖成长,book-3-p10-38-growth-dependency,planned,UNPUBLISHED,MANUSCRIPT_CORPUS_NOT_AVAILABLE_IN_CURRENT_INPUT
363,BATCH-020,16,BOOK-4,P10,KN-B3-P10-039,Runtime 为何抗拒扩展,book-3-p10-39-expansion-resistance,planned,UNPUBLISHED,MANUSCRIPT_CORPUS_NOT_AVAILABLE_IN_CURRENT_INPUT
364,BATCH-020,17,BOOK-4,P10,KN-B3-P10-040,扩展协调为何失败,book-3-p10-40-coordination-failure,planned,UNPUBLISHED,MANUSCRIPT_CORPUS_NOT_AVAILABLE_IN_CURRENT_INPUT
365,BATCH-020,18,BOOK-4,P10,KN-B3-P10-041,运行如何达到整体饱和,book-3-p10-41-runtime-saturation,planned,UNPUBLISHED,MANUSCRIPT_CORPUS_NOT_AVAILABLE_IN_CURRENT_INPUT
366,BATCH-020,19,BOOK-4,P10,KN-B3-P10-042,Runtime 适应能力如何形成,book-3-p10-42-adaptive-capacity,planned,UNPUBLISHED,MANUSCRIPT_CORPUS_NOT_AVAILABLE_IN_CURRENT_INPUT
367,BATCH-020,20,BOOK-4,P10,KN-B3-P10-043,扩展如何产生结构成本,book-3-p10-43-structural-cost,planned,UNPUBLISHED,MANUSCRIPT_CORPUS_NOT_AVAILABLE_IN_CURRENT_INPUT
368,BATCH-020,21,BOOK-4,P10,KN-B3-P10-044,扩展如何形成运行债务,book-3-p10-44-runtime-debt,planned,UNPUBLISHED,MANUSCRIPT_CORPUS_NOT_AVAILABLE_IN_CURRENT_INPUT
369,BATCH-020,22,BOOK-4,P10,KN-B3-P10-045,扩展成本如何被递延,book-3-p10-45-cost-deferral,planned,UNPUBLISHED,MANUSCRIPT_CORPUS_NOT_AVAILABLE_IN_CURRENT_INPUT
370,BATCH-020,23,BOOK-4,P10,KN-B3-P10-046,扩展如何压缩资源,book-3-p10-46-resource-compression,planned,UNPUBLISHED,MANUSCRIPT_CORPUS_NOT_AVAILABLE_IN_CURRENT_INPUT
371,BATCH-020,24,BOOK-4,P10,KN-B3-P10-047,扩展成本如何代际转移,book-3-p10-47-generational-transfer,planned,UNPUBLISHED,MANUSCRIPT_CORPUS_NOT_AVAILABLE_IN_CURRENT_INPUT
372,BATCH-021,1,BOOK-4,P10,KN-B3-P10-048,扩展成本如何膨胀,book-3-p10-48-cost-inflation,planned,UNPUBLISHED,MANUSCRIPT_CORPUS_NOT_AVAILABLE_IN_CURRENT_INPUT
373,BATCH-021,2,BOOK-4,P10,KN-B3-P10-049,隐藏补贴如何维持扩展,book-3-p10-49-hidden-subsidies,planned,UNPUBLISHED,MANUSCRIPT_CORPUS_NOT_AVAILABLE_IN_CURRENT_INPUT
374,BATCH-021,3,BOOK-4,P10,KN-B3-P10-050,扩展如何提前提取未来,book-3-p10-50-future-extraction,planned,UNPUBLISHED,MANUSCRIPT_CORPUS_NOT_AVAILABLE_IN_CURRENT_INPUT
375,BATCH-021,4,BOOK-4,P10,KN-B3-P10-051,生物连续性如何维持,book-3-p10-51-biological-continuity,planned,UNPUBLISHED,MANUSCRIPT_CORPUS_NOT_AVAILABLE_IN_CURRENT_INPUT
376,BATCH-021,5,BOOK-4,P10,KN-B3-P10-052,Runtime 如何维持连续性,book-3-p10-52-runtime-continuity,planned,UNPUBLISHED,MANUSCRIPT_CORPUS_NOT_AVAILABLE_IN_CURRENT_INPUT
377,BATCH-021,6,BOOK-4,P10,KN-B3-P10-053,为什么繁衍不等于连续性,book-3-p10-53-reproduction-is-not-continuity,planned,UNPUBLISHED,MANUSCRIPT_CORPUS_NOT_AVAILABLE_IN_CURRENT_INPUT
378,BATCH-021,7,BOOK-4,P10,KN-B3-P10-054,未来信心如何形成,book-3-p10-54-future-confidence,planned,UNPUBLISHED,MANUSCRIPT_CORPUS_NOT_AVAILABLE_IN_CURRENT_INPUT
379,BATCH-021,8,BOOK-4,P10,KN-B3-P10-055,Runtime 如何选择未来,book-3-p10-55-runtime-selection,planned,UNPUBLISHED,MANUSCRIPT_CORPUS_NOT_AVAILABLE_IN_CURRENT_INPUT
380,BATCH-021,9,BOOK-4,P10,KN-B3-P10-056,低生育率系统如何形成,book-3-p10-56-low-fertility-systems,planned,UNPUBLISHED,MANUSCRIPT_CORPUS_NOT_AVAILABLE_IN_CURRENT_INPUT
381,BATCH-021,10,BOOK-4,P10,KN-B3-P10-057,人口如何被压缩,book-3-p10-57-population-compression,planned,UNPUBLISHED,MANUSCRIPT_CORPUS_NOT_AVAILABLE_IN_CURRENT_INPUT
382,BATCH-021,11,BOOK-4,P10,KN-B3-P10-058,替代为何失败,book-3-p10-58-replacement-failure,planned,UNPUBLISHED,MANUSCRIPT_CORPUS_NOT_AVAILABLE_IN_CURRENT_INPUT
383,BATCH-021,12,BOOK-4,P10,KN-B3-P10-059,Runtime 如何停止生产未来,book-3-p10-59-future-production-failure,planned,UNPUBLISHED,MANUSCRIPT_CORPUS_NOT_AVAILABLE_IN_CURRENT_INPUT
384,BATCH-021,13,BOOK-4,P10,KN-B3-P10-060,连续性如何崩塌,book-3-p10-60-continuity-collapse,planned,UNPUBLISHED,MANUSCRIPT_CORPUS_NOT_AVAILABLE_IN_CURRENT_INPUT
385,BATCH-021,14,BOOK-4,P10,KN-B3-P10-061,Runtime 如何无症状失败,book-3-p10-61-asymptomatic-failure,planned,UNPUBLISHED,MANUSCRIPT_CORPUS_NOT_AVAILABLE_IN_CURRENT_INPUT
386,BATCH-021,15,BOOK-4,P10,KN-B3-P10-062,隐性崩塌如何发生,book-3-p10-62-invisible-collapse,planned,UNPUBLISHED,MANUSCRIPT_CORPUS_NOT_AVAILABLE_IN_CURRENT_INPUT
387,BATCH-021,16,BOOK-4,P10,KN-B3-P10-063,成长如何掩盖崩塌,book-3-p10-63-growth-hides-collapse,planned,UNPUBLISHED,MANUSCRIPT_CORPUS_NOT_AVAILABLE_IN_CURRENT_INPUT
388,BATCH-021,17,BOOK-4,P10,KN-B3-P10-064,技术如何成为压缩器,book-3-p10-64-technology-as-compression,planned,UNPUBLISHED,MANUSCRIPT_CORPUS_NOT_AVAILABLE_IN_CURRENT_INPUT
389,BATCH-021,18,BOOK-4,P10,KN-B3-P10-065,人工协调如何降低扩展成本,book-3-p10-65-synthetic-coordination,planned,UNPUBLISHED,MANUSCRIPT_CORPUS_NOT_AVAILABLE_IN_CURRENT_INPUT
390,BATCH-021,19,BOOK-4,P10,KN-B3-P10-066,信息如何被锁定,book-3-p10-66-information-locking,planned,UNPUBLISHED,MANUSCRIPT_CORPUS_NOT_AVAILABLE_IN_CURRENT_INPUT
391,BATCH-021,20,BOOK-4,P10,KN-B3-P10-067,人工智能 Runtime 如何形成,book-3-p10-67-ai-runtime,planned,UNPUBLISHED,MANUSCRIPT_CORPUS_NOT_AVAILABLE_IN_CURRENT_INPUT
392,BATCH-021,21,BOOK-4,P10,KN-B3-P10-068,人工治理如何形成,book-3-p10-68-synthetic-governance,planned,UNPUBLISHED,MANUSCRIPT_CORPUS_NOT_AVAILABLE_IN_CURRENT_INPUT
393,BATCH-021,22,BOOK-4,P10,KN-B3-P10-069,人机如何协调,book-3-p10-69-human-ai-coordination,planned,UNPUBLISHED,MANUSCRIPT_CORPUS_NOT_AVAILABLE_IN_CURRENT_INPUT
394,BATCH-021,23,BOOK-4,P10,KN-B3-P10-070,Runtime 接口如何迁移,book-3-p10-70-runtime-interface-shift,planned,UNPUBLISHED,MANUSCRIPT_CORPUS_NOT_AVAILABLE_IN_CURRENT_INPUT
395,BATCH-021,24,BOOK-4,P10,KN-B3-P10-071,后人类承载体如何出现,book-3-p10-71-post-human-carriers,planned,UNPUBLISHED,MANUSCRIPT_CORPUS_NOT_AVAILABLE_IN_CURRENT_INPUT
396,BATCH-022,1,BOOK-4,P10,KN-B3-P10-072,继任 Runtime 如何形成,book-3-p10-72-successor-runtime,planned,UNPUBLISHED,MANUSCRIPT_CORPUS_NOT_AVAILABLE_IN_CURRENT_INPUT
397,BATCH-022,2,BOOK-4,P10,KN-B3-P10-074,混合 Runtime 如何形成,book-3-p10-74-hybrid-runtime,planned,UNPUBLISHED,MANUSCRIPT_CORPUS_NOT_AVAILABLE_IN_CURRENT_INPUT
398,BATCH-022,3,BOOK-4,P10,KN-B3-P10-075,Runtime 如何选择迁移路径,book-3-p10-75-runtime-selection,planned,UNPUBLISHED,MANUSCRIPT_CORPUS_NOT_AVAILABLE_IN_CURRENT_INPUT
399,BATCH-022,4,BOOK-4,P10,KN-B3-P10-077,世界将如何不断扩展,book-3-p10-77-the-expansion-question,planned,UNPUBLISHED,MANUSCRIPT_CORPUS_NOT_AVAILABLE_IN_CURRENT_INPUT
400,BATCH-022,5,BOOK-4,P11,KN-B3-P11-001,文明如何出现,book-3-p11-01-civilization-emergence,planned,UNPUBLISHED,MANUSCRIPT_CORPUS_NOT_AVAILABLE_IN_CURRENT_INPUT
401,BATCH-022,6,BOOK-4,P11,KN-B3-P11-002,共同 Runtime 为什么能够持续扩大,book-3-p11-02-shared-reality,planned,UNPUBLISHED,MANUSCRIPT_CORPUS_NOT_AVAILABLE_IN_CURRENT_INPUT
402,BATCH-022,7,BOOK-4,P11,KN-B3-P11-003,为什么文明需要共同记忆,book-3-p11-03-shared-memory,planned,UNPUBLISHED,MANUSCRIPT_CORPUS_NOT_AVAILABLE_IN_CURRENT_INPUT
403,BATCH-022,8,BOOK-4,P11,KN-B3-P11-004,为什么文明需要共同意义,book-3-p11-04-shared-meaning,planned,UNPUBLISHED,MANUSCRIPT_CORPUS_NOT_AVAILABLE_IN_CURRENT_INPUT
404,BATCH-022,9,BOOK-4,P11,KN-B3-P11-005,为什么文明需要共同语言,book-3-p11-05-shared-language,planned,UNPUBLISHED,MANUSCRIPT_CORPUS_NOT_AVAILABLE_IN_CURRENT_INPUT
405,BATCH-022,10,BOOK-4,P11,KN-B3-P11-007,为什么文明需要统一时间,book-3-p11-07-shared-time,planned,UNPUBLISHED,MANUSCRIPT_CORPUS_NOT_AVAILABLE_IN_CURRENT_INPUT
406,BATCH-022,11,BOOK-4,P11,KN-B3-P11-008,为什么文明需要共同空间,book-3-p11-08-shared-space,planned,UNPUBLISHED,MANUSCRIPT_CORPUS_NOT_AVAILABLE_IN_CURRENT_INPUT
407,BATCH-022,12,BOOK-4,P11,KN-B3-P11-009,文明边界如何形成,book-3-p11-09-civilization-boundary,planned,UNPUBLISHED,MANUSCRIPT_CORPUS_NOT_AVAILABLE_IN_CURRENT_INPUT
408,BATCH-022,13,BOOK-4,P11,KN-B3-P11-010,文明为何不断扩大,book-3-p11-10-civilization-scale,planned,UNPUBLISHED,MANUSCRIPT_CORPUS_NOT_AVAILABLE_IN_CURRENT_INPUT
409,BATCH-022,14,BOOK-4,P11,KN-B3-P11-011,制度如何组织文明,book-3-p11-11-institutions,planned,UNPUBLISHED,MANUSCRIPT_CORPUS_NOT_AVAILABLE_IN_CURRENT_INPUT
410,BATCH-022,15,BOOK-4,P11,KN-B3-P11-012,治理如何组织文明,book-3-p11-12-governance,planned,UNPUBLISHED,MANUSCRIPT_CORPUS_NOT_AVAILABLE_IN_CURRENT_INPUT
411,BATCH-022,16,BOOK-4,P11,KN-B3-P11-013,法律如何组织文明,book-3-p11-13-law,planned,UNPUBLISHED,MANUSCRIPT_CORPUS_NOT_AVAILABLE_IN_CURRENT_INPUT
412,BATCH-022,17,BOOK-4,P11,KN-B3-P11-014,经济如何组织文明,book-3-p11-14-economy,planned,UNPUBLISHED,MANUSCRIPT_CORPUS_NOT_AVAILABLE_IN_CURRENT_INPUT
413,BATCH-022,18,BOOK-4,P11,KN-B3-P11-015,市场如何组织文明,book-3-p11-15-markets,planned,UNPUBLISHED,MANUSCRIPT_CORPUS_NOT_AVAILABLE_IN_CURRENT_INPUT
414,BATCH-022,19,BOOK-4,P11,KN-B3-P11-016,教育如何组织文明,book-3-p11-16-education,planned,UNPUBLISHED,MANUSCRIPT_CORPUS_NOT_AVAILABLE_IN_CURRENT_INPUT
415,BATCH-022,20,BOOK-4,P11,KN-B3-P11-017,宗教如何组织文明,book-3-p11-17-religion,planned,UNPUBLISHED,MANUSCRIPT_CORPUS_NOT_AVAILABLE_IN_CURRENT_INPUT
416,BATCH-022,21,BOOK-4,P11,KN-B3-P11-018,科学如何组织文明,book-3-p11-18-science,planned,UNPUBLISHED,MANUSCRIPT_CORPUS_NOT_AVAILABLE_IN_CURRENT_INPUT
417,BATCH-022,22,BOOK-4,P11,KN-B3-P11-019,技术如何组织文明,book-3-p11-19-technology,planned,UNPUBLISHED,MANUSCRIPT_CORPUS_NOT_AVAILABLE_IN_CURRENT_INPUT
418,BATCH-022,23,BOOK-4,P11,KN-B3-P11-020,基础设施如何承载文明,book-3-p11-20-infrastructure,planned,UNPUBLISHED,MANUSCRIPT_CORPUS_NOT_AVAILABLE_IN_CURRENT_INPUT
419,BATCH-022,24,BOOK-4,P11,KN-B3-P11-021,组织层级如何形成,book-3-p11-21-organization-layers,planned,UNPUBLISHED,MANUSCRIPT_CORPUS_NOT_AVAILABLE_IN_CURRENT_INPUT
420,BATCH-023,1,BOOK-4,P11,KN-B3-P11-022,文明如何协调,book-3-p11-22-coordination,planned,UNPUBLISHED,MANUSCRIPT_CORPUS_NOT_AVAILABLE_IN_CURRENT_INPUT
421,BATCH-023,2,BOOK-4,P11,KN-B3-P11-023,文明如何形成信任,book-3-p11-23-trust,planned,UNPUBLISHED,MANUSCRIPT_CORPUS_NOT_AVAILABLE_IN_CURRENT_INPUT
422,BATCH-023,3,BOOK-4,P11,KN-B3-P11-024,文明如何形成信誉,book-3-p11-24-reputation,planned,UNPUBLISHED,MANUSCRIPT_CORPUS_NOT_AVAILABLE_IN_CURRENT_INPUT
423,BATCH-023,4,BOOK-4,P11,KN-B3-P11-025,文明如何形成权威,book-3-p11-25-authority,planned,UNPUBLISHED,MANUSCRIPT_CORPUS_NOT_AVAILABLE_IN_CURRENT_INPUT
424,BATCH-023,5,BOOK-4,P11,KN-B3-P11-027,文明如何分配责任,book-3-p11-27-responsibilities,planned,UNPUBLISHED,MANUSCRIPT_CORPUS_NOT_AVAILABLE_IN_CURRENT_INPUT
425,BATCH-023,6,BOOK-4,P11,KN-B3-P11-028,文明如何组织参与,book-3-p11-28-participation,planned,UNPUBLISHED,MANUSCRIPT_CORPUS_NOT_AVAILABLE_IN_CURRENT_INPUT
426,BATCH-023,7,BOOK-4,P11,KN-B3-P11-029,文明如何组织合作,book-3-p11-29-cooperation,planned,UNPUBLISHED,MANUSCRIPT_CORPUS_NOT_AVAILABLE_IN_CURRENT_INPUT
427,BATCH-023,8,BOOK-4,P11,KN-B3-P11-030,文明如何组织竞争,book-3-p11-30-competition,planned,UNPUBLISHED,MANUSCRIPT_CORPUS_NOT_AVAILABLE_IN_CURRENT_INPUT
428,BATCH-023,9,BOOK-4,P11,KN-B3-P11-031,文明如何维持运行平衡,book-3-p11-31-runtime-balance,planned,UNPUBLISHED,MANUSCRIPT_CORPUS_NOT_AVAILABLE_IN_CURRENT_INPUT
429,BATCH-023,10,BOOK-4,P11,KN-B3-P11-032,文明如何创新,book-3-p11-32-innovation,planned,UNPUBLISHED,MANUSCRIPT_CORPUS_NOT_AVAILABLE_IN_CURRENT_INPUT
430,BATCH-023,11,BOOK-4,P11,KN-B3-P11-033,知识如何累积,book-3-p11-33-knowledge-accumulation,planned,UNPUBLISHED,MANUSCRIPT_CORPUS_NOT_AVAILABLE_IN_CURRENT_INPUT
431,BATCH-023,12,BOOK-4,P11,KN-B3-P11-034,技术如何扩散,book-3-p11-34-technology-diffusion,planned,UNPUBLISHED,MANUSCRIPT_CORPUS_NOT_AVAILABLE_IN_CURRENT_INPUT
432,BATCH-023,13,BOOK-4,P11,KN-B3-P11-035,制度如何学习,book-3-p11-35-institutional-learning,planned,UNPUBLISHED,MANUSCRIPT_CORPUS_NOT_AVAILABLE_IN_CURRENT_INPUT
433,BATCH-023,14,BOOK-4,P11,KN-B3-P11-036,文化如何适应,book-3-p11-36-cultural-adaptation,planned,UNPUBLISHED,MANUSCRIPT_CORPUS_NOT_AVAILABLE_IN_CURRENT_INPUT
434,BATCH-023,15,BOOK-4,P11,KN-B3-P11-037,文明如何优化运行,book-3-p11-37-runtime-optimization,planned,UNPUBLISHED,MANUSCRIPT_CORPUS_NOT_AVAILABLE_IN_CURRENT_INPUT
435,BATCH-023,16,BOOK-4,P11,KN-B3-P11-038,文明复杂度如何成长,book-3-p11-38-complexity-growth,planned,UNPUBLISHED,MANUSCRIPT_CORPUS_NOT_AVAILABLE_IN_CURRENT_INPUT
436,BATCH-023,17,BOOK-4,P11,KN-B3-P11-039,文明扩展能力如何形成,book-3-p11-39-expansion-capacity,planned,UNPUBLISHED,MANUSCRIPT_CORPUS_NOT_AVAILABLE_IN_CURRENT_INPUT
437,BATCH-023,18,BOOK-4,P11,KN-B3-P11-040,文明如何经历演化选择,book-3-p11-40-evolutionary-selection,planned,UNPUBLISHED,MANUSCRIPT_CORPUS_NOT_AVAILABLE_IN_CURRENT_INPUT
438,BATCH-023,19,BOOK-4,P11,KN-B3-P11-041,制度如何失效,book-3-p11-41-institutional-failure,planned,UNPUBLISHED,MANUSCRIPT_CORPUS_NOT_AVAILABLE_IN_CURRENT_INPUT
439,BATCH-023,20,BOOK-4,P11,KN-B3-P11-042,治理如何失效,book-3-p11-42-governance-failure,planned,UNPUBLISHED,MANUSCRIPT_CORPUS_NOT_AVAILABLE_IN_CURRENT_INPUT
440,BATCH-023,21,BOOK-4,P11,KN-B3-P11-043,信任如何崩塌,book-3-p11-43-trust-collapse,planned,UNPUBLISHED,MANUSCRIPT_CORPUS_NOT_AVAILABLE_IN_CURRENT_INPUT
441,BATCH-023,22,BOOK-4,P11,KN-B3-P11-044,意义如何碎裂,book-3-p11-44-meaning-fragmentation,planned,UNPUBLISHED,MANUSCRIPT_CORPUS_NOT_AVAILABLE_IN_CURRENT_INPUT
442,BATCH-023,23,BOOK-4,P11,KN-B3-P11-045,身份冲突如何形成,book-3-p11-45-identity-conflict,planned,UNPUBLISHED,MANUSCRIPT_CORPUS_NOT_AVAILABLE_IN_CURRENT_INPUT
443,BATCH-023,24,BOOK-4,P11,KN-B3-P11-046,协调如何崩塌,book-3-p11-46-coordination-collapse,planned,UNPUBLISHED,MANUSCRIPT_CORPUS_NOT_AVAILABLE_IN_CURRENT_INPUT
444,BATCH-024,1,BOOK-4,P11,KN-B3-P11-047,组织为何僵化,book-3-p11-47-organizational-rigidity,planned,UNPUBLISHED,MANUSCRIPT_CORPUS_NOT_AVAILABLE_IN_CURRENT_INPUT
445,BATCH-024,2,BOOK-4,P11,KN-B3-P11-048,文明适应为何失败,book-3-p11-48-adaptive-failure,planned,UNPUBLISHED,MANUSCRIPT_CORPUS_NOT_AVAILABLE_IN_CURRENT_INPUT
446,BATCH-024,3,BOOK-4,P11,KN-B3-P11-049,文明如何碎裂,book-3-p11-49-civilization-fragmentation,planned,UNPUBLISHED,MANUSCRIPT_CORPUS_NOT_AVAILABLE_IN_CURRENT_INPUT
447,BATCH-024,4,BOOK-4,P11,KN-B3-P11-050,AI 组织如何形成,book-3-p11-50-ai-organizations,planned,UNPUBLISHED,MANUSCRIPT_CORPUS_NOT_AVAILABLE_IN_CURRENT_INPUT
448,BATCH-024,5,BOOK-4,P11,KN-B3-P11-051,人工制度如何形成,book-3-p11-51-synthetic-institutions,planned,UNPUBLISHED,MANUSCRIPT_CORPUS_NOT_AVAILABLE_IN_CURRENT_INPUT
449,BATCH-024,6,BOOK-4,P11,KN-B3-P11-052,机器治理如何形成,book-3-p11-52-machine-governance,planned,UNPUBLISHED,MANUSCRIPT_CORPUS_NOT_AVAILABLE_IN_CURRENT_INPUT
450,BATCH-024,7,BOOK-4,P11,KN-B3-P11-053,人机如何协作,book-3-p11-53-human-ai-collaboration,planned,UNPUBLISHED,MANUSCRIPT_CORPUS_NOT_AVAILABLE_IN_CURRENT_INPUT
451,BATCH-024,8,BOOK-4,P11,KN-B3-P11-054,自主协调如何形成,book-3-p11-54-autonomous-coordination,planned,UNPUBLISHED,MANUSCRIPT_CORPUS_NOT_AVAILABLE_IN_CURRENT_INPUT
452,BATCH-024,9,BOOK-4,P11,KN-B3-P11-055,人工文化如何形成,book-3-p11-55-synthetic-culture,planned,UNPUBLISHED,MANUSCRIPT_CORPUS_NOT_AVAILABLE_IN_CURRENT_INPUT
453,BATCH-024,10,BOOK-4,P11,KN-B3-P11-056,集体智能如何形成,book-3-p11-56-collective-intelligence,planned,UNPUBLISHED,MANUSCRIPT_CORPUS_NOT_AVAILABLE_IN_CURRENT_INPUT
454,BATCH-024,11,BOOK-4,P11,KN-B3-P11-057,超越人类的文明如何形成,book-3-p11-57-civilization-beyond-humanity,planned,UNPUBLISHED,MANUSCRIPT_CORPUS_NOT_AVAILABLE_IN_CURRENT_INPUT
455,BATCH-024,12,BOOK-4,P11,KN-B3-P11-058,文明稳定性如何形成,book-3-p11-58-civilization-stability,planned,UNPUBLISHED,MANUSCRIPT_CORPUS_NOT_AVAILABLE_IN_CURRENT_INPUT
456,BATCH-024,13,BOOK-4,P11,KN-B3-P11-059,文明韧性如何形成,book-3-p11-59-civilization-resilience,planned,UNPUBLISHED,MANUSCRIPT_CORPUS_NOT_AVAILABLE_IN_CURRENT_INPUT
457,BATCH-024,14,BOOK-4,P11,KN-B3-P11-060,文明可持续性如何形成,book-3-p11-60-civilization-sustainability,planned,UNPUBLISHED,MANUSCRIPT_CORPUS_NOT_AVAILABLE_IN_CURRENT_INPUT
458,BATCH-024,15,BOOK-4,P12,KN-B3-P12-001,美国文明当前如何运行,book-3-p12-01-united-states-runtime,planned,UNPUBLISHED,MANUSCRIPT_CORPUS_NOT_AVAILABLE_IN_CURRENT_INPUT
459,BATCH-024,16,BOOK-4,P12,KN-B3-P12-002,中国文明当前如何运行,book-3-p12-02-china-runtime,planned,UNPUBLISHED,MANUSCRIPT_CORPUS_NOT_AVAILABLE_IN_CURRENT_INPUT
460,BATCH-024,17,BOOK-4,P12,KN-B3-P12-003,印度文明当前如何运行,book-3-p12-03-india-runtime,planned,UNPUBLISHED,MANUSCRIPT_CORPUS_NOT_AVAILABLE_IN_CURRENT_INPUT
461,BATCH-024,18,BOOK-4,P12,KN-B3-P12-004,日本文明当前如何运行,book-3-p12-04-japan-runtime,planned,UNPUBLISHED,MANUSCRIPT_CORPUS_NOT_AVAILABLE_IN_CURRENT_INPUT
462,BATCH-024,19,BOOK-4,P12,KN-B3-P12-005,韩国文明当前如何运行,book-3-p12-05-korea-runtime,planned,UNPUBLISHED,MANUSCRIPT_CORPUS_NOT_AVAILABLE_IN_CURRENT_INPUT
463,BATCH-024,20,BOOK-4,P12,KN-B3-P12-006,东南亚文明当前如何运行,book-3-p12-06-southeast-asia-runtime,planned,UNPUBLISHED,MANUSCRIPT_CORPUS_NOT_AVAILABLE_IN_CURRENT_INPUT
464,BATCH-024,21,BOOK-4,P12,KN-B3-P12-007,欧洲文明当前如何运行,book-3-p12-07-europe-runtime,planned,UNPUBLISHED,MANUSCRIPT_CORPUS_NOT_AVAILABLE_IN_CURRENT_INPUT
465,BATCH-024,22,BOOK-4,P12,KN-B3-P12-008,中东文明当前如何运行,book-3-p12-08-middle-east-runtime,planned,UNPUBLISHED,MANUSCRIPT_CORPUS_NOT_AVAILABLE_IN_CURRENT_INPUT
466,BATCH-024,23,BOOK-4,P12,KN-B3-P12-009,非洲文明当前如何运行,book-3-p12-09-africa-runtime,planned,UNPUBLISHED,MANUSCRIPT_CORPUS_NOT_AVAILABLE_IN_CURRENT_INPUT
467,BATCH-024,24,BOOK-4,P12,KN-B3-P12-010,拉丁美洲文明当前如何运行,book-3-p12-10-latin-america-runtime,planned,UNPUBLISHED,MANUSCRIPT_CORPUS_NOT_AVAILABLE_IN_CURRENT_INPUT
468,BATCH-025,1,BOOK-4,P12,KN-B3-P12-011,俄罗斯文明当前如何运行,book-3-p12-11-russia-runtime,planned,UNPUBLISHED,MANUSCRIPT_CORPUS_NOT_AVAILABLE_IN_CURRENT_INPUT
469,BATCH-025,2,BOOK-4,P12,KN-B3-P12-012,朝鲜文明当前如何运行,book-3-p12-12-north-korea-runtime,planned,UNPUBLISHED,MANUSCRIPT_CORPUS_NOT_AVAILABLE_IN_CURRENT_INPUT
470,BATCH-025,3,BOOK-4,P12,KN-B3-P12-013,新兴文明生态如何运行,book-3-p12-13-emerging-ecologies,planned,UNPUBLISHED,MANUSCRIPT_CORPUS_NOT_AVAILABLE_IN_CURRENT_INPUT
471,BATCH-025,4,BOOK-4,P12,KN-B3-P12-015,文明时间轴如何建立,book-3-p12-15-civilization-runtime-timeline,planned,UNPUBLISHED,MANUSCRIPT_CORPUS_NOT_AVAILABLE_IN_CURRENT_INPUT
472,BATCH-025,5,BOOK-4,P12,KN-B3-P12-016,文明运行矩阵如何建立,book-3-p12-16-civilization-runtime-matrix,planned,UNPUBLISHED,MANUSCRIPT_CORPUS_NOT_AVAILABLE_IN_CURRENT_INPUT
473,BATCH-025,6,BOOK-4,P12,KN-B3-P12-017,文明位置如何确定,book-3-p12-17-civilization-position,planned,UNPUBLISHED,MANUSCRIPT_CORPUS_NOT_AVAILABLE_IN_CURRENT_INPUT
474,BATCH-025,7,BOOK-4,P12,KN-B3-P12-018,文明密度如何读取,book-3-p12-18-civilization-density,planned,UNPUBLISHED,MANUSCRIPT_CORPUS_NOT_AVAILABLE_IN_CURRENT_INPUT
475,BATCH-025,8,BOOK-4,P12,KN-B3-P12-019,文明容量如何读取,book-3-p12-19-civilization-capacity,planned,UNPUBLISHED,MANUSCRIPT_CORPUS_NOT_AVAILABLE_IN_CURRENT_INPUT
476,BATCH-025,9,BOOK-4,P12,KN-B3-P12-020,文明负载如何读取,book-3-p12-20-civilization-load,planned,UNPUBLISHED,MANUSCRIPT_CORPUS_NOT_AVAILABLE_IN_CURRENT_INPUT
477,BATCH-025,10,BOOK-4,P12,KN-B3-P12-021,文明对齐如何读取,book-3-p12-21-civilization-alignment,planned,UNPUBLISHED,MANUSCRIPT_CORPUS_NOT_AVAILABLE_IN_CURRENT_INPUT
478,BATCH-025,11,BOOK-4,P12,KN-B3-P12-022,文明韧性如何读取,book-3-p12-22-civilization-resilience,planned,UNPUBLISHED,MANUSCRIPT_CORPUS_NOT_AVAILABLE_IN_CURRENT_INPUT
479,BATCH-025,12,BOOK-4,P12,KN-B3-P12-023,文明风险如何读取,book-3-p12-23-civilization-risk,planned,UNPUBLISHED,MANUSCRIPT_CORPUS_NOT_AVAILABLE_IN_CURRENT_INPUT
480,BATCH-025,13,BOOK-4,P12,KN-B3-P12-024,历史运行如何被压缩,book-3-p12-24-historical-runtime-compression,planned,UNPUBLISHED,MANUSCRIPT_CORPUS_NOT_AVAILABLE_IN_CURRENT_INPUT
481,BATCH-025,14,BOOK-4,P12,KN-B3-P12-025,哪些条件允许文明出现,book-3-p12-25-runtime-permissions,planned,UNPUBLISHED,MANUSCRIPT_CORPUS_NOT_AVAILABLE_IN_CURRENT_INPUT
482,BATCH-025,15,BOOK-4,P12,KN-B3-P12-027,历史运行如何被解释,book-3-p12-27-historical-runtime-interpretation,planned,UNPUBLISHED,MANUSCRIPT_CORPUS_NOT_AVAILABLE_IN_CURRENT_INPUT
483,BATCH-025,16,BOOK-4,P12,KN-B3-P12-028,过去如何塑造现在,book-3-p12-28-civilization-runtime-projection,planned,UNPUBLISHED,MANUSCRIPT_CORPUS_NOT_AVAILABLE_IN_CURRENT_INPUT
484,BATCH-025,17,BOOK-4,P12,KN-B3-P12-029,AI 如何进入历史进程,book-3-p12-29-ai-transition-runtime,planned,UNPUBLISHED,MANUSCRIPT_CORPUS_NOT_AVAILABLE_IN_CURRENT_INPUT
485,BATCH-025,18,BOOK-4,P12,KN-B3-P12-030,未来运行如何投影,book-3-p12-30-future-runtime-projection,planned,UNPUBLISHED,MANUSCRIPT_CORPUS_NOT_AVAILABLE_IN_CURRENT_INPUT
486,BATCH-025,19,BOOK-4,P12,KN-B3-P12-031,AI 时代属于什么阶段,book-3-p12-31-ai-transition-phase,planned,UNPUBLISHED,MANUSCRIPT_CORPUS_NOT_AVAILABLE_IN_CURRENT_INPUT
487,BATCH-025,20,BOOK-4,P12,KN-B3-P12-032,继任文明如何出现,book-3-p12-32-successor-civilizations,planned,UNPUBLISHED,MANUSCRIPT_CORPUS_NOT_AVAILABLE_IN_CURRENT_INPUT
488,BATCH-025,21,BOOK-4,P12,KN-B3-P12-033,人工文明如何出现,book-3-p12-33-synthetic-civilizations,planned,UNPUBLISHED,MANUSCRIPT_CORPUS_NOT_AVAILABLE_IN_CURRENT_INPUT
489,BATCH-025,22,BOOK-4,P12,KN-B3-P12-036,替代载体如何形成,book-3-p12-36-alternative-carriers,planned,UNPUBLISHED,MANUSCRIPT_CORPUS_NOT_AVAILABLE_IN_CURRENT_INPUT
490,BATCH-025,23,BOOK-4,P12,KN-B3-P12-037,非人类智能如何形成,book-3-p12-37-intelligence-without-humanity,planned,UNPUBLISHED,MANUSCRIPT_CORPUS_NOT_AVAILABLE_IN_CURRENT_INPUT
491,BATCH-025,24,BOOK-4,P12,KN-B3-P12-038,集体智能如何形成,book-3-p12-38-collective-intelligence,planned,UNPUBLISHED,MANUSCRIPT_CORPUS_NOT_AVAILABLE_IN_CURRENT_INPUT
492,BATCH-026,1,BOOK-4,P12,KN-B3-P12-039,行星智能如何形成,book-3-p12-39-planetary-intelligence,planned,UNPUBLISHED,MANUSCRIPT_CORPUS_NOT_AVAILABLE_IN_CURRENT_INPUT
493,BATCH-026,2,BOOK-4,P12,KN-B3-P12-040,人工文明如何持续运行,book-3-p12-40-synthetic-civilization,planned,UNPUBLISHED,MANUSCRIPT_CORPUS_NOT_AVAILABLE_IN_CURRENT_INPUT
494,BATCH-026,3,BOOK-4,P12,KN-B3-P12-041,外星文明可能性如何被审查,book-3-p12-41-extraterrestrial-possibility,planned,UNPUBLISHED,MANUSCRIPT_CORPUS_NOT_AVAILABLE_IN_CURRENT_INPUT
495,BATCH-026,4,BOOK-4,P12,KN-B3-P12-042,文明最终需要什么载体,book-3-p12-42-the-carrier-question,planned,UNPUBLISHED,MANUSCRIPT_CORPUS_NOT_AVAILABLE_IN_CURRENT_INPUT
496,BATCH-026,5,BOOK-4,P12,KN-B3-P12-043,文明如何被诊断,book-3-p12-43-civilization-diagnostics,planned,UNPUBLISHED,MANUSCRIPT_CORPUS_NOT_AVAILABLE_IN_CURRENT_INPUT
497,BATCH-026,6,BOOK-4,P12,KN-B3-P12-044,文明如何被观测,book-3-p12-44-observable-civilization,planned,UNPUBLISHED,MANUSCRIPT_CORPUS_NOT_AVAILABLE_IN_CURRENT_INPUT
498,BATCH-026,7,BOOK-4,P12,KN-B3-P12-045,PHI OS 如何阅读文明,book-3-p12-45-reading-civilization,planned,UNPUBLISHED,MANUSCRIPT_CORPUS_NOT_AVAILABLE_IN_CURRENT_INPUT
499,BATCH-026,8,BOOK-4,P11,KN-B3-P11-061,文明如何转型,book-3-p11-61-civilization-transformation,planned,UNPUBLISHED,MANUSCRIPT_CORPUS_NOT_AVAILABLE_IN_CURRENT_INPUT
500,BATCH-026,9,BOOK-4,P11,KN-B3-P11-062,文明如何维持连续性,book-3-p11-62-civilization-continuity,planned,UNPUBLISHED,MANUSCRIPT_CORPUS_NOT_AVAILABLE_IN_CURRENT_INPUT
501,BATCH-026,10,BOOK-4,P11,KN-B3-P11-063,Runtime 如何组织成 Civilization,book-3-p11-63-runtime-civilization,planned,UNPUBLISHED,MANUSCRIPT_CORPUS_NOT_AVAILABLE_IN_CURRENT_INPUT
502,BATCH-026,11,BOOK-4,P11,KN-B3-P11-064,文明为何能够持续运行,book-3-p11-64-the-civilization-question,planned,UNPUBLISHED,MANUSCRIPT_CORPUS_NOT_AVAILABLE_IN_CURRENT_INPUT
503,BATCH-026,12,BOOK-4,P12,KN-B3-P12-046,Reality 为什么形成不同承载形态,book-3-p12-00-carrier-archetypes,planned,UNPUBLISHED,MANUSCRIPT_CORPUS_NOT_AVAILABLE_IN_CURRENT_INPUT
504,BATCH-031,1,BOOK-5,P13,KN-B4-P13-001,Reality 为什么能够留下可观察现象,book-4-p13-01-observable-reality,planned,UNPUBLISHED,MANUSCRIPT_CORPUS_NOT_AVAILABLE_IN_CURRENT_INPUT
505,BATCH-031,2,BOOK-5,P13,KN-B4-P13-002,Structure 为什么能够留下结构讯号,book-4-p13-02-observable-structure,planned,UNPUBLISHED,MANUSCRIPT_CORPUS_NOT_AVAILABLE_IN_CURRENT_INPUT
506,BATCH-031,3,BOOK-5,P13,KN-B4-P13-003,Activation 为什么能够留下激活痕迹,book-4-p13-03-observable-activation,planned,UNPUBLISHED,MANUSCRIPT_CORPUS_NOT_AVAILABLE_IN_CURRENT_INPUT
507,BATCH-031,4,BOOK-5,P13,KN-B4-P13-004,Runtime 为什么能够留下持续运行痕迹,book-4-p13-04-observable-runtime,planned,UNPUBLISHED,MANUSCRIPT_CORPUS_NOT_AVAILABLE_IN_CURRENT_INPUT
508,BATCH-031,5,BOOK-5,P13,KN-B4-P13-005,为什么长期运行会形成稳定签名,book-4-p13-05-runtime-signatures,planned,UNPUBLISHED,MANUSCRIPT_CORPUS_NOT_AVAILABLE_IN_CURRENT_INPUT
509,BATCH-031,6,BOOK-5,P13,KN-B4-P13-006,为什么运行会留下残留,book-4-p13-06-runtime-residue-observation,planned,UNPUBLISHED,MANUSCRIPT_CORPUS_NOT_AVAILABLE_IN_CURRENT_INPUT
510,BATCH-031,7,BOOK-5,P13,KN-B4-P13-007,为什么偏移能够被观察,book-4-p13-07-runtime-drift-observation,planned,UNPUBLISHED,MANUSCRIPT_CORPUS_NOT_AVAILABLE_IN_CURRENT_INPUT
511,BATCH-031,8,BOOK-5,P13,KN-B4-P13-008,为什么 Projection 会改变可观察 Reality,book-4-p13-08-projection-artifacts,planned,UNPUBLISHED,MANUSCRIPT_CORPUS_NOT_AVAILABLE_IN_CURRENT_INPUT
512,BATCH-031,9,BOOK-5,P13,KN-B4-P13-009,为什么 Runtime 可以被 Reading,book-4-p13-09-runtime-readability,planned,UNPUBLISHED,MANUSCRIPT_CORPUS_NOT_AVAILABLE_IN_CURRENT_INPUT
513,BATCH-031,10,BOOK-5,P13,KN-B4-P13-010,为什么必须区分讯号与解释,book-4-p13-10-signal-and-interpretation,planned,UNPUBLISHED,MANUSCRIPT_CORPUS_NOT_AVAILABLE_IN_CURRENT_INPUT
514,BATCH-031,11,BOOK-5,P13,KN-B4-P13-011,噪声如何影响 Reading,book-4-p13-11-runtime-noise,planned,UNPUBLISHED,MANUSCRIPT_CORPUS_NOT_AVAILABLE_IN_CURRENT_INPUT
515,BATCH-031,12,BOOK-5,P13,KN-B4-P13-012,为什么 Reading 永远存在解析极限,book-4-p13-12-resolution-limits,planned,UNPUBLISHED,MANUSCRIPT_CORPUS_NOT_AVAILABLE_IN_CURRENT_INPUT
516,BATCH-031,13,BOOK-5,P13,KN-B4-P13-013,观察者如何参与 Reading,book-4-p13-13-observer-participation,planned,UNPUBLISHED,MANUSCRIPT_CORPUS_NOT_AVAILABLE_IN_CURRENT_INPUT
517,BATCH-031,14,BOOK-5,P13,KN-B4-P13-014,Reality 为什么能够留下 Evidence,book-4-p13-14-reality-evidence-architecture,planned,UNPUBLISHED,MANUSCRIPT_CORPUS_NOT_AVAILABLE_IN_CURRENT_INPUT
518,BATCH-031,15,BOOK-5,P13,KN-B4-P13-015,Evidence 为什么存在不同类别,book-4-p13-15-evidence-categories,planned,UNPUBLISHED,MANUSCRIPT_CORPUS_NOT_AVAILABLE_IN_CURRENT_INPUT
519,BATCH-031,16,BOOK-5,P13,KN-B4-P13-016,Evidence 为什么具有不同可信度,book-4-p13-16-evidence-reliability,planned,UNPUBLISHED,MANUSCRIPT_CORPUS_NOT_AVAILABLE_IN_CURRENT_INPUT
520,BATCH-031,17,BOOK-5,P13,KN-B4-P13-017,Evidence 与 Interpretation 的边界,book-4-p13-17-evidence-boundary,planned,UNPUBLISHED,MANUSCRIPT_CORPUS_NOT_AVAILABLE_IN_CURRENT_INPUT
521,BATCH-031,18,BOOK-5,P13,KN-B4-P13-018,不同 Evidence 如何互相支持,book-4-p13-18-evidence-correlation,planned,UNPUBLISHED,MANUSCRIPT_CORPUS_NOT_AVAILABLE_IN_CURRENT_INPUT
522,BATCH-031,19,BOOK-5,P13,KN-B4-P13-019,为什么反证同样重要,book-4-p13-19-counter-evidence,planned,UNPUBLISHED,MANUSCRIPT_CORPUS_NOT_AVAILABLE_IN_CURRENT_INPUT
523,BATCH-031,20,BOOK-5,P13,KN-B4-P13-020,为什么缺失也是 Evidence,book-4-p13-20-missing-evidence,planned,UNPUBLISHED,MANUSCRIPT_CORPUS_NOT_AVAILABLE_IN_CURRENT_INPUT
524,BATCH-031,21,BOOK-5,P13,KN-B4-P13-021,时间如何形成 Evidence,book-4-p13-21-temporal-evidence,planned,UNPUBLISHED,MANUSCRIPT_CORPUS_NOT_AVAILABLE_IN_CURRENT_INPUT
525,BATCH-031,22,BOOK-5,P13,KN-B4-P13-022,为什么跨领域 Evidence 更强,book-4-p13-22-cross-domain-evidence,planned,UNPUBLISHED,MANUSCRIPT_CORPUS_NOT_AVAILABLE_IN_CURRENT_INPUT
526,BATCH-031,23,BOOK-5,P13,KN-B4-P13-023,Evidence 如何形成网络,book-4-p13-23-runtime-evidence-network,planned,UNPUBLISHED,MANUSCRIPT_CORPUS_NOT_AVAILABLE_IN_CURRENT_INPUT
527,BATCH-031,24,BOOK-5,P13,KN-B4-P13-024,PHI OS 如何统一所有 Evidence,book-4-p13-24-unified-evidence-model,planned,UNPUBLISHED,MANUSCRIPT_CORPUS_NOT_AVAILABLE_IN_CURRENT_INPUT
528,BATCH-032,1,BOOK-5,P13,KN-B4-P13-025,Projection 为什么存在,book-4-p13-25-projection-foundations,planned,UNPUBLISHED,MANUSCRIPT_CORPUS_NOT_AVAILABLE_IN_CURRENT_INPUT
529,BATCH-032,2,BOOK-5,P13,KN-B4-P13-026,Projection 为什么具有共同 Grammar,book-4-p13-26-projection-grammar,planned,UNPUBLISHED,MANUSCRIPT_CORPUS_NOT_AVAILABLE_IN_CURRENT_INPUT
530,BATCH-032,3,BOOK-5,P13,KN-B4-P13-027,为什么 Projection 存在不同层级,book-4-p13-27-projection-layers,planned,UNPUBLISHED,MANUSCRIPT_CORPUS_NOT_AVAILABLE_IN_CURRENT_INPUT
531,BATCH-032,4,BOOK-5,P13,KN-B4-P13-028,Projection 为什么存在边界,book-4-p13-28-projection-boundaries,planned,UNPUBLISHED,MANUSCRIPT_CORPUS_NOT_AVAILABLE_IN_CURRENT_INPUT
532,BATCH-032,5,BOOK-5,P13,KN-B4-P13-029,为什么不同时间仍可保持一致性,book-4-p13-29-projection-consistency,planned,UNPUBLISHED,MANUSCRIPT_CORPUS_NOT_AVAILABLE_IN_CURRENT_INPUT
533,BATCH-032,6,BOOK-5,P13,KN-B4-P13-030,为什么不同 Projection 会冲突,book-4-p13-30-projection-conflict,planned,UNPUBLISHED,MANUSCRIPT_CORPUS_NOT_AVAILABLE_IN_CURRENT_INPUT
534,BATCH-032,7,BOOK-5,P13,KN-B4-P13-031,为什么任何 Projection 都是不完整的,book-4-p13-31-projection-completeness,planned,UNPUBLISHED,MANUSCRIPT_CORPUS_NOT_AVAILABLE_IN_CURRENT_INPUT
535,BATCH-032,8,BOOK-5,P13,KN-B4-P13-032,Projection 如何持续演化,book-4-p13-32-projection-evolution,planned,UNPUBLISHED,MANUSCRIPT_CORPUS_NOT_AVAILABLE_IN_CURRENT_INPUT
536,BATCH-032,9,BOOK-5,P13,KN-B4-P13-033,为什么 Projection 不等于 Reality,book-4-p13-33-projection-and-reality,planned,UNPUBLISHED,MANUSCRIPT_CORPUS_NOT_AVAILABLE_IN_CURRENT_INPUT
537,BATCH-032,10,BOOK-5,P13,KN-B4-P13-034,为什么不同 Projection 可以进入统一 Runtime,book-4-p13-34-shared-projection-runtime,planned,UNPUBLISHED,MANUSCRIPT_CORPUS_NOT_AVAILABLE_IN_CURRENT_INPUT
538,BATCH-032,11,BOOK-5,P13,KN-B4-P13-035,为什么 Reading 必须建立统一入口,book-4-p13-35-reading-entry,planned,UNPUBLISHED,MANUSCRIPT_CORPUS_NOT_AVAILABLE_IN_CURRENT_INPUT
539,BATCH-032,12,BOOK-5,P13,KN-B4-P13-036,为什么 Reading 必须遵循统一 Grammar,book-4-p13-36-reading-grammar,planned,UNPUBLISHED,MANUSCRIPT_CORPUS_NOT_AVAILABLE_IN_CURRENT_INPUT
540,BATCH-032,13,BOOK-5,P13,KN-B4-P13-037,如何重建 Runtime Chain,book-4-p13-37-runtime-reconstruction,planned,UNPUBLISHED,MANUSCRIPT_CORPUS_NOT_AVAILABLE_IN_CURRENT_INPUT
541,BATCH-032,14,BOOK-5,P13,KN-B4-P13-038,为什么必须排序 Evidence,book-4-p13-38-evidence-prioritization,planned,UNPUBLISHED,MANUSCRIPT_CORPUS_NOT_AVAILABLE_IN_CURRENT_INPUT
542,BATCH-032,15,BOOK-5,P13,KN-B4-P13-039,为什么能够建立 Confidence,book-4-p13-39-reading-confidence,planned,UNPUBLISHED,MANUSCRIPT_CORPUS_NOT_AVAILABLE_IN_CURRENT_INPUT
543,BATCH-032,16,BOOK-5,P13,KN-B4-P13-040,为什么必须保留其他 Reading,book-4-p13-40-alternative-reading,planned,UNPUBLISHED,MANUSCRIPT_CORPUS_NOT_AVAILABLE_IN_CURRENT_INPUT
544,BATCH-032,17,BOOK-5,P13,KN-B4-P13-041,为什么 Unknown 会持续形成,book-4-p13-41-unknown-formation,planned,UNPUBLISHED,MANUSCRIPT_CORPUS_NOT_AVAILABLE_IN_CURRENT_INPUT
545,BATCH-032,18,BOOK-5,P13,KN-B4-P13-042,如何整合全部 Reading,book-4-p13-42-reading-synthesis,planned,UNPUBLISHED,MANUSCRIPT_CORPUS_NOT_AVAILABLE_IN_CURRENT_INPUT
546,BATCH-032,19,BOOK-5,P13,KN-B4-P13-043,如何形成统一 Runtime Profile,book-4-p13-43-runtime-profile,planned,UNPUBLISHED,MANUSCRIPT_CORPUS_NOT_AVAILABLE_IN_CURRENT_INPUT
547,BATCH-032,20,BOOK-5,P13,KN-B4-P13-044,Reading 为什么能够持续更新,book-4-p13-44-reading-revision,planned,UNPUBLISHED,MANUSCRIPT_CORPUS_NOT_AVAILABLE_IN_CURRENT_INPUT
548,BATCH-032,21,BOOK-5,P13,KN-B4-P13-045,PHI OS Reading Contract,book-4-p13-45-reading-contract,planned,UNPUBLISHED,MANUSCRIPT_CORPUS_NOT_AVAILABLE_IN_CURRENT_INPUT
549,BATCH-032,22,BOOK-5,P13,KN-B4-P13-046,Interpretation 为什么产生,book-4-p13-46-interpretation-foundations,planned,UNPUBLISHED,MANUSCRIPT_CORPUS_NOT_AVAILABLE_IN_CURRENT_INPUT
550,BATCH-032,23,BOOK-5,P13,KN-B4-P13-047,为什么 Context 会改变 Interpretation,book-4-p13-47-context-formation,planned,UNPUBLISHED,MANUSCRIPT_CORPUS_NOT_AVAILABLE_IN_CURRENT_INPUT
551,BATCH-032,24,BOOK-5,P13,KN-B4-P13-048,Knowledge 如何进入 Interpretation,book-4-p13-48-knowledge-integration,planned,UNPUBLISHED,MANUSCRIPT_CORPUS_NOT_AVAILABLE_IN_CURRENT_INPUT
552,BATCH-033,1,BOOK-5,P13,KN-B4-P13-049,Evidence 如何进入 Interpretation,book-4-p13-49-evidence-integration,planned,UNPUBLISHED,MANUSCRIPT_CORPUS_NOT_AVAILABLE_IN_CURRENT_INPUT
553,BATCH-033,2,BOOK-5,P13,KN-B4-P13-050,Projection 如何进入 Interpretation,book-4-p13-50-projection-integration,planned,UNPUBLISHED,MANUSCRIPT_CORPUS_NOT_AVAILABLE_IN_CURRENT_INPUT
554,BATCH-033,3,BOOK-5,P13,KN-B4-P13-051,为什么只能形成 Candidate,book-4-p13-51-interpretation-candidate,planned,UNPUBLISHED,MANUSCRIPT_CORPUS_NOT_AVAILABLE_IN_CURRENT_INPUT
555,BATCH-033,4,BOOK-5,P13,KN-B4-P13-052,为什么可能存在多个 Interpretation,book-4-p13-52-multiple-interpretations,planned,UNPUBLISHED,MANUSCRIPT_CORPUS_NOT_AVAILABLE_IN_CURRENT_INPUT
556,BATCH-033,5,BOOK-5,P13,KN-B4-P13-053,Interpretation 为什么必须验证,book-4-p13-53-interpretation-validation,planned,UNPUBLISHED,MANUSCRIPT_CORPUS_NOT_AVAILABLE_IN_CURRENT_INPUT
557,BATCH-033,6,BOOK-5,P13,KN-B4-P13-054,为什么任何 Interpretation 都存在边界,book-4-p13-54-interpretation-boundaries,planned,UNPUBLISHED,MANUSCRIPT_CORPUS_NOT_AVAILABLE_IN_CURRENT_INPUT
558,BATCH-033,7,BOOK-5,P13,KN-B4-P13-055,为什么 Interpretation 永远不能等于 Reality,book-4-p13-55-interpretation-and-reality,planned,UNPUBLISHED,MANUSCRIPT_CORPUS_NOT_AVAILABLE_IN_CURRENT_INPUT
559,BATCH-033,8,BOOK-5,P13,KN-B4-P13-056,Reading 的 Authority 如何建立,book-4-p13-56-reading-authority,planned,UNPUBLISHED,MANUSCRIPT_CORPUS_NOT_AVAILABLE_IN_CURRENT_INPUT
560,BATCH-033,9,BOOK-5,P13,KN-B4-P13-057,Evidence 如何受到治理,book-4-p13-57-evidence-governance,planned,UNPUBLISHED,MANUSCRIPT_CORPUS_NOT_AVAILABLE_IN_CURRENT_INPUT
561,BATCH-033,10,BOOK-5,P13,KN-B4-P13-058,Interpretation 如何受到治理,book-4-p13-58-interpretation-governance,planned,UNPUBLISHED,MANUSCRIPT_CORPUS_NOT_AVAILABLE_IN_CURRENT_INPUT
562,BATCH-033,11,BOOK-5,P13,KN-B4-P13-059,AI 为什么不能成为最终 Authority,book-4-p13-59-ai-governance,planned,UNPUBLISHED,MANUSCRIPT_CORPUS_NOT_AVAILABLE_IN_CURRENT_INPUT
563,BATCH-033,12,BOOK-5,P13,KN-B4-P13-060,Professional 为什么必须参与,book-4-p13-60-professional-governance,planned,UNPUBLISHED,MANUSCRIPT_CORPUS_NOT_AVAILABLE_IN_CURRENT_INPUT
564,BATCH-033,13,BOOK-5,P13,KN-B4-P13-061,Reading 为什么需要伦理,book-4-p13-61-reading-ethics,planned,UNPUBLISHED,MANUSCRIPT_CORPUS_NOT_AVAILABLE_IN_CURRENT_INPUT
565,BATCH-033,14,BOOK-5,P13,KN-B4-P13-062,Reading 为什么需要责任,book-4-p13-62-reading-responsibility,planned,UNPUBLISHED,MANUSCRIPT_CORPUS_NOT_AVAILABLE_IN_CURRENT_INPUT
566,BATCH-033,15,BOOK-5,P13,KN-B4-P13-063,Reading 为什么必须停止,book-4-p13-63-reading-boundaries,planned,UNPUBLISHED,MANUSCRIPT_CORPUS_NOT_AVAILABLE_IN_CURRENT_INPUT
567,BATCH-033,16,BOOK-5,P13,KN-B4-P13-064,PHI OS Reading Standards,book-4-p13-64-reading-standards,planned,UNPUBLISHED,MANUSCRIPT_CORPUS_NOT_AVAILABLE_IN_CURRENT_INPUT
568,BATCH-033,17,BOOK-5,P13,KN-B4-P13-065,PHI OS Reading Governance Contract,book-4-p13-65-reading-governance-contract,planned,UNPUBLISHED,MANUSCRIPT_CORPUS_NOT_AVAILABLE_IN_CURRENT_INPUT
569,BATCH-033,18,BOOK-5,P13,KN-B4-P13-066,为什么 Reading 会重新组织 Reality,book-4-p13-66-reading-as-reconstruction,planned,UNPUBLISHED,MANUSCRIPT_CORPUS_NOT_AVAILABLE_IN_CURRENT_INPUT
570,BATCH-033,19,BOOK-5,P13,KN-B4-P13-067,为什么 Reading 本身就是 Participation,book-4-p13-67-reading-as-participation,planned,UNPUBLISHED,MANUSCRIPT_CORPUS_NOT_AVAILABLE_IN_CURRENT_INPUT
571,BATCH-033,20,BOOK-5,P13,KN-B4-P13-068,为什么 Reading 会影响 Runtime,book-4-p13-68-reading-as-intervention,planned,UNPUBLISHED,MANUSCRIPT_CORPUS_NOT_AVAILABLE_IN_CURRENT_INPUT
572,BATCH-033,21,BOOK-5,P13,KN-B4-P13-069,为什么 Reading 必须进入 Navigation,book-4-p13-69-reading-and-navigation-reading-transition,planned,UNPUBLISHED,MANUSCRIPT_CORPUS_NOT_AVAILABLE_IN_CURRENT_INPUT
573,BATCH-033,22,BOOK-5,P13,KN-B4-P13-070,为什么 Reading 必须持续更新,book-4-p13-70-reading-and-continuity,planned,UNPUBLISHED,MANUSCRIPT_CORPUS_NOT_AVAILABLE_IN_CURRENT_INPUT
574,BATCH-033,23,BOOK-5,P13,KN-B4-P13-071,为什么多个 Runtime 可以共同 Reading,book-4-p13-71-reading-between-multiple-runtimes,planned,UNPUBLISHED,MANUSCRIPT_CORPUS_NOT_AVAILABLE_IN_CURRENT_INPUT
575,BATCH-033,24,BOOK-5,P13,KN-B4-P13-072,AI 能否成为真正的 Reader,book-4-p13-72-ai-as-reader,planned,UNPUBLISHED,MANUSCRIPT_CORPUS_NOT_AVAILABLE_IN_CURRENT_INPUT
576,BATCH-034,1,BOOK-5,P13,KN-B4-P13-073,谁真正完成 Reading,book-4-p13-73-the-observer-question,planned,UNPUBLISHED,MANUSCRIPT_CORPUS_NOT_AVAILABLE_IN_CURRENT_INPUT
577,BATCH-034,2,BOOK-5,P13,KN-B4-P13-074,PHI OS 如何开启新的 Reading Paradigm,book-4-p13-74-the-future-of-reading,planned,UNPUBLISHED,MANUSCRIPT_CORPUS_NOT_AVAILABLE_IN_CURRENT_INPUT
578,BATCH-034,3,BOOK-5,P13,KN-B4-P13-075,为什么 Reading 最终必须进入 Navigation,book-4-p13-75-toward-reality-navigation,planned,UNPUBLISHED,MANUSCRIPT_CORPUS_NOT_AVAILABLE_IN_CURRENT_INPUT
579,BATCH-034,4,BOOK-5,P14,KN-B4-P14-001,为什么需要 Navigation,book-4-p14-01-why-navigation-exists,planned,UNPUBLISHED,MANUSCRIPT_CORPUS_NOT_AVAILABLE_IN_CURRENT_INPUT
580,BATCH-034,5,BOOK-5,P14,KN-B4-P14-002,为什么 Reading 必须进入 Navigation,book-4-p14-02-reading-and-navigation-navigation-foundation,planned,UNPUBLISHED,MANUSCRIPT_CORPUS_NOT_AVAILABLE_IN_CURRENT_INPUT
581,BATCH-034,6,BOOK-5,P14,KN-B4-P14-003,什么时候能够开始 Navigation,book-4-p14-03-navigation-readiness,planned,UNPUBLISHED,MANUSCRIPT_CORPUS_NOT_AVAILABLE_IN_CURRENT_INPUT
582,BATCH-034,7,BOOK-5,P14,KN-B4-P14-004,为什么必须知道自己在哪里,book-4-p14-04-position-awareness,planned,UNPUBLISHED,MANUSCRIPT_CORPUS_NOT_AVAILABLE_IN_CURRENT_INPUT
583,BATCH-034,8,BOOK-5,P14,KN-B4-P14-005,方向如何形成,book-4-p14-05-direction-formation,planned,UNPUBLISHED,MANUSCRIPT_CORPUS_NOT_AVAILABLE_IN_CURRENT_INPUT
584,BATCH-034,9,BOOK-5,P14,KN-B4-P14-006,Navigation 为什么存在限制,book-4-p14-06-navigation-constraints,planned,UNPUBLISHED,MANUSCRIPT_CORPUS_NOT_AVAILABLE_IN_CURRENT_INPUT
585,BATCH-034,10,BOOK-5,P14,KN-B4-P14-007,Navigation 为什么存在边界,book-4-p14-07-navigation-boundaries,planned,UNPUBLISHED,MANUSCRIPT_CORPUS_NOT_AVAILABLE_IN_CURRENT_INPUT
586,BATCH-034,11,BOOK-5,P14,KN-B4-P14-008,为什么 Navigation 必须承担责任,book-4-p14-08-navigation-responsibility,planned,UNPUBLISHED,MANUSCRIPT_CORPUS_NOT_AVAILABLE_IN_CURRENT_INPUT
587,BATCH-034,12,BOOK-5,P14,KN-B4-P14-009,运行诊断,book-4-p14-09-runtime-diagnosis,planned,UNPUBLISHED,MANUSCRIPT_CORPUS_NOT_AVAILABLE_IN_CURRENT_INPUT
588,BATCH-034,13,BOOK-5,P14,KN-B4-P14-010,压力识别,book-4-p14-10-pressure-detection,planned,UNPUBLISHED,MANUSCRIPT_CORPUS_NOT_AVAILABLE_IN_CURRENT_INPUT
589,BATCH-034,14,BOOK-5,P14,KN-B4-P14-011,运行偏移,book-4-p14-11-runtime-drift-diagnosis,planned,UNPUBLISHED,MANUSCRIPT_CORPUS_NOT_AVAILABLE_IN_CURRENT_INPUT
590,BATCH-034,15,BOOK-5,P14,KN-B4-P14-012,运行碎裂,book-4-p14-12-runtime-fragmentation,planned,UNPUBLISHED,MANUSCRIPT_CORPUS_NOT_AVAILABLE_IN_CURRENT_INPUT
591,BATCH-034,16,BOOK-5,P14,KN-B4-P14-013,运行停滞,book-4-p14-13-runtime-deadlock,planned,UNPUBLISHED,MANUSCRIPT_CORPUS_NOT_AVAILABLE_IN_CURRENT_INPUT
592,BATCH-034,17,BOOK-5,P14,KN-B4-P14-014,崩塌风险,book-4-p14-14-collapse-risk,planned,UNPUBLISHED,MANUSCRIPT_CORPUS_NOT_AVAILABLE_IN_CURRENT_INPUT
593,BATCH-034,18,BOOK-5,P14,KN-B4-P14-015,恢复潜力,book-4-p14-15-recovery-potential,planned,UNPUBLISHED,MANUSCRIPT_CORPUS_NOT_AVAILABLE_IN_CURRENT_INPUT
594,BATCH-034,19,BOOK-5,P14,KN-B4-P14-016,诊断边界,book-4-p14-16-diagnosis-boundary,planned,UNPUBLISHED,MANUSCRIPT_CORPUS_NOT_AVAILABLE_IN_CURRENT_INPUT
595,BATCH-034,20,BOOK-5,P14,KN-B4-P14-017,重新建立位置,book-4-p14-17-position-reconstruction,planned,UNPUBLISHED,MANUSCRIPT_CORPUS_NOT_AVAILABLE_IN_CURRENT_INPUT
596,BATCH-034,21,BOOK-5,P14,KN-B4-P14-018,恢复激活,book-4-p14-18-activation-recovery,planned,UNPUBLISHED,MANUSCRIPT_CORPUS_NOT_AVAILABLE_IN_CURRENT_INPUT
597,BATCH-034,22,BOOK-5,P14,KN-B4-P14-019,重新组织运行,book-4-p14-19-runtime-reconfiguration,planned,UNPUBLISHED,MANUSCRIPT_CORPUS_NOT_AVAILABLE_IN_CURRENT_INPUT
598,BATCH-034,23,BOOK-5,P14,KN-B4-P14-020,调整结构,book-4-p14-20-structural-adjustment,planned,UNPUBLISHED,MANUSCRIPT_CORPUS_NOT_AVAILABLE_IN_CURRENT_INPUT
599,BATCH-034,24,BOOK-5,P14,KN-B4-P14-021,关系导航,book-4-p14-21-relationship-navigation,planned,UNPUBLISHED,MANUSCRIPT_CORPUS_NOT_AVAILABLE_IN_CURRENT_INPUT
600,BATCH-035,1,BOOK-5,P14,KN-B4-P14-022,资源导航,book-4-p14-22-resource-navigation,planned,UNPUBLISHED,MANUSCRIPT_CORPUS_NOT_AVAILABLE_IN_CURRENT_INPUT
601,BATCH-035,2,BOOK-5,P14,KN-B4-P14-023,成本优化,book-4-p14-23-cost-optimization,planned,UNPUBLISHED,MANUSCRIPT_CORPUS_NOT_AVAILABLE_IN_CURRENT_INPUT
602,BATCH-035,3,BOOK-5,P14,KN-B4-P14-024,运行稳定,book-4-p14-24-runtime-stabilization,planned,UNPUBLISHED,MANUSCRIPT_CORPUS_NOT_AVAILABLE_IN_CURRENT_INPUT
603,BATCH-035,4,BOOK-5,P14,KN-B4-P14-025,替代路径,book-4-p14-25-alternative-paths,planned,UNPUBLISHED,MANUSCRIPT_CORPUS_NOT_AVAILABLE_IN_CURRENT_INPUT
604,BATCH-035,5,BOOK-5,P14,KN-B4-P14-026,决定如何形成,book-4-p14-26-decision-formation,planned,UNPUBLISHED,MANUSCRIPT_CORPUS_NOT_AVAILABLE_IN_CURRENT_INPUT
605,BATCH-035,6,BOOK-5,P14,KN-B4-P14-027,为什么必须交换成本,book-4-p14-27-trade-offs,planned,UNPUBLISHED,MANUSCRIPT_CORPUS_NOT_AVAILABLE_IN_CURRENT_INPUT
606,BATCH-035,7,BOOK-5,P14,KN-B4-P14-028,为什么永远无法完全确定,book-4-p14-28-uncertainty,planned,UNPUBLISHED,MANUSCRIPT_CORPUS_NOT_AVAILABLE_IN_CURRENT_INPUT
607,BATCH-035,8,BOOK-5,P14,KN-B4-P14-029,时机为什么重要,book-4-p14-29-timing,planned,UNPUBLISHED,MANUSCRIPT_CORPUS_NOT_AVAILABLE_IN_CURRENT_INPUT
608,BATCH-035,9,BOOK-5,P14,KN-B4-P14-030,承诺为什么重要,book-4-p14-30-commitment,planned,UNPUBLISHED,MANUSCRIPT_CORPUS_NOT_AVAILABLE_IN_CURRENT_INPUT
609,BATCH-035,10,BOOK-5,P14,KN-B4-P14-031,适应性决策,book-4-p14-31-adaptive-decisions,planned,UNPUBLISHED,MANUSCRIPT_CORPUS_NOT_AVAILABLE_IN_CURRENT_INPUT
610,BATCH-035,11,BOOK-5,P14,KN-B4-P14-032,决定如何修订,book-4-p14-32-decision-revision,planned,UNPUBLISHED,MANUSCRIPT_CORPUS_NOT_AVAILABLE_IN_CURRENT_INPUT
611,BATCH-035,12,BOOK-5,P14,KN-B4-P14-033,专业读取,book-4-p14-33-professional-reading,planned,UNPUBLISHED,MANUSCRIPT_CORPUS_NOT_AVAILABLE_IN_CURRENT_INPUT
612,BATCH-035,13,BOOK-5,P14,KN-B4-P14-034,专业复核,book-4-p14-34-professional-review,planned,UNPUBLISHED,MANUSCRIPT_CORPUS_NOT_AVAILABLE_IN_CURRENT_INPUT
613,BATCH-035,14,BOOK-5,P14,KN-B4-P14-035,专业判断,book-4-p14-35-professional-judgment,planned,UNPUBLISHED,MANUSCRIPT_CORPUS_NOT_AVAILABLE_IN_CURRENT_INPUT
614,BATCH-035,15,BOOK-5,P14,KN-B4-P14-036,边界保护,book-4-p14-36-boundary-protection,planned,UNPUBLISHED,MANUSCRIPT_CORPUS_NOT_AVAILABLE_IN_CURRENT_INPUT
615,BATCH-035,16,BOOK-5,P14,KN-B4-P14-037,交付组织,book-4-p14-37-deliverable-assembly,planned,UNPUBLISHED,MANUSCRIPT_CORPUS_NOT_AVAILABLE_IN_CURRENT_INPUT
616,BATCH-035,17,BOOK-5,P14,KN-B4-P14-038,专业签署,book-4-p14-38-professional-signature,planned,UNPUBLISHED,MANUSCRIPT_CORPUS_NOT_AVAILABLE_IN_CURRENT_INPUT
617,BATCH-035,18,BOOK-5,P14,KN-B4-P14-039,专业责任,book-4-p14-39-professional-responsibility,planned,UNPUBLISHED,MANUSCRIPT_CORPUS_NOT_AVAILABLE_IN_CURRENT_INPUT
618,BATCH-035,19,BOOK-5,P14,KN-B4-P14-040,连续性的基础,book-4-p14-40-continuity-foundations,planned,UNPUBLISHED,MANUSCRIPT_CORPUS_NOT_AVAILABLE_IN_CURRENT_INPUT
619,BATCH-035,20,BOOK-5,P14,KN-B4-P14-041,反馈循环,book-4-p14-41-feedback-loops,planned,UNPUBLISHED,MANUSCRIPT_CORPUS_NOT_AVAILABLE_IN_CURRENT_INPUT
620,BATCH-035,21,BOOK-5,P14,KN-B4-P14-042,运行学习,book-4-p14-42-runtime-learning,planned,UNPUBLISHED,MANUSCRIPT_CORPUS_NOT_AVAILABLE_IN_CURRENT_INPUT
621,BATCH-035,22,BOOK-5,P14,KN-B4-P14-043,导航记忆,book-4-p14-43-navigation-memory,planned,UNPUBLISHED,MANUSCRIPT_CORPUS_NOT_AVAILABLE_IN_CURRENT_INPUT
622,BATCH-035,23,BOOK-5,P14,KN-B4-P14-044,适应演化,book-4-p14-44-adaptive-evolution,planned,UNPUBLISHED,MANUSCRIPT_CORPUS_NOT_AVAILABLE_IN_CURRENT_INPUT
623,BATCH-035,24,BOOK-5,P14,KN-B4-P14-046,文明导航,book-4-p14-46-civilization-navigation,planned,UNPUBLISHED,MANUSCRIPT_CORPUS_NOT_AVAILABLE_IN_CURRENT_INPUT
624,BATCH-036,1,BOOK-5,P14,KN-B4-P14-047,超越个体的导航,book-4-p14-47-navigation-beyond-individuals,planned,UNPUBLISHED,MANUSCRIPT_CORPUS_NOT_AVAILABLE_IN_CURRENT_INPUT
625,BATCH-036,2,BOOK-5,P14,KN-B4-P14-048,现实演化,book-4-p14-48-reality-evolution-navigation-outcome,planned,UNPUBLISHED,MANUSCRIPT_CORPUS_NOT_AVAILABLE_IN_CURRENT_INPUT
626,BATCH-036,3,BOOK-5,P14,KN-B4-P14-049,超越当前运行,book-4-p14-49-reality-beyond-current-runtime,planned,UNPUBLISHED,MANUSCRIPT_CORPUS_NOT_AVAILABLE_IN_CURRENT_INPUT
627,BATCH-036,4,BOOK-5,P14,KN-B4-P14-050,未来导航,book-4-p14-50-future-navigation,planned,UNPUBLISHED,MANUSCRIPT_CORPUS_NOT_AVAILABLE_IN_CURRENT_INPUT
628,BATCH-036,5,BOOK-5,P14,KN-B4-P14-051,共同现实演化,book-4-p14-51-shared-reality-evolution,planned,UNPUBLISHED,MANUSCRIPT_CORPUS_NOT_AVAILABLE_IN_CURRENT_INPUT
629,BATCH-036,6,BOOK-5,P14,KN-B4-P14-052,Reality 将如何继续,book-4-p14-52-the-navigation-question,planned,UNPUBLISHED,MANUSCRIPT_CORPUS_NOT_AVAILABLE_IN_CURRENT_INPUT
630,BATCH-036,7,BOOK-5,P15,KN-B4-P15-001,Runtime 为什么结束,book-4-p15-01-runtime-closure,planned,UNPUBLISHED,MANUSCRIPT_CORPUS_NOT_AVAILABLE_IN_CURRENT_INPUT
631,BATCH-036,8,BOOK-5,P15,KN-B4-P15-002,载体如何结束,book-4-p15-02-carrier-closure,planned,UNPUBLISHED,MANUSCRIPT_CORPUS_NOT_AVAILABLE_IN_CURRENT_INPUT
632,BATCH-036,9,BOOK-5,P15,KN-B4-P15-003,结构解体,book-4-p15-03-structural-dissolution,planned,UNPUBLISHED,MANUSCRIPT_CORPUS_NOT_AVAILABLE_IN_CURRENT_INPUT
633,BATCH-036,10,BOOK-5,P15,KN-B4-P15-004,运行终止,book-4-p15-04-runtime-termination,planned,UNPUBLISHED,MANUSCRIPT_CORPUS_NOT_AVAILABLE_IN_CURRENT_INPUT
634,BATCH-036,11,BOOK-5,P15,KN-B4-P15-005,节点关闭,book-4-p15-05-node-deactivation,planned,UNPUBLISHED,MANUSCRIPT_CORPUS_NOT_AVAILABLE_IN_CURRENT_INPUT
635,BATCH-036,12,BOOK-5,P15,KN-B4-P15-006,关系结束,book-4-p15-06-relationship-closure,planned,UNPUBLISHED,MANUSCRIPT_CORPUS_NOT_AVAILABLE_IN_CURRENT_INPUT
636,BATCH-036,13,BOOK-5,P15,KN-B4-P15-007,组织结束,book-4-p15-07-organizational-closure,planned,UNPUBLISHED,MANUSCRIPT_CORPUS_NOT_AVAILABLE_IN_CURRENT_INPUT
637,BATCH-036,14,BOOK-5,P15,KN-B4-P15-008,文明结束,book-4-p15-08-civilization-closure,planned,UNPUBLISHED,MANUSCRIPT_CORPUS_NOT_AVAILABLE_IN_CURRENT_INPUT
638,BATCH-036,15,BOOK-5,P15,KN-B4-P15-009,生物死亡,book-4-p15-09-biological-death,planned,UNPUBLISHED,MANUSCRIPT_CORPUS_NOT_AVAILABLE_IN_CURRENT_INPUT
639,BATCH-036,16,BOOK-5,P15,KN-B4-P15-010,人工运行终止,book-4-p15-10-synthetic-runtime-death,planned,UNPUBLISHED,MANUSCRIPT_CORPUS_NOT_AVAILABLE_IN_CURRENT_INPUT
640,BATCH-036,17,BOOK-5,P15,KN-B4-P15-011,结算为何存在,book-4-p15-11-settlement-foundations,planned,UNPUBLISHED,MANUSCRIPT_CORPUS_NOT_AVAILABLE_IN_CURRENT_INPUT
641,BATCH-036,18,BOOK-5,P15,KN-B4-P15-012,运行结算,book-4-p15-12-runtime-settlement,planned,UNPUBLISHED,MANUSCRIPT_CORPUS_NOT_AVAILABLE_IN_CURRENT_INPUT
642,BATCH-036,19,BOOK-5,P15,KN-B4-P15-013,信息归位,book-4-p15-13-information-placement,planned,UNPUBLISHED,MANUSCRIPT_CORPUS_NOT_AVAILABLE_IN_CURRENT_INPUT
643,BATCH-036,20,BOOK-5,P15,KN-B4-P15-014,复杂度压缩,book-4-p15-14-complexity-compression,planned,UNPUBLISHED,MANUSCRIPT_CORPUS_NOT_AVAILABLE_IN_CURRENT_INPUT
644,BATCH-036,21,BOOK-5,P15,KN-B4-P15-015,没有审判的结算,book-4-p15-15-settlement-without-judgment,planned,UNPUBLISHED,MANUSCRIPT_CORPUS_NOT_AVAILABLE_IN_CURRENT_INPUT
645,BATCH-036,22,BOOK-5,P15,KN-B4-P15-016,运行债务,book-4-p15-16-runtime-debt,planned,UNPUBLISHED,MANUSCRIPT_CORPUS_NOT_AVAILABLE_IN_CURRENT_INPUT
646,BATCH-036,23,BOOK-5,P15,KN-B4-P15-017,未完成运行,book-4-p15-17-unsettled-runtime,planned,UNPUBLISHED,MANUSCRIPT_CORPUS_NOT_AVAILABLE_IN_CURRENT_INPUT
647,BATCH-036,24,BOOK-5,P15,KN-B4-P15-018,没有真正消失,book-4-p15-18-no-true-disappearance,planned,UNPUBLISHED,MANUSCRIPT_CORPUS_NOT_AVAILABLE_IN_CURRENT_INPUT
648,BATCH-037,1,BOOK-5,P15,KN-B4-P15-019,运行残留,book-4-p15-19-runtime-residue-post-closure-continuity,planned,UNPUBLISHED,MANUSCRIPT_CORPUS_NOT_AVAILABLE_IN_CURRENT_INPUT
649,BATCH-037,2,BOOK-5,P15,KN-B4-P15-020,信息残留,book-4-p15-20-information-residue,planned,UNPUBLISHED,MANUSCRIPT_CORPUS_NOT_AVAILABLE_IN_CURRENT_INPUT
650,BATCH-037,3,BOOK-5,P15,KN-B4-P15-021,历史残留,book-4-p15-21-historical-residue,planned,UNPUBLISHED,MANUSCRIPT_CORPUS_NOT_AVAILABLE_IN_CURRENT_INPUT
651,BATCH-037,4,BOOK-5,P15,KN-B4-P15-022,叙事残留,book-4-p15-22-narrative-residue,planned,UNPUBLISHED,MANUSCRIPT_CORPUS_NOT_AVAILABLE_IN_CURRENT_INPUT
652,BATCH-037,5,BOOK-5,P15,KN-B4-P15-023,结构残留,book-4-p15-23-structural-residue,planned,UNPUBLISHED,MANUSCRIPT_CORPUS_NOT_AVAILABLE_IN_CURRENT_INPUT
653,BATCH-037,6,BOOK-5,P15,KN-B4-P15-024,技术残留,book-4-p15-24-technological-residue,planned,UNPUBLISHED,MANUSCRIPT_CORPUS_NOT_AVAILABLE_IN_CURRENT_INPUT
654,BATCH-037,7,BOOK-5,P15,KN-B4-P15-025,生态残留,book-4-p15-25-ecological-residue,planned,UNPUBLISHED,MANUSCRIPT_CORPUS_NOT_AVAILABLE_IN_CURRENT_INPUT
655,BATCH-037,8,BOOK-5,P15,KN-B4-P15-026,文明残留,book-4-p15-26-civilizational-residue,planned,UNPUBLISHED,MANUSCRIPT_CORPUS_NOT_AVAILABLE_IN_CURRENT_INPUT
656,BATCH-037,9,BOOK-5,P15,KN-B4-P15-027,残留转移,book-4-p15-27-residual-load-transfer,planned,UNPUBLISHED,MANUSCRIPT_CORPUS_NOT_AVAILABLE_IN_CURRENT_INPUT
657,BATCH-037,10,BOOK-5,P15,KN-B4-P15-028,残留映射,book-4-p15-28-residue-mapping,planned,UNPUBLISHED,MANUSCRIPT_CORPUS_NOT_AVAILABLE_IN_CURRENT_INPUT
658,BATCH-037,11,BOOK-5,P15,KN-B4-P15-029,个体记忆,book-4-p15-29-individual-memory,planned,UNPUBLISHED,MANUSCRIPT_CORPUS_NOT_AVAILABLE_IN_CURRENT_INPUT
659,BATCH-037,12,BOOK-5,P15,KN-B4-P15-030,集体记忆,book-4-p15-30-collective-memory,planned,UNPUBLISHED,MANUSCRIPT_CORPUS_NOT_AVAILABLE_IN_CURRENT_INPUT
660,BATCH-037,13,BOOK-5,P15,KN-B4-P15-031,运行档案,book-4-p15-31-runtime-archive,planned,UNPUBLISHED,MANUSCRIPT_CORPUS_NOT_AVAILABLE_IN_CURRENT_INPUT
661,BATCH-037,14,BOOK-5,P15,KN-B4-P15-032,文明记忆,book-4-p15-32-civilization-memory,planned,UNPUBLISHED,MANUSCRIPT_CORPUS_NOT_AVAILABLE_IN_CURRENT_INPUT
662,BATCH-037,15,BOOK-5,P15,KN-B4-P15-034,制度记忆,book-4-p15-34-institutional-memory,planned,UNPUBLISHED,MANUSCRIPT_CORPUS_NOT_AVAILABLE_IN_CURRENT_INPUT
663,BATCH-037,16,BOOK-5,P15,KN-B4-P15-035,文化记忆,book-4-p15-35-cultural-memory,planned,UNPUBLISHED,MANUSCRIPT_CORPUS_NOT_AVAILABLE_IN_CURRENT_INPUT
664,BATCH-037,17,BOOK-5,P15,KN-B4-P15-036,运行重建,book-4-p15-36-runtime-reconstruction,planned,UNPUBLISHED,MANUSCRIPT_CORPUS_NOT_AVAILABLE_IN_CURRENT_INPUT
665,BATCH-037,18,BOOK-5,P15,KN-B4-P15-037,生物连续性,book-4-p15-37-biological-continuity,planned,UNPUBLISHED,MANUSCRIPT_CORPUS_NOT_AVAILABLE_IN_CURRENT_INPUT
666,BATCH-037,19,BOOK-5,P15,KN-B4-P15-038,关系连续性,book-4-p15-38-relational-continuity,planned,UNPUBLISHED,MANUSCRIPT_CORPUS_NOT_AVAILABLE_IN_CURRENT_INPUT
667,BATCH-037,20,BOOK-5,P15,KN-B4-P15-039,文化连续性,book-4-p15-39-cultural-continuity,planned,UNPUBLISHED,MANUSCRIPT_CORPUS_NOT_AVAILABLE_IN_CURRENT_INPUT
668,BATCH-037,21,BOOK-5,P15,KN-B4-P15-040,信息连续性,book-4-p15-40-information-continuity,planned,UNPUBLISHED,MANUSCRIPT_CORPUS_NOT_AVAILABLE_IN_CURRENT_INPUT
669,BATCH-037,22,BOOK-5,P15,KN-B4-P15-041,结构连续性,book-4-p15-41-structural-continuity,planned,UNPUBLISHED,MANUSCRIPT_CORPUS_NOT_AVAILABLE_IN_CURRENT_INPUT
670,BATCH-037,23,BOOK-5,P15,KN-B4-P15-042,代际传递,book-4-p15-42-intergenerational-transfer,planned,UNPUBLISHED,MANUSCRIPT_CORPUS_NOT_AVAILABLE_IN_CURRENT_INPUT
671,BATCH-037,24,BOOK-5,P15,KN-B4-P15-043,代际债务,book-4-p15-43-intergenerational-debt,planned,UNPUBLISHED,MANUSCRIPT_CORPUS_NOT_AVAILABLE_IN_CURRENT_INPUT
672,BATCH-038,1,BOOK-5,P15,KN-B4-P15-044,运行迁移,book-4-p15-44-runtime-migration,planned,UNPUBLISHED,MANUSCRIPT_CORPUS_NOT_AVAILABLE_IN_CURRENT_INPUT
673,BATCH-038,2,BOOK-5,P15,KN-B4-P15-045,Reality 如何迁移至新的载体,book-4-p15-45-carrier-transition,planned,UNPUBLISHED,MANUSCRIPT_CORPUS_NOT_AVAILABLE_IN_CURRENT_INPUT
674,BATCH-038,3,BOOK-5,P15,KN-B4-P15-046,制度连续性,book-4-p15-46-institutional-continuity,planned,UNPUBLISHED,MANUSCRIPT_CORPUS_NOT_AVAILABLE_IN_CURRENT_INPUT
675,BATCH-038,4,BOOK-5,P15,KN-B4-P15-047,文明连续性,book-4-p15-47-civilizational-continuity,planned,UNPUBLISHED,MANUSCRIPT_CORPUS_NOT_AVAILABLE_IN_CURRENT_INPUT
676,BATCH-038,5,BOOK-5,P15,KN-B4-P15-048,人工连续性,book-4-p15-48-synthetic-continuity,planned,UNPUBLISHED,MANUSCRIPT_CORPUS_NOT_AVAILABLE_IN_CURRENT_INPUT
677,BATCH-038,6,BOOK-5,P15,KN-B4-P15-049,人工文明记忆,book-4-p15-49-artificial-civilization-memory,planned,UNPUBLISHED,MANUSCRIPT_CORPUS_NOT_AVAILABLE_IN_CURRENT_INPUT
678,BATCH-038,7,BOOK-5,P15,KN-B4-P15-050,人机档案,book-4-p15-50-human-ai-archives,planned,UNPUBLISHED,MANUSCRIPT_CORPUS_NOT_AVAILABLE_IN_CURRENT_INPUT
679,BATCH-038,8,BOOK-5,P15,KN-B4-P15-051,人工运行连续性,book-4-p15-51-synthetic-runtime-continuity,planned,UNPUBLISHED,MANUSCRIPT_CORPUS_NOT_AVAILABLE_IN_CURRENT_INPUT
680,BATCH-038,9,BOOK-5,P15,KN-B4-P15-052,文明向未来携带自身,book-4-p15-52-civilization-carry-forward,planned,UNPUBLISHED,MANUSCRIPT_CORPUS_NOT_AVAILABLE_IN_CURRENT_INPUT
681,BATCH-038,10,BOOK-5,P15,KN-B4-P15-053,超越载体,book-4-p15-53-evolution-beyond-carriers,planned,UNPUBLISHED,MANUSCRIPT_CORPUS_NOT_AVAILABLE_IN_CURRENT_INPUT
682,BATCH-038,11,BOOK-5,P15,KN-B4-P15-054,后生物运行,book-4-p15-54-post-biological-runtime,planned,UNPUBLISHED,MANUSCRIPT_CORPUS_NOT_AVAILABLE_IN_CURRENT_INPUT
683,BATCH-038,12,BOOK-5,P15,KN-B4-P15-055,超越人类 Reality,book-4-p15-55-reality-beyond-humanity,planned,UNPUBLISHED,MANUSCRIPT_CORPUS_NOT_AVAILABLE_IN_CURRENT_INPUT
684,BATCH-038,13,BOOK-5,P15,KN-B4-P15-056,Reality 是否需要人类,book-4-p15-56-does-reality-need-humans,planned,UNPUBLISHED,MANUSCRIPT_CORPUS_NOT_AVAILABLE_IN_CURRENT_INPUT
685,BATCH-038,14,BOOK-5,P15,KN-B4-P15-058,Reality 从未停止,book-4-p15-58-reality-never-stops,planned,UNPUBLISHED,MANUSCRIPT_CORPUS_NOT_AVAILABLE_IN_CURRENT_INPUT
686,BATCH-038,15,BOOK-5,P15,KN-B4-P15-059,稳定先于意义,book-4-p15-59-stability-before-meaning,planned,UNPUBLISHED,MANUSCRIPT_CORPUS_NOT_AVAILABLE_IN_CURRENT_INPUT
687,BATCH-038,16,BOOK-5,P15,KN-B4-P15-060,结束只是组织形式的结束,book-4-p15-60-the-closure-illusion,planned,UNPUBLISHED,MANUSCRIPT_CORPUS_NOT_AVAILABLE_IN_CURRENT_INPUT
688,BATCH-038,17,BOOK-5,P15,KN-B4-P15-061,连续性超越形式,book-4-p15-61-continuity-beyond-form,planned,UNPUBLISHED,MANUSCRIPT_CORPUS_NOT_AVAILABLE_IN_CURRENT_INPUT
689,BATCH-038,18,BOOK-5,P15,KN-B4-P15-062,未来 Runtime,book-4-p15-62-the-future-runtime,planned,UNPUBLISHED,MANUSCRIPT_CORPUS_NOT_AVAILABLE_IN_CURRENT_INPUT
690,BATCH-038,19,BOOK-5,P15,KN-B4-P15-063,PHI OS 连续性原理,book-4-p15-63-the-continuity-principle,planned,UNPUBLISHED,MANUSCRIPT_CORPUS_NOT_AVAILABLE_IN_CURRENT_INPUT
691,BATCH-038,20,BOOK-5,P15,KN-B4-P15-064,Reality 如何持续演化,book-4-p15-64-reality-evolution-continuity-outcome,planned,UNPUBLISHED,MANUSCRIPT_CORPUS_NOT_AVAILABLE_IN_CURRENT_INPUT
692,BATCH-038,21,BOOK-5,P15,KN-B4-P15-065,Runtime 如何持续演化,book-4-p15-65-runtime-evolution,planned,UNPUBLISHED,MANUSCRIPT_CORPUS_NOT_AVAILABLE_IN_CURRENT_INPUT
693,BATCH-038,22,BOOK-5,P15,KN-B4-P15-066,文明如何持续演化,book-4-p15-66-civilization-evolution,planned,UNPUBLISHED,MANUSCRIPT_CORPUS_NOT_AVAILABLE_IN_CURRENT_INPUT
694,BATCH-038,23,BOOK-5,P15,KN-B4-P15-067,Reading 永远不会结束,book-4-p15-67-reading-never-ends,planned,UNPUBLISHED,MANUSCRIPT_CORPUS_NOT_AVAILABLE_IN_CURRENT_INPUT
695,BATCH-038,24,BOOK-5,P15,KN-B4-P15-068,Navigation 永远不会结束,book-4-p15-68-navigation-never-ends,planned,UNPUBLISHED,MANUSCRIPT_CORPUS_NOT_AVAILABLE_IN_CURRENT_INPUT
696,BATCH-039,1,BOOK-5,P15,KN-B4-P15-069,Reality 永远不会结束,book-4-p15-69-reality-never-ends,planned,UNPUBLISHED,MANUSCRIPT_CORPUS_NOT_AVAILABLE_IN_CURRENT_INPUT
697,BATCH-039,2,BOOK-5,P15,KN-B4-P15-070,PHI OS 为什么存在,book-4-p15-70-the-phi-os-principle,planned,UNPUBLISHED,MANUSCRIPT_CORPUS_NOT_AVAILABLE_IN_CURRENT_INPUT
698,BATCH-039,3,BOOK-5,P15,KN-B4-P15-071,世界将如何继续,book-4-p15-71-the-final-question,planned,UNPUBLISHED,MANUSCRIPT_CORPUS_NOT_AVAILABLE_IN_CURRENT_INPUT
699,BATCH-013,6,BOOK-2,P7,KN-B2-P7-058,人工运行何时跨过工具集合与集体结构之间的边界,book-2-p7-52-ai-collective-threshold,planned,UNPUBLISHED,KAU_R3_HUMAN_APPROVED
700,BATCH-013,7,BOOK-2,P7,KN-B2-P7-059,为什么集体运行达到一定规模之后必须开始维护自身,book-2-p7-57-maintenance-threshold,planned,UNPUBLISHED,KAU_R3_HUMAN_APPROVED
701,BATCH-017,14,BOOK-3,P8,KN-B3-P8-048,维持边界,book-w1c-cna-p8-005,planned,UNPUBLISHED,MANUSCRIPT_CORPUS_NOT_AVAILABLE_IN_CURRENT_INPUT
702,BATCH-017,15,BOOK-3,P8,KN-B3-P8-049,阈值穿越,book-w1c-cna-p8-007,planned,UNPUBLISHED,MANUSCRIPT_CORPUS_NOT_AVAILABLE_IN_CURRENT_INPUT
703,BATCH-017,16,BOOK-3,P8,KN-B3-P8-050,崩溃前窗口,book-w1c-cna-p8-008,planned,UNPUBLISHED,MANUSCRIPT_CORPUS_NOT_AVAILABLE_IN_CURRENT_INPUT
704,BATCH-017,17,BOOK-3,P8,KN-B3-P8-051,维护学习,book-w1c-cna-p8-014,planned,UNPUBLISHED,MANUSCRIPT_CORPUS_NOT_AVAILABLE_IN_CURRENT_INPUT
705,BATCH-017,18,BOOK-3,P8,KN-B3-P8-052,组织恢复,book-w1c-cna-p8-016,planned,UNPUBLISHED,MANUSCRIPT_CORPUS_NOT_AVAILABLE_IN_CURRENT_INPUT
706,BATCH-017,19,BOOK-3,P8,KN-B3-P8-053,协调阈值,book-w1c-cna-p8-020,planned,UNPUBLISHED,MANUSCRIPT_CORPUS_NOT_AVAILABLE_IN_CURRENT_INPUT
707,BATCH-017,20,BOOK-3,P9,KN-B3-P9-040,Coordination Pressure,book-w1c-cna-p9-001,planned,UNPUBLISHED,MANUSCRIPT_CORPUS_NOT_AVAILABLE_IN_CURRENT_INPUT
708,BATCH-017,21,BOOK-3,P9,KN-B3-P9-041,Shared Constraints,book-w1c-cna-p9-002,planned,UNPUBLISHED,MANUSCRIPT_CORPUS_NOT_AVAILABLE_IN_CURRENT_INPUT
709,BATCH-017,22,BOOK-3,P9,KN-B3-P9-042,Shared Objectives,book-w1c-cna-p9-003,planned,UNPUBLISHED,MANUSCRIPT_CORPUS_NOT_AVAILABLE_IN_CURRENT_INPUT
710,BATCH-017,23,BOOK-3,P9,KN-B3-P9-043,Shared Responsibilities,book-w1c-cna-p9-004,planned,UNPUBLISHED,MANUSCRIPT_CORPUS_NOT_AVAILABLE_IN_CURRENT_INPUT
711,BATCH-017,24,BOOK-3,P9,KN-B3-P9-044,Coordination Legitimacy,book-w1c-cna-p9-005,planned,UNPUBLISHED,MANUSCRIPT_CORPUS_NOT_AVAILABLE_IN_CURRENT_INPUT
712,BATCH-018,1,BOOK-3,P9,KN-B3-P9-045,Coordination Compliance,book-w1c-cna-p9-006,planned,UNPUBLISHED,MANUSCRIPT_CORPUS_NOT_AVAILABLE_IN_CURRENT_INPUT
713,BATCH-018,2,BOOK-3,P9,KN-B3-P9-046,Cultural Coordination,book-w1c-cna-p9-007,planned,UNPUBLISHED,MANUSCRIPT_CORPUS_NOT_AVAILABLE_IN_CURRENT_INPUT
714,BATCH-018,3,BOOK-3,P9,KN-B3-P9-047,协调学习,book-w1c-cna-p9-008,planned,UNPUBLISHED,MANUSCRIPT_CORPUS_NOT_AVAILABLE_IN_CURRENT_INPUT
715,BATCH-018,4,BOOK-3,P9,KN-B3-P9-048,协调连续,book-w1c-cna-p9-009,planned,UNPUBLISHED,MANUSCRIPT_CORPUS_NOT_AVAILABLE_IN_CURRENT_INPUT
716,BATCH-018,5,BOOK-3,P9,KN-B3-P9-049,共同维持,book-w1c-cna-p9-010,planned,UNPUBLISHED,MANUSCRIPT_CORPUS_NOT_AVAILABLE_IN_CURRENT_INPUT
717,BATCH-018,6,BOOK-3,P9,KN-B3-P9-050,连续性形成,book-w1c-cna-p9-011,planned,UNPUBLISHED,MANUSCRIPT_CORPUS_NOT_AVAILABLE_IN_CURRENT_INPUT
718,BATCH-018,7,BOOK-3,P9,KN-B3-P9-051,扩展准备,book-w1c-cna-p9-012,planned,UNPUBLISHED,MANUSCRIPT_CORPUS_NOT_AVAILABLE_IN_CURRENT_INPUT
719,BATCH-018,8,BOOK-3,P9,KN-B3-P9-052,扩展阈值,book-w1c-cna-p9-013,planned,UNPUBLISHED,MANUSCRIPT_CORPUS_NOT_AVAILABLE_IN_CURRENT_INPUT
720,BATCH-026,13,BOOK-4,P10,KN-B4-P10-078,尺度边界,book-w1c-cna-p10-001,planned,UNPUBLISHED,MANUSCRIPT_CORPUS_NOT_AVAILABLE_IN_CURRENT_INPUT
721,BATCH-026,14,BOOK-4,P10,KN-B4-P10-079,载体延伸,book-w1c-cna-p10-002,planned,UNPUBLISHED,MANUSCRIPT_CORPUS_NOT_AVAILABLE_IN_CURRENT_INPUT
722,BATCH-026,15,BOOK-4,P10,KN-B4-P10-080,运行复制,book-w1c-cna-p10-005,planned,UNPUBLISHED,MANUSCRIPT_CORPUS_NOT_AVAILABLE_IN_CURRENT_INPUT
723,BATCH-026,16,BOOK-4,P10,KN-B4-P10-081,运行传播,book-w1c-cna-p10-006,planned,UNPUBLISHED,MANUSCRIPT_CORPUS_NOT_AVAILABLE_IN_CURRENT_INPUT
724,BATCH-026,17,BOOK-4,P10,KN-B4-P10-082,运行放大,book-w1c-cna-p10-007,planned,UNPUBLISHED,MANUSCRIPT_CORPUS_NOT_AVAILABLE_IN_CURRENT_INPUT
725,BATCH-026,18,BOOK-4,P10,KN-B4-P10-083,跨尺度耦合,book-w1c-cna-p10-009,planned,UNPUBLISHED,MANUSCRIPT_CORPUS_NOT_AVAILABLE_IN_CURRENT_INPUT
726,BATCH-026,19,BOOK-4,P10,KN-B4-P10-084,尺度转换,book-w1c-cna-p10-010,planned,UNPUBLISHED,MANUSCRIPT_CORPUS_NOT_AVAILABLE_IN_CURRENT_INPUT
727,BATCH-026,20,BOOK-4,P10,KN-B4-P10-085,跨尺度整合,book-w1c-cna-p10-011,planned,UNPUBLISHED,MANUSCRIPT_CORPUS_NOT_AVAILABLE_IN_CURRENT_INPUT
728,BATCH-026,21,BOOK-4,P10,KN-B4-P10-086,下一尺度,book-w1c-cna-p10-012,planned,UNPUBLISHED,MANUSCRIPT_CORPUS_NOT_AVAILABLE_IN_CURRENT_INPUT
729,BATCH-026,22,BOOK-4,P10,KN-B4-P10-087,承载节点,book-w1c-cna-p10-013,planned,UNPUBLISHED,MANUSCRIPT_CORPUS_NOT_AVAILABLE_IN_CURRENT_INPUT
730,BATCH-026,23,BOOK-4,P10,KN-B4-P10-088,协调节点,book-w1c-cna-p10-014,planned,UNPUBLISHED,MANUSCRIPT_CORPUS_NOT_AVAILABLE_IN_CURRENT_INPUT
731,BATCH-026,24,BOOK-4,P10,KN-B4-P10-089,分发节点,book-w1c-cna-p10-019,planned,UNPUBLISHED,MANUSCRIPT_CORPUS_NOT_AVAILABLE_IN_CURRENT_INPUT
732,BATCH-027,1,BOOK-4,P10,KN-B4-P10-090,尺度失配,book-w1c-cna-p10-023,planned,UNPUBLISHED,MANUSCRIPT_CORPUS_NOT_AVAILABLE_IN_CURRENT_INPUT
733,BATCH-027,2,BOOK-4,P10,KN-B4-P10-091,协调尺度极限,book-w1c-cna-p10-026,planned,UNPUBLISHED,MANUSCRIPT_CORPUS_NOT_AVAILABLE_IN_CURRENT_INPUT
734,BATCH-027,3,BOOK-4,P10,KN-B4-P10-092,未来容量,book-w1c-cna-p10-032,planned,UNPUBLISHED,MANUSCRIPT_CORPUS_NOT_AVAILABLE_IN_CURRENT_INPUT
735,BATCH-027,4,BOOK-4,P10,KN-B4-P10-093,替代能力,book-w1c-cna-p10-034,planned,UNPUBLISHED,MANUSCRIPT_CORPUS_NOT_AVAILABLE_IN_CURRENT_INPUT
736,BATCH-027,5,BOOK-4,P10,KN-B4-P10-094,未来生产,book-w1c-cna-p10-035,planned,UNPUBLISHED,MANUSCRIPT_CORPUS_NOT_AVAILABLE_IN_CURRENT_INPUT
737,BATCH-027,6,BOOK-4,P10,KN-B4-P10-095,未来生产失效,book-w1c-cna-p10-036,planned,UNPUBLISHED,MANUSCRIPT_CORPUS_NOT_AVAILABLE_IN_CURRENT_INPUT
738,BATCH-027,7,BOOK-4,P10,KN-B4-P10-096,技术作为压缩器,book-w1c-cna-p10-039,planned,UNPUBLISHED,MANUSCRIPT_CORPUS_NOT_AVAILABLE_IN_CURRENT_INPUT
739,BATCH-027,8,BOOK-4,P10,KN-B4-P10-097,人工复制,book-w1c-cna-p10-040,planned,UNPUBLISHED,MANUSCRIPT_CORPUS_NOT_AVAILABLE_IN_CURRENT_INPUT
740,BATCH-027,9,BOOK-4,P10,KN-B4-P10-098,机器分发,book-w1c-cna-p10-042,planned,UNPUBLISHED,MANUSCRIPT_CORPUS_NOT_AVAILABLE_IN_CURRENT_INPUT
741,BATCH-027,10,BOOK-4,P10,KN-B4-P10-099,人机尺度协作,book-w1c-cna-p10-043,planned,UNPUBLISHED,MANUSCRIPT_CORPUS_NOT_AVAILABLE_IN_CURRENT_INPUT
742,BATCH-027,11,BOOK-4,P10,KN-B4-P10-100,人工载体形成,book-w1c-cna-p10-044,planned,UNPUBLISHED,MANUSCRIPT_CORPUS_NOT_AVAILABLE_IN_CURRENT_INPUT
743,BATCH-027,12,BOOK-4,P10,KN-B4-P10-101,后人类载体,book-w1c-cna-p10-045,planned,UNPUBLISHED,MANUSCRIPT_CORPUS_NOT_AVAILABLE_IN_CURRENT_INPUT
744,BATCH-027,13,BOOK-4,P10,KN-B4-P10-102,尺度继任,book-w1c-cna-p10-047,planned,UNPUBLISHED,MANUSCRIPT_CORPUS_NOT_AVAILABLE_IN_CURRENT_INPUT
745,BATCH-027,14,BOOK-4,P10,KN-B4-P10-103,文明阈值,book-w1c-cna-p10-049,planned,UNPUBLISHED,MANUSCRIPT_CORPUS_NOT_AVAILABLE_IN_CURRENT_INPUT
746,BATCH-027,15,BOOK-4,P11,KN-B4-P11-065,跨世代运行,book-w1c-cna-p11-002,planned,UNPUBLISHED,MANUSCRIPT_CORPUS_NOT_AVAILABLE_IN_CURRENT_INPUT
747,BATCH-027,16,BOOK-4,P11,KN-B4-P11-066,文明身份,book-w1c-cna-p11-004,planned,UNPUBLISHED,MANUSCRIPT_CORPUS_NOT_AVAILABLE_IN_CURRENT_INPUT
748,BATCH-027,17,BOOK-4,P11,KN-B4-P11-067,文明参与,book-w1c-cna-p11-007,planned,UNPUBLISHED,MANUSCRIPT_CORPUS_NOT_AVAILABLE_IN_CURRENT_INPUT
749,BATCH-027,18,BOOK-4,P11,KN-B4-P11-068,文明激励,book-w1c-cna-p11-008,planned,UNPUBLISHED,MANUSCRIPT_CORPUS_NOT_AVAILABLE_IN_CURRENT_INPUT
750,BATCH-027,19,BOOK-4,P11,KN-B4-P11-069,权力分布,book-w1c-cna-p11-009,planned,UNPUBLISHED,MANUSCRIPT_CORPUS_NOT_AVAILABLE_IN_CURRENT_INPUT
751,BATCH-027,20,BOOK-4,P11,KN-B4-P11-070,文明学习,book-w1c-cna-p11-010,planned,UNPUBLISHED,MANUSCRIPT_CORPUS_NOT_AVAILABLE_IN_CURRENT_INPUT
752,BATCH-027,21,BOOK-4,P11,KN-B4-P11-071,文明压缩,book-w1c-cna-p11-011,planned,UNPUBLISHED,MANUSCRIPT_CORPUS_NOT_AVAILABLE_IN_CURRENT_INPUT
753,BATCH-027,22,BOOK-4,P11,KN-B4-P11-072,复杂度增长,book-w1c-cna-p11-012,planned,UNPUBLISHED,MANUSCRIPT_CORPUS_NOT_AVAILABLE_IN_CURRENT_INPUT
754,BATCH-027,23,BOOK-4,P11,KN-B4-P11-073,文明选择,book-w1c-cna-p11-013,planned,UNPUBLISHED,MANUSCRIPT_CORPUS_NOT_AVAILABLE_IN_CURRENT_INPUT
755,BATCH-027,24,BOOK-4,P11,KN-B4-P11-074,文明继任,book-w1c-cna-p11-014,planned,UNPUBLISHED,MANUSCRIPT_CORPUS_NOT_AVAILABLE_IN_CURRENT_INPUT
756,BATCH-028,1,BOOK-4,P11,KN-B4-P11-075,文明遗产,book-w1c-cna-p11-021,planned,UNPUBLISHED,MANUSCRIPT_CORPUS_NOT_AVAILABLE_IN_CURRENT_INPUT
757,BATCH-028,2,BOOK-4,P11,KN-B4-P11-076,人工组织,book-w1c-cna-p11-022,planned,UNPUBLISHED,MANUSCRIPT_CORPUS_NOT_AVAILABLE_IN_CURRENT_INPUT
758,BATCH-028,3,BOOK-4,P12,KN-B4-P12-047,文明图谱,book-w1c-cna-p12-001,planned,UNPUBLISHED,MANUSCRIPT_CORPUS_NOT_AVAILABLE_IN_CURRENT_INPUT
759,BATCH-028,4,BOOK-4,P12,KN-B4-P12-048,文明观察单位,book-w1c-cna-p12-002,planned,UNPUBLISHED,MANUSCRIPT_CORPUS_NOT_AVAILABLE_IN_CURRENT_INPUT
760,BATCH-028,5,BOOK-4,P12,KN-B4-P12-049,文明尺度层级,book-w1c-cna-p12-003,planned,UNPUBLISHED,MANUSCRIPT_CORPUS_NOT_AVAILABLE_IN_CURRENT_INPUT
761,BATCH-028,6,BOOK-4,P12,KN-B4-P12-050,文明版本,book-w1c-cna-p12-004,planned,UNPUBLISHED,MANUSCRIPT_CORPUS_NOT_AVAILABLE_IN_CURRENT_INPUT
762,BATCH-028,7,BOOK-4,P12,KN-B4-P12-051,文明比较边界,book-w1c-cna-p12-005,planned,UNPUBLISHED,MANUSCRIPT_CORPUS_NOT_AVAILABLE_IN_CURRENT_INPUT
763,BATCH-028,8,BOOK-4,P12,KN-B4-P12-052,文明尺度坐标,book-w1c-cna-p12-006,planned,UNPUBLISHED,MANUSCRIPT_CORPUS_NOT_AVAILABLE_IN_CURRENT_INPUT
764,BATCH-028,9,BOOK-4,P12,KN-B4-P12-053,文明适应能力,book-w1c-cna-p12-007,planned,UNPUBLISHED,MANUSCRIPT_CORPUS_NOT_AVAILABLE_IN_CURRENT_INPUT
765,BATCH-028,10,BOOK-4,P12,KN-B4-P12-054,文明扩展能力,book-w1c-cna-p12-008,planned,UNPUBLISHED,MANUSCRIPT_CORPUS_NOT_AVAILABLE_IN_CURRENT_INPUT
766,BATCH-028,11,BOOK-4,P12,KN-B4-P12-055,文明未来容量,book-w1c-cna-p12-009,planned,UNPUBLISHED,MANUSCRIPT_CORPUS_NOT_AVAILABLE_IN_CURRENT_INPUT
767,BATCH-028,12,BOOK-4,P12,KN-B4-P12-056,文明轨迹,book-w1c-cna-p12-010,planned,UNPUBLISHED,MANUSCRIPT_CORPUS_NOT_AVAILABLE_IN_CURRENT_INPUT
768,BATCH-028,13,BOOK-4,P12,KN-B4-P12-057,历史压缩,book-w1c-cna-p12-011,planned,UNPUBLISHED,MANUSCRIPT_CORPUS_NOT_AVAILABLE_IN_CURRENT_INPUT
769,BATCH-028,14,BOOK-4,P12,KN-B4-P12-058,扩展窗口,book-w1c-cna-p12-012,planned,UNPUBLISHED,MANUSCRIPT_CORPUS_NOT_AVAILABLE_IN_CURRENT_INPUT
770,BATCH-028,15,BOOK-4,P12,KN-B4-P12-059,结构转型窗口,book-w1c-cna-p12-013,planned,UNPUBLISHED,MANUSCRIPT_CORPUS_NOT_AVAILABLE_IN_CURRENT_INPUT
771,BATCH-028,16,BOOK-4,P12,KN-B4-P12-060,文明路径依赖,book-w1c-cna-p12-014,planned,UNPUBLISHED,MANUSCRIPT_CORPUS_NOT_AVAILABLE_IN_CURRENT_INPUT
772,BATCH-028,17,BOOK-4,P12,KN-B4-P12-061,文明历史分叉,book-w1c-cna-p12-015,planned,UNPUBLISHED,MANUSCRIPT_CORPUS_NOT_AVAILABLE_IN_CURRENT_INPUT
773,BATCH-028,18,BOOK-4,P12,KN-B4-P12-062,文明扩展模式,book-w1c-cna-p12-016,planned,UNPUBLISHED,MANUSCRIPT_CORPUS_NOT_AVAILABLE_IN_CURRENT_INPUT
774,BATCH-028,19,BOOK-4,P12,KN-B4-P12-063,空间扩展,book-w1c-cna-p12-017,planned,UNPUBLISHED,MANUSCRIPT_CORPUS_NOT_AVAILABLE_IN_CURRENT_INPUT
775,BATCH-028,20,BOOK-4,P12,KN-B4-P12-064,制度扩展,book-w1c-cna-p12-018,planned,UNPUBLISHED,MANUSCRIPT_CORPUS_NOT_AVAILABLE_IN_CURRENT_INPUT
776,BATCH-028,21,BOOK-4,P12,KN-B4-P12-065,经济扩展,book-w1c-cna-p12-019,planned,UNPUBLISHED,MANUSCRIPT_CORPUS_NOT_AVAILABLE_IN_CURRENT_INPUT
777,BATCH-028,22,BOOK-4,P12,KN-B4-P12-066,文化扩展,book-w1c-cna-p12-020,planned,UNPUBLISHED,MANUSCRIPT_CORPUS_NOT_AVAILABLE_IN_CURRENT_INPUT
778,BATCH-028,23,BOOK-4,P12,KN-B4-P12-067,知识扩展,book-w1c-cna-p12-021,planned,UNPUBLISHED,MANUSCRIPT_CORPUS_NOT_AVAILABLE_IN_CURRENT_INPUT
779,BATCH-028,24,BOOK-4,P12,KN-B4-P12-068,技术扩展,book-w1c-cna-p12-022,planned,UNPUBLISHED,MANUSCRIPT_CORPUS_NOT_AVAILABLE_IN_CURRENT_INPUT
780,BATCH-029,1,BOOK-4,P12,KN-B4-P12-069,网络扩展,book-w1c-cna-p12-023,planned,UNPUBLISHED,MANUSCRIPT_CORPUS_NOT_AVAILABLE_IN_CURRENT_INPUT
781,BATCH-029,2,BOOK-4,P12,KN-B4-P12-070,文明影响半径,book-w1c-cna-p12-025,planned,UNPUBLISHED,MANUSCRIPT_CORPUS_NOT_AVAILABLE_IN_CURRENT_INPUT
782,BATCH-029,3,BOOK-4,P12,KN-B4-P12-071,扩展负载,book-w1c-cna-p12-026,planned,UNPUBLISHED,MANUSCRIPT_CORPUS_NOT_AVAILABLE_IN_CURRENT_INPUT
783,BATCH-029,4,BOOK-4,P12,KN-B4-P12-072,结构负载,book-w1c-cna-p12-027,planned,UNPUBLISHED,MANUSCRIPT_CORPUS_NOT_AVAILABLE_IN_CURRENT_INPUT
784,BATCH-029,5,BOOK-4,P12,KN-B4-P12-073,人口负载,book-w1c-cna-p12-028,planned,UNPUBLISHED,MANUSCRIPT_CORPUS_NOT_AVAILABLE_IN_CURRENT_INPUT
785,BATCH-029,6,BOOK-4,P12,KN-B4-P12-074,知识负载,book-w1c-cna-p12-029,planned,UNPUBLISHED,MANUSCRIPT_CORPUS_NOT_AVAILABLE_IN_CURRENT_INPUT
786,BATCH-029,7,BOOK-4,P12,KN-B4-P12-075,基础设施负载,book-w1c-cna-p12-030,planned,UNPUBLISHED,MANUSCRIPT_CORPUS_NOT_AVAILABLE_IN_CURRENT_INPUT
787,BATCH-029,8,BOOK-4,P12,KN-B4-P12-076,时间负载,book-w1c-cna-p12-031,planned,UNPUBLISHED,MANUSCRIPT_CORPUS_NOT_AVAILABLE_IN_CURRENT_INPUT
788,BATCH-029,9,BOOK-4,P12,KN-B4-P12-077,未来压缩,book-w1c-cna-p12-032,planned,UNPUBLISHED,MANUSCRIPT_CORPUS_NOT_AVAILABLE_IN_CURRENT_INPUT
789,BATCH-029,10,BOOK-4,P12,KN-B4-P12-078,文明扩展边界,book-w1c-cna-p12-033,planned,UNPUBLISHED,MANUSCRIPT_CORPUS_NOT_AVAILABLE_IN_CURRENT_INPUT
790,BATCH-029,11,BOOK-4,P12,KN-B4-P12-079,载体依赖,book-w1c-cna-p12-040,planned,UNPUBLISHED,MANUSCRIPT_CORPUS_NOT_AVAILABLE_IN_CURRENT_INPUT
791,BATCH-029,12,BOOK-4,P12,KN-B4-P12-080,历史文明案例架构,book-w1c-cna-p12-043,planned,UNPUBLISHED,MANUSCRIPT_CORPUS_NOT_AVAILABLE_IN_CURRENT_INPUT
792,BATCH-029,13,BOOK-4,P12,KN-B4-P12-081,文明案例识别,book-w1c-cna-p12-044,planned,UNPUBLISHED,MANUSCRIPT_CORPUS_NOT_AVAILABLE_IN_CURRENT_INPUT
793,BATCH-029,14,BOOK-4,P12,KN-B4-P12-082,文明阶段切分,book-w1c-cna-p12-045,planned,UNPUBLISHED,MANUSCRIPT_CORPUS_NOT_AVAILABLE_IN_CURRENT_INPUT
794,BATCH-029,15,BOOK-4,P12,KN-B4-P12-083,跨文明比较,book-w1c-cna-p12-046,planned,UNPUBLISHED,MANUSCRIPT_CORPUS_NOT_AVAILABLE_IN_CURRENT_INPUT
795,BATCH-029,16,BOOK-4,P12,KN-B4-P12-084,文明接触,book-w1c-cna-p12-048,planned,UNPUBLISHED,MANUSCRIPT_CORPUS_NOT_AVAILABLE_IN_CURRENT_INPUT
796,BATCH-029,17,BOOK-4,P12,KN-B4-P12-085,文明吸收,book-w1c-cna-p12-049,planned,UNPUBLISHED,MANUSCRIPT_CORPUS_NOT_AVAILABLE_IN_CURRENT_INPUT
797,BATCH-029,18,BOOK-4,P12,KN-B4-P12-086,文明融合,book-w1c-cna-p12-050,planned,UNPUBLISHED,MANUSCRIPT_CORPUS_NOT_AVAILABLE_IN_CURRENT_INPUT
798,BATCH-029,19,BOOK-4,P12,KN-B4-P12-087,投影窗口,book-w1c-cna-p12-052,planned,UNPUBLISHED,MANUSCRIPT_CORPUS_NOT_AVAILABLE_IN_CURRENT_INPUT
799,BATCH-029,20,BOOK-4,P12,KN-B4-P12-088,运行层投影,book-w1c-cna-p12-053,planned,UNPUBLISHED,MANUSCRIPT_CORPUS_NOT_AVAILABLE_IN_CURRENT_INPUT
800,BATCH-029,21,BOOK-4,P12,KN-B4-P12-089,运行轨迹投影,book-w1c-cna-p12-054,planned,UNPUBLISHED,MANUSCRIPT_CORPUS_NOT_AVAILABLE_IN_CURRENT_INPUT
801,BATCH-029,22,BOOK-4,P12,KN-B4-P12-090,角色拓扑投影,book-w1c-cna-p12-055,planned,UNPUBLISHED,MANUSCRIPT_CORPUS_NOT_AVAILABLE_IN_CURRENT_INPUT
802,BATCH-029,23,BOOK-4,P12,KN-B4-P12-091,历史时间与投影时间,book-w1c-cna-p12-056,planned,UNPUBLISHED,MANUSCRIPT_CORPUS_NOT_AVAILABLE_IN_CURRENT_INPUT
803,BATCH-029,24,BOOK-4,P12,KN-B4-P12-092,投影支持,book-w1c-cna-p12-059,planned,UNPUBLISHED,MANUSCRIPT_CORPUS_NOT_AVAILABLE_IN_CURRENT_INPUT
804,BATCH-030,1,BOOK-4,P12,KN-B4-P12-093,投影失配,book-w1c-cna-p12-060,planned,UNPUBLISHED,MANUSCRIPT_CORPUS_NOT_AVAILABLE_IN_CURRENT_INPUT
805,BATCH-030,2,BOOK-4,P12,KN-B4-P12-094,文明轨迹,book-w1c-cna-p12-062,planned,UNPUBLISHED,MANUSCRIPT_CORPUS_NOT_AVAILABLE_IN_CURRENT_INPUT
806,BATCH-030,3,BOOK-4,P12,KN-B4-P12-095,文明方向,book-w1c-cna-p12-063,planned,UNPUBLISHED,MANUSCRIPT_CORPUS_NOT_AVAILABLE_IN_CURRENT_INPUT
807,BATCH-030,4,BOOK-4,P12,KN-B4-P12-096,文明未知边界,book-w1c-cna-p12-066,planned,UNPUBLISHED,MANUSCRIPT_CORPUS_NOT_AVAILABLE_IN_CURRENT_INPUT
808,BATCH-030,5,BOOK-4,P12,KN-B4-P12-097,文明图谱完成,book-w1c-cna-p12-067,planned,UNPUBLISHED,MANUSCRIPT_CORPUS_NOT_AVAILABLE_IN_CURRENT_INPUT
809,BATCH-030,6,BOOK-4,P12,KN-B4-P12-098,观察阈值,book-w1c-cna-p12-068,planned,UNPUBLISHED,MANUSCRIPT_CORPUS_NOT_AVAILABLE_IN_CURRENT_INPUT
810,BATCH-039,4,BOOK-5,P13,KN-B5-P13-076,证据来源,book-w1c-cna-p13-001,planned,UNPUBLISHED,MANUSCRIPT_CORPUS_NOT_AVAILABLE_IN_CURRENT_INPUT
811,BATCH-039,5,BOOK-5,P13,KN-B5-P13-077,投影来源,book-w1c-cna-p13-003,planned,UNPUBLISHED,MANUSCRIPT_CORPUS_NOT_AVAILABLE_IN_CURRENT_INPUT
812,BATCH-039,6,BOOK-5,P13,KN-B5-P13-078,投影尺度,book-w1c-cna-p13-004,planned,UNPUBLISHED,MANUSCRIPT_CORPUS_NOT_AVAILABLE_IN_CURRENT_INPUT
813,BATCH-039,7,BOOK-5,P13,KN-B5-P13-079,读取对象,book-w1c-cna-p13-006,planned,UNPUBLISHED,MANUSCRIPT_CORPUS_NOT_AVAILABLE_IN_CURRENT_INPUT
814,BATCH-039,8,BOOK-5,P13,KN-B5-P13-080,读取尺度,book-w1c-cna-p13-007,planned,UNPUBLISHED,MANUSCRIPT_CORPUS_NOT_AVAILABLE_IN_CURRENT_INPUT
815,BATCH-039,9,BOOK-5,P13,KN-B5-P13-081,投影进入读取,book-w1c-cna-p13-008,planned,UNPUBLISHED,MANUSCRIPT_CORPUS_NOT_AVAILABLE_IN_CURRENT_INPUT
816,BATCH-039,10,BOOK-5,P13,KN-B5-P13-082,读取一致性,book-w1c-cna-p13-009,planned,UNPUBLISHED,MANUSCRIPT_CORPUS_NOT_AVAILABLE_IN_CURRENT_INPUT
817,BATCH-039,11,BOOK-5,P13,KN-B5-P13-083,读取版本,book-w1c-cna-p13-010,planned,UNPUBLISHED,MANUSCRIPT_CORPUS_NOT_AVAILABLE_IN_CURRENT_INPUT
818,BATCH-039,12,BOOK-5,P13,KN-B5-P13-084,解释比较,book-w1c-cna-p13-011,planned,UNPUBLISHED,MANUSCRIPT_CORPUS_NOT_AVAILABLE_IN_CURRENT_INPUT
819,BATCH-039,13,BOOK-5,P13,KN-B5-P13-085,投影治理,book-w1c-cna-p13-012,planned,UNPUBLISHED,MANUSCRIPT_CORPUS_NOT_AVAILABLE_IN_CURRENT_INPUT
820,BATCH-039,14,BOOK-5,P13,KN-B5-P13-086,读取作为重建,book-w1c-cna-p13-014,planned,UNPUBLISHED,MANUSCRIPT_CORPUS_NOT_AVAILABLE_IN_CURRENT_INPUT
821,BATCH-039,15,BOOK-5,P13,KN-B5-P13-087,读取作为参与,book-w1c-cna-p13-015,planned,UNPUBLISHED,MANUSCRIPT_CORPUS_NOT_AVAILABLE_IN_CURRENT_INPUT
822,BATCH-039,16,BOOK-5,P13,KN-B5-P13-088,读取作为影响,book-w1c-cna-p13-016,planned,UNPUBLISHED,MANUSCRIPT_CORPUS_NOT_AVAILABLE_IN_CURRENT_INPUT
823,BATCH-039,17,BOOK-5,P13,KN-B5-P13-089,读取与决定,book-w1c-cna-p13-017,planned,UNPUBLISHED,MANUSCRIPT_CORPUS_NOT_AVAILABLE_IN_CURRENT_INPUT
824,BATCH-039,18,BOOK-5,P14,KN-B5-P14-053,压力诊断,book-w1c-cna-p14-004,planned,UNPUBLISHED,MANUSCRIPT_CORPUS_NOT_AVAILABLE_IN_CURRENT_INPUT
825,BATCH-039,19,BOOK-5,P14,KN-B5-P14-054,漂移诊断,book-w1c-cna-p14-005,planned,UNPUBLISHED,MANUSCRIPT_CORPUS_NOT_AVAILABLE_IN_CURRENT_INPUT
826,BATCH-039,20,BOOK-5,P14,KN-B5-P14-055,碎裂诊断,book-w1c-cna-p14-006,planned,UNPUBLISHED,MANUSCRIPT_CORPUS_NOT_AVAILABLE_IN_CURRENT_INPUT
827,BATCH-039,21,BOOK-5,P14,KN-B5-P14-056,饱和诊断,book-w1c-cna-p14-007,planned,UNPUBLISHED,MANUSCRIPT_CORPUS_NOT_AVAILABLE_IN_CURRENT_INPUT
828,BATCH-039,22,BOOK-5,P14,KN-B5-P14-057,停滞诊断,book-w1c-cna-p14-008,planned,UNPUBLISHED,MANUSCRIPT_CORPUS_NOT_AVAILABLE_IN_CURRENT_INPUT
829,BATCH-039,23,BOOK-5,P14,KN-B5-P14-058,结构失配诊断,book-w1c-cna-p14-009,planned,UNPUBLISHED,MANUSCRIPT_CORPUS_NOT_AVAILABLE_IN_CURRENT_INPUT
830,BATCH-039,24,BOOK-5,P14,KN-B5-P14-059,方向边界,book-w1c-cna-p14-013,planned,UNPUBLISHED,MANUSCRIPT_CORPUS_NOT_AVAILABLE_IN_CURRENT_INPUT
831,BATCH-040,1,BOOK-5,P14,KN-B5-P14-060,路径形成,book-w1c-cna-p14-014,planned,UNPUBLISHED,MANUSCRIPT_CORPUS_NOT_AVAILABLE_IN_CURRENT_INPUT
832,BATCH-040,2,BOOK-5,P14,KN-B5-P14-061,最小改变路径,book-w1c-cna-p14-015,planned,UNPUBLISHED,MANUSCRIPT_CORPUS_NOT_AVAILABLE_IN_CURRENT_INPUT
833,BATCH-040,3,BOOK-5,P14,KN-B5-P14-062,结构调整路径,book-w1c-cna-p14-016,planned,UNPUBLISHED,MANUSCRIPT_CORPUS_NOT_AVAILABLE_IN_CURRENT_INPUT
834,BATCH-040,4,BOOK-5,P14,KN-B5-P14-063,路径依赖,book-w1c-cna-p14-018,planned,UNPUBLISHED,MANUSCRIPT_CORPUS_NOT_AVAILABLE_IN_CURRENT_INPUT
835,BATCH-040,5,BOOK-5,P14,KN-B5-P14-064,路径可逆性,book-w1c-cna-p14-019,planned,UNPUBLISHED,MANUSCRIPT_CORPUS_NOT_AVAILABLE_IN_CURRENT_INPUT
836,BATCH-040,6,BOOK-5,P14,KN-B5-P14-065,风险与机会,book-w1c-cna-p14-021,planned,UNPUBLISHED,MANUSCRIPT_CORPUS_NOT_AVAILABLE_IN_CURRENT_INPUT
837,BATCH-040,7,BOOK-5,P14,KN-B5-P14-066,决定窗口,book-w1c-cna-p14-022,planned,UNPUBLISHED,MANUSCRIPT_CORPUS_NOT_AVAILABLE_IN_CURRENT_INPUT
838,BATCH-040,8,BOOK-5,P14,KN-B5-P14-067,适应性决定,book-w1c-cna-p14-023,planned,UNPUBLISHED,MANUSCRIPT_CORPUS_NOT_AVAILABLE_IN_CURRENT_INPUT
839,BATCH-040,9,BOOK-5,P14,KN-B5-P14-068,决定边界,book-w1c-cna-p14-024,planned,UNPUBLISHED,MANUSCRIPT_CORPUS_NOT_AVAILABLE_IN_CURRENT_INPUT
840,BATCH-040,10,BOOK-5,P14,KN-B5-P14-069,行动尺度,book-w1c-cna-p14-026,planned,UNPUBLISHED,MANUSCRIPT_CORPUS_NOT_AVAILABLE_IN_CURRENT_INPUT
841,BATCH-040,11,BOOK-5,P14,KN-B5-P14-070,行动顺序,book-w1c-cna-p14-027,planned,UNPUBLISHED,MANUSCRIPT_CORPUS_NOT_AVAILABLE_IN_CURRENT_INPUT
842,BATCH-040,12,BOOK-5,P14,KN-B5-P14-071,行动资源,book-w1c-cna-p14-028,planned,UNPUBLISHED,MANUSCRIPT_CORPUS_NOT_AVAILABLE_IN_CURRENT_INPUT
843,BATCH-040,13,BOOK-5,P14,KN-B5-P14-072,行动权限,book-w1c-cna-p14-029,planned,UNPUBLISHED,MANUSCRIPT_CORPUS_NOT_AVAILABLE_IN_CURRENT_INPUT
844,BATCH-040,14,BOOK-5,P14,KN-B5-P14-073,结构行动,book-w1c-cna-p14-032,planned,UNPUBLISHED,MANUSCRIPT_CORPUS_NOT_AVAILABLE_IN_CURRENT_INPUT
845,BATCH-040,15,BOOK-5,P14,KN-B5-P14-074,多运行行动,book-w1c-cna-p14-033,planned,UNPUBLISHED,MANUSCRIPT_CORPUS_NOT_AVAILABLE_IN_CURRENT_INPUT
846,BATCH-040,16,BOOK-5,P14,KN-B5-P14-075,行动停止条件,book-w1c-cna-p14-034,planned,UNPUBLISHED,MANUSCRIPT_CORPUS_NOT_AVAILABLE_IN_CURRENT_INPUT
847,BATCH-040,17,BOOK-5,P14,KN-B5-P14-076,专业诊断,book-w1c-cna-p14-036,planned,UNPUBLISHED,MANUSCRIPT_CORPUS_NOT_AVAILABLE_IN_CURRENT_INPUT
848,BATCH-040,18,BOOK-5,P14,KN-B5-P14-077,跨专业协作,book-w1c-cna-p14-037,planned,UNPUBLISHED,MANUSCRIPT_CORPUS_NOT_AVAILABLE_IN_CURRENT_INPUT
849,BATCH-040,19,BOOK-5,P14,KN-B5-P14-078,预期结果,book-w1c-cna-p14-040,planned,UNPUBLISHED,MANUSCRIPT_CORPUS_NOT_AVAILABLE_IN_CURRENT_INPUT
850,BATCH-040,20,BOOK-5,P14,KN-B5-P14-079,非预期结果,book-w1c-cna-p14-041,planned,UNPUBLISHED,MANUSCRIPT_CORPUS_NOT_AVAILABLE_IN_CURRENT_INPUT
851,BATCH-040,21,BOOK-5,P14,KN-B5-P14-080,结果延迟,book-w1c-cna-p14-043,planned,UNPUBLISHED,MANUSCRIPT_CORPUS_NOT_AVAILABLE_IN_CURRENT_INPUT
852,BATCH-040,22,BOOK-5,P14,KN-B5-P14-081,结果冲突,book-w1c-cna-p14-044,planned,UNPUBLISHED,MANUSCRIPT_CORPUS_NOT_AVAILABLE_IN_CURRENT_INPUT
853,BATCH-040,23,BOOK-5,P14,KN-B5-P14-082,下一运行条件,book-w1c-cna-p14-053,planned,UNPUBLISHED,MANUSCRIPT_CORPUS_NOT_AVAILABLE_IN_CURRENT_INPUT
854,BATCH-040,24,BOOK-5,P15,KN-B5-P15-072,闭合条件,book-w1c-cna-p15-001,planned,UNPUBLISHED,MANUSCRIPT_CORPUS_NOT_AVAILABLE_IN_CURRENT_INPUT
855,BATCH-041,1,BOOK-5,P15,KN-B5-P15-073,收束出现,book-w1c-cna-p15-004,planned,UNPUBLISHED,MANUSCRIPT_CORPUS_NOT_AVAILABLE_IN_CURRENT_INPUT
856,BATCH-041,2,BOOK-5,P15,KN-B5-P15-074,未完成状态,book-w1c-cna-p15-005,planned,UNPUBLISHED,MANUSCRIPT_CORPUS_NOT_AVAILABLE_IN_CURRENT_INPUT
857,BATCH-041,3,BOOK-5,P15,KN-B5-P15-075,责任归位,book-w1c-cna-p15-006,planned,UNPUBLISHED,MANUSCRIPT_CORPUS_NOT_AVAILABLE_IN_CURRENT_INPUT
858,BATCH-041,4,BOOK-5,P15,KN-B5-P15-076,未解决运行,book-w1c-cna-p15-008,planned,UNPUBLISHED,MANUSCRIPT_CORPUS_NOT_AVAILABLE_IN_CURRENT_INPUT
859,BATCH-041,5,BOOK-5,P15,KN-B5-P15-077,遗留责任,book-w1c-cna-p15-009,planned,UNPUBLISHED,MANUSCRIPT_CORPUS_NOT_AVAILABLE_IN_CURRENT_INPUT
860,BATCH-041,6,BOOK-5,P15,KN-B5-P15-078,收束边界,book-w1c-cna-p15-010,planned,UNPUBLISHED,MANUSCRIPT_CORPUS_NOT_AVAILABLE_IN_CURRENT_INPUT
861,BATCH-041,7,BOOK-5,P15,KN-B5-P15-079,现实残留,book-w1c-cna-p15-011,planned,UNPUBLISHED,MANUSCRIPT_CORPUS_NOT_AVAILABLE_IN_CURRENT_INPUT
862,BATCH-041,8,BOOK-5,P15,KN-B5-P15-080,关系残留,book-w1c-cna-p15-012,planned,UNPUBLISHED,MANUSCRIPT_CORPUS_NOT_AVAILABLE_IN_CURRENT_INPUT
863,BATCH-041,9,BOOK-5,P15,KN-B5-P15-081,制度残留,book-w1c-cna-p15-013,planned,UNPUBLISHED,MANUSCRIPT_CORPUS_NOT_AVAILABLE_IN_CURRENT_INPUT
864,BATCH-041,10,BOOK-5,P15,KN-B5-P15-082,金融残留,book-w1c-cna-p15-014,planned,UNPUBLISHED,MANUSCRIPT_CORPUS_NOT_AVAILABLE_IN_CURRENT_INPUT
865,BATCH-041,11,BOOK-5,P15,KN-B5-P15-083,残留负载,book-w1c-cna-p15-015,planned,UNPUBLISHED,MANUSCRIPT_CORPUS_NOT_AVAILABLE_IN_CURRENT_INPUT
866,BATCH-041,12,BOOK-5,P15,KN-B5-P15-084,运行记忆,book-w1c-cna-p15-016,planned,UNPUBLISHED,MANUSCRIPT_CORPUS_NOT_AVAILABLE_IN_CURRENT_INPUT
867,BATCH-041,13,BOOK-5,P15,KN-B5-P15-085,关系记忆,book-w1c-cna-p15-017,planned,UNPUBLISHED,MANUSCRIPT_CORPUS_NOT_AVAILABLE_IN_CURRENT_INPUT
868,BATCH-041,14,BOOK-5,P15,KN-B5-P15-086,人工记忆,book-w1c-cna-p15-018,planned,UNPUBLISHED,MANUSCRIPT_CORPUS_NOT_AVAILABLE_IN_CURRENT_INPUT
869,BATCH-041,15,BOOK-5,P15,KN-B5-P15-087,记忆压缩,book-w1c-cna-p15-019,planned,UNPUBLISHED,MANUSCRIPT_CORPUS_NOT_AVAILABLE_IN_CURRENT_INPUT
870,BATCH-041,16,BOOK-5,P15,KN-B5-P15-088,记忆失真,book-w1c-cna-p15-020,planned,UNPUBLISHED,MANUSCRIPT_CORPUS_NOT_AVAILABLE_IN_CURRENT_INPUT
871,BATCH-041,17,BOOK-5,P15,KN-B5-P15-089,记忆边界,book-w1c-cna-p15-021,planned,UNPUBLISHED,MANUSCRIPT_CORPUS_NOT_AVAILABLE_IN_CURRENT_INPUT
872,BATCH-041,18,BOOK-5,P15,KN-B5-P15-090,承接出现,book-w1c-cna-p15-022,planned,UNPUBLISHED,MANUSCRIPT_CORPUS_NOT_AVAILABLE_IN_CURRENT_INPUT
873,BATCH-041,19,BOOK-5,P15,KN-B5-P15-091,信息承接,book-w1c-cna-p15-023,planned,UNPUBLISHED,MANUSCRIPT_CORPUS_NOT_AVAILABLE_IN_CURRENT_INPUT
874,BATCH-041,20,BOOK-5,P15,KN-B5-P15-092,结构承接,book-w1c-cna-p15-024,planned,UNPUBLISHED,MANUSCRIPT_CORPUS_NOT_AVAILABLE_IN_CURRENT_INPUT
875,BATCH-041,21,BOOK-5,P15,KN-B5-P15-093,关系承接,book-w1c-cna-p15-025,planned,UNPUBLISHED,MANUSCRIPT_CORPUS_NOT_AVAILABLE_IN_CURRENT_INPUT
876,BATCH-041,22,BOOK-5,P15,KN-B5-P15-094,生物承接,book-w1c-cna-p15-026,planned,UNPUBLISHED,MANUSCRIPT_CORPUS_NOT_AVAILABLE_IN_CURRENT_INPUT
877,BATCH-041,23,BOOK-5,P15,KN-B5-P15-095,文化承接,book-w1c-cna-p15-027,planned,UNPUBLISHED,MANUSCRIPT_CORPUS_NOT_AVAILABLE_IN_CURRENT_INPUT
878,BATCH-041,24,BOOK-5,P15,KN-B5-P15-096,技术承接,book-w1c-cna-p15-028,planned,UNPUBLISHED,MANUSCRIPT_CORPUS_NOT_AVAILABLE_IN_CURRENT_INPUT
879,BATCH-042,1,BOOK-5,P15,KN-B5-P15-097,制度承接,book-w1c-cna-p15-029,planned,UNPUBLISHED,MANUSCRIPT_CORPUS_NOT_AVAILABLE_IN_CURRENT_INPUT
880,BATCH-042,2,BOOK-5,P15,KN-B5-P15-098,代际资产,book-w1c-cna-p15-030,planned,UNPUBLISHED,MANUSCRIPT_CORPUS_NOT_AVAILABLE_IN_CURRENT_INPUT
881,BATCH-042,3,BOOK-5,P15,KN-B5-P15-099,选择性承接,book-w1c-cna-p15-031,planned,UNPUBLISHED,MANUSCRIPT_CORPUS_NOT_AVAILABLE_IN_CURRENT_INPUT
882,BATCH-042,4,BOOK-5,P15,KN-B5-P15-100,迁移变形,book-w1c-cna-p15-035,planned,UNPUBLISHED,MANUSCRIPT_CORPUS_NOT_AVAILABLE_IN_CURRENT_INPUT
883,BATCH-042,5,BOOK-5,P15,KN-B5-P15-101,继任运行,book-w1c-cna-p15-036,planned,UNPUBLISHED,MANUSCRIPT_CORPUS_NOT_AVAILABLE_IN_CURRENT_INPUT
884,BATCH-042,6,BOOK-5,P15,KN-B5-P15-102,继任身份,book-w1c-cna-p15-037,planned,UNPUBLISHED,MANUSCRIPT_CORPUS_NOT_AVAILABLE_IN_CURRENT_INPUT
885,BATCH-042,7,BOOK-5,P15,KN-B5-P15-103,多重继任,book-w1c-cna-p15-038,planned,UNPUBLISHED,MANUSCRIPT_CORPUS_NOT_AVAILABLE_IN_CURRENT_INPUT
886,BATCH-042,8,BOOK-5,P15,KN-B5-P15-104,断裂继任,book-w1c-cna-p15-039,planned,UNPUBLISHED,MANUSCRIPT_CORPUS_NOT_AVAILABLE_IN_CURRENT_INPUT
887,BATCH-042,9,BOOK-5,P15,KN-B5-P15-105,人机承接,book-w1c-cna-p15-041,planned,UNPUBLISHED,MANUSCRIPT_CORPUS_NOT_AVAILABLE_IN_CURRENT_INPUT
888,BATCH-042,10,BOOK-5,P15,KN-B5-P15-106,继任边界,book-w1c-cna-p15-042,planned,UNPUBLISHED,MANUSCRIPT_CORPUS_NOT_AVAILABLE_IN_CURRENT_INPUT
889,BATCH-042,11,BOOK-5,P15,KN-B5-P15-107,文明承接,book-w1c-cna-p15-043,planned,UNPUBLISHED,MANUSCRIPT_CORPUS_NOT_AVAILABLE_IN_CURRENT_INPUT
890,BATCH-042,12,BOOK-5,P15,KN-B5-P15-108,制度承接,book-w1c-cna-p15-044,planned,UNPUBLISHED,MANUSCRIPT_CORPUS_NOT_AVAILABLE_IN_CURRENT_INPUT
891,BATCH-042,13,BOOK-5,P15,KN-B5-P15-109,知识承接,book-w1c-cna-p15-045,planned,UNPUBLISHED,MANUSCRIPT_CORPUS_NOT_AVAILABLE_IN_CURRENT_INPUT
892,BATCH-042,14,BOOK-5,P15,KN-B5-P15-110,文化承接,book-w1c-cna-p15-046,planned,UNPUBLISHED,MANUSCRIPT_CORPUS_NOT_AVAILABLE_IN_CURRENT_INPUT
893,BATCH-042,15,BOOK-5,P15,KN-B5-P15-111,基础设施承接,book-w1c-cna-p15-047,planned,UNPUBLISHED,MANUSCRIPT_CORPUS_NOT_AVAILABLE_IN_CURRENT_INPUT
894,BATCH-042,16,BOOK-5,P15,KN-B5-P15-112,文明遗产,book-w1c-cna-p15-048,planned,UNPUBLISHED,MANUSCRIPT_CORPUS_NOT_AVAILABLE_IN_CURRENT_INPUT
895,BATCH-042,17,BOOK-5,P15,KN-B5-P15-113,文明继任,book-w1c-cna-p15-049,planned,UNPUBLISHED,MANUSCRIPT_CORPUS_NOT_AVAILABLE_IN_CURRENT_INPUT
896,BATCH-042,18,BOOK-5,P15,KN-B5-P15-114,文明混合继任,book-w1c-cna-p15-050,planned,UNPUBLISHED,MANUSCRIPT_CORPUS_NOT_AVAILABLE_IN_CURRENT_INPUT
897,BATCH-042,19,BOOK-5,P15,KN-B5-P15-115,人机文明档案,book-w1c-cna-p15-051,planned,UNPUBLISHED,MANUSCRIPT_CORPUS_NOT_AVAILABLE_IN_CURRENT_INPUT
898,BATCH-042,20,BOOK-5,P15,KN-B5-P15-116,文明承接边界,book-w1c-cna-p15-052,planned,UNPUBLISHED,MANUSCRIPT_CORPUS_NOT_AVAILABLE_IN_CURRENT_INPUT
899,BATCH-042,21,BOOK-5,P15,KN-B5-P15-117,下一运行条件,book-w1c-cna-p15-053,planned,UNPUBLISHED,MANUSCRIPT_CORPUS_NOT_AVAILABLE_IN_CURRENT_INPUT
900,BATCH-042,22,BOOK-5,P15,KN-B5-P15-118,初始条件继承,book-w1c-cna-p15-054,planned,UNPUBLISHED,MANUSCRIPT_CORPUS_NOT_AVAILABLE_IN_CURRENT_INPUT
901,BATCH-042,23,BOOK-5,P15,KN-B5-P15-119,继承与新生,book-w1c-cna-p15-055,planned,UNPUBLISHED,MANUSCRIPT_CORPUS_NOT_AVAILABLE_IN_CURRENT_INPUT
902,BATCH-042,24,BOOK-5,P15,KN-B5-P15-120,新结构形成,book-w1c-cna-p15-056,planned,UNPUBLISHED,MANUSCRIPT_CORPUS_NOT_AVAILABLE_IN_CURRENT_INPUT
903,BATCH-043,1,BOOK-5,P15,KN-B5-P15-121,新场域形成,book-w1c-cna-p15-057,planned,UNPUBLISHED,MANUSCRIPT_CORPUS_NOT_AVAILABLE_IN_CURRENT_INPUT
904,BATCH-043,2,BOOK-5,P15,KN-B5-P15-122,重新激活,book-w1c-cna-p15-058,planned,UNPUBLISHED,MANUSCRIPT_CORPUS_NOT_AVAILABLE_IN_CURRENT_INPUT
905,BATCH-043,3,BOOK-5,P15,KN-B5-P15-123,继任与涌现,book-w1c-cna-p15-060,planned,UNPUBLISHED,MANUSCRIPT_CORPUS_NOT_AVAILABLE_IN_CURRENT_INPUT
906,BATCH-043,4,BOOK-5,P15,KN-B5-P15-124,过去进入未来,book-w1c-cna-p15-064,planned,UNPUBLISHED,MANUSCRIPT_CORPUS_NOT_AVAILABLE_IN_CURRENT_INPUT
907,BATCH-043,5,BOOK-5,P15,KN-B5-P15-125,未来作为可能空间,book-w1c-cna-p15-065,planned,UNPUBLISHED,MANUSCRIPT_CORPUS_NOT_AVAILABLE_IN_CURRENT_INPUT
908,BATCH-043,6,BOOK-5,P15,KN-B5-P15-126,读取仍然继续,book-w1c-cna-p15-066,planned,UNPUBLISHED,MANUSCRIPT_CORPUS_NOT_AVAILABLE_IN_CURRENT_INPUT
909,BATCH-043,7,BOOK-5,P15,KN-B5-P15-127,导航仍然继续,book-w1c-cna-p15-067,planned,UNPUBLISHED,MANUSCRIPT_CORPUS_NOT_AVAILABLE_IN_CURRENT_INPUT
910,BATCH-043,8,BOOK-5,P15,KN-B5-P15-128,责任跨越现在,book-w1c-cna-p15-068,planned,UNPUBLISHED,MANUSCRIPT_CORPUS_NOT_AVAILABLE_IN_CURRENT_INPUT
911,BATCH-043,9,BOOK-5,P15,KN-B5-P15-129,下一现实,book-w1c-cna-p15-069,planned,UNPUBLISHED,MANUSCRIPT_CORPUS_NOT_AVAILABLE_IN_CURRENT_INPUT
912,BATCH-043,10,BOOK-5,P15,KN-B5-P15-130,形成重新开始,book-w1c-cna-p15-070,planned,UNPUBLISHED,MANUSCRIPT_CORPUS_NOT_AVAILABLE_IN_CURRENT_INPUT
913,BATCH-043,11,BOOK-5,P15,KN-B5-P15-131,最终问题,book-w1c-cna-p15-072,planned,UNPUBLISHED,MANUSCRIPT_CORPUS_NOT_AVAILABLE_IN_CURRENT_INPUT
