
> check
> node scripts/check-bazi-batch-4-5.mjs && node scripts/check-bazi-batch-3.mjs && node scripts/check-bazi-batch-2.mjs && node scripts/check-bazi-batch-1.mjs && node scripts/check-report-design-drift.mjs && node scripts/check-guided-report-successor.mjs && npm run check:bazi-visual-commerce && node --no-warnings scripts/check-commerce-stripe-r1.mjs && node check.mjs && node scripts/check-pages-preview-commerce.mjs && npm run check:package-aliases && node scripts/check-schema-references.mjs && node scripts/check-i18n.mjs && node scripts/check-reading-evidence-boundary.mjs && node scripts/check-reading-dedup.mjs && node scripts/check-reading-navigation-contract.mjs && node scripts/check-reading-customer-language.mjs && node scripts/check-navigation-path-rules.mjs && node scripts/check-navigation-customer-view.mjs && node scripts/check-navigation-state.mjs && node scripts/check-professional-boundary.mjs && node scripts/check-review-contract.mjs && node scripts/check-runtime-memory-contract.mjs && node scripts/check-reality-continuity-contract.mjs && node scripts/check-runtime-workspace.mjs && node scripts/check-runtime-revision-initialization.mjs && node scripts/check-runtime-lineage-timeline.mjs && node scripts/check-runtime-persistence-recovery.mjs && node scripts/check-runtime-kernel.mjs && node scripts/check-runtime-inventory.mjs && node scripts/check-runtime-contracts.mjs && node scripts/check-runtime-gap-closure.mjs && node scripts/check-runtime-freeze.mjs && node scripts/check-provider-closure.mjs && node scripts/check-bug-fix-closure.mjs && node scripts/check-full-journey-acceptance.mjs && node scripts/check-runtime-v1-freeze-audit.mjs && node scripts/check-book-1-runtime-alignment.mjs && node scripts/check-book-1-figure-runtime-alignment.mjs && node scripts/check-runtime-registry-layer.mjs && node scripts/check-runtime-persistence-contract.mjs && node --no-warnings scripts/check-runtime-d1-schema.mjs && node --no-warnings scripts/check-runtime-migrations.mjs && node scripts/check-runtime-recovery.mjs && node scripts/check-runtime-timeline.mjs && node --no-warnings scripts/check-runtime-lineage-revision.mjs && node --no-warnings scripts/check-runtime-security-privacy.mjs && node --no-warnings scripts/check-runtime-d1-integration.mjs && node --no-warnings scripts/check-runtime-production-smoke.mjs && node scripts/check-m3a-public-experience-current.mjs && node scripts/check-m3b-knowledge-release.mjs && node --no-warnings scripts/check-m3b-book-access-payment.mjs && node scripts/check-m3c-journey-overview.mjs && node scripts/check-m3c-journey-dashboard.mjs && node scripts/check-m3c-entry-visual-alignment.mjs && node scripts/check-m3c-guided-entry.mjs && node scripts/check-m3c-entry-recovery-consent.mjs && node scripts/check-m3c-reconstruction-visual-alignment.mjs && node scripts/check-m3c-reading-visual-alignment.mjs && node scripts/check-m3c-navigation-visual-alignment.mjs && node scripts/check-m3c-review.mjs && node scripts/check-m3c-memory.mjs && node scripts/check-m3c-continuity.mjs && node scripts/check-m3c-public-journey-acceptance.mjs && node scripts/check-m3c-public-journey-production.mjs && node scripts/check-m4a-professional-service-definition.mjs && node scripts/check-m4a-consent-sharing.mjs && node scripts/check-m4a-professional-data-privacy.mjs && node --no-warnings scripts/check-m4a-financial-infrastructure.mjs && npm run check:ksar-r1-r8 && npm run check:ksar-r8-state && npm run check:wpr-w1f-public-surface-export && npm run check:kap && npm run check:pca && npm run check:mcd && npm run check:phase20 && npm run check:phase21 && npm run check:px2 && npm run check:iching-line-corpus-current && npm run check:iching-current && npm run check:iching-release-freeze && npm run check:cx-r12r3b && npm run check:cx-r12r4 && npm run check:cx-r12r4b:smr && npm run check:cross-final-production-admission && npm run check:tarot-current && npm run check:bazi-full-production && npm run check:ziwei-full-production && npm run check:ast-full-production && npm run check:ppr-c1 && npm run check:ppr-r3 && npm run check:hd-pro-r2 && npm run check:ppr-r5 && npm run check:ppr-r6 && npm run check:ppr-current-shared-owner && npm run check:ecr-mandala && npm run check:ecr-r3 && npm run check:ecr-full-r1 && npm run check:ecr-full-r1a && npm run check:profile && npm run check:backend-frontend-full-production && npm run check:hd-rel-r1 && npm run check:ppr-r2-final && npm run check:ppr-r2:post-machine-human-gate && npm run check:integrated-phase0 && npm run check:integrated-phase1 && npm run check:integrated-phase2 && npm run check:integrated-phase3 && npm run check:integrated-phase4 && npm run check:paid-ask && node scripts/check-integrated-successor-phase5.mjs && npm run check:cx-r31 && node scripts/check-integrated-successor-phase6.mjs && npm run check:pvp-r1:profile-phase7 && node scripts/check-integrated-successor-phase7.mjs && npm run check:pvp-r1:ecr-phase8 && node scripts/check-integrated-successor-phase8.mjs && npm run check:pvp-r1:ziwei-phase9 && node scripts/check-integrated-successor-phase9.mjs && npm run check:pvp-r1:method-phase10 && node scripts/check-integrated-successor-phase10.mjs && npm run check:pvp-r1:relationship-phase11 && node scripts/check-integrated-successor-phase11.mjs && npm run check:pvp-r1:static-assets:prepare && npm run check:book-v-atlas:r1:m1:current && npm run check:ptrc:w1-w7-readiness && npm run check:ptrc:w8-financial-runtime && npm run check:pis-r1 && npm run check:ziwei-production-composer-v1 && npm run check:ziwei-zpa-access && npm run check:ptrc:w9-testamentary-report && npm run check:ptrc:w10-consolidation

BaZi Batch 4/5 PASS: P20–P26, M07/M08, explicit/partial/missing timing, unfilled Reality boundary, source prompts and lineage; previous three batches unchanged.
BaZi Batch 3 PASS: P16–P19, shared M06, three locales, source-selected leads and approved narratives, fail-closed contracts; Batch 1/2 HTML/styles/tokens unchanged.
BaZi Batch 2 PASS: P11–P15, three locales, source counts, open verdicts, fail-closed states; Batch 1 HTML/styles/tokens unchanged.
BaZi Batch 1: five source-bound Page IR pages; locales, no defaults, review gate and frozen styling verified.
Report design drift guard PASS: 6 references, 28 canonical tokens, 26 mappings, 17 negative IR cases + 5 CSS rejection cases. No dynamic pages accepted by this registration check.
Guided report successor contracts PASS: 33 prices; confirmation, language locks, routing, probes and 120 fail-closed assets. Human parity and actual asset availability are separate.

> check:bazi-visual-commerce
> node scripts/build-bazi-visual-commerce-review.mjs && node scripts/check-bazi-visual-commerce.mjs && node scripts/check-report-customer-delivery.mjs && node scripts/check-bazi-section-publication.mjs

Built six explicit synthetic review states; no entitlement written or activated.
PASS: free payload excludes specialist detail; forged client payment cannot unlock; existing owned purchase + language + expiry boundaries; full visual registry, category colours, BODY and both motifs; Production release remains closed.
PASS: shared delivery mapping/access/routes; eight existing products; BaZi-only QA pilot; no global cutover; no new entitlement authority.
PASS: section order, registered/deployed family alignment, variable locale-safe totals, deterministic section composition, frozen intro, bilingual semantic parity, text budgets, temporal data, 13-asset registry and fallback chain.
{"component":"commerce","event":"CHECKOUT_CREATED","order_id":"ord_b64bb383d3054d86a353960f016ba7b9","checkout_session_id":"cs_test_fixture9","product_id":"COM-REPORT-BUNDLE-2","amount_minor":6900,"currency":"MYR"}
{"component":"commerce","event":"STRIPE_EVENT_RECEIVED","stripe_event_id":"evt_fixture1"}
{"component":"commerce","event":"STRIPE_EVENT_RECEIVED","stripe_event_id":"evt_duplicate"}
{"component":"commerce","event":"ENTITLEMENT_GRANTED","order_id":"ord_b64bb383d3054d86a353960f016ba7b9","product_id":"COM-REPORT-BUNDLE-2"}
{"component":"commerce","event":"PAYMENT_CONFIRMED","order_id":"ord_b64bb383d3054d86a353960f016ba7b9","stripe_event_id":"evt_duplicate","product_id":"COM-REPORT-BUNDLE-2"}
{"component":"commerce","event":"STRIPE_EVENT_RECEIVED","stripe_event_id":"evt_duplicate"}
{"component":"commerce","event":"ENTITLEMENT_SKIPPED_DUPLICATE","stripe_event_id":"evt_duplicate"}
{"component":"commerce","event":"STRIPE_EVENT_RECEIVED","stripe_event_id":"evt_fixture2"}
{"component":"commerce","event":"ENTITLEMENT_SKIPPED_DUPLICATE","order_id":"ord_b64bb383d3054d86a353960f016ba7b9","product_id":"COM-REPORT-BUNDLE-2"}
{"component":"commerce","event":"PAYMENT_CONFIRMED","order_id":"ord_b64bb383d3054d86a353960f016ba7b9","stripe_event_id":"evt_fixture2","product_id":"COM-REPORT-BUNDLE-2"}
{"component":"commerce","event":"STRIPE_EVENT_RECEIVED","stripe_event_id":"evt_fixture3"}
{"component":"commerce","event":"ENTITLEMENT_SKIPPED_DUPLICATE","order_id":"ord_b64bb383d3054d86a353960f016ba7b9","product_id":"COM-REPORT-BUNDLE-2"}
{"component":"commerce","event":"PAYMENT_CONFIRMED","order_id":"ord_b64bb383d3054d86a353960f016ba7b9","stripe_event_id":"evt_fixture3","product_id":"COM-REPORT-BUNDLE-2"}
{"component":"commerce","event":"STRIPE_EVENT_RECEIVED","stripe_event_id":"evt_fixture4"}
{"component":"commerce","event":"STRIPE_EVENT_RECEIVED","stripe_event_id":"evt_received"}
{"component":"commerce","event":"ENTITLEMENT_SKIPPED_DUPLICATE","order_id":"ord_b64bb383d3054d86a353960f016ba7b9","product_id":"COM-REPORT-BUNDLE-2"}
{"component":"commerce","event":"PAYMENT_CONFIRMED","order_id":"ord_b64bb383d3054d86a353960f016ba7b9","stripe_event_id":"evt_received","product_id":"COM-REPORT-BUNDLE-2"}
{"component":"commerce","event":"CHECKOUT_CREATED","order_id":"ord_902dfc2c772f4229964c25eebd193ed8","checkout_session_id":"cs_test_fixture14","product_id":"COM-SERVICE-NATURAL-HEALER","amount_minor":10000,"currency":"MYR"}
{"component":"commerce","event":"STRIPE_EVENT_RECEIVED","stripe_event_id":"evt_fixture5"}
{"component":"commerce","event":"FULFILLMENT_CREATED","order_id":"ord_902dfc2c772f4229964c25eebd193ed8","product_id":"COM-SERVICE-NATURAL-HEALER"}
{"component":"commerce","event":"PAYMENT_CONFIRMED","order_id":"ord_902dfc2c772f4229964c25eebd193ed8","stripe_event_id":"evt_fixture5","product_id":"COM-SERVICE-NATURAL-HEALER"}
{"component":"commerce","event":"CHECKOUT_CREATED","order_id":"ord_8e3687d48a244d1195bf738116d86ebe","checkout_session_id":"cs_test_fixture16","product_id":"COM-SERVICE-CASH-FLOW-GAME","amount_minor":10000,"currency":"MYR"}
{"component":"commerce","event":"STRIPE_EVENT_RECEIVED","stripe_event_id":"evt_fixture6"}
{"component":"commerce","event":"FULFILLMENT_CREATED","order_id":"ord_8e3687d48a244d1195bf738116d86ebe","product_id":"COM-SERVICE-CASH-FLOW-GAME"}
{"component":"commerce","event":"PAYMENT_CONFIRMED","order_id":"ord_8e3687d48a244d1195bf738116d86ebe","stripe_event_id":"evt_fixture6","product_id":"COM-SERVICE-CASH-FLOW-GAME"}
{"component":"commerce","event":"CHECKOUT_CREATED","order_id":"ord_ed1d5c3f5bb340e6bd262ba96fea5297","checkout_session_id":"cs_test_fixture18","product_id":"COM-SERVICE-FINANCIAL-CONSULTATION","amount_minor":10000,"currency":"MYR"}
{"component":"commerce","event":"STRIPE_EVENT_RECEIVED","stripe_event_id":"evt_fixture7"}
{"component":"commerce","event":"FULFILLMENT_CREATED","order_id":"ord_ed1d5c3f5bb340e6bd262ba96fea5297","product_id":"COM-SERVICE-FINANCIAL-CONSULTATION"}
{"component":"commerce","event":"PAYMENT_CONFIRMED","order_id":"ord_ed1d5c3f5bb340e6bd262ba96fea5297","stripe_event_id":"evt_fixture7","product_id":"COM-SERVICE-FINANCIAL-CONSULTATION"}
{"component":"commerce","event":"CHECKOUT_CREATED","order_id":"ord_e5747187258f4360bd25f53da02d5cf8","checkout_session_id":"cs_test_fixture20","product_id":"COM-SUBSCRIPTION-MONTHLY","amount_minor":1900,"currency":"MYR"}
{"component":"commerce","event":"STRIPE_EVENT_RECEIVED","stripe_event_id":"evt_fixture8"}
{"component":"commerce","event":"PAYMENT_CONFIRMED","order_id":"ord_e5747187258f4360bd25f53da02d5cf8","stripe_event_id":"evt_fixture8","product_id":"COM-SUBSCRIPTION-MONTHLY"}
{"component":"commerce","event":"CHECKOUT_CREATED","order_id":"ord_7facd56fade24632992a540f0dbccff6","checkout_session_id":"cs_test_fixture22","product_id":"COM-WILL-WRITING","amount_minor":2900,"currency":"MYR"}
{"component":"commerce","event":"STRIPE_EVENT_RECEIVED","stripe_event_id":"evt_fixture9"}
{"component":"commerce","event":"FULFILLMENT_CREATED","order_id":"ord_7facd56fade24632992a540f0dbccff6","product_id":"COM-WILL-WRITING"}
{"component":"commerce","event":"PAYMENT_CONFIRMED","order_id":"ord_7facd56fade24632992a540f0dbccff6","stripe_event_id":"evt_fixture9","product_id":"COM-WILL-WRITING"}
{"component":"commerce","event":"CHECKOUT_CREATED","order_id":"ord_1b22bd07f0974ec7af9113d1e6bf6734","checkout_session_id":"cs_test_fixture24","product_id":"COM-REPORT-FINANCIAL-FULL","amount_minor":15900,"currency":"MYR"}
{"component":"commerce","event":"STRIPE_EVENT_RECEIVED","stripe_event_id":"evt_fixture10"}
{"component":"commerce","event":"FULFILLMENT_CREATED","order_id":"ord_1b22bd07f0974ec7af9113d1e6bf6734","product_id":"COM-REPORT-FINANCIAL-FULL"}
{"component":"commerce","event":"PAYMENT_CONFIRMED","order_id":"ord_1b22bd07f0974ec7af9113d1e6bf6734","stripe_event_id":"evt_fixture10","product_id":"COM-REPORT-FINANCIAL-FULL"}
{"component":"commerce","event":"CHECKOUT_CREATED","order_id":"ord_456377bc2f8c4369a45b5db1a3038e78","checkout_session_id":"cs_test_fixture26","product_id":"COM-REPORT-ECR-FULL","amount_minor":3900,"currency":"MYR"}
{"component":"commerce","event":"STRIPE_EVENT_RECEIVED","stripe_event_id":"evt_fixture11"}
{"component":"commerce","event":"ENTITLEMENT_GRANTED","order_id":"ord_456377bc2f8c4369a45b5db1a3038e78","product_id":"COM-REPORT-ECR-FULL"}
{"component":"commerce","event":"PAYMENT_CONFIRMED","order_id":"ord_456377bc2f8c4369a45b5db1a3038e78","stripe_event_id":"evt_fixture11","product_id":"COM-REPORT-ECR-FULL"}
{"component":"commerce","event":"CHECKOUT_CREATED","order_id":"ord_9dce846997b64cb681645aa98553cf35","checkout_session_id":"cs_test_fixture28","product_id":"COM-REPORT-CROSS-FULL","amount_minor":29900,"currency":"MYR"}
{"component":"commerce","event":"STRIPE_EVENT_RECEIVED","stripe_event_id":"evt_fixture12"}
{"component":"commerce","event":"ENTITLEMENT_GRANTED","order_id":"ord_9dce846997b64cb681645aa98553cf35","product_id":"COM-REPORT-CROSS-FULL"}
{"component":"commerce","event":"PAYMENT_CONFIRMED","order_id":"ord_9dce846997b64cb681645aa98553cf35","stripe_event_id":"evt_fixture12","product_id":"COM-REPORT-CROSS-FULL"}
{"component":"commerce","event":"CHECKOUT_CREATED","order_id":"ord_d801d3752c5c4af6bbc56a481d47e3f4","checkout_session_id":"cs_test_fixture30","product_id":"COM-REPORT-HD-FULL","amount_minor":12900,"currency":"MYR"}
{"component":"commerce","event":"STRIPE_EVENT_RECEIVED","stripe_event_id":"evt_fixture13"}
{"component":"commerce","event":"ENTITLEMENT_GRANTED","order_id":"ord_d801d3752c5c4af6bbc56a481d47e3f4","product_id":"COM-REPORT-HD-FULL"}
{"component":"commerce","event":"PAYMENT_CONFIRMED","order_id":"ord_d801d3752c5c4af6bbc56a481d47e3f4","stripe_event_id":"evt_fixture13","product_id":"COM-REPORT-HD-FULL"}
{"component":"commerce","event":"CHECKOUT_CREATED","order_id":"ord_23c9e0eac5da48ddb7cedd1ca2ba9e48","checkout_session_id":"cs_test_fixture32","product_id":"COM-REPORT-PROFILE-FULL","amount_minor":3900,"currency":"MYR"}
{"component":"commerce","event":"STRIPE_EVENT_RECEIVED","stripe_event_id":"evt_fixture14"}
{"component":"commerce","event":"ENTITLEMENT_GRANTED","order_id":"ord_23c9e0eac5da48ddb7cedd1ca2ba9e48","product_id":"COM-REPORT-PROFILE-FULL"}
{"component":"commerce","event":"PAYMENT_CONFIRMED","order_id":"ord_23c9e0eac5da48ddb7cedd1ca2ba9e48","stripe_event_id":"evt_fixture14","product_id":"COM-REPORT-PROFILE-FULL"}
{"component":"commerce","event":"CHECKOUT_CREATED","order_id":"ord_e03b5844b91e41d0b4aa7a8fc25c3289","checkout_session_id":"cs_test_fixture34","product_id":"COM-REPORT-NUMEROLOGY-FULL","amount_minor":3900,"currency":"MYR"}
{"component":"commerce","event":"STRIPE_EVENT_RECEIVED","stripe_event_id":"evt_fixture15"}
{"component":"commerce","event":"ENTITLEMENT_GRANTED","order_id":"ord_e03b5844b91e41d0b4aa7a8fc25c3289","product_id":"COM-REPORT-NUMEROLOGY-FULL"}
{"component":"commerce","event":"PAYMENT_CONFIRMED","order_id":"ord_e03b5844b91e41d0b4aa7a8fc25c3289","stripe_event_id":"evt_fixture15","product_id":"COM-REPORT-NUMEROLOGY-FULL"}
{"component":"commerce","event":"CHECKOUT_CREATED","order_id":"ord_b243423bc2854b65b6dda24028857e84","checkout_session_id":"cs_test_fixture36","product_id":"COM-REPORT-ASTROLOGY-FULL","amount_minor":3900,"currency":"MYR"}
{"component":"commerce","event":"STRIPE_EVENT_RECEIVED","stripe_event_id":"evt_fixture16"}
{"component":"commerce","event":"ENTITLEMENT_GRANTED","order_id":"ord_b243423bc2854b65b6dda24028857e84","product_id":"COM-REPORT-ASTROLOGY-FULL"}
{"component":"commerce","event":"PAYMENT_CONFIRMED","order_id":"ord_b243423bc2854b65b6dda24028857e84","stripe_event_id":"evt_fixture16","product_id":"COM-REPORT-ASTROLOGY-FULL"}
{"component":"commerce","event":"CHECKOUT_CREATED","order_id":"ord_18dc23cca248484e893f571f4221fdbf","checkout_session_id":"cs_test_fixture38","product_id":"COM-REPORT-ZIWEI-FULL","amount_minor":3900,"currency":"MYR"}
{"component":"commerce","event":"STRIPE_EVENT_RECEIVED","stripe_event_id":"evt_fixture17"}
{"component":"commerce","event":"ENTITLEMENT_GRANTED","order_id":"ord_18dc23cca248484e893f571f4221fdbf","product_id":"COM-REPORT-ZIWEI-FULL"}
{"component":"commerce","event":"PAYMENT_CONFIRMED","order_id":"ord_18dc23cca248484e893f571f4221fdbf","stripe_event_id":"evt_fixture17","product_id":"COM-REPORT-ZIWEI-FULL"}
{"component":"commerce","event":"CHECKOUT_CREATED","order_id":"ord_878c5e929131463ca6b0b1f5cbb0f113","checkout_session_id":"cs_test_fixture40","product_id":"COM-REPORT-BAZI-FULL","amount_minor":3900,"currency":"MYR"}
{"component":"commerce","event":"STRIPE_EVENT_RECEIVED","stripe_event_id":"evt_fixture18"}
{"component":"commerce","event":"ENTITLEMENT_GRANTED","order_id":"ord_878c5e929131463ca6b0b1f5cbb0f113","product_id":"COM-REPORT-BAZI-FULL"}
{"component":"commerce","event":"PAYMENT_CONFIRMED","order_id":"ord_878c5e929131463ca6b0b1f5cbb0f113","stripe_event_id":"evt_fixture18","product_id":"COM-REPORT-BAZI-FULL"}
{"component":"commerce","event":"CHECKOUT_CREATED","order_id":"ord_3b548f94ffc944038659fd7f6300631f","checkout_session_id":"cs_test_fixture42","product_id":"COM-BOOK-07","amount_minor":5900,"currency":"MYR"}
{"component":"commerce","event":"STRIPE_EVENT_RECEIVED","stripe_event_id":"evt_fixture19"}
{"component":"commerce","event":"ENTITLEMENT_GRANTED","order_id":"ord_3b548f94ffc944038659fd7f6300631f","product_id":"COM-BOOK-07"}
{"component":"commerce","event":"PAYMENT_CONFIRMED","order_id":"ord_3b548f94ffc944038659fd7f6300631f","stripe_event_id":"evt_fixture19","product_id":"COM-BOOK-07"}
{"component":"commerce","event":"CHECKOUT_CREATED","order_id":"ord_8ae8adaf11184eaca4fe6a645e6a451c","checkout_session_id":"cs_test_fixture44","product_id":"COM-BOOK-06","amount_minor":5900,"currency":"MYR"}
{"component":"commerce","event":"STRIPE_EVENT_RECEIVED","stripe_event_id":"evt_fixture20"}
{"component":"commerce","event":"ENTITLEMENT_GRANTED","order_id":"ord_8ae8adaf11184eaca4fe6a645e6a451c","product_id":"COM-BOOK-06"}
{"component":"commerce","event":"PAYMENT_CONFIRMED","order_id":"ord_8ae8adaf11184eaca4fe6a645e6a451c","stripe_event_id":"evt_fixture20","product_id":"COM-BOOK-06"}
{"component":"commerce","event":"CHECKOUT_CREATED","order_id":"ord_081f2545226640fe9193489017cc6437","checkout_session_id":"cs_test_fixture46","product_id":"COM-BOOK-05","amount_minor":10900,"currency":"MYR"}
{"component":"commerce","event":"STRIPE_EVENT_RECEIVED","stripe_event_id":"evt_fixture21"}
{"component":"commerce","event":"ENTITLEMENT_GRANTED","order_id":"ord_081f2545226640fe9193489017cc6437","product_id":"COM-BOOK-05"}
{"component":"commerce","event":"PAYMENT_CONFIRMED","order_id":"ord_081f2545226640fe9193489017cc6437","stripe_event_id":"evt_fixture21","product_id":"COM-BOOK-05"}
{"component":"commerce","event":"CHECKOUT_CREATED","order_id":"ord_c51f671dca91467694ebe6d3f6b4db3e","checkout_session_id":"cs_test_fixture48","product_id":"COM-BOOK-04","amount_minor":8900,"currency":"MYR"}
{"component":"commerce","event":"STRIPE_EVENT_RECEIVED","stripe_event_id":"evt_fixture22"}
{"component":"commerce","event":"ENTITLEMENT_GRANTED","order_id":"ord_c51f671dca91467694ebe6d3f6b4db3e","product_id":"COM-BOOK-04"}
{"component":"commerce","event":"PAYMENT_CONFIRMED","order_id":"ord_c51f671dca91467694ebe6d3f6b4db3e","stripe_event_id":"evt_fixture22","product_id":"COM-BOOK-04"}
{"component":"commerce","event":"CHECKOUT_CREATED","order_id":"ord_4b0bcd2bfa324896b1564bd5052ad157","checkout_session_id":"cs_test_fixture50","product_id":"COM-BOOK-03","amount_minor":8900,"currency":"MYR"}
{"component":"commerce","event":"STRIPE_EVENT_RECEIVED","stripe_event_id":"evt_fixture23"}
{"component":"commerce","event":"ENTITLEMENT_GRANTED","order_id":"ord_4b0bcd2bfa324896b1564bd5052ad157","product_id":"COM-BOOK-03"}
{"component":"commerce","event":"PAYMENT_CONFIRMED","order_id":"ord_4b0bcd2bfa324896b1564bd5052ad157","stripe_event_id":"evt_fixture23","product_id":"COM-BOOK-03"}
{"component":"commerce","event":"CHECKOUT_CREATED","order_id":"ord_921639b002e54ab081f5136ac5bf1bd5","checkout_session_id":"cs_test_fixture52","product_id":"COM-BOOK-02","amount_minor":8900,"currency":"MYR"}
{"component":"commerce","event":"STRIPE_EVENT_RECEIVED","stripe_event_id":"evt_fixture24"}
{"component":"commerce","event":"ENTITLEMENT_GRANTED","order_id":"ord_921639b002e54ab081f5136ac5bf1bd5","product_id":"COM-BOOK-02"}
{"component":"commerce","event":"PAYMENT_CONFIRMED","order_id":"ord_921639b002e54ab081f5136ac5bf1bd5","stripe_event_id":"evt_fixture24","product_id":"COM-BOOK-02"}
{"component":"commerce","event":"CHECKOUT_CREATED","order_id":"ord_d699c67860204ec0af401f4a794e9bc5","checkout_session_id":"cs_test_fixture54","product_id":"COM-BOOK-01","amount_minor":8900,"currency":"MYR"}
{"component":"commerce","event":"STRIPE_EVENT_RECEIVED","stripe_event_id":"evt_fixture25"}
{"component":"commerce","event":"ENTITLEMENT_GRANTED","order_id":"ord_d699c67860204ec0af401f4a794e9bc5","product_id":"COM-BOOK-01"}
{"component":"commerce","event":"PAYMENT_CONFIRMED","order_id":"ord_d699c67860204ec0af401f4a794e9bc5","stripe_event_id":"evt_fixture25","product_id":"COM-BOOK-01"}
{"component":"commerce","event":"CHECKOUT_CREATED","order_id":"ord_6dfbbe93d5dc404bbd722439cc901e41","checkout_session_id":"cs_test_fixture56","product_id":"COM-BOOK-CONFIGURATION","amount_minor":10900,"currency":"MYR"}
{"component":"commerce","event":"STRIPE_EVENT_RECEIVED","stripe_event_id":"evt_fixture26"}
{"component":"commerce","event":"ENTITLEMENT_GRANTED","order_id":"ord_6dfbbe93d5dc404bbd722439cc901e41","product_id":"COM-BOOK-CONFIGURATION"}
{"component":"commerce","event":"PAYMENT_CONFIRMED","order_id":"ord_6dfbbe93d5dc404bbd722439cc901e41","stripe_event_id":"evt_fixture26","product_id":"COM-BOOK-CONFIGURATION"}
{"component":"commerce","event":"STRIPE_EVENT_RECEIVED","stripe_event_id":"evt_fixture27"}
{"component":"commerce","event":"SUBSCRIPTION_UPDATED","order_id":"ord_e5747187258f4360bd25f53da02d5cf8","stripe_event_id":"evt_fixture27","status":"active"}
{"component":"commerce","event":"STRIPE_EVENT_RECEIVED","stripe_event_id":"evt_fixture28"}
{"component":"commerce","event":"SUBSCRIPTION_UPDATED","order_id":"ord_e5747187258f4360bd25f53da02d5cf8","stripe_event_id":"evt_fixture28","status":"active"}
{"component":"commerce","event":"STRIPE_EVENT_RECEIVED","stripe_event_id":"evt_fixture29"}
{"component":"commerce","event":"SUBSCRIPTION_UPDATED","order_id":"ord_e5747187258f4360bd25f53da02d5cf8","stripe_event_id":"evt_fixture29","status":"past_due"}
{"component":"commerce","event":"STRIPE_EVENT_RECEIVED","stripe_event_id":"evt_fixture30"}
{"component":"commerce","event":"SUBSCRIPTION_UPDATED","order_id":"ord_e5747187258f4360bd25f53da02d5cf8","stripe_event_id":"evt_fixture30","status":"unpaid"}
{"component":"commerce","event":"STRIPE_EVENT_RECEIVED","stripe_event_id":"evt_fixture31"}
{"component":"commerce","event":"SUBSCRIPTION_UPDATED","order_id":"ord_e5747187258f4360bd25f53da02d5cf8","stripe_event_id":"evt_fixture31","status":"canceled"}
{"component":"commerce","event":"STRIPE_EVENT_RECEIVED","stripe_event_id":"evt_fixture32"}
{"component":"commerce","event":"REFUND_RECORDED","order_id":"ord_b64bb383d3054d86a353960f016ba7b9","stripe_event_id":"evt_fixture32"}
{"component":"commerce","event":"STRIPE_EVENT_RECEIVED","stripe_event_id":"evt_fixture33"}
{"component":"commerce","event":"REFUND_RECORDED","order_id":"ord_b64bb383d3054d86a353960f016ba7b9","stripe_event_id":"evt_fixture33"}
{"component":"commerce","event":"CHECKOUT_CREATED","order_id":"ord_370c5c1370bf49f3b6ce4d4dee3d02ad","checkout_session_id":"cs_test_fixture58","product_id":"COM-REPORT-BUNDLE-3","amount_minor":9900,"currency":"MYR"}
{"component":"commerce","event":"STRIPE_EVENT_RECEIVED","stripe_event_id":"evt_fixture34"}
{"component":"commerce","event":"CHECKOUT_CREATED","order_id":"ord_35876e1f6b9245caa58dd463805750e9","checkout_session_id":"cs_test_fixture61","product_id":"COM-REPORT-HD-FULL","amount_minor":12900,"currency":"MYR"}
{"component":"commerce","event":"STRIPE_EVENT_RECEIVED","stripe_event_id":"evt_retrydb"}
{"component":"commerce","event":"STRIPE_EVENT_RECEIVED","stripe_event_id":"evt_retrydb"}
{"component":"commerce","event":"ENTITLEMENT_GRANTED","order_id":"ord_35876e1f6b9245caa58dd463805750e9","product_id":"COM-REPORT-HD-FULL"}
{"component":"commerce","event":"PAYMENT_CONFIRMED","order_id":"ord_35876e1f6b9245caa58dd463805750e9","stripe_event_id":"evt_retrydb","product_id":"COM-REPORT-HD-FULL"}
{"component":"commerce","event":"CHECKOUT_CREATED","order_id":"ord_b01e049c39474329b57d34c537172d18","checkout_session_id":"cs_test_fixture63","product_id":"COM-REPORT-ECR-FULL","amount_minor":3900,"currency":"MYR"}
{"component":"commerce","event":"STRIPE_EVENT_RECEIVED","stripe_event_id":"evt_fixture35"}
{"component":"commerce","event":"STRIPE_EVENT_RECEIVED","stripe_event_id":"evt_fixture36"}
{"component":"commerce","event":"PAYMENT_FAILED","order_id":"ord_b01e049c39474329b57d34c537172d18","status":"PAYMENT_FAILED"}
{"component":"commerce","event":"STRIPE_EVENT_RECEIVED","stripe_event_id":"evt_fixture37"}
{"component":"commerce","event":"CHECKOUT_CREATED","order_id":"ord_6e3f41c8c0b14dd9a0fd8e5d6f0a2ec4","checkout_session_id":"cs_test_fixture67","product_id":"COM-REPORT-BUNDLE-2","amount_minor":7900,"currency":"MYR"}
{"component":"commerce","event":"STRIPE_EVENT_RECEIVED","stripe_event_id":"evt_fixture38"}
{"component":"commerce","event":"ENTITLEMENT_GRANTED","order_id":"ord_6e3f41c8c0b14dd9a0fd8e5d6f0a2ec4","product_id":"COM-REPORT-BUNDLE-2"}
{"component":"commerce","event":"PAYMENT_CONFIRMED","order_id":"ord_6e3f41c8c0b14dd9a0fd8e5d6f0a2ec4","stripe_event_id":"evt_fixture38","product_id":"COM-REPORT-BUNDLE-2"}
{"component":"commerce","event":"CHECKOUT_CREATED","order_id":"ord_8fc47b73eed4419c8201e3955874d739","checkout_session_id":"cs_test_fixture69","product_id":"COM-REPORT-BUNDLE-3","amount_minor":10900,"currency":"MYR"}
{"component":"commerce","event":"STRIPE_EVENT_RECEIVED","stripe_event_id":"evt_fixture39"}
{"component":"commerce","event":"ENTITLEMENT_GRANTED","order_id":"ord_8fc47b73eed4419c8201e3955874d739","product_id":"COM-REPORT-BUNDLE-3"}
{"component":"commerce","event":"PAYMENT_CONFIRMED","order_id":"ord_8fc47b73eed4419c8201e3955874d739","stripe_event_id":"evt_fixture39","product_id":"COM-REPORT-BUNDLE-3"}
{"component":"commerce","event":"CHECKOUT_CREATED","order_id":"ord_6318ceb2c715478db18ea7988ad04fb7","checkout_session_id":"cs_test_fixture71","product_id":"COM-REPORT-BUNDLE-5PLUS","amount_minor":17900,"currency":"MYR"}
{"component":"commerce","event":"STRIPE_EVENT_RECEIVED","stripe_event_id":"evt_fixture40"}
{"component":"commerce","event":"ENTITLEMENT_GRANTED","order_id":"ord_6318ceb2c715478db18ea7988ad04fb7","product_id":"COM-REPORT-BUNDLE-5PLUS"}
{"component":"commerce","event":"PAYMENT_CONFIRMED","order_id":"ord_6318ceb2c715478db18ea7988ad04fb7","stripe_event_id":"evt_fixture40","product_id":"COM-REPORT-BUNDLE-5PLUS"}
{"component":"commerce","event":"CHECKOUT_CREATED","order_id":"ord_cf49befc1af5447cb1006ddc18faf5ed","checkout_session_id":"cs_test_fixture73","product_id":"COM-REPORT-HD-FULL","amount_minor":13900,"currency":"MYR"}
{"component":"commerce","event":"STRIPE_EVENT_RECEIVED","stripe_event_id":"evt_fixture41"}
{"component":"commerce","event":"CHECKOUT_CREATED","order_id":"ord_db5772bebd7645b2960dd26657e518c3","checkout_session_id":"cs_test_fixture75","product_id":"COM-REPORT-BUNDLE-2","amount_minor":6900,"currency":"MYR"}
{"component":"commerce","event":"CHECKOUT_CREATED","order_id":"ord_84685066f55145c2ab0260c680f88649","checkout_session_id":"cs_test_fixture77","product_id":"COM-REPORT-BUNDLE-2","amount_minor":7900,"currency":"MYR"}
{"component":"commerce","event":"CHECKOUT_CREATED","order_id":"ord_70557cd505ec4b6db2ca9777df5fbd96","checkout_session_id":"cs_test_fixture79","product_id":"COM-REPORT-BUNDLE-3","amount_minor":9900,"currency":"MYR"}
{"component":"commerce","event":"CHECKOUT_CREATED","order_id":"ord_80d0a947b206494e96e2559785df5a07","checkout_session_id":"cs_test_fixture81","product_id":"COM-REPORT-BUNDLE-3","amount_minor":10900,"currency":"MYR"}
{"component":"commerce","event":"CHECKOUT_CREATED","order_id":"ord_2b4808d18ae94068a1ebc2c4b300f3c5","checkout_session_id":"cs_test_fixture83","product_id":"COM-REPORT-BUNDLE-5PLUS","amount_minor":15900,"currency":"MYR"}
{"component":"commerce","event":"CHECKOUT_CREATED","order_id":"ord_93676444931e4b04aeebf03263c2a96f","checkout_session_id":"cs_test_fixture85","product_id":"COM-REPORT-BUNDLE-5PLUS","amount_minor":17900,"currency":"MYR"}
COM-STRIPE-R1: 17 machine groups PASS (local fixtures; provider E2E NOT_RUN).
PHI OS project structure OK (29 required files).
PASS: Pages Preview isolation, unchanged production resources, one Book I source authority, MYR 89.00 and negative production-binding guards. Offline only.

> check:package-aliases
> node scripts/check-package-checker-alias-registry.mjs

✓ Package checker alias registry passed: 171 historical W-stage aliases route through one runner; compatibility npm keys remain present.
✓ Public/canonical commands remain direct and in current-main order; parallel PPR/AST package-only deltas remain quarantined until their target gates pass.
✓ JSON Schema references, internal schema IDs, and Book 1 Manifest Schema checks passed.
PHI OS i18n OK (4590 aligned keys; HTML and JavaScript references verified).
Reading Evidence Boundary checks passed.
Reading de-duplication checks passed.
Reading → Navigation contract checks passed.
Reading customer language and progressive disclosure: passed
Navigation path generation rules: passed
Navigation customer view simplification: passed
Navigation state, restore, change, and Review gate: passed
✓ Professional Boundary Layer and Financial Domain v1 checks passed.
✓ Review Contract and Navigation → Review boundary checks passed.
✓ Runtime Memory Contract and Review → Memory boundary checks passed.
✓ Reality Continuity Contract and Memory → Continuity boundary checks passed.
Runtime Workspace and Transition Engine: passed; retired my-reality.html presentation is physically deleted and canonical /reality/ owns the customer workspace.
✓ Runtime Revision & New Entry Initialization
✓ Runtime Lineage & Timeline
Runtime Persistence & Recovery checks passed.
✓ Runtime Kernel, manager boundary, event bus, and guardrails checks passed.
✓ M1-W1 Runtime inventory, canonical paths, duplicate guard, and stage freeze checks passed.
✓ M1-W2 Runtime Contract Registry, schema freeze, handoffs, and guardrail matrix checks passed.
✓ M1 detailed inventory, Kernel, metadata, naming, deprecation, and test-matrix gaps are closed.
✓ M1 Runtime Engine Freeze Audit passed: Feature Complete, Contract Closed, Freeze Ready.
✓ M1-W4 Provider priority, interface, Router boundary, fallback, and failure fixtures checks passed.
✓ M1-W5 Entry, Reconstruction, Reading, Navigation, and Continuity bug closure checks passed.
✓ M1-W6 Full Journey Acceptance passed (12 language journeys × 3 viewports = 36 cases).
  Runtime v1 remains a release candidate until deployed visual acceptance is confirmed; Git tag not created.
✓ M1-W7 Runtime Freeze Audit gates are structurally valid.
  Release candidate 8baa0d1: Production deployed; 7 deployed acceptance gates pending.
✓ Book 1 G1–G16, removed Signature families, and Navigation evidence-unit alignment passed.
✓ M1-W7 Book 1 Figures 1A–5E conceptual boundaries, R2 asset ownership, Runtime representation, and handoff alignment passed.
✓ M2-W1 Contract, Schema, Version, Migration Registries, M1 parity, and startup validation passed.
✓ M2-W2 Persistence Contract, Router, Memory, Local, D1, and environment selection checks passed.
✓ M2-W3 Runtime D1 tables, JSON constraints, foreign keys, cascades, Driver alignment, and indexes passed.
✓ M2-W4 immutable migrations, history, checksums, ordering, runner, and schema drift checks passed.
✓ M2-W5 Session, Partial Write, Provider Failure, and Page Refresh Recovery checks passed.
✓ M2-W6 Runtime Event Types, Append Service, Timeline Reader, customer Projection, and Event Versioning checks passed.
✓ M2-W7 Parent–Child Runtime, Revision Chain, Edit/New Journey/Branch semantics, D1 Store, and Lineage Viewer Data checks passed.
✓ M2-W8 Runtime classification, privacy logging, deletion/export, Professional Access, and Research Consent Boundary checks passed.
✓ M2-W9 D1 integration passed: Migration → Persistence → Recovery → Timeline → Lineage → Privacy.
✓ M2-W9 Production Smoke structure is ready. Set PHIOS_SMOKE_BASE_URL after deployment for the live read-only run.
✓ M3A current public experience passed: canonical CX surfaces are present and retired presentation artifacts remain physically absent.
  Compatibility is redirect-only; current pages no longer depend on retired HTML, preview CSS or predecessor page controllers.
✓ M3B Knowledge Release passed: historical commerce authority is preserved and current Knowledge, Figures and Concepts surfaces are canonical.
  Stripe/R2 commerce is implemented and remains production-gated until external acceptance passes.
{"component":"commerce","event":"STRIPE_EVENT_RECEIVED","stripe_event_id":"evt_bookpaid1"}
{"component":"commerce","event":"STRIPE_EVENT_RECEIVED","stripe_event_id":"evt_bookpaid1"}
{"component":"commerce","event":"ENTITLEMENT_SKIPPED_DUPLICATE","stripe_event_id":"evt_bookpaid1"}
{"component":"commerce","event":"STRIPE_EVENT_RECEIVED","stripe_event_id":"evt_bookrefund1"}
✓ M3B-W4/W8 Book Access and Payment passed: frozen RM89 product, Stripe Checkout, verified idempotent webhook, D1 purchase and entitlement, watermarked R2 delivery, limited download tokens, receipt email and refund revocation.
✓ Journey Overview passed: Enter → Describe → Discover → Understand → Choose → Continue.
  Internal Runtime stages remain contract-preserving and are not presented as a second customer journey.
✓ M3C-W2 Journey Dashboard historical presentation is preserved as governance evidence; P1 browser-accepted canonical My Reality now owns the customer surface and retired HTML is physically deleted.
✓ M3C-W3 Entry Visual Alignment passed: Header, spacing, buttons, cards, typography, progress and errors.
  Runtime Entry v1, API, persistence, revision and Reconstruction handoff remain unchanged.
✓ M3C-W3.1 Guided Entry baseline passed: Reality Coordinate is bilingual, mobile-ready and evidence-bounded.
  Its historical optional opening is superseded by the required coordinate-first M3C-W3.2 interface; the Runtime boundary is unchanged.
✓ M3C-W3.2 Entry Recovery Consent passed: recovered Entry content stays hidden until explicit Resume.
  Reality Coordinate is now the required first question; text follows without changing Runtime or Professional contracts.
✓ M3C-W4 Reconstruction Visual Alignment passed: Edit answer, Evidence source, Confidence, Missing evidence, Continue and Return to Entry are customer-visible.
  The W4 projection boundary remains intact; W14 changes are limited to the registered additive Reconstruction Experience extension.
✓ M3C-W5 Reading Visual Alignment passed: Observed Reality, Runtime Pattern, Evidence, Interpretation and Reading Boundary are customer-visible.
  Reading API, evidence classes, pattern threshold, Navigation readiness, handoff, persistence and lineage remain frozen.
✓ M3C-W13 Reading visual alignment passed at 360, 768, and 1440 layout contracts.
  Customer/Evidence remain light; Technical uses an isolated dark token set.
✓ M3C-W6 Navigation Visual Alignment passed: Available Direction, Reason, Evidence, Constraint, First Action and Review Point are customer-visible.
  No path is auto-selected; Navigation API, state, selection, professional boundary, Review gate, persistence and lineage remain frozen.
✓ M3C-W7 Review passed: Review Summary, Change Since Reading, Action Result and Continue / Revise / Close are customer-visible.
  Review Contract, evidence class, Navigation source, Memory handoff and user-choice boundary remain frozen.
✓ M3C-W8 Memory historical customer presentation retired after P1 browser acceptance; runtime evidence remains and canonical My Reality now owns the customer surface.
✓ M3C-W9 Continuity historical customer presentation retired after P1 browser acceptance; runtime evidence remains and canonical My Reality now owns the customer surface.
✓ M3C-W10 Public Journey historical presentation is retired after P1 browser acceptance; canonical My Reality owns production while runtime authority/evidence remains intact.
✓ M3C-W10 Production Acceptance structure is ready. Set PHIOS_PUBLIC_JOURNEY_BASE_URL after deployment for the live read-only run.
✓ M4A-W1 Professional Service Definition passed: Runtime, Human Design, Financial and Integrated service families are structurally frozen.
  Prices, intake, sensitive uploads, calculations, Workspace, reports, checkout, regulated advice and D1 changes remain inactive.
  Next required gate: M4A-W3 Consent and Sharing, followed by M4A-W7 Professional Data and Privacy.
✓ M4A-W3 Consent and Sharing passed: explicit scope, duration, revocation, audit, Human Design, Financial Data and Joint Household consent are contract-closed.
  No wildcard or default grant; one adult cannot authorise another adult, and acknowledgement does not activate retention or regulated advice.
  Next required gate: M4A-W7 Professional Data and Privacy before W8 infrastructure or W2 Workspace.
✓ M4A-W7 Professional Data and Privacy passed: Human Design, Financial, Notes, Reports, Files, retention and data rights are governance-closed.
  Source documents remain outside Runtime Memory; public URLs, ordinary-email sensitive intake, indefinite retention and unverified deletion claims remain prohibited.
  Next required gate: M4A-W8 Financial Professional Infrastructure before M4A-W2 Workspace.
✓ M4A-W8 Financial Professional Infrastructure passed: 19-table schema, migration, evidence, formulas, assumptions, risks, authority and product-neutral boundaries are closed.
  Calculations and Risk Flags do not create recommendations; product-specific advice and automatic transactions remain disabled.
  Next required gate: M4A-W2 Professional Workspace and Financial Intake.

> check:ksar-r1-r8
> node scripts/check-ksar-r1-r8-reconciliation.mjs

✓ KSAR-R1～R8 Reconciliation passed.
  R1 actual-bytes corpus hashes and canonical books/ object keys are reconciled; remote GET evidence remains explicit pending state.
  R2-R4 human-accepted Volume I/II bindings plus KAU-R5 Canonical successor projection are active without putting manuscript bodies in public Git.
  R5-R6 unified hybrid retrieval plus deterministic grounded answer projection are active.
  R7 Knowledge Search, Free Explore and Library gateways route into Knowledge Access.
  R8 Human Review Gate is closed; production freeze remains correctly blocked only until reviewed-corpus remote R2 hash verification completes.

> check:ksar-r8-state
> node scripts/check-ksar-r8-production-state.mjs

✓ KSAR-R8 Production Acceptance & Successor Freeze passed.
  448/448 human-reviewed manuscript sections remain closed and active for governed Knowledge Access.
  Every active reviewed-corpus R2 object is remote-GET actual-bytes SHA256 verified.
  The immutable v1.0 freeze remains authoritative; its later status companion is optional and validated when present.
  Canonical Knowledge / Published Article authority boundaries remain unchanged; raw full-book delivery remains blocked.

> check:wpr-w1f-public-surface-export
> node scripts/check-wpr-w1f-public-surface-data-export-repair.mjs

✓ WPR-W1F public-surface-data export reconciliation passed.

> check:kap
> npm run check:kap-reconciliation && npm run check:kap-foundation && npm run check:kap-grounding && npm run check:kap-answer && npm run check:kap-guided && npm run check:kap-complexity && npm run check:kap-handoff


> check:kap-reconciliation
> node scripts/check-kap-phase1-artifact-reconciliation.mjs

✓ KAP Phase 1 authority artifact reconciliation passed.

> check:kap-foundation
> node scripts/check-kap-w0-w3-authority-foundation.mjs

✓ KAP-W0 Existing Runtime Capability Audit passed.
✓ KAP-W1 Knowledge / Answer / Publication / Reality Reading Authority Boundary passed.
✓ KAP-W2 QuestionScopedKnowledgeAnswer foundation contract passed.
✓ KAP-W3 Client Answer Level Registry passed.
✓ KAP Phase 1 W0-W3 Authority Foundation accepted and frozen.
  Knowledge / Answer / Publication / Reality Reading boundaries remain frozen; KAP-W0-W3 themselves create no MCD, AI, Guided Reading or client-surface authority.

> check:kap-grounding
> node scripts/check-kap-w4-w10-knowledge-grounding.mjs

✓ KAP-W4 Question Intake passed.
✓ KAP-W5 Question Normalization passed.
✓ KAP-W6 Knowledge Retrieval reuse passed.
✓ KAP-W7 Canonical Node Matching passed.
✓ KAP-W8 Relationship Expansion passed.
✓ KAP-W9 Knowledge Grounding Bundle passed.
✓ KAP-W10 Coverage Evaluation passed.
✓ KAP Phase 2 W4-W10 Knowledge Grounding accepted and frozen.
  ASK_PHIOS now resolves Question → KSAR retrieval → governed node/relationship grounding → coverage; Answer Composition remains deferred to KAP-W11.

> check:kap-answer
> node scripts/check-kap-w11-w17-current.mjs

✓ KAP-W11 Deterministic Answer First passed.
✓ KAP-W12 Answer Depth Profiles passed.
✓ KAP-W13 AI Assistance Eligibility passed.
✓ KAP-W14 AI Authority Boundary passed.
✓ KAP-W15 AI Cost Routing passed.
✓ KAP-W16 Answer Source Projection passed.
✓ KAP-W17 Unknown boundary current successor passed after P1 physical delete: Contextual Ask exposes limits while legacy Knowledge Search presentation is absent.
✓ KAP-W11-W17 current answer semantics passed with presentation fingerprint decoupled.
  knowledge-search HTML/CSS may evolve by semantic contract; CKA JS/API runtime fingerprints and authority boundaries remain fail-closed.

> check:kap-guided
> node scripts/check-kap-guided-reading.mjs ALL

✓ W18 passed.
✓ W18A passed.
✓ W18B passed.
✓ W18C passed.
✓ W18D passed.
✓ W19 passed.
✓ W20 passed.
✓ W21 passed.
✓ W22 passed.
✓ KAP-W18-W22 Guided Reading accepted: limited context, MCD-8 canonical projection handoff, deterministic recomposition and explicit stop conditions are active.

> check:kap-complexity
> node scripts/check-kap-reality-complexity-w26-successor.mjs

✓ KAP-W23 passed.
✓ KAP-W24 passed.
✓ KAP-W25 passed.
✓ KAP-W23-W25 predecessor Complexity semantics preserved under KAP-W26 Reality Handoff successor; W24 remains the decisive Reality Model requirement test and W25 remains routing aid only.

> check:kap-handoff
> node scripts/check-kap-reality-handoff.mjs ALL

✓ KAP-W26 passed.
✓ KAP-W27 passed.
✓ KAP-W28 passed.
✓ KAP-W29 passed.
✓ KAP-W26-W29 Reality Journey handoff accepted: client-visible escalation reason, explicit consent, Reality Entry Seed reuse and provenance-separated Knowledge/Method handoff are active without creating a Canonical Case or Reality Model.

> check:pca
> node scripts/check-pca-w0-w8-client-demand-loop.mjs ALL

✓ PCA-W0 PJA Boundary passed; PJA remains Publication Production Runtime, not Client Answer Generator.
✓ PCA-W1 CAR Boundary passed; CAR remains reusable Knowledge Asset Production, not a dynamic client Method renderer.
✓ PCA-W2 QuestionDemandSignal passed; only anonymous aggregated demand metrics are retained.
✓ PCA-W3 Demand Cluster passed; clusters aggregate demand without becoming Canonical Knowledge.
✓ PCA-W4 KPP Demand Input passed; Client Demand is advisory planning input and cannot silently mutate frozen KPP state.
✓ PCA-W5 Article Candidate passed; PCA proposes eligibility only and KPP retains ARTICLE production-role authority.
✓ PCA-W6 PJA Brief passed; only KPP-authorized ARTICLE handoff can form a demand-originated brief and Human Review remains mandatory.
✓ PCA-W7 CAR Visual Candidate passed; reusable visual demand enters CAR only through governed KPP asset-need handoff.
✓ PCA-W8 Production Feedback Loop passed; demand may inform planning but cannot mutate Canonical Truth or auto-publish.
✓ PCA-W0–W8 acceptance + freeze passed; production demand registries remain empty and PHASE 17 client-surface wiring remains separate.

> check:mcd
> npm run check:mcd-1 && npm run check:mcd-2 && npm run check:mcd-3 && npm run check:mcd-4 && npm run check:mcd-5 && npm run check:mcd-6 && npm run check:mcd-7 && npm run check:mcd-8


> check:mcd-1
> node scripts/check-mcd-1-mcd5-successor.mjs

✓ MCD-1 → MCD-5 Production Authority preservation successor passed.

> check:mcd-2
> node scripts/check-mcd-2-ast-bzr-production-successor.mjs

✓ MCD-2 AST+BZR physical adapter successor reconciliation passed.
  Historical adapter freeze is preserved; API lineage advances MCD-4 → MCD-5 → current AST/BZR Production adapter successor without second authority.

> check:mcd-3
> node scripts/check-mcd-3-single-birth-input.mjs

✓ MCD-3 Single Canonical Birth Input passed.
  One CanonicalBirthInput now preserves Date / Time / Place / Coordinates / Historical Timezone as independent governed values; unknowns cannot be filled with synthetic defaults.
  AST / BZR / NUM requirements are capability-scoped; HDR requirements are fully registered but MPA BLOCKED remains prior to input readiness, so HDR Production invocation is still impossible.

> check:mcd-4
> node scripts/check-mcd-4-ast-bzr-production-successor.mjs

✓ MCD AST+BZR Production Adapter successor passed.
  AST executes governed Core 10 planetary calculation; Houses, Aspects and Nodes remain absent.
  BZR executes exact solar-term/true-solar Four Pillars; Luck Cycle reference Jie crosses one adjacent Gregorian year through the same Astronomy Engine authority when required.
  Unknown time creates no Hour Pillar and Luck Cycle still requires explicit calculation sex.
  Historical Core validation mode, MPA dispatch authority, HDR block, NUM path and Interpretation boundary remain preserved.
✓ MCD-4 current AST+BZR execution successor passed; historical MCD-4 runtime remains immutable.

> check:mcd-5
> node scripts/check-mcd-5-canonical-method-projection.mjs && node scripts/check-mcd-5-ast-bzr-production-successor-freeze.mjs

✓ MCD-5 Canonical Method Projection passed.
  Core Runtime schemas are isolated; NUM values are whitelisted into the stable client contract, AST/BZR unknowns remain explicit, and Interpretation stays excluded.
  HDR has a validation-only renderer contract but no Production client projection and no restricted vocabulary leakage.
✓ MCD AST+BZR Production Adapter successor passed.
  AST executes governed Core 10 planetary calculation; Houses, Aspects and Nodes remain absent.
  BZR executes exact solar-term/true-solar Four Pillars; Luck Cycle reference Jie crosses one adjacent Gregorian year through the same Astronomy Engine authority when required.
  Unknown time creates no Hour Pillar and Luck Cycle still requires explicit calculation sex.
  Historical Core validation mode, MPA dispatch authority, HDR block, NUM path and Interpretation boundary remain preserved.
✓ MCD-5 current AST+BZR Canonical Projection successor freeze passed.
  Historical MCD-5 projection bytes remain immutable; only the versioned API/current projection consumer advances to physical AST/BZR execution.

> check:mcd-6
> node scripts/check-mcd-6-mcd7-successor.mjs

✓ MCD-6 → MCD-7 Dynamic Renderer successor passed.
  Frozen MCD-6 renderer code is byte-preserved; MCD-7 consumes it without changing renderer authority, while the restricted renderer remains validation-only.

> check:mcd-7
> node scripts/check-mcd-7-personal-runtime-result-surface-current.mjs

✓ MCD-7 historical Personal Runtime contract preserved; P1 canonical Personal Reality successor aligned.
  Retired Personal Runtime presentation stays deleted while MCD-7 runtime/registry authority and canonical specialist successors remain intact.

> check:mcd-8
> node scripts/check-mcd-8-current.mjs

✓ MCD-8 current authority + presentation decoupling passed.
  Professional Workspace / External Reader presentation may evolve; MPA dispatch, Guided Reading handoff, renderer scope and restricted-method boundaries remain fail-closed.

> check:phase20
> node scripts/check-phase20-unified-production-integration.mjs

✓ PHASE 20 Unified Production Integration passed: 15/15 systems mapped through existing authorities and governed handoffs.
  HDR remains blocked; Academy live delivery, RJX human UX, PDS browser and WPR operational gates remain explicit.
  Repository integration is frozen without creating a global Production Freeze.

> check:phase21
> node scripts/check-phase21-final-production-acceptance.mjs

✓ PHASE 21 Final Production Acceptance passed: 9 domains / 44 required facts are repository-evidence complete.
  Knowledge, Method, Input, Projection, Guided Reading, Reality Journey, PJA/CAR and AI boundaries passed.
  HDR history and validation are preserved while Production dispatch, Professional release and restricted public leakage remain blocked.
  External deployment and human-browser gates remain visible; no global Production Freeze was synthesized.

> check:px2
> node scripts/check-px2-cx-p1-successor.mjs

✓ PX2 → Stage16 → CX-P1 current public IA successor passed.
  Current navigation is validated from the exported semantic CX_NAVIGATION authority, not whitespace-sensitive source formatting.
  PRE-R20 shared-file reconciliation passed: locale keeps safe dual-key persistence plus dynamic cross-perspective localization; Personal Reality keeps the parallel customer-surface hotfix.
  P1 browser acceptance is recorded and seven retired presentation files are physically deleted; Stage16 remains historical evidence only.

> check:iching-line-corpus-current
> node --no-warnings scripts/check-iching-line-corpus-current.mjs

✓ ICHI-W17/W18 canonical text successor passed: 64/64 hexagram texts and 384/384 unique line positions are source-bound.
✓ 384/384 changing-line Runtime cases selected the exact bound line; no model gap-fill, fate, reality-truth or professional authority was created.
  Content witness coverage is complete. Human interpretation review and live activation gates remain fail-closed.

> check:iching-current
> node scripts/check-iching-release-current.mjs

✓ I Ching current release authority passed: ICHING-1.0.1 is the single source authority for durable FULL_PRODUCTION.
  globalPublicExecution=true; guestPersistenceAllowed=true with explicit retention consent; initial promotion is exact-SHA, then release-scoped authority survives unrelated site commits.

> check:iching-release-freeze
> node scripts/check-iching-release-freeze-current.mjs

✓ ICHING-1.0.1 current release freeze successor passed.
  Calculation/corpus/backend artifacts remain SHA-exact; the requested ritual interaction has an explicit local successor, with sensory acceptance still pending; the I Ching customer surface may use the accepted CX canonical Ask route without reopening I Ching semantics.

> check:cx-r12r3b
> node scripts/check-cx-r12r3b-method-interpretation-layer.mjs

✓ CX-R12R3B W0–W60 shared Method Interpretation Layer passed.
  AST, NUM, BZR and ZWR remain independent calculation/projection perspectives and consume one shared composition, graph, validation and handoff successor.
  96 fixed human-review cases are prepared; HUMAN_REVIEWED, CUSTOMER_PUBLISHABLE, LIVE_BROWSER_ACCEPTED and FULL_PRODUCTION remain false without external evidence.

> check:cx-r12r4
> npm run check:cx-r12r3b && node scripts/check-cx-r12r4-personal-reading-experience.mjs && node scripts/check-cx-r12r4-reading-experience-completion.mjs && npm run check:cx-r12r4a && npm run check:cx-r12r4b


> check:cx-r12r3b
> node scripts/check-cx-r12r3b-method-interpretation-layer.mjs

✓ CX-R12R3B W0–W60 shared Method Interpretation Layer passed.
  AST, NUM, BZR and ZWR remain independent calculation/projection perspectives and consume one shared composition, graph, validation and handoff successor.
  96 fixed human-review cases are prepared; HUMAN_REVIEWED, CUSTOMER_PUBLISHABLE, LIVE_BROWSER_ACCEPTED and FULL_PRODUCTION remain false without external evidence.
✓ CX-R12R4 W0–W9 Personal Reality Reading Experience passed.
  /perspectives/personal/ remains the sole customer authority; historical R12R4 intake and reading-contract boundaries now hand off to the frozen PPR-R3 specialist product host without requiring the retired static Reading Map mount.
✓ CX-R12R4 W10–W19 source completion passed.
  Historical R12R4 graph/structure/pattern/context/reality/source contracts and P2 assets remain source-accepted while the frozen PPR-R3 specialist host owns the current customer result surface; W18 historical browser/human claims remain unchanged.

> check:cx-r12r4a
> node scripts/check-cx-r12r4a-personal-reading-humanization.mjs

✓ CX-R12R4A Personal Reading Experience cutover and humanization passed.
  PASS2B humanization contracts remain valid, while the frozen PPR-R3 specialist product host now owns the live reading surface; historical Reading Map copy is no longer required as a static HTML mount.

> check:cx-r12r4b
> npm run check:cx-r12r4b:phase-a && npm run check:cx-r12r4b:hdr-audit && npm run check:cx-r12r4b:r1 && npm run check:cx-r12r4b:r2 && npm run check:cx-r12r4b:r3r1 && npm run check:cx-r12r4b:r4 && npm run check:cx-r12r4b:r5


> check:cx-r12r4b:phase-a
> node scripts/generate-zwr-meaning-authorities-runtime-projection.mjs --check && node scripts/generate-zwr-runtime-authorities-projection.mjs --check && node scripts/generate-cx-r12r4b-phase-a-replay-campaign.mjs --check && node scripts/check-cx-r12r4b-phase-a.mjs

✓ Zi Wei meaning runtime projection matches all four governed JSON authorities.
✓ Zi Wei runtime projection matches all three governed calculation and dispatch JSON authorities.
✓ CX-R12R4B Phase A 48-case replay campaign is deterministic.
✓ CX-R12R4B W00–W08 Phase A four-method live cutover passed.
  48/48 governed live replays reproduced calculation, resolved admitted composition, generated customer interpretation, preserved lineage, and kept internal states outside the primary customer model.
  Acceptance is ruleset admission, not a claim that any live customer projection received individual human review.

> check:cx-r12r4b:hdr-audit
> node scripts/generate-cx-r12r4b-hdr-repository-audit.mjs --check && node scripts/check-cx-r12r4b-hdr-audit.mjs

✓ CX-R12R4B W09 HDR frozen audit baseline remains intact across 230 historical candidates.
  6 later matching successor candidate(s) are tolerated without rewriting the W09 census.
✓ CX-R12R4B W09 definitive Human Design repository audit passed.
  Existing calculation/projection must be reused; W10 public identity activation and W11 source authority remain fail-closed because rights, authorized mappings, production meaning, dispatch and customer publication are unresolved.

> check:cx-r12r4b:r1
> node scripts/check-cx-r12r4b-r1-external-profile-intake.mjs

✓ CX-R12R4B R1 W11R–W15R External Profile Authority + Upload Intake passed.
  Historical R1 keeps its six manual advanced fields; HD W11 admits customer-supplied Variable as an explicit successor without rewriting the R1 freeze.

> check:cx-r12r4b:r2
> node scripts/check-cx-r12r4b-r2-external-profile-confirmation-shadow.mjs

✓ CX-R12R4B R2 W16R–W21R External Profile extraction, confirmation, provenance and HDR shadow validation passed.
  Upload-derived fields remain unconfirmed candidates until customer confirmation; Cloudflare document conversion creates no meaning; HDR remains internal validation-only and cannot overwrite XPF.

> check:cx-r12r4b:r3r1
> node scripts/generate-ecr-book-aligned-ontology-projection.mjs --check && node scripts/check-cx-r12r4b-r3r1-core-theory-ecr-ontology.mjs

✓ ECR book-aligned core projection + CC12/M8/H64/A8 projections are deterministic and current.
✓ CX-R12R4B R3R1 Book I core theory / ECR ontology reconciliation passed.
  G16/Q16/R9/D12 reuse core Book I authority; M8/A8 use founder first-party PHI Mandala authority; H64 is derived environment-first from canonical I Ching structure; W31R calculation may proceed without A8 blocking.

> check:cx-r12r4b:r4
> npm run check:ecr-r4-authority-drift && node scripts/generate-ecr-r4-authorities.mjs --check && node scripts/generate-cx-r12r4b-r4-ecr-campaign.mjs --check && node scripts/check-cx-r12r4b-r4-ecr-calculation-meaning.mjs


> check:ecr-r4-authority-drift
> node scripts/check-ecr-r4-authority-drift.mjs

{
  "pass": true,
  "sourceEntries": 81,
  "derivedH64": 64,
  "registryEntries": 145,
  "runtimeEntries": 145,
  "d11": "Embodiment",
  "h17": "The environment-priority configuration emphasizes flow in the surrounding field while the embodied response position emphasizes containment. This is an ECR structural convention, not an I Ching fortune claim.",
  "staleTokenHits": 0
}
PASS ECR R4 authority drift: source → registry → runtime aligned; no stale positionemphasizes artifact found.
✓ ECR R4 generated authorities are current.
  Atomic meanings: 145 (81 source + 64 derived H64).
✓ ECR R4 machine/review campaign is current.
  Machine 64/64; human review 48/48 accepted.
✓ CX-R12R4B R4 ECR calculation + meaning + human-review production closure passed.
  W31R deterministic projection and validator complete; W32R has 145 first-party atomic meanings; W33R machine is 64/64 and human review is 48/48 accepted, ready for R5 admission verification.

> check:cx-r12r4b:r5
> node scripts/generate-cx-r12r4b-r5-ecr-production-admission.mjs --check && node scripts/check-cx-r12r4b-r5-ecr-production-admission.mjs

✓ ECR R5 production admission is current.
  Machine 64/64; human 48/48; ECR composition rules admitted for customer publication.
✓ CX-R12R4B R5 W33R ECR machine / human / production admission passed.
  Machine 64/64; human review 48/48; ECR is customer-publishable through the shared admitted-composition runtime without promoting HDR or consuming XPF as calculation authority.

> check:cx-r12r4b:smr
> node scripts/check-cx-r12r4b-smr.mjs

✓ CX-R12R4B SMR-R2 W0 audit artifacts are current.
✓ CX-R12R4B SMR-R2 W0 failure audit passed: legacy 48 remains SUPERSEDED, not promoted.
✓ CX-R12R4B SMR-R2 W1 method production adapters passed for AST/BZR/ZWR/NUM/ECR.
✓ CX-R12R4B SMR-R2 W1 no-duplicate-method-runtime boundary passed.
✓ CX-R12R4B SMR-R2 W2 Customer Claim IR passed with accepted-authority lineage and fail-closed gaps.
✓ CX-R12R4B SMR-R2 W2 no-renderer-created-meaning boundary passed.
✓ CX-R12R4B SMR-R2 W3 customer priority resolver passed: deterministic authority/evidence/question scoring with explicit priority reasons.
✓ CX-R12R4B SMR-R2 W4 theme composition passed: five related claims collapse into one lineage-bound theme with tension/conditions preserved.
✓ CX-R12R4B SMR-R2 W5 semantic dedup passed across evidence, claim and narrative levels with one primary explanation per cluster.
✓ CX-R12R4B SMR-R2 W6 information-gain eligibility passed: empty sections suppress, conditional/timing sections require new governed information, technical detail stays appendix-only.
✓ CX-R12R4B SMR-R2 W7 contradiction preservation passed: support/tension/condition/counterbalance/open remain explicit and dedup cannot erase required contradiction.
✓ CX-R12R4B SMR-R2 W8 Customer Narrative IR passed: admitted-text-only narrative, preserved tension/conditions, deterministic dedup, structured why-this-reading and collapsed technical appendix.
✓ CX-R12R4B SMR-R2 W9 Reading IA passed: customer-order body, conditional section eligibility, three-level progressive disclosure and no method-object/technical takeover.
✓ CX-R12R4B SMR-R2 W10 layout passed: bounded first screen, single IA across web/mobile/print, collapsed technical detail, mobile safety and print break policy.
✓ CX-R12R4B SMR-R2 W11 competitive benchmark passed: six product references, 12 UX/coverage dimensions, no web meaning authority and conservative pre-render comparison states.
✓ ECR benchmark authority guard: D11 Earth / Embodiment.
✓ R2 AST benchmark current: BENCHMARK_GENERATED_UPSTREAM_GAPS_OPEN; PASS 7, PARTIAL 1, UPSTREAM_GAP 1.
✓ R2 BZR benchmark current: BENCHMARK_GENERATED_UPSTREAM_GAPS_OPEN; PASS 4, PARTIAL 5, UPSTREAM_GAP 2.
✓ R2 ZWR benchmark current: BENCHMARK_GENERATED_UPSTREAM_GAPS_OPEN; PASS 5, PARTIAL 4, UPSTREAM_GAP 1.
✓ R2 NUM benchmark current: BENCHMARK_GENERATED_UPSTREAM_GAPS_OPEN; PASS 6, PARTIAL 0, UPSTREAM_GAP 3.
✓ R2 ECR benchmark current: BENCHMARK_MACHINE_READY; PASS 8, PARTIAL 0, UPSTREAM_GAP 0.
✓ CX-R12R4B SMR-R2 W12-W16 five method benchmark pack is current; human acceptance remains 0/0/5 pending.
✓ R2-W17 founder benchmark human acceptance admitted: 5/5 accepted; W18 bulk diversity campaign allowed.
✓ R2-W18 structural diversity campaign passed: 40/40; native=40, priority=34, theme=21, support/tension=9, section=4.
✓ R2-W19 review pack integrity passed: original 20 cases preserved and human results are 20/20 accepted.
✓ R2-W19 product-integration human review passed 20/20.
✓ W20 canonical SMR production passed: W17 5/5 + W18 40/40 + W19 20/20; five methods use the canonical single-method-reading namespace and the v2 production schema.
✓ W20D legacy absence passed: canonical SMR only; 1 legacy implementation records deleted, 2 same-path runtime replaced, 47 immutable evidence records archived.
✓ CX-R12R4B canonical SMR W0–W20 + W20D aggregate passed.

> check:cross-final-production-admission
> node scripts/check-cross-final-production-admission.mjs

✓ R2-W21/W21A Cross input freeze passed: 5/5 CUSTOMER_PUBLISHABLE methods; XPF confirmed context optional; HDR internal-only; SMR prose backfeed rejected.
✓ R2-W22 Cross semantic foundation passed: 16 shared dimensions; 20/20 current CUSTOMER_PUBLISHABLE claims mapped; XPF context stays contextual; currentRealityRefs remain empty.
✓ R2-W23 Cross composition passed: 10 governed cross claims; support types {"COMMON":1,"COMPLEMENTARY":4,"TENSION":0,"CONTEXT_DEPENDENT":5,"OPEN":0}; every claim has >=2 distinct CUSTOMER_PUBLISHABLE method refs; no voting/percentage/proof language.
✓ R2-W21–W23 Cross-pre + semantic foundation + governed composition aggregate passed; customer Cross cutover remains closed.
✓ R2-W24 Cross machine campaign passed: 64/64; 8 canonical inputs × 8 method sets; reading digests 64/64 unique; unmapped claims 0.
✓ R2-W25 Cross human admission passed: 36/36 accepted, 0 rejected, 0 pending; explicit founder declaration recorded and machine acceptance cannot substitute for it.
✓ R2-W26 Cross final production gate passed: W24 64/64 machine + W25 36/36 human; 2–5 method production builder deterministic; customer combinedReading API + governed renderer cutover active; Current Reality remains separately gated.

> check:tarot-current
> node scripts/check-tarot-current-v8.mjs && npm run check:tarot-r2-artwork

✓ TSCP-W8/W9 + question guidance passed: 8/8 human accepted; TAROT-1.1.0 FULL_PRODUCTION; deterministic focus guidance, broad-question narrowing and explainable spread recommendation are current.
✓ Tarot TAROT-1.1.0 current passed: 8/8 TSCP human acceptance, 8 governed spreads, question guidance/narrowing, no customer source disclosure, permanent FULL_PRODUCTION authority, and real 1/5/6/10-card manual executions passed.
✓ Tarot current v8 passed: TAROT-1.1.0 TSCP + guided customer questioning are current.

> check:tarot-r2-artwork
> node scripts/check-tarot-r2-artwork-current.mjs

✓ Tarot R2 artwork current passed: 78 RWS WebP cards + PHI OS card back use self-hosted R2 delivery, while Wikimedia/Commons provenance remains preserved and customer CSP no longer requires Wikimedia hotlinking.

> check:bazi-full-production
> npm run check:bazi-fp-w0-w4 && npm run check:bazi-fp-w5-w6 && npm run check:bazi-fp-w7-bzr-r1-batch2 && npm run check:bazi-fp-w8-bzr-r1-batch2-admission && npm run check:bazi-fp-w9-w10 && npm run check:bazi-fp-w11-w13 && npm run check:bazi-fp-w14-w16 && npm run check:bazi-fp-w17-w18 && npm run check:bazi-fp-w18-w19


> check:bazi-fp-w0-w4
> node scripts/check-bazi-fp-w0-w4.mjs

✓ BAZI-FP-W0–W4 engineering foundation passed.
  W0 audit + BZR-R1 four-tier source strategy + W1 chart IR + W2 evidence-only seasonal/strength + W3 relations + W4 ten-god structural classification are deterministic.
  No predecessor freeze is rewritten, no second Canonical Method Projection is created, and production verdicts remain fail-closed until source claims receive human admission.

> check:bazi-fp-w5-w6
> node scripts/check-bazi-fp-w5-w6.mjs

✓ BZR-R1 Batch 001 source admission + BAZI-FP-W5/W6 foundation ruleset freeze passed.
  Human review: 12/12 ADMIT; admitted successor claims: 12/12 runtime-use allowed.
  W5: source-admitted rule evaluation is active; primary pattern remains fail-closed until detailed formation-condition authority is added.
  W6: three school-qualified rulesets are frozen; useful-god/tiaohou element auto-selection remains fail-closed until element-specific authority is added.

> check:bazi-fp-w7-bzr-r1-batch2
> node scripts/check-bazi-fp-w7-bzr-r1-batch2.mjs

✓ BAZI-FP-W7 + BZR-R1 Batch 002 checkpoint passed.
  W7: canonical Da Yun cycle facts -> BaZi structural IR, deterministic, no recalculation/current-cycle inference/interpretation.
  Batch 002: 20 detailed W5/W6 claims extracted; 0 admitted; four v2 candidate rulesets remain inactive pending human review.

> check:bazi-fp-w8-bzr-r1-batch2-admission
> node scripts/check-bazi-fp-w8-bzr-r1-batch2-admission.mjs

✓ BZR-R1 Batch 002 formal admission + BAZI-FP-W5/W6 v2 ruleset freeze + BAZI-FP-W8 passed.
  Batch 002: 20/20 human ADMIT -> 20/20 runtime-use allowed; historical extraction/candidate files remain unchanged.
  W5/W6: v2 detailed source-qualified rulesets are frozen; final pattern/useful-god/tiaohou verdicts remain prerequisite-gated and no universal table was invented.
  W8: governed Liu Nian annual fact × current Da Yun × natal structural interactions are deterministic; transition days fail closed and W9 findings/customer interpretation are not created.

> check:bazi-fp-w9-w10
> node scripts/check-bazi-fp-w9-w10.mjs

✓ BAZI-FP-W9/W10 structural findings + interpretation evidence graph passed.
  W9: 14 chart-level findings from W1-W8; pillar position is evidence, not a repeated finding type.
  W9: 3 pattern candidates remain candidates; 3 school-qualified W6 views remain separate/open; current Da Yun and Liu Nian activations are structural only.
  W10: 44 nodes / 44 edges; every finding has evidence + authority lineage and unknown boundaries remain visible.
  No customer interpretation, outcome scoring, cross-school merge, contradiction resolution, semantic deduplication or event prediction is created at W9/W10.

> check:bazi-fp-w11-w13
> node scripts/check-bazi-fp-w11-w13.mjs

✓ BAZI-FP-W11–W13 composition + contradiction + semantic dedup passed.
  W11: 14 W9 findings -> 7 composition units; pattern alternatives stay together and 3 schools stay separate.
  W12: 7 units classified without deletion; states {"QUALIFIED":1,"BOUNDED_BY_UNKNOWN":1,"SUPPORTED":1,"ALTERNATIVES_OPEN":1,"SCHOOL_VIEW_OPEN":3}; explicit synthetic counter-evidence is preserved as COUNTERBALANCED.
  W13: 7 semantic clusters / 7 primary render owners; exact duplicate and new-information derivative negative cases passed.
  No customer narrative, winner-by-majority school merge, hidden verdict, good/bad scoring or event prediction is created; W14 Reading IR is next.

> check:bazi-fp-w14-w16
> node scripts/check-bazi-fp-w14-w16.mjs

✓ BAZI-FP-W14–W16 authority preserved; P1 canonical Personal Reality BaZi successor aligned.
  W14: 7 deduplicated render owners, 5 visible unknowns, 4 pillar chart cells.
  W15: 6 narrative sections, 3 separate school views, 8 Luck Cycle entries.
  W16 historical frontend assets remain governed while the retired Personal Runtime host stays deleted and BaZi renders through the canonical specialist successor.

> check:bazi-fp-w17-w18
> node scripts/check-bazi-fp-w17-w18.mjs

✓ BAZI-FP-W17/W18 machine campaign + human review readiness passed.
  W17: 96/96 machine cases passed; 12 month branches, 10 Day Masters, 10 natal relation types, 15 temporal relation types.
  Diversity: 24 three-pillar, 72 four-pillar, 12 transition-day, 12 current-Luck-Cycle unavailable, 12 annual unavailable.
  W18: 24 diversity-selected cases are review-ready; human acceptance remains 0/24 with 24 pending.

> check:bazi-fp-w18-w19
> node scripts/check-bazi-fp-w18-w19.mjs

✓ BAZI-FP-W18 formal human admission + W19 full-production gate/freeze passed.
  W18: 24/24 human ACCEPT; 0 revision, 0 reject, 0 pending.
  W17 regression after W19 gate: 96/96 machine cases remain byte-stable at Reading/Report digest level.
  W19: BAZI-FP-v1.0.0 FULL_PRODUCTION_FROZEN; publication envelope is fail-closed and customer-publishable.

> check:ziwei-full-production
> npm run check:ziwei-fp-w0-w4 && npm run check:ziwei-source-admission && npm run check:ziwei-fp-w5-w6 && npm run check:ziwei-fp-w7-w8 && npm run check:ziwei-fp-w8-admission && npm run check:ziwei-fp-w9-w10 && npm run check:ziwei-fp-w11 && npm run check:ziwei-fp-w12-w16 && npm run check:ziwei-fp-w17 && npm run check:ziwei-fp-w18 && npm run check:ziwei-fp-w19 && npm run check:ziwei-fp-w20 && npm run check:ziwei-fp-w21 && npm run check:ziwei-fp-w22 && npm run check:ziwei-fp-w23 && npm run check:ziwei-cx-r1-w0-w4 && npm run check:ziwei-cx-r1-w15-w16 && npm run check:ziwei-cx-r1-w17 && npm run check:ziwei-cx-r1-w17r && npm run check:ziwei-pro-r2


> check:ziwei-fp-w0-w4
> node scripts/check-ziwei-fp-w0-w4.mjs

✓ ZIWEI-FP-W0–W4 engineering foundation passed.
  W0 audit + W1 derived canonical chart + W2 component authority + W3 28-star engineering placement + W4 source-explicit star states are deterministic.
  Existing 20-star production projection, Human-frozen transformation table and ZWD dynamic authority remain unchanged.
  New eight-star and star-state rules remain production-blocked until source claims are human-admitted; UNSPECIFIED states are never guessed as PING.

> check:ziwei-source-admission
> node scripts/check-ziwei-source-claim-admission.mjs

✓ ZIWEI Source-Claim Batch 001 human admission applied.
  29/29 claims ADMIT; W3/W4 source gates and W5/W6 engineering start gates are open.
  Historical extraction artifacts remain unchanged; customer publication remains closed.

> check:ziwei-fp-w5-w6
> node scripts/check-ziwei-fp-w5-w6.mjs

✓ ZIWEI-FP-W5/W6 deterministic engineering passed.
  W5: 4 natal + 4 Da Xian + 4 Liu Nian transformations composed without recalculation; palace-stem flying remains deferred.
  W6: 12 palace networks, 6 opposite pairs, 4 trine groups, 12 flank networks and 2 empty-main-star palace reference(s).
  Empty-palace borrowing is reference-only; W7/W8 pattern qualification and customer interpretation remain deferred.

> check:ziwei-fp-w7-w8
> node scripts/check-ziwei-fp-w7-w8.mjs

✓ ZIWEI-FP-W7/W8 engineering passed.
  W7: 28 stars; 25 same-palace pairs; 160 network-related pairs; 12 palace combination networks.
  W8: registry-driven matcher passed with 10 non-traditional structural candidates; 11 traditional pattern source claims remain fail-closed pending Human review.
  Pending pattern claims cannot execute; no outcome meaning, numeric strength, fortune conclusion or customer cutover was created.

> check:ziwei-fp-w8-admission
> node scripts/check-ziwei-fp-w8-pattern-admission.mjs

✓ ZIWEI-FP-W8 Human-admitted pattern registry passed.
  Batch 002: 11/11 ADMIT; active traditional rules: 11.
  Real calculated chart positively qualified: ZI_FU_TONG_GONG; no outcome text or customer meaning was created.

> check:ziwei-fp-w9-w10
> node scripts/check-ziwei-fp-w9-w10.mjs

✓ ZIWEI-FP-W9/W10 temporal integration passed.
  W9 Da Xian: 2-11, REVERSE, life branch HAI; 12 role overlays + 4 transformations.
  W10 Liu Nian: 2026 BING/WU, life branch WU; 12 role overlays + 4 transformations.
  Existing ZWD v2 authority was consumed without recalculation; no Liu Yue/Ri/Shi, event prediction, customer meaning or cutover was created.

> check:ziwei-fp-w11
> node scripts/check-ziwei-fp-w11.mjs

✓ ZIWEI-FP-W11 governed meaning registry passed.
  Active meaning primitives: 65 = 36 legacy + 1 Body emphasis + 8 star states + 5 relationships + 11 patterns + 4 temporal.
  Real W0-W10 fixture: 12 palace meanings, 28 calculated stars (20 standalone meanings available / 8 explicitly blocked), 28 state bindings, 3 current temporal meanings.
  Human-admitted pattern meaning resolved on real chart: 紫府同宫｜结构资格.
  W11 creates meaning primitives only: no W12 finding, support/challenge verdict, event/fortune prediction, professional judgment or customer cutover.

> check:ziwei-fp-w12-w16
> node scripts/check-ziwei-fp-w12-w16.mjs

✓ ZIWEI-FP-W12–W16 structural interpretation assembly passed.
  W12 findings: 36; 12 palace-core + 12 palace-network findings, 8 visible semantic unknowns, 0 findings with explicit counter-evidence.
  W13 graph: 143 nodes / 287 edges; every finding has evidence + meaning + authority lineage.
  W14 composition: 28 units; 12 duplicated palace semantic keys intentionally handed to W16.
  W15 resolution: 28 units; 1 counterbalanced, 6 bounded by visible unknowns; no strong/weak winner.
  W16 dedup: 28 candidates → 16 semantic clusters; 12 repeated full explanations suppressed, one primary owner per cluster.
  Customer narrative / fortune / event prediction / customer cutover remain closed; W17 Reading IR is next.

> check:ziwei-fp-w17
> node scripts/check-ziwei-fp-w17.mjs

✓ ZIWEI-FP-W17 Zi Wei Reading IR passed.
  16 deduplicated reading units across 6 sections; 12 context derivatives attached without second full explanations.
  Twelve-palace index: 12/12; visible semantic unknowns: 8; counterbalanced reading units: 1.
  Positive-pattern fixture carries ZI_FU_TONG_GONG from W8 qualification through W17 governed meaning/evidence lineage.
  W17 creates no customer narrative, good/bad score, strong/weak winner, fortune/event prediction, or customer cutover; W18 report composition is next.

> check:ziwei-fp-w18
> node scripts/check-ziwei-fp-w18.mjs

✓ ZIWEI-FP-W18 deterministic Customer Report Composition passed.
  12/12 palace blocks; 3 timing blocks; 8 visible meaning gaps; exact duplicate customer texts 0.
  Structural read-first focus spans 3 unique palaces; counterbalanced blocks 1; technical evidence remains collapsed by default.
  Positive-pattern fixture carries ZI_FU_TONG_GONG into customer copy as structural qualification only.
  W18 creates customer narrative but no new calculation, meaning, good/bad score, overall strong/weak winner, fortune/event prediction, Human acceptance, or customer cutover.

> check:ziwei-fp-w19
> node scripts/check-ziwei-fp-w19.mjs

✓ ZIWEI-FP-W19 12-Palace Interactive Chart Surface passed.
  12/12 palaces laid out on 4×4 branch grid; default selection LIFE.
  Focus-tagged palaces 7; open-boundary palaces 6; visible open-boundary items 8.
  W19 consumes only the W18 customer report, keeps one inspector owner per palace, preserves open boundaries, and leaves technical evidence collapsed by default.
  Human acceptance and customer cutover remain explicitly blocked until later works.

> check:ziwei-fp-w20
> node scripts/check-ziwei-fp-w20.mjs

✓ ZIWEI-FP-W20 Topic Reading passed.
  8 on-demand topics; all 12 palaces referenced across registry; 8 topics currently carry timing evidence.
  Career/wealth/relationship/family/health-wellbeing/travel/home-property/social-network readings reuse W18/W19 authority; no new meaning, advice, compatibility score, or event prediction.

> check:ziwei-fp-w21
> node scripts/check-ziwei-fp-w21.mjs

✓ ZIWEI-FP-W21 Machine Campaign passed: 96/96; 8/8 deterministic replay; all 12 Life/Body branches represented.

> check:ziwei-fp-w22
> node scripts/check-ziwei-fp-w22.mjs

✓ ZIWEI-FP-W22 Human admission passed: exact 24-case campaign, 24/24 ACCEPT, 0 pending.
  Human acceptance is recorded from the authorized reviewer declaration; machine results did not substitute for Human decisions.

> check:ziwei-fp-w23
> node scripts/check-ziwei-fp-w23.mjs

✓ ZIWEI-FP-W23 actual Production Cutover passed: PRODUCTION_CUTOVER_ALLOWED.
  Machine gate 96/96 PASS + Human gate 24/24 ACCEPT; productionAllowed/customerCutoverAllowed/runtimeUseAllowed/defaultCustomerCutover are all true.
  Eight extension-star standalone meaning gaps remain explicitly fail-closed; no fortune, event guarantee, good/bad score, medical claim, financial advice, compatibility score, or silent school merge was activated.

> check:ziwei-cx-r1-w0-w4
> node scripts/check-ziwei-cx-r1-w0-w4.mjs

✓ ZIWEI-CX-R1-W0–W4 Full Production customer binding passed.
  W0: d16d757 is the frozen Zi Wei FP semantic baseline; 343773f is the current descendant integration checkout; /perspectives/personal/ has one page owner.
  W1: one sourceCalculationIR -> the same canonical projection -> W3–W20 full-production chain; no second natal calculation.
  W2: Zi Wei consumes the shared customer target; date/time/place are customer-visible while IANA timezone/UTC offset remain confirmed hidden transport; birth-timezone fallback is forbidden.
  W3: current successor envelope is CUSTOMER_PUBLISHABLE from W23 96/96 machine + 24/24 Human, while historical W18/W19/W20 boundaries remain unchanged.
  W4: /api/customer-personal-reality returns report + 12-palace surface + 8 topics + current authority + source digests and makes Full Production the primary single-Zi-Wei product.
  Professional Zi Wei page IA/renderer is intentionally still W5+; W0–W4 bind the live governed payload rather than pretending the visual cutover is complete.

> check:ziwei-cx-r1-w15-w16
> node scripts/check-ziwei-cx-r1-w15-w16.mjs

✓ ZIWEI-CX-R1-W14 Real API + DOM 96-Case Machine Campaign passed.
  96/96 customer API routes; 1152 palace buttons; 768 topic tabs; 288 timing nodes; 0 legacy owners; 0 raw-code leaks.
  96/96 interaction exercises and 8/8 deterministic DOM replays passed.
  English JU_MEN（MIAO） live product-route regression is closed as Ju Men（Miao） while unknown raw identifiers remain fail-closed.
  Human visual and interaction acceptance remains pending for W15.
✓ ZIWEI-CX-R1-W14 Real API + DOM 96-Case Machine Campaign passed.
  96/96 customer API routes; 1152 palace buttons; 768 topic tabs; 288 timing nodes; 0 legacy owners; 0 raw-code leaks.
  96/96 interaction exercises and 8/8 deterministic DOM replays passed.
  English JU_MEN（MIAO） live product-route regression is closed as Ju Men（Miao） while unknown raw identifiers remain fail-closed.
  Human visual and interaction acceptance remains pending for W15.
✓ ZIWEI-CX-R1-W17 Final Actual Customer Surface Activation + printable product passed.
  W23 semantics, server facade, canonical customer API, W18/W19/W20 bindings, route ownership, legacy suppression, W14 96/96 and W15 12/12 are proven together.
  Current 402735e route replay: 96/96; palace buttons 1152; topic tabs 768; timing nodes 288; printable 96/96; deterministic replay 8/8.
  fullProductionVisibleToCustomer=true; print contract PHI-OS-ZIWEI-CX-R1-PRINT-PRODUCT-v1.0.0; current shared PPR baseline remains unmodified by W17.
✓ ZIWEI-CX-R1-W15 admission + W16 Actual Customer Surface Activation passed.
  W15: 12/12 human visual & interaction cases ACCEPT by authorized human declaration; machine substitution=false.
  W16: current 492ecdd baseline replay 96/96; 1152 palace buttons; 768 topic tabs; 288 timing nodes; activation marker 96/96; interaction 96/96; deterministic replay 8/8.
  Full Production is visibly customer-active on /perspectives/personal/ through PPR-R3 + the current Zi Wei specialist renderer; legacy fallback remains fail-closed.
  Shared Personal Reality/API/SMR files remain byte-frozen at the current baseline.

> check:ziwei-cx-r1-w17
> node scripts/check-ziwei-cx-r1-w17.mjs

✓ ZIWEI-CX-R1-W14 Real API + DOM 96-Case Machine Campaign passed.
  96/96 customer API routes; 1152 palace buttons; 768 topic tabs; 288 timing nodes; 0 legacy owners; 0 raw-code leaks.
  96/96 interaction exercises and 8/8 deterministic DOM replays passed.
  English JU_MEN（MIAO） live product-route regression is closed as Ju Men（Miao） while unknown raw identifiers remain fail-closed.
  Human visual and interaction acceptance remains pending for W15.
✓ ZIWEI-CX-R1-W17 Final Actual Customer Surface Activation + printable product passed.
  W23 semantics, server facade, canonical customer API, W18/W19/W20 bindings, route ownership, legacy suppression, W14 96/96 and W15 12/12 are proven together.
  Current 402735e route replay: 96/96; palace buttons 1152; topic tabs 768; timing nodes 288; printable 96/96; deterministic replay 8/8.
  fullProductionVisibleToCustomer=true; print contract PHI-OS-ZIWEI-CX-R1-PRINT-PRODUCT-v1.0.0; current shared PPR baseline remains unmodified by W17.

> check:ziwei-cx-r1-w17r
> node scripts/check-ziwei-cx-r1-w17r-browser-delivery-recovery.mjs

✓ ZIWEI-CX-R1-W17R browser specialist delivery recovery passed.
  Static browser module closure: 7 JS modules / 9 import edges; 0 server-only Functions imports.
  Canonical API returns CUSTOMER_PUBLISHABLE ZWR with approved specialist renderer; specialist plan exposes 12 palaces, 8 topics and 3 timing nodes.
  The generic governed-visual placeholder is no longer the expected visible Zi Wei surface when the specialist module is reachable.

> check:ziwei-pro-r2
> node scripts/check-ziwei-pro-r2-w2-w12.mjs

✓ ZIWEI-PRO-R2 W2 admission + W8–W12 professional reading successor passed.
  W2: authorized Human declaration recorded as 8/8 ACCEPT; PRO-R2 activation is 28/28 stars, 252/252 professional cells and 336/336 star×palace pairs.
  W8: the existing 11 Human-admitted pattern rules are interpreted in whole-chart context without adding outcome promises.
  W9: governed whole-chart priority returns exactly five distinct customer priorities and retains counter-evidence.
  W10: 12/12 palaces expose professional interpretation units with purpose, composition, network, transformations, alternatives, timing and reality checks.
  W11: 8/8 topics contain actual professional reading sections instead of algorithm-coordinate summaries.
  W12: past 2 + current + future 3 annual structural navigation rows are calculated from the same natal projection; no future event forecast is created.
  This historical W2–W12 gate does not itself grant W13–W17; a valid successor state is accepted and verified by the following cutover gates.

> check:ast-full-production
> npm run check:ast-production && node scripts/check-ast-fp-current.mjs && node scripts/check-ast-fp-fidelity.mjs && node scripts/check-ast-fp-candidate.mjs && node scripts/generate-ast-fp-review.mjs --check && npm run check:ast-fp-r2 && npm run check:ast-fp-r3 && npm run check:ast-fp-r4 && npm run check:ast-fp-r4a && npm run check:ast-fp-r5 && npm run check:ast-fp-r2-w9-w12 && npm run check:ast-fp-r2-w13-w16 && npm run check:ast-r2-w17-w20


> check:ast-production
> npm run check:ast-production-scope && npm run check:asta-w11-w24 && node scripts/check-cx-r12r3a-house-system-reconciliation.mjs


> check:ast-production-scope
> node scripts/check-asta-w0-w10.mjs

✓ ASTA-W0–W10 AST calculation/projection scope successor passed.
  Core 10 remains byte-behavior compatible at the Canonical projection layer; True Nodes, Angles, Whole Sign Houses and Major Aspects are deterministic in CanonicalMethodProjection v2.
  Historical W0-W10 was Limited; current availability is checked by ASTA-W11-W24 and the explicit Placidus successor suite.

> check:asta-w11-w24
> node scripts/check-asta-w11-w24.mjs

✓ ASTA-W11–W24 authority preserved; P1 canonical Personal Reality Astrology successor aligned.
  AST v1.0.0 keeps 39 applicable governed meanings and its execution authority while the retired Personal Runtime host stays deleted and Astrology renders through the canonical specialist successor.
✓ CX-R12R3A House System Reconciliation passed: Placidus is the versioned customer default; Whole Sign remains supported; 12 independent reference cusps matched within 1e-8° and the comparison-chart planet house placements reconcile to the Placidus pattern.
{
  "status": "PASS",
  "currentBaseline": "2211d9bd1cdecb2d238f4c05d1f58345efd11804",
  "currentReconciledMainCommit": "a06506cbbc9bf0bdd11ff1c740f7be65276d84d9",
  "historicalProtectedFiles": 64,
  "researchFilesPreserved": 23,
  "sources": 5,
  "cards": 25,
  "historicalChecksRetained": true,
  "packageValidationMode": "AST_SCRIPT_PROJECTION",
  "sourceProductionAdmission": false
}
{
  "status": "PASS",
  "baselineDigestVectors": 16,
  "acceptedUnitsChecked": 48,
  "themeDetailTransfers": 46,
  "themeFallbackTransfers": 2,
  "themeDetailTransfersTotal": 48,
  "existingIRSchema": "PASS",
  "newAdmissionCreated": false
}
{
  "status": "PASS",
  "independentBirthInputs": 8,
  "houseSystemProjections": 16,
  "bilingualCandidates": 32,
  "partialInputVariants": 3,
  "malformedGraphRejections": 21,
  "additionalAssertions": [
    "all-five-aspect-types",
    "isolated-body",
    "no-aspects",
    "four-sign-boundaries",
    "inline-review-rejected",
    "old-admission-not-reused",
    "stale-meaning-rejected",
    "locale-mismatch-rejected",
    "missing-meaning-omitted",
    "determinism"
  ],
  "unitRange": [
    20,
    34
  ],
  "humanReviewed": false,
  "productionAllowed": false
}
{
  "status": "PASS",
  "independentBirthInputs": 8,
  "reviewCases": 16,
  "humanAccepted": 0,
  "humanPending": 16,
  "files": [
    "content/professional/ast-full-production/review/ast-fp-review-cases-v1.json",
    "docs/ast/full-production/AST-FP-ENGINEERING-REVIEW.zh-Hans.md"
  ]
}

> check:ast-fp-r2
> node scripts/check-ast-fp-r2-human-admission.mjs

{
  "status": "PASS",
  "workCode": "AST-FP-R2",
  "reviewCases": 16,
  "humanAccepted": 16,
  "humanPending": 0,
  "batchDecisionDigest": "74a4f9c1d0f8cca1efcbc7f5ee9a5f2baeedcbdfa0cba0b5eb8b79d35d3c081a",
  "exactDigestBound": true,
  "engineeringCandidateUseAllowed": true,
  "customerPublicationAllowed": false,
  "productionAllowed": false,
  "next": "AST-FP-R3"
}

> check:ast-fp-r3
> node scripts/check-ast-fp-r3-independent-calculation.mjs

{
  "status": "PASS",
  "workCode": "AST-FP-R3",
  "reference": "Swiss Ephemeris 2.10.03 / MOSEPH_MOSHIER_FALLBACK",
  "cases": 10,
  "core10LongitudeComparisons": 100,
  "maxCore10LongitudeErrorDegrees": 0.005049628430015218,
  "trueNodeComparisons": 20,
  "maxTrueNodeErrorDegrees": 0.004443038705062463,
  "angleComparisons": 76,
  "maxAngleErrorDegrees": 0.035726893574008045,
  "placidusCuspComparisons": 108,
  "maxPlacidusCuspErrorDegrees": 0.035726893574008045,
  "decisiveRetrogradeComparisons": 96,
  "nearStationaryGuarded": 4,
  "stableHousePlacementComparisons": 227,
  "robustAspectPairs": 125,
  "robustNoAspectPairs": 318,
  "naturalAspectTypes": [
    "CONJUNCTION",
    "OPPOSITION",
    "SEXTILE",
    "SQUARE",
    "TRINE"
  ],
  "orbBoundaryChecks": 10,
  "polarFailClosedCases": 1,
  "r2HumanAdmissionPreserved": "16/16",
  "customerCutover": false
}

> check:ast-fp-r4
> node scripts/check-ast-fp-r4-professional-semantic-expansion.mjs

{
  "status": "PASS",
  "workCode": "AST-FP-R4",
  "schemaVersion": "PHI-OS-AST-PROFESSIONAL-SEMANTIC-PROJECTION-v1.0.0",
  "angles": 4,
  "chartRuler": "MERCURY",
  "houseRulers": 12,
  "dispositorChains": 10,
  "finalDispositors": [
    "SATURN",
    "VENUS"
  ],
  "dispositorCycles": 1,
  "elementCounts": {
    "FIRE": 3,
    "EARTH": 2,
    "AIR": 2,
    "WATER": 3
  },
  "modalityCounts": {
    "CARDINAL": 4,
    "FIXED": 4,
    "MUTABLE": 2
  },
  "aspectPatterns": 10,
  "patternTypes": [
    "GRAND_CROSS",
    "GRAND_TRINE",
    "KITE",
    "T_SQUARE"
  ],
  "aspectDynamics": 23,
  "dynamicStates": [
    "APPLYING",
    "EXACT",
    "SEPARATING"
  ],
  "r2HumanAdmissionPreserved": "16/16",
  "mysticRectangleProbe": "PASS",
  "yodExcludedUntilQuincunxGoverned": true,
  "r4CustomerAdmission": false
}

> check:ast-fp-r4a
> node scripts/check-ast-fp-r4a-human-admission.mjs

{
  "status": "PASS",
  "workCode": "AST-FP-R4A",
  "claimCount": 21,
  "families": {
    "ANGLE_SEMANTICS": 4,
    "RULERSHIP_AND_DISPOSITOR_SEMANTICS": 4,
    "ELEMENT_MODALITY_SEMANTICS": 4,
    "ASPECT_PATTERN_SEMANTICS": 5,
    "ASPECT_DYNAMICS_SEMANTICS": 4
  },
  "claimBundleDigest": "c2a6b66709bc5f538c6c3b7a2991c1376aee8acf0f5d2f3e2c217288e0b7d3ef",
  "humanAccepted": 21,
  "pending": 0,
  "decisionBindingVerified": true,
  "r5CompositionInputAllowed": true,
  "customerPublicationAllowed": false
}

> check:ast-fp-r5
> node scripts/check-ast-fp-r5-whole-chart-synthesis.mjs

{
  "status": "PASS",
  "workCode": "AST-FP-R5",
  "schemaVersion": "PHI-OS-AST-WHOLE-CHART-SYNTHESIS-v1.0.0",
  "themeCount": 5,
  "themeFamilies": [
    "PATTERN_NETWORK",
    "PATTERN_NETWORK",
    "RULERSHIP_NETWORK",
    "ASPECT_DYNAMICS",
    "DISTRIBUTION_CONTEXT"
  ],
  "supportSignals": 3,
  "tensionSignals": 3,
  "intentReordersPriorityWithoutRewritingMeaning": true,
  "r4aHumanAdmissionSatisfied": true,
  "pendingAdmissionFailsClosed": true,
  "r5HumanAcceptanceStillRequired": true,
  "customerPublicationAllowed": false
}

> check:ast-fp-r2-w9-w12
> node scripts/check-ast-fp-r2-w9-w12-customer-reading.mjs

{
  "status": "PASS",
  "workCode": "AST-FP-R2-W9-W12",
  "w9": {
    "readingIA": "PASS",
    "sectionOrder": [
      "OVERVIEW",
      "CORE_THEMES",
      "SUPPORT_TENSION",
      "INTENT",
      "TIMING",
      "DEEP_DIVE",
      "TECHNICAL"
    ],
    "oneSectionOnePurpose": true
  },
  "w10": {
    "contentOwnership": "PASS",
    "fullExplanationOwnerCount": 6,
    "exactDuplicatedFullExplanation": 0,
    "normalizedDuplicatedFullExplanation": 0
  },
  "w11": {
    "layoutContract": "PASS",
    "contentMaxCssPx": 920,
    "firstScreenBlocks": 5,
    "firstScreenThemes": 3,
    "technicalDefaultCollapsed": true,
    "mobileSingleColumn": true,
    "printSameIA": true
  },
  "w12": {
    "customerLanguageGate": "PASS",
    "readerTitles": [
      "Several chart functions form a high-tension network",
      "A concentrated tension pattern becomes a key pressure point",
      "Many chart pathways run through Mercury",
      "The aspect network carries different degrees of movement",
      "The chart distributes its emphasis across elements and modes"
    ],
    "rawOntologyLeakage": 0
  },
  "r4aHumanAccepted": "21/21",
  "r5FinalHumanAcceptanceRequired": true,
  "customerPublicationAllowed": false
}

> check:ast-fp-r2-w13-w16
> node scripts/check-ast-fp-r2-w13-w16.mjs

{
  "status": "PASS",
  "work": [
    "R2-W13",
    "R2-W14",
    "R2-W15",
    "R2-W16"
  ],
  "historicalW13StaticGate": false,
  "effectiveR2W19SuccessorCutover": true,
  "surfaceCutoverActive": true,
  "blockers": [],
  "intentCases": 6,
  "timingAdapterItems": 1,
  "workspaceThemes": 5,
  "oneNarrativeOwner": true
}

> check:ast-r2-w17-w20
> npm run check:ast-r2-w17 && npm run check:ast-r2-w18 && npm run check:ast-r2-w19 && npm run check:ast-r2-w20


> check:ast-r2-w17
> node scripts/check-ast-r2-w17-production-machine-campaign.mjs

{
  "status": "PASS",
  "workCode": "R2-W17",
  "machineAccepted": "241/241",
  "renderedSurfaceCases": 240,
  "fullSurfaceCases": 228,
  "partialSurfaceCases": 12,
  "expectedFailClosedCases": 1,
  "sourceBirthCases": 10,
  "distinctBirthTimes": 10,
  "latitudeRange": [
    -34.6,
    69.6492
  ],
  "houseSystems": [
    "PLACIDUS_V1",
    "WHOLE_SIGN_V1"
  ],
  "intents": [
    "DIRECTION",
    "EXPRESSION",
    "OPEN",
    "PRESSURE",
    "RELATIONSHIP",
    "WORK"
  ],
  "locales": [
    "en",
    "zh-Hans"
  ],
  "r3CertificationEstablishedAtCampaignTime": false,
  "customerCutoverAllowedAtCampaignTime": false
}

> check:ast-r2-w18
> node scripts/check-ast-r2-w18-final-customer-human-acceptance.mjs

{
  "status": "PASS",
  "workCode": "R2-W18",
  "reviewCases": 24,
  "accepted": 24,
  "needsRevision": 0,
  "rejected": 0,
  "pending": 0,
  "humanGatePassed": true,
  "caseBundleDigest": "fd14e13d35af098117ca2097924da4ddd4d2d2a3413089e5f91417fcf80e2eee",
  "customerCutoverAllowed": false,
  "next": "R2-W19 METHOD-SCOPED ADMISSION"
}

> check:ast-r2-w19
> node scripts/check-ast-r2-w19-method-scoped-production-admission.mjs

{
  "status": "PASS",
  "workCode": "R2-W19",
  "methodFlags": {
    "AST": true
  },
  "prerequisites": {
    "w17MachineAcceptanceSatisfied": true,
    "w18FinalCustomerHumanAcceptanceSatisfied": true,
    "r3IndependentEphemerisCertificationSatisfied": true
  },
  "otherMethodProductionAdmissionRequired": false,
  "legacySmr48GateRequired": false,
  "astIndependentCutoverCapabilityProbe": true,
  "customerCutoverAllowed": true,
  "blockers": []
}

> check:ast-r2-w20
> node scripts/check-ast-r2-w20-deployment-readiness.mjs

{
  "status": "PASS",
  "workCode": "R2-W20",
  "engineeringDeploymentReadiness": true,
  "canonicalRoute": "/perspectives/personal/",
  "desktop": true,
  "mobile": true,
  "print": true,
  "rollbackFrozen": true,
  "releaseGates": {
    "w17MachineAccepted100Percent": true,
    "w18FinalCustomerHumanAccepted": true,
    "w19AstMethodScopedCutoverAllowed": true,
    "r3IndependentEphemerisCertification": true,
    "liveCanonicalHtmlSmoke": true,
    "liveCustomerAssetsSmoke": true,
    "liveApiConsentBoundarySmoke": true,
    "liveAstEndToEndApiSmoke": true,
    "deployedCommitMatchesExpected": true
  },
  "astFullProductionFrozen": true,
  "liveSmokeCommand": "PHIOS_AST_SMOKE_BASE_URL=<url> PHIOS_AST_SMOKE_EXPECTED_COMMIT=<deployed sha> PHIOS_AST_SMOKE_PLACE_REF=<provider ref> npm run smoke:ast-r2-w20-live"
}

> check:ppr-c1
> npm run check:ppr-c1-w0-w3 && npm run check:ppr-c1-w4-w6 && npm run check:ppr-c1-w7-w9 && npm run check:bazi-cx-pro-w0-w2 && npm run check:bazi-cx-pro-w3-w4 && npm run check:bazi-cx-pro-w5 && npm run check:bazi-cx-pro-w6 && npm run check:target-moment-address && npm run check:bazi-cx-pro-w7-w8 && npm run check:bazi-cx-pro-w9 && npm run check:bazi-cx-pro-w10 && npm run check:bazi-cx-pro-w11-w14


> check:ppr-c1-w0-w3
> node scripts/check-ppr-c1-w0-w3.mjs

✓ PPR-C1 W0–W3 canonical route + renderer authority + method-native contract + BaZi canonical adapter passed.
  Canonical customer route: /perspectives/personal/
  Live customer renderer authority: PPR-R3 specialist host; retired generic JS renderer remains absent.
  BaZi no-target: 6 W15 sections; timing UNAVAILABLE; 4 pillars.
  BaZi explicit target path consumes BZR Temporal using the same retained natal execution; no second natal calculation is owned by PPR-C1.

> check:ppr-c1-w4-w6
> node scripts/check-ppr-c1-w4-w6.mjs

✓ PPR-C1 W4–W6 legacy BZR retirement + professional structure + whole-chart-first IA passed.
  Canonical BZR no longer calls buildAcceptedMethodCustomerResult/composeBzr on /api/customer-personal-reality.
  Professional structure: 4 pillars; Day Master 庚; Month command 寅.
  Whole-chart reading: 3 key structures; 6 governed W15 sections; 8 visible open verdicts.

> check:ppr-c1-w7-w9
> node scripts/check-ppr-c1-w7-w9.mjs

✓ PPR-C1 W7–W9 Pattern + three-school reading + Natal × Da Yun × Liu Nian customer timing passed.
  W7: 3 pattern candidates; defeat/rescue remain case-specific fail-closed; primary pattern unresolved.
  W8: 3 school-qualified views remain distinct.
  W9: 8 Da Yun cycles; explicit current cycle 4; annual 2054; 1 cross-layer group(s).

> check:bazi-cx-pro-w0-w2
> node scripts/check-bazi-cx-pro-w0-w2.mjs

✓ BAZI-CX-PRO W0-W2 customer language purge, professional IA cutover and Five Element visual projection passed.
  IA 10/10; Five Elements 5/5; raw inventory 16; main-surface banned production language 0.

> check:bazi-cx-pro-w3-w4
> node scripts/check-bazi-cx-pro-w3-w4.mjs

✓ BAZI-CX-PRO W3/W4 passed.
  Product BAZI-FP-v1.0.0@PPR-C1-W12; ten-god touches 11; carrying tendency SUPPORT_SIDE_VISIBLE.

> check:bazi-cx-pro-w5
> node scripts/check-bazi-cx-pro-w5.mjs

✓ BAZI-CX-PRO W5 Relationship / Pillar Interaction Professional Composition passed.
  Fixture: BRANCH_CLASH MONTH↔DAY · ENVIRONMENT_SELF_INTERFACE; synthetic relationship coverage 9/9.

> check:bazi-cx-pro-w6
> node scripts/check-bazi-cx-pro-w6.mjs

✓ BAZI-CX-PRO W6 Pattern Professional Reading passed.
  Fixture 3/3 candidates composed; source-admitted framework verified; synthetic family coverage 7/7 in 8 cases.

> check:target-moment-address
> node scripts/check-target-moment-address-resolution.mjs

✓ Target moment address resolution passed.
  Astrology / BaZi / Zi Wei / Numerology / ECR / Human Design share one explicit target owner; target address confirmation keeps IANA timezone and date-specific UTC offset as hidden transport while each method retains its own calculation.

> check:bazi-cx-pro-w7-w8
> node scripts/check-bazi-cx-pro-w7-w8.mjs

✓ BAZI-CX-PRO W7/W8 Whole-Chart Priority + Professional Topic Reading passed.
  Fixture priority 5/5; professional topics 7/7; 24-case regression PASS.

> check:bazi-cx-pro-w9
> node scripts/check-bazi-cx-pro-w9.mjs

✓ BAZI-CX-PRO W9 Da Yun / Liu Nian professional timeline passed.
  No-target Da Yun 8/8; explicit seven-topic window 7/7; 24-case timing regression PASS.

> check:bazi-cx-pro-w10
> node scripts/check-bazi-cx-pro-w10.mjs

✓ BAZI-CX-PRO W10 Customer Narrative Composer passed.
  Fixture narrative 5 priority chapters + 7/7 topic narratives; explicit timing narrative 3 foreground topic(s); 24-case regression PASS.

> check:bazi-cx-pro-w11-w14
> node scripts/check-bazi-cx-pro-w11-w14.mjs

✓ BAZI-CX-PRO W11–W14 market-grade human cutover gate passed.
  W11: 24 no-target prompts, exact duplicates 0; 24/24 timing cases preserve distinct chapter prompts.
  W12: customer main reading is interpretation-first; school/source/open technical detail is on-demand in Sources & Technical.
  W13: 24/24 human accepted under the six-dimension gate; numeric scores were not fabricated.
  W14: market-grade professional reading is ACTIVE_FROZEN; governance is not the customer default and Sources & Technical remains on-demand.

> check:ppr-r3
> npm run check:ppr-r3-w0-w3 && npm run check:ppr-r3-w4-w7 && npm run check:ppr-r3-w8-w10 && npm run check:ppr-r3-cx-refinement


> check:ppr-r3-w0-w3
> node scripts/check-ppr-r3-w0-w3.mjs

✓ PPR-R3 W0–W3 passed: authority reconciled, executable renderer paths are registry-owned, and the stable renderProductRoute caller now has a governed specialist renderer port + mount contract.

> check:ppr-r3-w4-w7
> node scripts/check-ppr-r3-w4-w7.mjs

✓ PPR-R3 W4–W7 passed: method-owned navigation/visual slots exist, all five methods use the shared specialist lifecycle, failures remain bounded, and responsive behavior stays host-only.

> check:ppr-r3-w8-w10
> node scripts/check-ppr-r3-w8-w10.mjs

✓ PPR-R3 W8–W10 passed: canonical API → product route → governed renderer reference is live for BZR/NUM, ownership regressions are absent, and the PPR-R3 specialist host successor is frozen.

> check:ppr-r3-cx-refinement
> node scripts/check-ppr-r3-personal-reality-cx-refinement.mjs

✓ PPR shared-surface CX refinement passed: top-three overview, Reality-centered constellation, one-method-at-a-time detail, customer-safe copy and concise print are active without method/commerce authority mutation.
  Historical W35 remains historical; the changed Personal Reality successor correctly requires fresh human visual reacceptance. W37 remains real-evidence-only.

> check:hd-pro-r2
> node scripts/check-hd-pro-r2-w0-w10.mjs

✓ HD-PRO-R2 W0-W10 machine campaign passed 24/24.
  Customer-supplied chart intake now has explicit Read -> editable confirmation -> canonical chart flow; HDR public calculation and automatic Variable/PHS calculation remain blocked.
  W9 human review is 24/24 accepted; the admitted external-chart reading and Reality Comparison are CUSTOMER_PUBLISHED on the canonical personal route.
HD-INTAKE-R1 PASS: 15 cases

> check:ppr-r5
> node scripts/check-ppr-r5-editorial-successor.mjs

✓ PPR-R5 editorial successor passed.
  Reality Compression → Many Interfaces → Method Taxonomy → PHI OS Governance is present before the existing product selector.
  8 interface cards are explicit; Human Design remains customer-supplied context; I Ching and Tarot remain separate question experiences.
  PPR-R5 editorial authority remains historical and intact; current shared files follow the admitted PPR-R4 v2 → HD-PRO-R2 → HD CUSTOMER_PUBLISHED successor chain.

> check:ppr-r6
> npm run check:ppr-r6-canonical-input-determinism


> check:ppr-r6-canonical-input-determinism
> node scripts/check-ppr-r6-canonical-input-determinism.mjs

✓ PPR-R6 canonical-input determinism passed.
  Confirmed birth location is frozen once and reused; provider resolvedAt is excluded; birth date/time/provider mismatches fail closed.
  Method evidence: AST 12/12 replay; BZR 96/96 incl. DETERMINISM; NUM same-input projection acceptance; ZWR 8/8 replay; ECR deterministic PHI Card mapping.
  Zi Wei timing now consumes the explicit shared target owner; customer date/time/place remain explicit and browser/device current time or timezone are never auto-seeded.

> check:ppr-current-shared-owner
> node scripts/check-ppr-current-shared-owner.mjs

✓ PPR current shared-owner registry 19/19 passed.
  Historical freezes remain audit evidence; current runtime bytes are owned and checked once, with semantic and forbidden-behaviour gates.

> check:ecr-mandala
> node scripts/check-ecr-mandala-w0-w3.mjs && node scripts/check-ecr-mandala-w4-w5.mjs && node scripts/check-ecr-mandala-w6-w8.mjs && node scripts/check-ecr-mandala-w9-w18.mjs && node scripts/check-ecr-mandala-w19-w23.mjs && node scripts/check-ecr-mandala-w24-w27.mjs && node scripts/check-ecr-mandala-w28-w29.mjs && node scripts/check-ecr-mandala-r2-w0-w17.mjs && npm run check:ecr-topic-r1

✓ ECR PHI Mandala W0–W3 passed.
  Baseline 1189c05 critical ECR authorities reconcile 11/11; legacy Mandala remains topology-only.
  The registered ECR icon supersedes the historical LOGO-001 placeholder through the current shared owner.
  Customer Mandala projection consumes Reading IR + existing ontology/spec only; CC/G/Q/R/D/M/H/A are not recalculated by the renderer path.
✓ ECR PHI Mandala W4–W5 passed.
  Geometry is ordinal/count/radius based and contains no longitude→semantic mapping.
  Interactive SVG renders 12 CC + 16 G + 16 Q + 9 R + 12 D + 8 M + 64 H + 8 A with keyboard/focus parity.
  Selected CC08/G11/Q11/R7+R5/D8/M6/ECR-H41/A1 are projection-owned; the browser renderer performs presentation only.
✓ ECR PHI Mandala W6–W8 passed.
  W6 adds a selected-coordinate spine for CC/G/Q/R/D/M/H/A continuity.
  W7 adds the governed G1–G16 × Q1–Q16 living relationship diagram with the current pair highlighted.
  W8 adds a readable Q16 × R9 capability network while preserving the no-recalculation boundary.
✓ ECR PHI Mandala W9–W18 passed.
  D12 profile, M8/H64 structure, A8 phase arc, calculation story, customer-language translation, report IA, interpretation language, product projection and specialist orchestration are live.
✓ ECR Mandala authority gate passed: W19–W23 reuse the frozen ECR calculation/ontology authorities and the canonical customer projection path.
✓ ECR Mandala projection gate passed: canonical 225.3515625° fixture resolves CC08/G11/Q11/R7+R5/D8/M6/ECR-H41/A1 with backend-owned driver values.
✓ ECR Mandala renderer gate passed: the current 11-section product IA is reachable, section 10 remains deferred to Current Reality, scoped CSS owns styling, and browser renderers remain presentation-only.
✓ ECR Mandala customer-language gate passed: human labels lead, technical codes remain secondary, and governance jargon is not the customer headline.
✓ ECR Mandala accessibility/responsive gate passed: keyboard parity, non-color selection markers, mobile expandable Mandala, focus, reduced-motion and forced-color support are present.
✓ ECR Mandala brand/scoped-CSS gate passed: the registered ECR method icon remains authoritative and the specialist stylesheet does not create a global design layer.
✓ ECR PHI Mandala W19–W23 aggregate acceptance passed.
✓ ECR PHI Mandala W24 visual acceptance passed.
  1440/1280/1024/768/430/390 + print are recorded with zero page/text overflow and manual rendered visual acceptance.
✓ ECR PHI Mandala W25 customer-language acceptance passed.
  Human label + plain-language explanation precede current technical codes; governance/internal rule names stay out of default customer copy.
✓ ECR PHI Mandala W26 technical disclosure acceptance passed.
  Technical lineage is available in a default-collapsed appendix with calculation engine/spec, projection, meaning and composition refs.
✓ ECR PHI Mandala W27 PPR-R3 boundary regression passed.
  Historical cross-method digests remain audit evidence; current AST/BZR/NUM/ZWR ownership is checked by their wider gates, while ECR stays method-owned through PPR_R3_ECR_PRODUCT_V1.
✓ ECR PHI Mandala W24–W27 aggregate acceptance passed.
✓ ECR PHI Mandala W28–W29 truthfulness gate passed.
  ECR W0–W27 is accepted; FULL PRODUCTION remains intentionally blocked until aggregate PPR-R3 and final npm run check pass in a real Git checkout.
✓ ECR-MANDALA-R2 W0–W17 successor machine gate passed.
  W0–W15 are implemented without changing ECR truth; W16 is review-ready and W17 is conversion-pilot-ready without fabricating human or commercial acceptance.

> check:ecr-topic-r1
> node scripts/check-ecr-topic-r1-w0-w19.mjs

✓ ECR-TOPIC-R1 W0–W19 production admission gate passed
  W0–W16 implemented: governed topic taxonomy, owner matrix, intersection-only runtime, Mandala lens, Free/Paid boundary.
  W17 benchmark: 72/72 machine cases passed (6 topics × 12).
  W18 human acceptance recorded 72/72; W19 PRODUCTION_ADMITTED with Free Preview default and Paid entitlement gate.

> check:ecr-r3
> node scripts/check-ecr-product-r3-w0-w3.mjs && node scripts/check-ecr-product-r3-w4.mjs && node scripts/check-ecr-product-r3-w5.mjs && node scripts/check-ecr-product-r3-w6.mjs && node scripts/check-ecr-product-r3-w7.mjs && node scripts/check-ecr-product-r3-w8.mjs

✓ ECR-R3 W0 Reading Payload Integrity Regression passed: scalar governed reading/flow/tension copy survives full-report → product → renderer.
✓ ECR-R3 W1 PHI OS Reading Scalar Renderer Repair passed: scalar and array mapper outputs are normalized without changing meaning authority.
✓ ECR-R3 W2 Reading ↔ PHI Card Semantic Lineage passed: all six deterministic card presentations have reciprocal report links and inherited interpretationUnitId lineage.
✓ ECR-R3 W3 PHI Card Contrast / CSS Authority Repair passed: specialist spread header owns dark-surface contrast while card interiors and print remain readable.
✓ Generic Human Design boundary explainer is now rendered visibly before collapsed calculation detail; personal ECR × Human Design comparison is still correctly deferred to the later governed comparison layer.
✓ ECR-R3-W4 Confirmed Human Design Context Transport passed.
  Confirmed XPF is digest-validated, rebuilt server-side, returned as governed humanDesignContext, and admitted to cross input as non-voting context only.
  ECR × Human Design semantic comparison remains intentionally unopened for W5/W6.
✓ ECR-R3-W5 ECR × Human Design Comparison IR passed.
  Five governed comparison dimensions preserve shared domains, complementary lenses and explicit non-equivalence without field-to-field mapping.
  ECR remains PHI OS native; Human Design remains confirmed external context; no agreement score, method vote, reality evidence or customer renderer is created in W5.
✓ ECR-R3-W6 Customer Comparison Renderer passed.
  Governed W5 comparison statements, source units, confirmed Human Design claims and observation questions are rendered inside the ECR specialist reading before PHI Cards.
  Partial confirmed charts stay partial; no field equivalence, compatibility score, second Human Design calculation or Current Reality conclusion is created by the renderer.
✓ ECR-R3-W7 Reality Bridge passed.
  Five governed comparison questions now become explicit observation controls in section 10, between ECR × Human Design comparison and PHI Cards.
  Only customer-selected responses cross the consented My Reality handoff, where they remain USER_REPORTED_CONTEXT; contradiction stays visible and no evidence, conclusion, fact, persistence or method recalculation is created.
✓ ECR-R3-W8 Checker + Customer Acceptance passed 12/12.
  Customer-route acceptance covers zh-Hans/en, rich/partial confirmed Human Design, all four observation outcomes, fail-closed boundaries, consent and My Reality handoff classification.
  This is machine-verified customer-route acceptance; no human-review approval is claimed.

> check:ecr-full-r1
> node scripts/check-ecr-full-r1.mjs

PASS ECR-FULL-R1: 64 structural cases / 128 bilingual executions; free/paid payload isolation, shared lineage, PHI Card/Mandala consistency, draft Commerce. Human acceptance REJECTED.

> check:ecr-full-r1a
> node scripts/check-ecr-full-r1a.mjs

PASS ECR-FULL-R1A: 96 contextual cases; 36 focused human cases prepared when --write-review is used. No contextual production admission.

> check:profile
> npm run check:profile:final && npm run check:profile:onet-live && npm run check:profile:customer-full-production && npm run check:profile:pfig-authority


> check:profile:final
> npm run check:profile:w0-w10f && npm run check:profile:w11-progressive-profile-ux && npm run check:profile:w12-machine && npm run check:profile:w12-human-review && npm run check:profile:w12-production-admission && node scripts/check-profile-prf-final.mjs


> check:profile:w0-w10f
> npm run check:profile:w0-w10 && npm run check:profile:w10a-w10f


> check:profile:w0-w10
> npm run check:profile:w0-w6 && npm run check:profile:w7-w10


> check:profile:w0-w6
> node scripts/check-profile-prf-w0-w6.mjs ALL

✓ PRF-W0 source-class contract + A0 authority reconciliation passed.
✓ PRF-W1 external Profile import preserves provider identity and explicit customer provenance.
✓ PRF-W2 provider capability registry fails closed on testing, scoring and relationship comparison.
✓ PRF-W3 Self-Assessment v2: 6 domains × 5 facets, bilingual and explicitly non-diagnostic.
✓ PRF-W4 scoring requires explicit/sensitive consent and produces bounded self-report indices — no quotient or diagnosis.
✓ PRF-W5 reasoning-task contract is separate, raw-only and closed until an original/admitted production task bank exists.
✓ PRF-W6 canonical ProfileSignalEnvelope passed: 11 fixture signals preserve source class + deterministic lineage.
✓ PRF-W0–W6 Profile foundation machine gate passed. Customer publication remains closed until PRF-W12.

> check:profile:w7-w10
> node scripts/check-profile-prf-w7-w10.mjs ALL

✓ PRF-W7 Profile × Current Reality correlation passed: explicit customer comparison, open-by-default, date disclosed, no truth conversion.
✓ PRF-W8 Cross-Source Perspective passed: explicit admitted rules, source classes preserved, disagreement/open retained, no scientific-validation conversion.
✓ PRF-W9 Relationship Profile Evidence lane passed: A/B remain distinct, admitted same-lane rules only, no REL-W4 merge, score, mind-reading or outcome prediction.
✓ PRF-W10 Academic Bridge registry passed: IPIP bridge bounded, raw reasoning separate, RIASEC/OECD successors fail closed until separate admission.
✓ PRF-W7–W10 Profile context tranche machine gate passed. Customer publication remains closed until PRF-W12 human admission + freeze.

> check:profile:w10a-w10f
> node scripts/check-profile-prf-w10a-w10f.mjs ALL

✓ PRF-W10A academic status model passed: availability, norming and scoring provenance remain orthogonal.
✓ PRF-W10B IPIP passed: 50 + 120 item banks, bilingual candidate, keyed scoring, no invented percentile or diagnosis.
✓ PRF-W10C original reasoning bank passed: 25 original items, five families/tier coverage, raw performance renderer only.
✓ PRF-W10D O*NET adapter passed: v2 X-API-Key, 30/60 forms, external RIASEC scoring, attribution and career bridge boundaries.
✓ PRF-W10E OECD/INFE-adapted financial capability passed: CC BY admission, bilingual adaptation, separated knowledge/self-report scoring, no official OECD-score claim.
✓ PRF-W10F unified ProfileSignalEnvelope integration passed: 21 signals, source classes preserved, no master-score flattening.
✓ PRF-W10A–W10F academic bridge full-activation tranche passed; customer cutover remains closed pending PRF-W11/W12.

> check:profile:w11-progressive-profile-ux
> node scripts/check-profile-prf-w11.mjs

✓ PRF-W11 customer full-production successor passed: seven optional Profile modes are visible and production-routable.
  IPIP Big Five + Financial Capability + O*NET are now customer-surface consumers; Profile remains optional and source-aware.

> check:profile:w12-machine
> node scripts/check-profile-prf-w12-machine.mjs

✓ PRF-W12 machine campaign passed 24/24 across source-only, mixed/conflict, stale-date, A/B, relationship and Current Reality coverage.
  The campaign itself remains historical non-publishable evidence; current production authority comes from the separate 24/24 human admission + freeze promotion.

> check:profile:w12-human-review
> node scripts/check-profile-prf-w12-human-review.mjs

✓ PRF-W12 human review is 24/24 accepted.

> check:profile:w12-production-admission
> node scripts/check-profile-prf-w12-production-admission.mjs

✓ PRF-W12 production promotion gate passed: 24/24 human acceptance -> 8/8 active freezes -> customer cutover eligible/not executed.
✓ PRF-W12 Production Admission passed: 24/24 human accepted, 8/8 required freezes active, Profile production authority admitted.
  Customer Profile cutover is executed: route is indexable, Perspectives navigation is visible, and seven optional modes are production-routable.

> check:profile:onet-live
> node scripts/check-profile-onet-live-activation.mjs ALL

✓ PRF-ONET W0 credential authority passed: approved provider, server-only X-API-Key secret, no credential material in repo.
✓ PRF-ONET W1 questions passed: Mini-IP 30 live evidence admitted; Quick 30 + Deeper 60 runtime pagination machine-verified.
✓ PRF-ONET W2 RIASEC passed: external scoring preserved as standardized self-report; synthetic balanced smoke is not interpreted as customer evidence.
✓ PRF-ONET W3 career matching + Job Zones passed: raw provider fit retained; PHI OS labels remain exploration language, not job-fit authority.
✓ PRF-ONET W4 career detail normalization passed: occupational content preserved without employment recommendation authority.
✓ PRF-ONET W5 ProfileSignalEnvelope passed: six RIASEC signals preserve source class, provider provenance and career-interest boundaries.
✓ PRF-ONET W6 customer UX passed: optional Career Interests mode, Quick 30 / Deeper 60, source-aware results and no client credential exposure.
✓ PRF-ONET W7 Current Reality + Cross-Source passed: explicit contradiction stays open evidence, source classes remain separate, no proof transfer.
✓ PRF-ONET W8 live activation freeze passed: user-observed provider evidence admitted; production execution remains fail-closed until the Cloudflare secret is bound; Short 60 limitation explicit.
✓ PRF-ONET-LIVE-ACTIVATION W0-W8 passed.

> check:profile:customer-full-production
> node scripts/check-profile-customer-full-production.mjs

✓ Profile customer full-production campaign passed: 7/7 customer modes, 8 governed runtime result variants (including both IPIP forms).
  Quick/Full self-assessment, reasoning, external import, IPIP 50/120, O*NET RIASEC and Financial Capability all produce source-preserving Profile views.

> check:profile:pfig-authority
> node scripts/check-profile-ppr-all-pfig-visual-authority.mjs

✓ Profile/PPR all-PFIG visual authority admission passed.
  9/9 PFIG IDs are authority-allowed; PVP remains projection-only and W7 Projection IR is the next gate.

> check:backend-frontend-full-production
> node scripts/check-backend-frontend-full-production.mjs

✓ Backend → Frontend current production parity passed: 23/23 governed capabilities have explicit customer consumers or explicit conditional gates after P1 physical legacy deletion.
  Personal methods, seven Profile modes, Cross/Reality, paid/relationship narrative, I Ching/Tarot and Continuity boundaries are visible without flattening authority.

> check:hd-rel-r1
> node scripts/check-hd-rel-r1.mjs

✓ HD-REL-R1 W0 source + school + ontology reconciliation passed.
✓ HD-REL-R1 W1 A/B confirmed-chart composite structure IR passed across four classes + gate companionship + fail-closed inconsistency.
✓ HD-REL-R1 W2 Electromagnetic / Dominance / Compromise / Companionship semantic admission passed in shadow.
✓ HD-REL-R1 W3 corpus current: 144 channel interaction + 64 gate companionship = 208.
✓ HD-REL-R1 W3 relationship semantic claim corpus passed: 208 shadow claims.
✓ HD-REL-R1 W4 Channel > Gate > Center ownership and dedup passed.
✓ HD-REL-R1 W5 semantic-owner Reality Composition passed across all four interaction classes.
✓ HD-REL-R1 W6 current: 24/24 paired PASS; 144/144 channel-class probes; 64/64 gate companionship probes.
✓ HD-REL-R1 W6 24/24 machine campaign + 208 atomic semantic probes passed.
✓ HD-REL-R1 W7 review pack current: 24 cases, 24 accepted, 0 pending.
✓ HD-REL-R1 W7 Human admission passed: 24/24 accepted; no inheritance from individual HD R3 review.
✓ Current admitted method-composition v2 passed: legacy BZR/ZWR/ECR freeze is reused and HD-REL-R1 is now Human-admitted / REL-W5-eligible without semantic mutation.
✓ REL-W4 all-method current reconciliation passed: AST/NUM/BZR/ZWR/ECR/HD are 144/144 Human-admitted; REL-W5 is unblocked but the full relationship product is not yet customer-published.
✓ REL-W4 all-method current freeze passed: 12 current artifacts match digests; 144/144 Human acceptance frozen before REL-W5.
✓ HD-REL-R1 W8 production admission is active after 24/24 Human acceptance; REL-W4-HD is admitted and REL-W5 is now eligible.
✓ HD-REL-R1 W0-W8 aggregate passed: 24/24 Human accepted, REL-W4-HD production-admitted, and the six-method REL-W4 current authority is reconciled for REL-W5.

> check:ppr-r2-final
> node scripts/check-ppr-r2-final.mjs


> check:ppr-r2:w67-unified-final-pack
> node scripts/check-ppr-r2-w67-unified-final-pack.mjs

✓ W67 Unified Final Checker Pack registered 29 required domains.
  check:ppr-r2-final is wired into npm run check and includes Profile, Relationship, Narrative, Customer Surface, Privacy, ownership, stability and E2E successors.

> check:mfp-r
> npm run check:mfp-r:w0-gap-harvest && npm run check:mfp-r:w1-gap-owner-map && npm run check:mfp-r:ast-001-machine && npm run check:mfp-r:w2-selective-fp-closure && npm run check:mfp-r:w3-r2-regeneration && npm run check:mfp-r:pre-current-reality-freeze


> check:mfp-r:w0-gap-harvest
> node scripts/check-mfp-r-w0-gap-harvest.mjs

✓ MFP-R-W0 gap harvest passed: 17 benchmark tickets reconciled to current products; 1 MATERIAL method gap admitted, 16 stale/non-product-blocking tickets retired, 0 speculative gaps.

> check:mfp-r:w1-gap-owner-map
> node scripts/check-mfp-r-w1-gap-owner-map.mjs

✓ MFP-R-W1 owner map passed: every admitted gap returns to its method Full Production owner; PPR/SMR/Cross/renderer compensation is forbidden.

> check:mfp-r:ast-001-machine
> node scripts/build-mfp-r-ast-001-machine-review.mjs && node scripts/check-mfp-r-ast-001-machine.mjs

AST MFP-R machine/review artifacts generated: 240/240 machine PASS; human 24/24 accepted; production admitted=true.
✓ MFP-R-AST-001 production successor passed: 240/240 deterministic machine cases + 24/24 human accepted + production admission; base machine candidates remain non-customer, while the method-owned admitted wrapper enables runtime use without renderer meaning.

> check:mfp-r:w2-selective-fp-closure
> node scripts/check-mfp-r-w2-selective-fp-closure.mjs

✓ MFP-R-W2 selective Full Production closure passed: AST-001 is 240/240 machine verified, 24/24 human accepted, PRODUCTION_ADMITTED and CLOSED; 16 stale benchmark tickets remain CLOSED_NOT_PRODUCT_BLOCKING.

> check:mfp-r:w3-r2-regeneration
> node scripts/build-mfp-r-w3-r2-regeneration.mjs && node scripts/check-mfp-r-w3-r2-regeneration.mjs

✓ MFP-R-W3 regeneration built: AST claims 3→6; semantic owners 2→5; 3 Planet×Sign explanations add information gain; first-screen priority stable; 0 repeated paragraphs.
✓ MFP-R-W3 R2 regeneration passed: AST before→after is IMPROVED through the existing Envelope→Claim→Theme→Dedup→Information Gain→Narrative→Customer Reading chain; priority, contradiction, timing and renderer boundaries do not regress.

> check:mfp-r:pre-current-reality-freeze
> node scripts/check-mfp-r-w4-pre-current-reality-freeze.mjs

✓ MFP-R-W4 Pre-Current-Reality Freeze passed: AST/BZR/ZWR/NUM/ECR + Cross are customer-publishable, AST recovery is 24/24 human-accepted + production-admitted + R2-regeneration IMPROVED, no BLOCKING/MATERIAL gap remains, currentRealityEntryAllowed=true.

> check:ppr-r5
> node scripts/check-ppr-r5-editorial-successor.mjs

✓ PPR-R5 editorial successor passed.
  Reality Compression → Many Interfaces → Method Taxonomy → PHI OS Governance is present before the existing product selector.
  8 interface cards are explicit; Human Design remains customer-supplied context; I Ching and Tarot remain separate question experiences.
  PPR-R5 editorial authority remains historical and intact; current shared files follow the admitted PPR-R4 v2 → HD-PRO-R2 → HD CUSTOMER_PUBLISHED successor chain.

> check:ppr-r2:w47-w66
> npm run check:ppr-r2:w47-w54 && npm run check:ppr-narrative:w54n0-brief-contract && npm run check:ppr-narrative:w54n1-w54n8 && npm run check:relationship:w0-w8 && npm run check:ppr-r2:w55-w66


> check:ppr-r2:w47-w54
> node scripts/check-ppr-r2-w47-w54.mjs

✓ W47 section registry v2 passed: 32 candidate sections across 7 governed groups; no filler and no hard section count.
✓ W48 section evidence contract passed: Profile/Assessment, Cross, Current Reality and whyThisAppears lineage are explicit.
✓ W49 governed composer passed 24/24 deterministic cases: profile 12, cross 20, Current Reality 16, HD 8.
✓ W50 governed synthesis quality passed: six content units plus deterministic Narrative Brief input arrays; no paid-writer paragraph constraint.
✓ W51 report IR v2 passed: one semantic IR for Web/Print/PDF with 6 method refs.
✓ W52 executive reading passed: 3–5 core themes, optional Profile signal, current/tension/support/open fields, opening seed and 3 curiosity questions.
✓ W53 evidence-aware factual verification passed across method, cross, Reality, Profile, reasoning and mixed-source classes.
✓ W54 unsupported factual claim guard passed: diagnosis/future/unsupported life-event/relationship fact/hidden-state/compatibility/destiny/scientific-validation claims fail closed.
✓ PPR-R2 W47–W54 Governed Personal Reading aggregate passed.

> check:ppr-narrative:w54n0-brief-contract
> node scripts/check-ppr-narrative-w54n0-brief-contract.mjs

✓ W54N0 Generic Narrative Brief passed 24/24; deterministic replay PASS_24_OF_24.
  Profile 12/12; Reality 16/8; Cross 20; customer-context 6; method coverage 1–6.
  Raw registries/calculation bypass, source-class erasure, unsupported fact expansion and provider/model inputs remain fail-closed.

> check:ppr-narrative:w54n1-w54n8
> node scripts/check-ppr-narrative-w54n1-n8.mjs ALL

✓ W54N1–W54N8 shared AI Narrative infrastructure passed (ALL).
  24/24 generation cases; personal 12, relationship 12; repair cases 15; cache 24/24; Ask 12/12.
  Writer remains narrative-only; W53/W54 verifier is factual authority; targeted repair is local; Web/Print/PDF reuse one stored NarrativeReadingIR.
  Commerce requires server-verified payment; client success page has no payment authority; Ask quota remains entitlement-driven.

> check:relationship:w0-w8
> npm run check:relationship:w0-w6 && npm run check:relationship:w7-narrative-brief && npm run check:ppr-narrative:w54n1-w54n8 && npm run check:relationship:w8-paid-narrative


> check:relationship:w0-w6
> node scripts/check-rel-w0-w6-foundation.mjs

✓ REL-W0 Relationship Intent Contract passed: explicit self/specific modes, 1–3 focus areas, explicit purpose/consent, and no inferred relationship type/outcome/compatibility authority.
✓ REL-W1 Shared Person-B Input passed: one shared birth record, explicit precision, no fabricated noon, derived timezone lineage, NUM/HD extensions, and third-party no-account/no-hidden-persistence boundary.
✓ REL-W2 Method Capability Matrix passed after REL-W4 current-authority reconciliation: AST structural relation + NUM D8 multi-factor relationship structure supported; BZR/ZWR remain contextual partial; ECR authority-pending; HD dual-chart is a machine-verified PARTIAL candidate with Human admission still pending; Person-B input never auto-grants relationship composition.
✓ REL-W3 A/B Independent Reading Freeze passed: accepted envelopes remain participant-scoped; AST and current-admitted NUM are relationship-eligible from reconciled REL-W2; partial/pending/missing pairs fail closed; deterministic freeze creates zero relationship meaning.
✓ REL-W0–W3 foundation aggregate passed. REL-W4 relationship meaning remains a separate successor gate.
{
  "status": "PASS",
  "work": "REL-W4",
  "ast": {
    "cases": 24,
    "acceptedOutcomes": 24,
    "composed": 16,
    "suppressedPrecision": 7,
    "noRuleHit": 1,
    "claims": 1056
  },
  "num": {
    "cases": 24,
    "acceptedOutcomes": 24,
    "composed": 24,
    "claims": 91,
    "connectionClaims": 19,
    "openClaims": 72
  },
  "suppressed": {
    "BZR": "CONTEXT_ONLY",
    "ZWR": "CONTEXT_ONLY",
    "ECR": "AUTHORITY_PENDING"
  },
  "customerPublicationAllowed": false,
  "humanAdmission": "PENDING"
}
✓ REL-W4 Human admission passed: 48/48 ACCEPT; AST + NUM method-level W4 wording admitted; full relationship product remains closed.
✓ REL BZR/ZWR/ECR Human admission passed: 72/72 accepted; method scopes promoted without HD or compatibility authority drift.
✓ REL-W4 all-method current reconciliation passed: AST/NUM/BZR/ZWR/ECR/HD are 144/144 Human-admitted; REL-W5 is unblocked but the full relationship product is not yet customer-published.
✓ REL-W4 all-method current freeze passed: 12 current artifacts match digests; 144/144 Human acceptance frozen before REL-W5.
✓ REL-W5 Relationship Current Reality passed.
  Current authority universe: AST, BZR, ECR, HD, NUM, ZWR (six methods Human-admitted); actual cases may omit unavailable/precision-blocked methods.
  24/24 machine cases passed; Current Reality remains customer-controlled and cannot prove/disprove a method.
✓ REL-W6 Cross-Evidence Relationship Synthesis passed.
  24/24 complete relationship cases passed across 2 / 3 / 4+ methods, Profile optionality, unavailable methods, Person-B time uncertainty, Reality support/contradiction/open/no-Reality.
  Symbolic, Profile/Assessment, and Current Reality lanes remain separate; no lane proves another and true disagreement remains NON_CONVERGENCE.
✓ REL-W0–W6 relationship foundation aggregate passed.

> check:relationship:w7-narrative-brief
> node scripts/check-rel-w7-relationship-narrative-brief.mjs

✓ REL-W7 Relationship Narrative Brief passed.
  24/24 deterministic briefs passed: 20 specific-person + 4 self-relationship-pattern cases; methods 2–6; Profile source classes preserved; Reality support/partial/contradiction/open/no-comparison covered.
  A/B remain distinct, Person B is never invented, non-convergence/counter-evidence/precision remain visible, and the brief extends W54N0 without creating a second Writer/provider authority.

> check:ppr-narrative:w54n1-w54n8
> node scripts/check-ppr-narrative-w54n1-n8.mjs ALL

✓ W54N1–W54N8 shared AI Narrative infrastructure passed (ALL).
  24/24 generation cases; personal 12, relationship 12; repair cases 15; cache 24/24; Ask 12/12.
  Writer remains narrative-only; W53/W54 verifier is factual authority; targeted repair is local; Web/Print/PDF reuse one stored NarrativeReadingIR.
  Commerce requires server-verified payment; client success page has no payment authority; Ask quota remains entitlement-driven.

> check:relationship:w8-paid-narrative
> node scripts/check-rel-w8-paid-relationship-narrative.mjs

✓ REL-W8 Paid Relationship Narrative passed 24/24.
  Specific-person 20; self-pattern 4; cache 24/24; reopen/print/PDF/reload 96/96; Ask 12/12.
  REL-W8 reuses W54N1–W54N8 Writer/Verifier/Repair/IR/Preview/Commerce/Cache/Ask; no second provider, verifier, Stripe/payment, entitlement, or cache authority.

> check:ppr-r2:w55-w66
> node scripts/check-ppr-r2-w55-w66.mjs

✓ W55–W66 Customer Experience / Boundary / Precision passed 24/24.
  Profile 12; Relationship 16; Cross 19; HD 6; low-precision cases 1.
  One semantic IR across Web/Print/PDF, explicit My Reality handoff, sensitive consent and narrative precision boundaries are fail-closed.

> check:cross-final-production-admission
> node scripts/check-cross-final-production-admission.mjs

✓ R2-W21/W21A Cross input freeze passed: 5/5 CUSTOMER_PUBLISHABLE methods; XPF confirmed context optional; HDR internal-only; SMR prose backfeed rejected.
✓ R2-W22 Cross semantic foundation passed: 16 shared dimensions; 20/20 current CUSTOMER_PUBLISHABLE claims mapped; XPF context stays contextual; currentRealityRefs remain empty.
✓ R2-W23 Cross composition passed: 10 governed cross claims; support types {"COMMON":1,"COMPLEMENTARY":4,"TENSION":0,"CONTEXT_DEPENDENT":5,"OPEN":0}; every claim has >=2 distinct CUSTOMER_PUBLISHABLE method refs; no voting/percentage/proof language.
✓ R2-W21–W23 Cross-pre + semantic foundation + governed composition aggregate passed; customer Cross cutover remains closed.
✓ R2-W24 Cross machine campaign passed: 64/64; 8 canonical inputs × 8 method sets; reading digests 64/64 unique; unmapped claims 0.
✓ R2-W25 Cross human admission passed: 36/36 accepted, 0 rejected, 0 pending; explicit founder declaration recorded and machine acceptance cannot substitute for it.
✓ R2-W26 Cross final production gate passed: W24 64/64 machine + W25 36/36 human; 2–5 method production builder deterministic; customer combinedReading API + governed renderer cutover active; Current Reality remains separately gated.
✓ PPR Successor W42–W46 Current Reality passed.
  W42 explicit opt-in/purpose/minimal collection + separate sensitive consent enforced.
  W43 progressive 8-question entry; no long questionnaire.
  W44 customer observations remain CUSTOMER / SELF_REPORTED and never become diagnosis/fact.
  W45/W46 explicit customer comparison uses four governed states; agreement never becomes proof.

> check:profile:final
> npm run check:profile:w0-w10f && npm run check:profile:w11-progressive-profile-ux && npm run check:profile:w12-machine && npm run check:profile:w12-human-review && npm run check:profile:w12-production-admission && node scripts/check-profile-prf-final.mjs


> check:profile:w0-w10f
> npm run check:profile:w0-w10 && npm run check:profile:w10a-w10f


> check:profile:w0-w10
> npm run check:profile:w0-w6 && npm run check:profile:w7-w10


> check:profile:w0-w6
> node scripts/check-profile-prf-w0-w6.mjs ALL

✓ PRF-W0 source-class contract + A0 authority reconciliation passed.
✓ PRF-W1 external Profile import preserves provider identity and explicit customer provenance.
✓ PRF-W2 provider capability registry fails closed on testing, scoring and relationship comparison.
✓ PRF-W3 Self-Assessment v2: 6 domains × 5 facets, bilingual and explicitly non-diagnostic.
✓ PRF-W4 scoring requires explicit/sensitive consent and produces bounded self-report indices — no quotient or diagnosis.
✓ PRF-W5 reasoning-task contract is separate, raw-only and closed until an original/admitted production task bank exists.
✓ PRF-W6 canonical ProfileSignalEnvelope passed: 11 fixture signals preserve source class + deterministic lineage.
✓ PRF-W0–W6 Profile foundation machine gate passed. Customer publication remains closed until PRF-W12.

> check:profile:w7-w10
> node scripts/check-profile-prf-w7-w10.mjs ALL

✓ PRF-W7 Profile × Current Reality correlation passed: explicit customer comparison, open-by-default, date disclosed, no truth conversion.
✓ PRF-W8 Cross-Source Perspective passed: explicit admitted rules, source classes preserved, disagreement/open retained, no scientific-validation conversion.
✓ PRF-W9 Relationship Profile Evidence lane passed: A/B remain distinct, admitted same-lane rules only, no REL-W4 merge, score, mind-reading or outcome prediction.
✓ PRF-W10 Academic Bridge registry passed: IPIP bridge bounded, raw reasoning separate, RIASEC/OECD successors fail closed until separate admission.
✓ PRF-W7–W10 Profile context tranche machine gate passed. Customer publication remains closed until PRF-W12 human admission + freeze.

> check:profile:w10a-w10f
> node scripts/check-profile-prf-w10a-w10f.mjs ALL

✓ PRF-W10A academic status model passed: availability, norming and scoring provenance remain orthogonal.
✓ PRF-W10B IPIP passed: 50 + 120 item banks, bilingual candidate, keyed scoring, no invented percentile or diagnosis.
✓ PRF-W10C original reasoning bank passed: 25 original items, five families/tier coverage, raw performance renderer only.
✓ PRF-W10D O*NET adapter passed: v2 X-API-Key, 30/60 forms, external RIASEC scoring, attribution and career bridge boundaries.
✓ PRF-W10E OECD/INFE-adapted financial capability passed: CC BY admission, bilingual adaptation, separated knowledge/self-report scoring, no official OECD-score claim.
✓ PRF-W10F unified ProfileSignalEnvelope integration passed: 21 signals, source classes preserved, no master-score flattening.
✓ PRF-W10A–W10F academic bridge full-activation tranche passed; customer cutover remains closed pending PRF-W11/W12.

> check:profile:w11-progressive-profile-ux
> node scripts/check-profile-prf-w11.mjs

✓ PRF-W11 customer full-production successor passed: seven optional Profile modes are visible and production-routable.
  IPIP Big Five + Financial Capability + O*NET are now customer-surface consumers; Profile remains optional and source-aware.

> check:profile:w12-machine
> node scripts/check-profile-prf-w12-machine.mjs

✓ PRF-W12 machine campaign passed 24/24 across source-only, mixed/conflict, stale-date, A/B, relationship and Current Reality coverage.
  The campaign itself remains historical non-publishable evidence; current production authority comes from the separate 24/24 human admission + freeze promotion.

> check:profile:w12-human-review
> node scripts/check-profile-prf-w12-human-review.mjs

✓ PRF-W12 human review is 24/24 accepted.

> check:profile:w12-production-admission
> node scripts/check-profile-prf-w12-production-admission.mjs

✓ PRF-W12 production promotion gate passed: 24/24 human acceptance -> 8/8 active freezes -> customer cutover eligible/not executed.
✓ PRF-W12 Production Admission passed: 24/24 human accepted, 8/8 required freezes active, Profile production authority admitted.
  Customer Profile cutover is executed: route is indexable, Perspectives navigation is visible, and seven optional modes are production-routable.

> check:relationship:w0-w8
> npm run check:relationship:w0-w6 && npm run check:relationship:w7-narrative-brief && npm run check:ppr-narrative:w54n1-w54n8 && npm run check:relationship:w8-paid-narrative


> check:relationship:w0-w6
> node scripts/check-rel-w0-w6-foundation.mjs

✓ REL-W0 Relationship Intent Contract passed: explicit self/specific modes, 1–3 focus areas, explicit purpose/consent, and no inferred relationship type/outcome/compatibility authority.
✓ REL-W1 Shared Person-B Input passed: one shared birth record, explicit precision, no fabricated noon, derived timezone lineage, NUM/HD extensions, and third-party no-account/no-hidden-persistence boundary.
✓ REL-W2 Method Capability Matrix passed after REL-W4 current-authority reconciliation: AST structural relation + NUM D8 multi-factor relationship structure supported; BZR/ZWR remain contextual partial; ECR authority-pending; HD dual-chart is a machine-verified PARTIAL candidate with Human admission still pending; Person-B input never auto-grants relationship composition.
✓ REL-W3 A/B Independent Reading Freeze passed: accepted envelopes remain participant-scoped; AST and current-admitted NUM are relationship-eligible from reconciled REL-W2; partial/pending/missing pairs fail closed; deterministic freeze creates zero relationship meaning.
✓ REL-W0–W3 foundation aggregate passed. REL-W4 relationship meaning remains a separate successor gate.
{
  "status": "PASS",
  "work": "REL-W4",
  "ast": {
    "cases": 24,
    "acceptedOutcomes": 24,
    "composed": 16,
    "suppressedPrecision": 7,
    "noRuleHit": 1,
    "claims": 1056
  },
  "num": {
    "cases": 24,
    "acceptedOutcomes": 24,
    "composed": 24,
    "claims": 91,
    "connectionClaims": 19,
    "openClaims": 72
  },
  "suppressed": {
    "BZR": "CONTEXT_ONLY",
    "ZWR": "CONTEXT_ONLY",
    "ECR": "AUTHORITY_PENDING"
  },
  "customerPublicationAllowed": false,
  "humanAdmission": "PENDING"
}
✓ REL-W4 Human admission passed: 48/48 ACCEPT; AST + NUM method-level W4 wording admitted; full relationship product remains closed.
✓ REL BZR/ZWR/ECR Human admission passed: 72/72 accepted; method scopes promoted without HD or compatibility authority drift.
✓ REL-W4 all-method current reconciliation passed: AST/NUM/BZR/ZWR/ECR/HD are 144/144 Human-admitted; REL-W5 is unblocked but the full relationship product is not yet customer-published.
✓ REL-W4 all-method current freeze passed: 12 current artifacts match digests; 144/144 Human acceptance frozen before REL-W5.
✓ REL-W5 Relationship Current Reality passed.
  Current authority universe: AST, BZR, ECR, HD, NUM, ZWR (six methods Human-admitted); actual cases may omit unavailable/precision-blocked methods.
  24/24 machine cases passed; Current Reality remains customer-controlled and cannot prove/disprove a method.
✓ REL-W6 Cross-Evidence Relationship Synthesis passed.
  24/24 complete relationship cases passed across 2 / 3 / 4+ methods, Profile optionality, unavailable methods, Person-B time uncertainty, Reality support/contradiction/open/no-Reality.
  Symbolic, Profile/Assessment, and Current Reality lanes remain separate; no lane proves another and true disagreement remains NON_CONVERGENCE.
✓ REL-W0–W6 relationship foundation aggregate passed.

> check:relationship:w7-narrative-brief
> node scripts/check-rel-w7-relationship-narrative-brief.mjs

✓ REL-W7 Relationship Narrative Brief passed.
  24/24 deterministic briefs passed: 20 specific-person + 4 self-relationship-pattern cases; methods 2–6; Profile source classes preserved; Reality support/partial/contradiction/open/no-comparison covered.
  A/B remain distinct, Person B is never invented, non-convergence/counter-evidence/precision remain visible, and the brief extends W54N0 without creating a second Writer/provider authority.

> check:ppr-narrative:w54n1-w54n8
> node scripts/check-ppr-narrative-w54n1-n8.mjs ALL

✓ W54N1–W54N8 shared AI Narrative infrastructure passed (ALL).
  24/24 generation cases; personal 12, relationship 12; repair cases 15; cache 24/24; Ask 12/12.
  Writer remains narrative-only; W53/W54 verifier is factual authority; targeted repair is local; Web/Print/PDF reuse one stored NarrativeReadingIR.
  Commerce requires server-verified payment; client success page has no payment authority; Ask quota remains entitlement-driven.

> check:relationship:w8-paid-narrative
> node scripts/check-rel-w8-paid-relationship-narrative.mjs

✓ REL-W8 Paid Relationship Narrative passed 24/24.
  Specific-person 20; self-pattern 4; cache 24/24; reopen/print/PDF/reload 96/96; Ask 12/12.
  REL-W8 reuses W54N1–W54N8 Writer/Verifier/Repair/IR/Preview/Commerce/Cache/Ask; no second provider, verifier, Stripe/payment, entitlement, or cache authority.

> check:runtime-security-privacy
> node --no-warnings scripts/check-runtime-security-privacy.mjs

✓ M2-W8 Runtime classification, privacy logging, deletion/export, Professional Access, and Research Consent Boundary checks passed.

> check:ppr-r2-shared-ownership
> node scripts/check-ppr-r2-shared-file-ownership.mjs

✓ PPR-R2-W1 shared-file ownership authority passed: Personal Reality owns the three convergence files; method production roots do not directly reference them.

> check:ppr-current-shared-owner
> node scripts/check-ppr-current-shared-owner.mjs

✓ PPR current shared-owner registry 19/19 passed.
  Historical freezes remain audit evidence; current runtime bytes are owned and checked once, with semantic and forbidden-behaviour gates.

> check:ppr-r2:w68-shared-ownership-no-legacy-leak
> node scripts/check-ppr-r2-w68-shared-ownership-no-legacy-leak.mjs

node:internal/modules/run_main:107
    triggerUncaughtException(
    ^

AssertionError [ERR_ASSERTION]: functions/personal-reading/narrative/ziwei-semantic-canon.js leaked narrative ownership token functions/zi-wei-full-production
    at file:///C:/phios/scripts/check-ppr-r2-w68-shared-ownership-no-legacy-leak.mjs:37:157
    at ModuleJob.run (node:internal/modules/esm/module_job:439:25)
    at async node:internal/modules/esm/loader:643:26
    at async asyncRunEntryPointWithESMLoader (node:internal/modules/run_main:101:5) {
  generatedMessage: false,
  code: 'ERR_ASSERTION',
  actual: false,
  expected: true,
  operator: '==',
  diff: 'simple'
}

Node.js v24.18.0
file:///C:/phios/scripts/check-ppr-r2-final.mjs:25
for(const [kind,args] of steps){const r=kind==='npm'?runNpm(args):spawnSync(process.execPath,args,{stdio:'inherit',cwd:process.cwd(),env:process.env,windowsHide:true});if(r.error){process.exitCode=1;throw new Error(`PPR_R2_FINAL_STEP_SPAWN_FAILED:${kind} ${args.join(' ')}:${r.error.code||r.error.message}`);}if(r.status!==0){process.exitCode=r.status||1;throw new Error(`PPR_R2_FINAL_STEP_FAILED:${kind} ${args.join(' ')}`);}}
                                                                                                                                                                                                                                                                                                                                                                         ^

Error: PPR_R2_FINAL_STEP_FAILED:npm run check:ppr-r2:w68-shared-ownership-no-legacy-leak
    at file:///C:/phios/scripts/check-ppr-r2-final.mjs:25:362
    at ModuleJob.run (node:internal/modules/esm/module_job:439:25)
    at async node:internal/modules/esm/loader:643:26
    at async asyncRunEntryPointWithESMLoader (node:internal/modules/run_main:101:5)

Node.js v24.18.0
